lganame,wardname,year,month,rain_mm,valid_pixels
Bomadi,Akugbene 1,2015,1,24.147891998291016,2
Bomadi,Akugbene 2,2015,1,24.792312622070312,1
Bomadi,Akugbene 3,2015,1,24.792312622070312,1
Bomadi,Bomadi,2015,1,25.980112711588543,6
Bomadi,Ekaametagbene/Kalafio,2015,1,23.336619059244796,12
Bomadi,Esanma,2015,1,24.94459724426269,4
Bomadi,Kpakiama,2015,1,24.40020751953125,6
Bomadi,Ogbeinma/Okoloba,2015,1,23.70345052083333,3
Bomadi,Ogo/Eze,2015,1,20.967885971069336,2
Bomadi,Ogriagbene,2015,1,26.29369354248047,6
Burutu,Bolou-Ndoro,2015,1,24.714875594429348,23
Burutu,Egodor,2015,1,22.864430147058822,17
Burutu,Eseinbiri,2015,1,25.43739180131392,11
Burutu,Kiagbodo,2015,1,20.090354919433597,3
Burutu,Ngbilebiri,2015,1,23.95507303873698,6
Burutu,Obetebe,2015,1,20.353658741918103,29
Burutu,Ogulagha,2015,1,7.91791748046875,25
Burutu,Ojobo,2015,1,28.798695882161457,6
Burutu,Tamigbe,2015,1,28.63940938313802,6
Burutu,Torugbene,2015,1,29.66282145182292,6
Burutu,Tuomo,2015,1,28.874064127604168,9
Patani,Abari,2015,1,22.47978973388672,5
Patani,Agoloma,2015,1,25.53014628092448,3
Patani,Buluangiama,2015,1,27.45176887512207,8
Patani,Odorubu,2015,1,28.24795150756836,8
Patani,Patani 2,2015,1,22.840362548828125,4
Patani,Patani 3,2015,1,22.804758707682293,6
Patani,Patani 4,2015,1,23.860191345214844,2
Patani,Patani 5,2015,1,25.36718967982701,7
Patani,Toruangiama,2015,1,28.543558756510414,3
Patani,Uduophori,2015,1,29.70570373535156,5
Warri South-West,Ajudaibo,2015,1,1.3038631677627563,4
Warri South-West,Akpakpa,2015,1,0.8680811524391174,2
Warri South-West,Isaba,2015,1,20.78336181640625,15
Warri South-West,Madangho,2015,1,1.5852344830830891,3
Warri South-West,Ogbe-Ijoh,2015,1,16.515613132052952,36
Warri South-West,Ogidigben,2015,1,2.3207740783691406,4
Warri South-West,Okerenkoko,2015,1,7.3078562418619795,36
Warri South-West,Oporozo,2015,1,3.235035181045532,16
Warri South-West,Orere,2015,1,3.671245921741833,11
Warri South-West,Ugborodo,2015,1,3.17392520904541,10
Warri South,Avenue,2015,1,17.747177124023438,2
Warri South,Bowen,2015,1,17.537673950195312,2
Warri South,Ekurede,2015,1,17.072460174560547,4
Warri South,Esisi,2015,1,16.7972412109375,4
Warri South,Igbudu,2015,1,16.85598627726237,3
Warri South,Obodo,2015,1,14.176133155822754,16
Warri South,Ode-Itsekiri,2015,1,18.745486789279514,9
Warri South,Okere,2015,1,17.747177124023438,2
Warri South,Pessu,2015,1,17.537673950195312,2
Warri South,Ubeji,2015,1,15.63848658970424,7
Bomadi,Akugbene 1,2015,2,77.81512451171875,2
Bomadi,Akugbene 2,2015,2,78.24058532714844,1
Bomadi,Akugbene 3,2015,2,78.24058532714844,1
Bomadi,Bomadi,2015,2,80.37058512369792,6
Bomadi,Ekaametagbene/Kalafio,2015,2,72.8629862467448,12
Bomadi,Esanma,2015,2,76.81985473632812,4
Bomadi,Kpakiama,2015,2,80.61588541666667,6
Bomadi,Ogbeinma/Okoloba,2015,2,77.59127807617188,3
Bomadi,Ogo/Eze,2015,2,76.44766235351562,2
Bomadi,Ogriagbene,2015,2,74.2024434407552,6
Burutu,Bolou-Ndoro,2015,2,73.53551715353261,23
Burutu,Egodor,2015,2,75.70526482077206,17
Burutu,Eseinbiri,2015,2,75.0718106356534,11
Burutu,Kiagbodo,2015,2,76.28368123372395,3
Burutu,Ngbilebiri,2015,2,77.00145467122395,6
Burutu,Obetebe,2015,2,70.47209220096983,29
Burutu,Ogulagha,2015,2,42.1166455078125,25
Burutu,Ojobo,2015,2,70.14660135904948,6
Burutu,Tamigbe,2015,2,74.54294331868489,6
Burutu,Torugbene,2015,2,73.08954366048177,6
Burutu,Tuomo,2015,2,79.372314453125,9
Patani,Abari,2015,2,77.384423828125,5
Patani,Agoloma,2015,2,89.66569010416667,3
Patani,Buluangiama,2015,2,89.04718017578125,8
Patani,Odorubu,2015,2,89.10248565673828,8
Patani,Patani 2,2015,2,80.50335693359375,4
Patani,Patani 3,2015,2,80.41752115885417,6
Patani,Patani 4,2015,2,82.49200439453125,2
Patani,Patani 5,2015,2,84.20488630022321,7
Patani,Toruangiama,2015,2,92.5362548828125,3
Patani,Uduophori,2015,2,90.62803955078124,5
Warri South-West,Ajudaibo,2015,2,8.5483980178833,4
Warri South-West,Akpakpa,2015,2,5.894962310791016,2
Warri South-West,Isaba,2015,2,72.934814453125,15
Warri South-West,Madangho,2015,2,10.335081736246744,3
Warri South-West,Ogbe-Ijoh,2015,2,68.86315239800348,36
Warri South-West,Ogidigben,2015,2,18.92268180847168,4
Warri South-West,Okerenkoko,2015,2,45.27116224500868,36
Warri South-West,Oporozo,2015,2,21.7131462097168,16
Warri South-West,Orere,2015,2,46.2157676003196,11
Warri South-West,Ugborodo,2015,2,39.28823547363281,10
Warri South,Avenue,2015,2,72.155029296875,2
Warri South,Bowen,2015,2,69.38668060302734,2
Warri South,Ekurede,2015,2,70.72325897216797,4
Warri South,Esisi,2015,2,69.92080688476562,4
Warri South,Igbudu,2015,2,69.21490987141927,3
Warri South,Obodo,2015,2,66.16512298583984,16
Warri South,Ode-Itsekiri,2015,2,71.02978515625,9
Warri South,Okere,2015,2,72.155029296875,2
Warri South,Pessu,2015,2,69.38668060302734,2
Warri South,Ubeji,2015,2,70.86365618024554,7
Bomadi,Akugbene 1,2015,3,162.0015869140625,2
Bomadi,Akugbene 2,2015,3,158.6219024658203,1
Bomadi,Akugbene 3,2015,3,158.6219024658203,1
Bomadi,Bomadi,2015,3,167.5671590169271,6
Bomadi,Ekaametagbene/Kalafio,2015,3,170.70465087890625,12
Bomadi,Esanma,2015,3,165.5171356201172,4
Bomadi,Kpakiama,2015,3,161.91358439127603,6
Bomadi,Ogbeinma/Okoloba,2015,3,161.9659423828125,3
Bomadi,Ogo/Eze,2015,3,163.30487060546875,2
Bomadi,Ogriagbene,2015,3,177.30696614583334,6
Burutu,Bolou-Ndoro,2015,3,181.5860011888587,23
Burutu,Egodor,2015,3,171.19327320772058,17
Burutu,Eseinbiri,2015,3,170.15812544389203,11
Burutu,Kiagbodo,2015,3,153.0162353515625,3
Burutu,Ngbilebiri,2015,3,171.34395345052084,6
Burutu,Obetebe,2015,3,174.9855367726293,29
Burutu,Ogulagha,2015,3,125.409150390625,25
Burutu,Ojobo,2015,3,172.7024129231771,6
Burutu,Tamigbe,2015,3,177.91070556640625,6
Burutu,Torugbene,2015,3,178.822509765625,6
Burutu,Tuomo,2015,3,170.88731553819446,9
Patani,Abari,2015,3,133.4314208984375,5
Patani,Agoloma,2015,3,142.69364420572916,3
Patani,Buluangiama,2015,3,145.8570556640625,8
Patani,Odorubu,2015,3,157.65328979492188,8
Patani,Patani 2,2015,3,132.03955078125,4
Patani,Patani 3,2015,3,132.8814900716146,6
Patani,Patani 4,2015,3,135.93731689453125,2
Patani,Patani 5,2015,3,138.294189453125,7
Patani,Toruangiama,2015,3,150.29559326171875,3
Patani,Uduophori,2015,3,156.20185546875,5
Warri South-West,Ajudaibo,2015,3,29.55776596069336,4
Warri South-West,Akpakpa,2015,3,20.140138626098636,2
Warri South-West,Isaba,2015,3,175.07936197916666,15
Warri South-West,Madangho,2015,3,35.44662221272787,3
Warri South-West,Ogbe-Ijoh,2015,3,184.0481363932292,36
Warri South-West,Ogidigben,2015,3,71.58432006835938,4
Warri South-West,Okerenkoko,2015,3,148.8779296875,36
Warri South-West,Oporozo,2015,3,67.81890869140625,16
Warri South-West,Orere,2015,3,184.00807883522728,11
Warri South-West,Ugborodo,2015,3,154.85494384765624,10
Warri South,Avenue,2015,3,168.93203735351562,2
Warri South,Bowen,2015,3,162.9752197265625,2
Warri South,Ekurede,2015,3,169.48733520507812,4
Warri South,Esisi,2015,3,166.41700744628906,4
Warri South,Igbudu,2015,3,165.7225138346354,3
Warri South,Obodo,2015,3,187.7637939453125,16
Warri South,Ode-Itsekiri,2015,3,175.58478461371527,9
Warri South,Okere,2015,3,168.93203735351562,2
Warri South,Pessu,2015,3,162.9752197265625,2
Warri South,Ubeji,2015,3,178.94206891741072,7
Bomadi,Akugbene 1,2015,4,141.5833282470703,2
Bomadi,Akugbene 2,2015,4,143.04029846191406,1
Bomadi,Akugbene 3,2015,4,143.04029846191406,1
Bomadi,Bomadi,2015,4,144.3138224283854,6
Bomadi,Ekaametagbene/Kalafio,2015,4,151.97498575846353,12
Bomadi,Esanma,2015,4,142.68597412109375,4
Bomadi,Kpakiama,2015,4,138.54195149739584,6
Bomadi,Ogbeinma/Okoloba,2015,4,141.52278645833334,3
Bomadi,Ogo/Eze,2015,4,139.1690673828125,2
Bomadi,Ogriagbene,2015,4,153.427978515625,6
Burutu,Bolou-Ndoro,2015,4,167.8563285495924,23
Burutu,Egodor,2015,4,145.42078354779412,17
Burutu,Eseinbiri,2015,4,145.6594904119318,11
Burutu,Kiagbodo,2015,4,133.62969970703125,3
Burutu,Ngbilebiri,2015,4,143.48699951171875,6
Burutu,Obetebe,2015,4,155.70900121228448,29
Burutu,Ogulagha,2015,4,95.7205859375,25
Burutu,Ojobo,2015,4,148.67233276367188,6
Burutu,Tamigbe,2015,4,150.62113444010416,6
Burutu,Torugbene,2015,4,151.26444498697916,6
Burutu,Tuomo,2015,4,150.29657660590277,9
Patani,Abari,2015,4,122.6792724609375,5
Patani,Agoloma,2015,4,131.96539306640625,3
Patani,Buluangiama,2015,4,135.43150329589844,8
Patani,Odorubu,2015,4,142.05441284179688,8
Patani,Patani 2,2015,4,124.75230407714844,4
Patani,Patani 3,2015,4,124.6588134765625,6
Patani,Patani 4,2015,4,126.49137878417967,2
Patani,Patani 5,2015,4,128.60498046875,7
Patani,Toruangiama,2015,4,138.56576538085938,3
Patani,Uduophori,2015,4,144.42657470703125,5
Warri South-West,Ajudaibo,2015,4,18.59766387939453,4
Warri South-West,Akpakpa,2015,4,12.632112503051758,2
Warri South-West,Isaba,2015,4,144.99405924479166,15
Warri South-West,Madangho,2015,4,22.3087158203125,3
Warri South-West,Ogbe-Ijoh,2015,4,140.00459798177084,36
Warri South-West,Ogidigben,2015,4,46.73893356323242,4
Warri South-West,Okerenkoko,2015,4,98.53044297960068,36
Warri South-West,Oporozo,2015,4,44.98738861083984,16
Warri South-West,Orere,2015,4,91.9371337890625,11
Warri South-West,Ugborodo,2015,4,85.78907470703125,10
Warri South,Avenue,2015,4,124.05262756347656,2
Warri South,Bowen,2015,4,127.7979965209961,2
Warri South,Ekurede,2015,4,128.46875,4
Warri South,Esisi,2015,4,126.5036392211914,4
Warri South,Igbudu,2015,4,127.56533813476562,3
Warri South,Obodo,2015,4,144.36634826660156,16
Warri South,Ode-Itsekiri,2015,4,138.3473171657986,9
Warri South,Okere,2015,4,124.05262756347656,2
Warri South,Pessu,2015,4,127.7979965209961,2
Warri South,Ubeji,2015,4,135.68439592633928,7
Bomadi,Akugbene 1,2015,5,279.9830322265625,2
Bomadi,Akugbene 2,2015,5,278.7444152832031,1
Bomadi,Akugbene 3,2015,5,278.7444152832031,1
Bomadi,Bomadi,2015,5,301.42303466796875,6
Bomadi,Ekaametagbene/Kalafio,2015,5,319.10329182942706,12
Bomadi,Esanma,2015,5,287.4306030273437,4
Bomadi,Kpakiama,2015,5,295.6581217447917,6
Bomadi,Ogbeinma/Okoloba,2015,5,282.1427815755208,3
Bomadi,Ogo/Eze,2015,5,272.6618957519531,2
Bomadi,Ogriagbene,2015,5,324.3494059244792,6
Burutu,Bolou-Ndoro,2015,5,324.5034816576087,23
Burutu,Egodor,2015,5,280.43893612132354,17
Burutu,Eseinbiri,2015,5,307.70188210227275,11
Burutu,Kiagbodo,2015,5,269.183349609375,3
Burutu,Ngbilebiri,2015,5,284.6187337239583,6
Burutu,Obetebe,2015,5,275.4279027478448,29
Burutu,Ogulagha,2015,5,140.793935546875,25
Burutu,Ojobo,2015,5,310.70408121744794,6
Burutu,Tamigbe,2015,5,315.53369140625,6
Burutu,Torugbene,2015,5,316.4134928385417,6
Burutu,Tuomo,2015,5,305.3697102864583,9
Patani,Abari,2015,5,279.7425537109375,5
Patani,Agoloma,2015,5,279.2030843098958,3
Patani,Buluangiama,2015,5,280.9799194335937,8
Patani,Odorubu,2015,5,291.2054443359375,8
Patani,Patani 2,2015,5,277.4744567871094,4
Patani,Patani 3,2015,5,281.0062866210937,6
Patani,Patani 4,2015,5,275.5512390136719,2
Patani,Patani 5,2015,5,279.60121372767856,7
Patani,Toruangiama,2015,5,283.3840738932292,3
Patani,Uduophori,2015,5,290.57197265625,5
Warri South-West,Ajudaibo,2015,5,32.90232849121094,4
Warri South-West,Akpakpa,2015,5,22.50663375854492,2
Warri South-West,Isaba,2015,5,280.96930338541665,15
Warri South-West,Madangho,2015,5,40.35782368977865,3
Warri South-West,Ogbe-Ijoh,2015,5,252.75547960069449,36
Warri South-West,Ogidigben,2015,5,62.7441635131836,4
Warri South-West,Okerenkoko,2015,5,174.64116753472223,36
Warri South-West,Oporozo,2015,5,82.3595199584961,16
Warri South-West,Orere,2015,5,170.42820046164772,11
Warri South-West,Ugborodo,2015,5,141.7264404296875,10
Warri South,Avenue,2015,5,262.1065673828125,2
Warri South,Bowen,2015,5,264.3858642578125,2
Warri South,Ekurede,2015,5,263.0614624023437,4
Warri South,Esisi,2015,5,254.5621032714844,4
Warri South,Igbudu,2015,5,257.217041015625,3
Warri South,Obodo,2015,5,242.77615356445312,16
Warri South,Ode-Itsekiri,2015,5,271.0095486111111,9
Warri South,Okere,2015,5,262.1065673828125,2
Warri South,Pessu,2015,5,264.3858642578125,2
Warri South,Ubeji,2015,5,250.8630894252232,7
Bomadi,Akugbene 1,2015,6,194.8949279785156,2
Bomadi,Akugbene 2,2015,6,199.5548553466797,1
Bomadi,Akugbene 3,2015,6,199.5548553466797,1
Bomadi,Bomadi,2015,6,189.4959716796875,6
Bomadi,Ekaametagbene/Kalafio,2015,6,203.07342529296875,12
Bomadi,Esanma,2015,6,196.8350372314453,4
Bomadi,Kpakiama,2015,6,190.95806884765625,6
Bomadi,Ogbeinma/Okoloba,2015,6,190.24169921875,3
Bomadi,Ogo/Eze,2015,6,174.6702117919922,2
Bomadi,Ogriagbene,2015,6,212.41031901041663,6
Burutu,Bolou-Ndoro,2015,6,220.76713230298915,23
Burutu,Egodor,2015,6,191.69054457720588,17
Burutu,Eseinbiri,2015,6,202.94850852272728,11
Burutu,Kiagbodo,2015,6,176.87491861979166,3
Burutu,Ngbilebiri,2015,6,188.0067342122396,6
Burutu,Obetebe,2015,6,201.49038591056035,29
Burutu,Ogulagha,2015,6,129.403671875,25
Burutu,Ojobo,2015,6,204.8707275390625,6
Burutu,Tamigbe,2015,6,208.79510498046875,6
Burutu,Torugbene,2015,6,203.5928751627604,6
Burutu,Tuomo,2015,6,198.5843505859375,9
Patani,Abari,2015,6,215.1406494140625,5
Patani,Agoloma,2015,6,181.31241861979169,3
Patani,Buluangiama,2015,6,174.68963623046875,8
Patani,Odorubu,2015,6,169.52142333984375,8
Patani,Patani 2,2015,6,201.13926696777344,4
Patani,Patani 3,2015,6,207.0708211263021,6
Patani,Patani 4,2015,6,197.12884521484372,2
Patani,Patani 5,2015,6,190.75388881138392,7
Patani,Toruangiama,2015,6,161.68741861979166,3
Patani,Uduophori,2015,6,163.70638427734374,5
Warri South-West,Ajudaibo,2015,6,34.587135314941406,4
Warri South-West,Akpakpa,2015,6,23.08250999450684,2
Warri South-West,Isaba,2015,6,194.88330078125,15
Warri South-West,Madangho,2015,6,41.50753784179688,3
Warri South-West,Ogbe-Ijoh,2015,6,196.71369086371527,36
Warri South-West,Ogidigben,2015,6,76.35254669189453,4
Warri South-West,Okerenkoko,2015,6,146.62908257378473,36
Warri South-West,Oporozo,2015,6,77.97911071777344,16
Warri South-West,Orere,2015,6,206.40189985795453,11
Warri South-West,Ugborodo,2015,6,180.5281127929688,10
Warri South,Avenue,2015,6,151.19583129882812,2
Warri South,Bowen,2015,6,158.10211181640625,2
Warri South,Ekurede,2015,6,151.50706481933594,4
Warri South,Esisi,2015,6,144.72808837890625,4
Warri South,Igbudu,2015,6,149.12299601236978,3
Warri South,Obodo,2015,6,178.32080078125,16
Warri South,Ode-Itsekiri,2015,6,174.5323486328125,9
Warri South,Okere,2015,6,151.19583129882812,2
Warri South,Pessu,2015,6,158.10211181640625,2
Warri South,Ubeji,2015,6,148.96275111607142,7
Bomadi,Akugbene 1,2015,7,239.5404510498047,2
Bomadi,Akugbene 2,2015,7,257.11004638671875,1
Bomadi,Akugbene 3,2015,7,257.11004638671875,1
Bomadi,Bomadi,2015,7,287.14267985026044,6
Bomadi,Ekaametagbene/Kalafio,2015,7,242.5852254231771,12
Bomadi,Esanma,2015,7,242.5926055908203,4
Bomadi,Kpakiama,2015,7,279.2223307291667,6
Bomadi,Ogbeinma/Okoloba,2015,7,251.495849609375,3
Bomadi,Ogo/Eze,2015,7,217.4990692138672,2
Bomadi,Ogriagbene,2015,7,261.6161295572917,6
Burutu,Bolou-Ndoro,2015,7,254.6785835597826,23
Burutu,Egodor,2015,7,243.75608915441177,17
Burutu,Eseinbiri,2015,7,254.5995871803977,11
Burutu,Kiagbodo,2015,7,221.65629069010416,3
Burutu,Ngbilebiri,2015,7,224.40511067708331,6
Burutu,Obetebe,2015,7,231.06702922952587,29
Burutu,Ogulagha,2015,7,122.464345703125,25
Burutu,Ojobo,2015,7,279.77219645182294,6
Burutu,Tamigbe,2015,7,268.9168904622396,6
Burutu,Torugbene,2015,7,280.66650390625,6
Burutu,Tuomo,2015,7,278.26019965277777,9
Patani,Abari,2015,7,327.194970703125,5
Patani,Agoloma,2015,7,312.5917561848958,3
Patani,Buluangiama,2015,7,310.6059875488281,8
Patani,Odorubu,2015,7,298.7613830566406,8
Patani,Patani 2,2015,7,317.80767822265625,4
Patani,Patani 3,2015,7,326.5234375,6
Patani,Patani 4,2015,7,313.77099609375,2
Patani,Patani 5,2015,7,320.9636928013393,7
Patani,Toruangiama,2015,7,313.6571044921875,3
Patani,Uduophori,2015,7,307.451611328125,5
Warri South-West,Ajudaibo,2015,7,35.89018249511719,4
Warri South-West,Akpakpa,2015,7,22.771141052246094,2
Warri South-West,Isaba,2015,7,261.83063151041665,15
Warri South-West,Madangho,2015,7,44.32801310221354,3
Warri South-West,Ogbe-Ijoh,2015,7,268.4416775173611,36
Warri South-West,Ogidigben,2015,7,45.75033950805664,4
Warri South-West,Okerenkoko,2015,7,200.518798828125,36
Warri South-West,Oporozo,2015,7,93.54624938964844,16
Warri South-West,Orere,2015,7,134.5287198153409,11
Warri South-West,Ugborodo,2015,7,112.2423828125,10
Warri South,Avenue,2015,7,227.32540893554688,2
Warri South,Bowen,2015,7,222.1584014892578,2
Warri South,Ekurede,2015,7,239.5950469970703,4
Warri South,Esisi,2015,7,217.369873046875,4
Warri South,Igbudu,2015,7,216.8466593424479,3
Warri South,Obodo,2015,7,269.3388061523437,16
Warri South,Ode-Itsekiri,2015,7,264.56781684027777,9
Warri South,Okere,2015,7,227.32540893554688,2
Warri South,Pessu,2015,7,222.1584014892578,2
Warri South,Ubeji,2015,7,246.59186662946428,7
Bomadi,Akugbene 1,2015,8,279.73345947265625,2
Bomadi,Akugbene 2,2015,8,296.78765869140625,1
Bomadi,Akugbene 3,2015,8,296.78765869140625,1
Bomadi,Bomadi,2015,8,270.0874837239583,6
Bomadi,Ekaametagbene/Kalafio,2015,8,241.7522176106771,12
Bomadi,Esanma,2015,8,275.4789123535156,4
Bomadi,Kpakiama,2015,8,287.38669840494794,6
Bomadi,Ogbeinma/Okoloba,2015,8,279.2456461588542,3
Bomadi,Ogo/Eze,2015,8,268.8721923828125,2
Bomadi,Ogriagbene,2015,8,244.48799641927084,6
Burutu,Bolou-Ndoro,2015,8,224.0213569972826,23
Burutu,Egodor,2015,8,273.0875459558824,17
Burutu,Eseinbiri,2015,8,261.61550071022725,11
Burutu,Kiagbodo,2015,8,274.1211344401042,3
Burutu,Ngbilebiri,2015,8,276.2023518880208,6
Burutu,Obetebe,2015,8,212.3729963631465,29
Burutu,Ogulagha,2015,8,98.08560546875,25
Burutu,Ojobo,2015,8,263.6418863932292,6
Burutu,Tamigbe,2015,8,266.2455444335937,6
Burutu,Torugbene,2015,8,264.51617431640625,6
Burutu,Tuomo,2015,8,269.8257107204861,9
Patani,Abari,2015,8,347.748291015625,5
Patani,Agoloma,2015,8,335.1453450520833,3
Patani,Buluangiama,2015,8,325.9737854003906,8
Patani,Odorubu,2015,8,309.3115234375,8
Patani,Patani 2,2015,8,340.08612060546875,4
Patani,Patani 3,2015,8,344.0177408854167,6
Patani,Patani 4,2015,8,337.50396728515625,2
Patani,Patani 5,2015,8,335.7925502232143,7
Patani,Toruangiama,2015,8,320.2362874348958,3
Patani,Uduophori,2015,8,315.553857421875,5
Warri South-West,Ajudaibo,2015,8,27.27666473388672,4
Warri South-West,Akpakpa,2015,8,17.75971031188965,2
Warri South-West,Isaba,2015,8,270.78619791666665,15
Warri South-West,Madangho,2015,8,33.079742431640625,3
Warri South-West,Ogbe-Ijoh,2015,8,213.69772677951389,36
Warri South-West,Ogidigben,2015,8,44.26136016845703,4
Warri South-West,Okerenkoko,2015,8,144.97900390625,36
Warri South-West,Oporozo,2015,8,64.64579772949219,16
Warri South-West,Orere,2015,8,108.23598410866477,11
Warri South-West,Ugborodo,2015,8,100.89049072265624,10
Warri South,Avenue,2015,8,274.74298095703125,2
Warri South,Bowen,2015,8,272.0409545898437,2
Warri South,Ekurede,2015,8,275.9219055175781,4
Warri South,Esisi,2015,8,269.2662658691406,4
Warri South,Igbudu,2015,8,269.2525227864583,3
Warri South,Obodo,2015,8,219.1164093017578,16
Warri South,Ode-Itsekiri,2015,8,274.5469563802083,9
Warri South,Okere,2015,8,274.74298095703125,2
Warri South,Pessu,2015,8,272.0409545898437,2
Warri South,Ubeji,2015,8,265.0189383370536,7
Bomadi,Akugbene 1,2015,9,456.991455078125,2
Bomadi,Akugbene 2,2015,9,455.3510437011719,1
Bomadi,Akugbene 3,2015,9,455.3510437011719,1
Bomadi,Bomadi,2015,9,427.1680094401042,6
Bomadi,Ekaametagbene/Kalafio,2015,9,464.2410074869792,12
Bomadi,Esanma,2015,9,446.5509338378906,4
Bomadi,Kpakiama,2015,9,433.8841145833333,6
Bomadi,Ogbeinma/Okoloba,2015,9,453.2242838541667,3
Bomadi,Ogo/Eze,2015,9,460.9059753417969,2
Bomadi,Ogriagbene,2015,9,442.7411702473958,6
Burutu,Bolou-Ndoro,2015,9,454.20771059782606,23
Burutu,Egodor,2015,9,480.44993681066177,17
Burutu,Eseinbiri,2015,9,440.5995205965909,11
Burutu,Kiagbodo,2015,9,469.4525553385417,3
Burutu,Ngbilebiri,2015,9,486.23828125,6
Burutu,Obetebe,2015,9,449.8902209051725,29
Burutu,Ogulagha,2015,9,225.87677734375,25
Burutu,Ojobo,2015,9,424.3426920572917,6
Burutu,Tamigbe,2015,9,429.9632161458333,6
Burutu,Torugbene,2015,9,430.0954996744792,6
Burutu,Tuomo,2015,9,429.2189398871528,9
Patani,Abari,2015,9,453.055615234375,5
Patani,Agoloma,2015,9,424.37451171875,3
Patani,Buluangiama,2015,9,422.843505859375,8
Patani,Odorubu,2015,9,422.1832885742188,8
Patani,Patani 2,2015,9,438.4853210449219,4
Patani,Patani 3,2015,9,444.4381103515625,6
Patani,Patani 4,2015,9,440.4768676757813,2
Patani,Patani 5,2015,9,433.36917550223217,7
Patani,Toruangiama,2015,9,416.9475911458333,3
Patani,Uduophori,2015,9,414.392431640625,5
Warri South-West,Ajudaibo,2015,9,60.76814651489258,4
Warri South-West,Akpakpa,2015,9,39.80849838256836,2
Warri South-West,Isaba,2015,9,469.76943359375,15
Warri South-West,Madangho,2015,9,73.90417989095052,3
Warri South-West,Ogbe-Ijoh,2015,9,435.3183322482639,36
Warri South-West,Ogidigben,2015,9,93.7849349975586,4
Warri South-West,Okerenkoko,2015,9,307.39751519097223,36
Warri South-West,Oporozo,2015,9,143.41604614257812,16
Warri South-West,Orere,2015,9,236.30464311079547,11
Warri South-West,Ugborodo,2015,9,206.7869873046875,10
Warri South,Avenue,2015,9,437.41845703125,2
Warri South,Bowen,2015,9,438.0808410644531,2
Warri South,Ekurede,2015,9,434.34515380859375,4
Warri South,Esisi,2015,9,431.40338134765625,4
Warri South,Igbudu,2015,9,431.5139973958333,3
Warri South,Obodo,2015,9,423.6759033203125,16
Warri South,Ode-Itsekiri,2015,9,450.0508355034722,9
Warri South,Okere,2015,9,437.41845703125,2
Warri South,Pessu,2015,9,438.0808410644531,2
Warri South,Ubeji,2015,9,430.7126116071428,7
Bomadi,Akugbene 1,2015,10,346.8133544921875,2
Bomadi,Akugbene 2,2015,10,344.91796875,1
Bomadi,Akugbene 3,2015,10,344.91796875,1
Bomadi,Bomadi,2015,10,359.8176676432292,6
Bomadi,Ekaametagbene/Kalafio,2015,10,392.7173665364583,12
Bomadi,Esanma,2015,10,352.4896545410156,4
Bomadi,Kpakiama,2015,10,344.1309000651042,6
Bomadi,Ogbeinma/Okoloba,2015,10,346.66796875,3
Bomadi,Ogo/Eze,2015,10,349.57550048828125,2
Bomadi,Ogriagbene,2015,10,411.8804524739583,6
Burutu,Bolou-Ndoro,2015,10,409.3656165081522,23
Burutu,Egodor,2015,10,374.1359145220589,17
Burutu,Eseinbiri,2015,10,378.35600142045456,11
Burutu,Kiagbodo,2015,10,336.34360758463544,3
Burutu,Ngbilebiri,2015,10,382.2880452473958,6
Burutu,Obetebe,2015,10,375.1795528017241,29
Burutu,Ogulagha,2015,10,215.21779296875,25
Burutu,Ojobo,2015,10,391.9429524739583,6
Burutu,Tamigbe,2015,10,406.2683919270833,6
Burutu,Torugbene,2015,10,405.5264485677083,6
Burutu,Tuomo,2015,10,386.97645399305554,9
Patani,Abari,2015,10,298.7836669921875,5
Patani,Agoloma,2015,10,319.3561197916667,3
Patani,Buluangiama,2015,10,321.23175048828125,8
Patani,Odorubu,2015,10,345.06396484375,8
Patani,Patani 2,2015,10,291.4100952148437,4
Patani,Patani 3,2015,10,293.61704508463544,6
Patani,Patani 4,2015,10,299.25128173828125,2
Patani,Patani 5,2015,10,301.8272181919643,7
Patani,Toruangiama,2015,10,338.3204345703125,3
Patani,Uduophori,2015,10,346.4011474609375,5
Warri South-West,Ajudaibo,2015,10,52.20529174804688,4
Warri South-West,Akpakpa,2015,10,34.04022979736328,2
Warri South-West,Isaba,2015,10,372.90143229166665,15
Warri South-West,Madangho,2015,10,63.23100280761719,3
Warri South-West,Ogbe-Ijoh,2015,10,356.0094401041667,36
Warri South-West,Ogidigben,2015,10,109.52137756347656,4
Warri South-West,Okerenkoko,2015,10,266.9582790798611,36
Warri South-West,Oporozo,2015,10,122.57151794433594,16
Warri South-West,Orere,2015,10,272.49112215909093,11
Warri South-West,Ugborodo,2015,10,242.976220703125,10
Warri South,Avenue,2015,10,343.93231201171875,2
Warri South,Bowen,2015,10,337.7572021484375,2
Warri South,Ekurede,2015,10,344.29498291015625,4
Warri South,Esisi,2015,10,337.86090087890625,4
Warri South,Igbudu,2015,10,336.7800699869792,3
Warri South,Obodo,2015,10,365.4520263671875,16
Warri South,Ode-Itsekiri,2015,10,363.16742621527777,9
Warri South,Okere,2015,10,343.93231201171875,2
Warri South,Pessu,2015,10,337.7572021484375,2
Warri South,Ubeji,2015,10,346.08217075892856,7
Bomadi,Akugbene 1,2015,11,119.19007110595705,2
Bomadi,Akugbene 2,2015,11,113.87709045410156,1
Bomadi,Akugbene 3,2015,11,113.87709045410156,1
Bomadi,Bomadi,2015,11,120.32493082682292,6
Bomadi,Ekaametagbene/Kalafio,2015,11,125.52516682942708,12
Bomadi,Esanma,2015,11,120.58358764648438,4
Bomadi,Kpakiama,2015,11,110.05271402994792,6
Bomadi,Ogbeinma/Okoloba,2015,11,112.4464111328125,3
Bomadi,Ogo/Eze,2015,11,113.88272094726562,2
Bomadi,Ogriagbene,2015,11,138.39156087239584,6
Burutu,Bolou-Ndoro,2015,11,129.9957965353261,23
Burutu,Egodor,2015,11,113.9261115579044,17
Burutu,Eseinbiri,2015,11,130.35498046875,11
Burutu,Kiagbodo,2015,11,103.5852559407552,3
Burutu,Ngbilebiri,2015,11,125.62926228841144,6
Burutu,Obetebe,2015,11,109.80376144935344,29
Burutu,Ogulagha,2015,11,61.347890625,25
Burutu,Ojobo,2015,11,134.60313924153647,6
Burutu,Tamigbe,2015,11,137.1074422200521,6
Burutu,Torugbene,2015,11,133.9084269205729,6
Burutu,Tuomo,2015,11,137.1595458984375,9
Patani,Abari,2015,11,75.69327392578126,5
Patani,Agoloma,2015,11,95.218994140625,3
Patani,Buluangiama,2015,11,96.06688690185548,8
Patani,Odorubu,2015,11,106.9616928100586,8
Patani,Patani 2,2015,11,82.91580963134766,4
Patani,Patani 3,2015,11,81.01894124348958,6
Patani,Patani 4,2015,11,82.71448516845703,2
Patani,Patani 5,2015,11,88.6455078125,7
Patani,Toruangiama,2015,11,104.54506429036458,3
Patani,Uduophori,2015,11,110.72659912109376,5
Warri South-West,Ajudaibo,2015,11,10.745782852172852,4
Warri South-West,Akpakpa,2015,11,7.337071418762207,2
Warri South-West,Isaba,2015,11,107.0615234375,15
Warri South-West,Madangho,2015,11,12.965853373209637,3
Warri South-West,Ogbe-Ijoh,2015,11,101.964111328125,36
Warri South-West,Ogidigben,2015,11,29.69310188293457,4
Warri South-West,Okerenkoko,2015,11,66.09259711371527,36
Warri South-West,Oporozo,2015,11,26.562461853027344,16
Warri South-West,Orere,2015,11,59.41730291193182,11
Warri South-West,Ugborodo,2015,11,55.961572265625,10
Warri South,Avenue,2015,11,91.86380767822266,2
Warri South,Bowen,2015,11,93.25914001464844,2
Warri South,Ekurede,2015,11,89.08589172363281,4
Warri South,Esisi,2015,11,90.39813232421876,4
Warri South,Igbudu,2015,11,91.1740010579427,3
Warri South,Obodo,2015,11,102.51431274414062,16
Warri South,Ode-Itsekiri,2015,11,98.70876057942708,9
Warri South,Okere,2015,11,91.86380767822266,2
Warri South,Pessu,2015,11,93.25914001464844,2
Warri South,Ubeji,2015,11,94.96768624441964,7
Bomadi,Akugbene 1,2015,12,13.24387264251709,2
Bomadi,Akugbene 2,2015,12,13.13038730621338,1
Bomadi,Akugbene 3,2015,12,13.13038730621338,1
Bomadi,Bomadi,2015,12,15.757747650146484,6
Bomadi,Ekaametagbene/Kalafio,2015,12,14.887133280436196,12
Bomadi,Esanma,2015,12,14.075952529907228,4
Bomadi,Kpakiama,2015,12,13.662150065104166,6
Bomadi,Ogbeinma/Okoloba,2015,12,13.331471761067707,3
Bomadi,Ogo/Eze,2015,12,13.000060081481934,2
Bomadi,Ogriagbene,2015,12,18.852569580078125,6
Burutu,Bolou-Ndoro,2015,12,18.020326033882476,23
Burutu,Egodor,2015,12,11.227664723115808,17
Burutu,Eseinbiri,2015,12,16.513842496004973,11
Burutu,Kiagbodo,2015,12,10.091334660847982,3
Burutu,Ngbilebiri,2015,12,12.62948989868164,6
Burutu,Obetebe,2015,12,11.48894527040679,29
Burutu,Ogulagha,2015,12,4.613504028320312,25
Burutu,Ojobo,2015,12,22.48768361409505,6
Burutu,Tamigbe,2015,12,19.70235315958659,6
Burutu,Torugbene,2015,12,21.43541971842448,6
Burutu,Tuomo,2015,12,17.94375949435764,9
Patani,Abari,2015,12,7.777022552490234,5
Patani,Agoloma,2015,12,10.815728505452476,3
Patani,Buluangiama,2015,12,11.65013599395752,8
Patani,Odorubu,2015,12,13.176584243774414,8
Patani,Patani 2,2015,12,8.813097953796387,4
Patani,Patani 3,2015,12,8.73535410563151,6
Patani,Patani 4,2015,12,9.16384506225586,2
Patani,Patani 5,2015,12,9.868460518973214,7
Patani,Toruangiama,2015,12,12.63561757405599,3
Patani,Uduophori,2015,12,12.734539031982422,5
Warri South-West,Ajudaibo,2015,12,0.6731138825416565,4
Warri South-West,Akpakpa,2015,12,0.460624098777771,2
Warri South-West,Isaba,2015,12,10.250892130533854,15
Warri South-West,Madangho,2015,12,0.8256316184997559,3
Warri South-West,Ogbe-Ijoh,2015,12,8.54608408610026,36
Warri South-West,Ogidigben,2015,12,1.37887442111969,4
Warri South-West,Okerenkoko,2015,12,4.420776791042751,36
Warri South-West,Oporozo,2015,12,1.8472070693969729,16
Warri South-West,Orere,2015,12,3.849942294034091,11
Warri South-West,Ugborodo,2015,12,3.216400146484375,10
Warri South,Avenue,2015,12,9.419366836547852,2
Warri South,Bowen,2015,12,9.808542251586914,2
Warri South,Ekurede,2015,12,9.472575187683104,4
Warri South,Esisi,2015,12,9.8883695602417,4
Warri South,Igbudu,2015,12,10.187301635742188,3
Warri South,Obodo,2015,12,6.2803144454956055,16
Warri South,Ode-Itsekiri,2015,12,9.6610107421875,9
Warri South,Okere,2015,12,9.419366836547852,2
Warri South,Pessu,2015,12,9.808542251586914,2
Warri South,Ubeji,2015,12,8.328699384416852,7
Bomadi,Akugbene 1,2016,1,14.33407974243164,2
Bomadi,Akugbene 2,2016,1,14.621191024780272,1
Bomadi,Akugbene 3,2016,1,14.621191024780272,1
Bomadi,Bomadi,2016,1,13.575913747151692,6
Bomadi,Ekaametagbene/Kalafio,2016,1,14.281352996826172,12
Bomadi,Esanma,2016,1,14.245304107666016,4
Bomadi,Kpakiama,2016,1,13.21481959025065,6
Bomadi,Ogbeinma/Okoloba,2016,1,13.451128641764322,3
Bomadi,Ogo/Eze,2016,1,12.736297607421877,2
Bomadi,Ogriagbene,2016,1,16.004364013671875,6
Burutu,Bolou-Ndoro,2016,1,14.37868997325068,23
Burutu,Egodor,2016,1,13.02336300120634,17
Burutu,Eseinbiri,2016,1,13.954154274680398,11
Burutu,Kiagbodo,2016,1,11.95595932006836,3
Burutu,Ngbilebiri,2016,1,13.386873881022137,6
Burutu,Obetebe,2016,1,13.291717529296877,29
Burutu,Ogulagha,2016,1,8.960918579101563,25
Burutu,Ojobo,2016,1,16.91644795735677,6
Burutu,Tamigbe,2016,1,16.064673105875652,6
Burutu,Torugbene,2016,1,17.629750569661457,6
Burutu,Tuomo,2016,1,14.327533298068577,9
Patani,Abari,2016,1,14.717530822753906,5
Patani,Agoloma,2016,1,15.717862447102863,3
Patani,Buluangiama,2016,1,16.757978439331055,8
Patani,Odorubu,2016,1,15.926568984985352,8
Patani,Patani 2,2016,1,13.886484146118164,4
Patani,Patani 3,2016,1,14.38165283203125,6
Patani,Patani 4,2016,1,14.60805320739746,2
Patani,Patani 5,2016,1,15.209503173828123,7
Patani,Toruangiama,2016,1,17.795455932617188,3
Patani,Uduophori,2016,1,17.635226440429687,5
Warri South-West,Ajudaibo,2016,1,2.3930256366729736,4
Warri South-West,Akpakpa,2016,1,1.5660912990570068,2
Warri South-West,Isaba,2016,1,11.552691650390624,15
Warri South-West,Madangho,2016,1,2.916627566019694,3
Warri South-West,Ogbe-Ijoh,2016,1,13.057804531521269,36
Warri South-West,Ogidigben,2016,1,3.661463499069214,4
Warri South-West,Okerenkoko,2016,1,8.540196736653646,36
Warri South-West,Oporozo,2016,1,5.080840587615967,16
Warri South-West,Orere,2016,1,7.491762334650213,11
Warri South-West,Ugborodo,2016,1,6.7110542297363285,10
Warri South,Avenue,2016,1,9.73524570465088,2
Warri South,Bowen,2016,1,9.846094131469728,2
Warri South,Ekurede,2016,1,9.63262176513672,4
Warri South,Esisi,2016,1,9.241341590881348,4
Warri South,Igbudu,2016,1,9.52044423421224,3
Warri South,Obodo,2016,1,9.857820510864258,16
Warri South,Ode-Itsekiri,2016,1,10.579339769151476,9
Warri South,Okere,2016,1,9.73524570465088,2
Warri South,Pessu,2016,1,9.846094131469728,2
Warri South,Ubeji,2016,1,9.244502476283484,7
Bomadi,Akugbene 1,2016,2,12.307875633239746,2
Bomadi,Akugbene 2,2016,2,12.440048217773438,1
Bomadi,Akugbene 3,2016,2,12.440048217773438,1
Bomadi,Bomadi,2016,2,12.773648579915363,6
Bomadi,Ekaametagbene/Kalafio,2016,2,11.232250213623049,12
Bomadi,Esanma,2016,2,12.268590927124023,4
Bomadi,Kpakiama,2016,2,12.973705291748049,6
Bomadi,Ogbeinma/Okoloba,2016,2,12.393272399902344,3
Bomadi,Ogo/Eze,2016,2,11.789298057556152,2
Bomadi,Ogriagbene,2016,2,11.720286051432293,6
Burutu,Bolou-Ndoro,2016,2,11.874185313349184,23
Burutu,Egodor,2016,2,11.313147152171416,17
Burutu,Eseinbiri,2016,2,11.951973655007102,11
Burutu,Kiagbodo,2016,2,11.624441782633465,3
Burutu,Ngbilebiri,2016,2,11.712894439697266,6
Burutu,Obetebe,2016,2,11.083106731546335,29
Burutu,Ogulagha,2016,2,7.1610650634765625,25
Burutu,Ojobo,2016,2,11.124922434488932,6
Burutu,Tamigbe,2016,2,11.861212412516275,6
Burutu,Torugbene,2016,2,11.469940185546877,6
Burutu,Tuomo,2016,2,12.321749369303385,9
Patani,Abari,2016,2,13.427288818359376,5
Patani,Agoloma,2016,2,14.382242838541666,3
Patani,Buluangiama,2016,2,14.128902435302734,8
Patani,Odorubu,2016,2,14.084114074707031,8
Patani,Patani 2,2016,2,13.569162368774414,4
Patani,Patani 3,2016,2,13.738273620605469,6
Patani,Patani 4,2016,2,13.805292129516602,2
Patani,Patani 5,2016,2,13.741941179547991,7
Patani,Toruangiama,2016,2,14.707445780436196,3
Patani,Uduophori,2016,2,14.406636047363282,5
Warri South-West,Ajudaibo,2016,2,2.0515332221984863,4
Warri South-West,Akpakpa,2016,2,1.397834300994873,2
Warri South-West,Isaba,2016,2,10.422088623046877,15
Warri South-West,Madangho,2016,2,2.4909798304239907,3
Warri South-West,Ogbe-Ijoh,2016,2,10.62781016031901,36
Warri South-West,Ogidigben,2016,2,4.23049783706665,4
Warri South-West,Okerenkoko,2016,2,8.702031453450521,36
Warri South-West,Oporozo,2016,2,4.688431739807129,16
Warri South-West,Orere,2016,2,10.068357987837356,11
Warri South-West,Ugborodo,2016,2,8.864399719238282,10
Warri South,Avenue,2016,2,10.306894302368164,2
Warri South,Bowen,2016,2,9.832756042480469,2
Warri South,Ekurede,2016,2,10.026248931884766,4
Warri South,Esisi,2016,2,10.093852996826172,4
Warri South,Igbudu,2016,2,9.93931516011556,3
Warri South,Obodo,2016,2,10.759767532348633,16
Warri South,Ode-Itsekiri,2016,2,10.006578233506945,9
Warri South,Okere,2016,2,10.306894302368164,2
Warri South,Pessu,2016,2,9.832756042480469,2
Warri South,Ubeji,2016,2,10.221909659249445,7
Bomadi,Akugbene 1,2016,3,177.1278076171875,2
Bomadi,Akugbene 2,2016,3,177.75466918945312,1
Bomadi,Akugbene 3,2016,3,177.75466918945312,1
Bomadi,Bomadi,2016,3,196.6321004231771,6
Bomadi,Ekaametagbene/Kalafio,2016,3,192.75406901041663,12
Bomadi,Esanma,2016,3,183.1249542236328,4
Bomadi,Kpakiama,2016,3,189.4006144205729,6
Bomadi,Ogbeinma/Okoloba,2016,3,182.36104329427084,3
Bomadi,Ogo/Eze,2016,3,176.10833740234375,2
Bomadi,Ogriagbene,2016,3,203.55810546875,6
Burutu,Bolou-Ndoro,2016,3,202.12667713994568,23
Burutu,Egodor,2016,3,183.6771312040441,17
Burutu,Eseinbiri,2016,3,194.26242897727272,11
Burutu,Kiagbodo,2016,3,172.04290771484375,3
Burutu,Ngbilebiri,2016,3,186.2964070638021,6
Burutu,Obetebe,2016,3,185.45211476293105,29
Burutu,Ogulagha,2016,3,109.804287109375,25
Burutu,Ojobo,2016,3,198.2844645182292,6
Burutu,Tamigbe,2016,3,207.5616658528646,6
Burutu,Torugbene,2016,3,208.73099772135416,6
Burutu,Tuomo,2016,3,199.1768798828125,9
Patani,Abari,2016,3,162.58076171875,5
Patani,Agoloma,2016,3,179.09342447916666,3
Patani,Buluangiama,2016,3,182.1957244873047,8
Patani,Odorubu,2016,3,188.7998962402344,8
Patani,Patani 2,2016,3,164.81375122070312,4
Patani,Patani 3,2016,3,164.57867431640625,6
Patani,Patani 4,2016,3,168.93190002441406,2
Patani,Patani 5,2016,3,173.45806012834822,7
Patani,Toruangiama,2016,3,186.31486002604169,3
Patani,Uduophori,2016,3,189.4892578125,5
Warri South-West,Ajudaibo,2016,3,22.34314346313477,4
Warri South-West,Akpakpa,2016,3,15.340468406677246,2
Warri South-West,Isaba,2016,3,178.29072265625,15
Warri South-West,Madangho,2016,3,27.087432861328125,3
Warri South-West,Ogbe-Ijoh,2016,3,170.55227322048611,36
Warri South-West,Ogidigben,2016,3,50.87934494018555,4
Warri South-West,Okerenkoko,2016,3,131.89458550347223,36
Warri South-West,Oporozo,2016,3,56.41155242919922,16
Warri South-West,Orere,2016,3,131.30359996448863,11
Warri South-West,Ugborodo,2016,3,103.347314453125,10
Warri South,Avenue,2016,3,163.30426025390625,2
Warri South,Bowen,2016,3,162.428466796875,2
Warri South,Ekurede,2016,3,163.27157592773438,4
Warri South,Esisi,2016,3,160.25828552246094,4
Warri South,Igbudu,2016,3,161.1869913736979,3
Warri South,Obodo,2016,3,174.47213745117188,16
Warri South,Ode-Itsekiri,2016,3,169.62722439236111,9
Warri South,Okere,2016,3,163.30426025390625,2
Warri South,Pessu,2016,3,162.428466796875,2
Warri South,Ubeji,2016,3,163.48507254464286,7
Bomadi,Akugbene 1,2016,4,164.6311492919922,2
Bomadi,Akugbene 2,2016,4,164.07398986816406,1
Bomadi,Akugbene 3,2016,4,164.07398986816406,1
Bomadi,Bomadi,2016,4,158.91305541992188,6
Bomadi,Ekaametagbene/Kalafio,2016,4,183.8687744140625,12
Bomadi,Esanma,2016,4,168.17811584472656,4
Bomadi,Kpakiama,2016,4,152.78858439127603,6
Bomadi,Ogbeinma/Okoloba,2016,4,164.978271484375,3
Bomadi,Ogo/Eze,2016,4,165.32664489746094,2
Bomadi,Ogriagbene,2016,4,185.4026285807292,6
Burutu,Bolou-Ndoro,2016,4,193.5675101902174,23
Burutu,Egodor,2016,4,174.70559512867646,17
Burutu,Eseinbiri,2016,4,174.02783203125,11
Burutu,Kiagbodo,2016,4,154.0405069986979,3
Burutu,Ngbilebiri,2016,4,170.80220540364584,6
Burutu,Obetebe,2016,4,183.27244410021552,29
Burutu,Ogulagha,2016,4,115.099296875,25
Burutu,Ojobo,2016,4,175.7834676106771,6
Burutu,Tamigbe,2016,4,183.8259684244792,6
Burutu,Torugbene,2016,4,180.71929931640625,6
Burutu,Tuomo,2016,4,173.78011067708334,9
Patani,Abari,2016,4,144.73480224609375,5
Patani,Agoloma,2016,4,150.0385538736979,3
Patani,Buluangiama,2016,4,151.08273315429688,8
Patani,Odorubu,2016,4,156.2579345703125,8
Patani,Patani 2,2016,4,144.60003662109375,4
Patani,Patani 3,2016,4,146.0548299153646,6
Patani,Patani 4,2016,4,146.08926391601562,2
Patani,Patani 5,2016,4,147.20228794642858,7
Patani,Toruangiama,2016,4,154.02001953125,3
Patani,Uduophori,2016,4,159.1184814453125,5
Warri South-West,Ajudaibo,2016,4,23.70412826538086,4
Warri South-West,Akpakpa,2016,4,15.973158836364746,2
Warri South-West,Isaba,2016,4,178.30299479166666,15
Warri South-West,Madangho,2016,4,28.556442260742188,3
Warri South-West,Ogbe-Ijoh,2016,4,179.79144965277777,36
Warri South-West,Ogidigben,2016,4,58.035552978515625,4
Warri South-West,Okerenkoko,2016,4,137.4576687282986,36
Warri South-West,Oporozo,2016,4,61.22086715698242,16
Warri South-West,Orere,2016,4,135.41804643110797,11
Warri South-West,Ugborodo,2016,4,121.1650634765625,10
Warri South,Avenue,2016,4,153.8626708984375,2
Warri South,Bowen,2016,4,154.1373291015625,2
Warri South,Ekurede,2016,4,159.82470703125,4
Warri South,Esisi,2016,4,153.313720703125,4
Warri South,Igbudu,2016,4,153.82344563802084,3
Warri South,Obodo,2016,4,189.5826110839844,16
Warri South,Ode-Itsekiri,2016,4,174.5187038845486,9
Warri South,Okere,2016,4,153.8626708984375,2
Warri South,Pessu,2016,4,154.1373291015625,2
Warri South,Ubeji,2016,4,171.698974609375,7
Bomadi,Akugbene 1,2016,5,250.9593048095703,2
Bomadi,Akugbene 2,2016,5,253.66119384765625,1
Bomadi,Akugbene 3,2016,5,253.66119384765625,1
Bomadi,Bomadi,2016,5,279.4045817057292,6
Bomadi,Ekaametagbene/Kalafio,2016,5,276.5323079427083,12
Bomadi,Esanma,2016,5,257.5175170898437,4
Bomadi,Kpakiama,2016,5,280.01739501953125,6
Bomadi,Ogbeinma/Okoloba,2016,5,254.9070841471354,3
Bomadi,Ogo/Eze,2016,5,242.58773803710935,2
Bomadi,Ogriagbene,2016,5,276.92397054036456,6
Burutu,Bolou-Ndoro,2016,5,295.8084239130435,23
Burutu,Egodor,2016,5,253.8193359375,17
Burutu,Eseinbiri,2016,5,270.9315296519886,11
Burutu,Kiagbodo,2016,5,244.80167643229169,3
Burutu,Ngbilebiri,2016,5,247.50227864583331,6
Burutu,Obetebe,2016,5,269.4005926724138,29
Burutu,Ogulagha,2016,5,183.51640625,25
Burutu,Ojobo,2016,5,266.0142008463542,6
Burutu,Tamigbe,2016,5,272.5308024088542,6
Burutu,Torugbene,2016,5,275.28159586588544,6
Burutu,Tuomo,2016,5,273.7931857638889,9
Patani,Abari,2016,5,245.003125,5
Patani,Agoloma,2016,5,264.4037475585937,3
Patani,Buluangiama,2016,5,268.4145202636719,8
Patani,Odorubu,2016,5,279.0977783203125,8
Patani,Patani 2,2016,5,251.21340942382807,4
Patani,Patani 3,2016,5,251.03265380859372,6
Patani,Patani 4,2016,5,254.87893676757807,2
Patani,Patani 5,2016,5,258.61300223214283,7
Patani,Toruangiama,2016,5,274.7840576171875,3
Patani,Uduophori,2016,5,279.0853271484375,5
Warri South-West,Ajudaibo,2016,5,43.016510009765625,4
Warri South-West,Akpakpa,2016,5,28.27060890197754,2
Warri South-West,Isaba,2016,5,249.71544596354167,15
Warri South-West,Madangho,2016,5,51.18720499674479,3
Warri South-West,Ogbe-Ijoh,2016,5,235.27292209201389,36
Warri South-West,Ogidigben,2016,5,107.95545196533205,4
Warri South-West,Okerenkoko,2016,5,172.97682020399304,36
Warri South-West,Oporozo,2016,5,87.4529037475586,16
Warri South-West,Orere,2016,5,195.83274147727272,11
Warri South-West,Ugborodo,2016,5,202.4286010742188,10
Warri South,Avenue,2016,5,215.00924682617188,2
Warri South,Bowen,2016,5,215.4100646972656,2
Warri South,Ekurede,2016,5,218.86886596679688,4
Warri South,Esisi,2016,5,210.75454711914065,4
Warri South,Igbudu,2016,5,212.23689778645837,3
Warri South,Obodo,2016,5,226.9055328369141,16
Warri South,Ode-Itsekiri,2016,5,231.8691677517361,9
Warri South,Okere,2016,5,215.00924682617188,2
Warri South,Pessu,2016,5,215.4100646972656,2
Warri South,Ubeji,2016,5,214.34406389508928,7
Bomadi,Akugbene 1,2016,6,336.5743713378906,2
Bomadi,Akugbene 2,2016,6,341.36651611328125,1
Bomadi,Akugbene 3,2016,6,341.36651611328125,1
Bomadi,Bomadi,2016,6,344.0995279947917,6
Bomadi,Ekaametagbene/Kalafio,2016,6,361.9917805989583,12
Bomadi,Esanma,2016,6,345.2117919921875,4
Bomadi,Kpakiama,2016,6,334.8239339192708,6
Bomadi,Ogbeinma/Okoloba,2016,6,334.9380289713542,3
Bomadi,Ogo/Eze,2016,6,320.1854858398437,2
Bomadi,Ogriagbene,2016,6,365.4739583333333,6
Burutu,Bolou-Ndoro,2016,6,372.2572605298913,23
Burutu,Egodor,2016,6,348.88037109375,17
Burutu,Eseinbiri,2016,6,361.6639293323864,11
Burutu,Kiagbodo,2016,6,321.694091796875,3
Burutu,Ngbilebiri,2016,6,352.4234212239583,6
Burutu,Obetebe,2016,6,341.2709119073276,29
Burutu,Ogulagha,2016,6,192.4944140625,25
Burutu,Ojobo,2016,6,360.7146809895833,6
Burutu,Tamigbe,2016,6,372.72216796875,6
Burutu,Torugbene,2016,6,362.6322428385417,6
Burutu,Tuomo,2016,6,357.30137803819446,9
Patani,Abari,2016,6,350.4036376953125,5
Patani,Agoloma,2016,6,340.6953125,3
Patani,Buluangiama,2016,6,331.22039794921875,8
Patani,Odorubu,2016,6,323.140380859375,8
Patani,Patani 2,2016,6,340.4203491210937,4
Patani,Patani 3,2016,6,347.508056640625,6
Patani,Patani 4,2016,6,339.82281494140625,2
Patani,Patani 5,2016,6,341.18394252232144,7
Patani,Toruangiama,2016,6,329.1168212890625,3
Patani,Uduophori,2016,6,322.1203369140625,5
Warri South-West,Ajudaibo,2016,6,47.34708404541016,4
Warri South-West,Akpakpa,2016,6,32.102813720703125,2
Warri South-West,Isaba,2016,6,348.0826171875,15
Warri South-West,Madangho,2016,6,57.54472859700521,3
Warri South-West,Ogbe-Ijoh,2016,6,329.13831922743054,36
Warri South-West,Ogidigben,2016,6,96.52960968017578,4
Warri South-West,Okerenkoko,2016,6,232.47469075520837,36
Warri South-West,Oporozo,2016,6,109.0678253173828,16
Warri South-West,Orere,2016,6,227.3430841619318,11
Warri South-West,Ugborodo,2016,6,205.190673828125,10
Warri South,Avenue,2016,6,293.52667236328125,2
Warri South,Bowen,2016,6,305.364990234375,2
Warri South,Ekurede,2016,6,298.6605224609375,4
Warri South,Esisi,2016,6,280.038818359375,4
Warri South,Igbudu,2016,6,286.9486897786458,3
Warri South,Obodo,2016,6,321.5609741210937,16
Warri South,Ode-Itsekiri,2016,6,328.589111328125,9
Warri South,Okere,2016,6,293.52667236328125,2
Warri South,Pessu,2016,6,305.364990234375,2
Warri South,Ubeji,2016,6,295.2720424107143,7
Bomadi,Akugbene 1,2016,7,463.2264709472656,2
Bomadi,Akugbene 2,2016,7,466.1007385253906,1
Bomadi,Akugbene 3,2016,7,466.1007385253906,1
Bomadi,Bomadi,2016,7,523.56884765625,6
Bomadi,Ekaametagbene/Kalafio,2016,7,586.8516438802084,12
Bomadi,Esanma,2016,7,492.9028930664063,4
Bomadi,Kpakiama,2016,7,481.173828125,6
Bomadi,Ogbeinma/Okoloba,2016,7,482.7400716145833,3
Bomadi,Ogo/Eze,2016,7,440.8328247070313,2
Bomadi,Ogriagbene,2016,7,606.7240397135416,6
Burutu,Bolou-Ndoro,2016,7,669.0255180027174,23
Burutu,Egodor,2016,7,476.20631318933823,17
Burutu,Eseinbiri,2016,7,545.3332297585227,11
Burutu,Kiagbodo,2016,7,420.0691731770833,3
Burutu,Ngbilebiri,2016,7,487.837646484375,6
Burutu,Obetebe,2016,7,544.9630589978449,29
Burutu,Ogulagha,2016,7,271.734765625,25
Burutu,Ojobo,2016,7,593.7049560546875,6
Burutu,Tamigbe,2016,7,557.404541015625,6
Burutu,Torugbene,2016,7,582.3590494791666,6
Burutu,Tuomo,2016,7,545.5138888888889,9
Patani,Abari,2016,7,455.02890625,5
Patani,Agoloma,2016,7,480.9089762369792,3
Patani,Buluangiama,2016,7,477.210693359375,8
Patani,Odorubu,2016,7,487.0654296875,8
Patani,Patani 2,2016,7,452.8843994140625,4
Patani,Patani 3,2016,7,468.475341796875,6
Patani,Patani 4,2016,7,449.0366821289063,2
Patani,Patani 5,2016,7,476.43101283482144,7
Patani,Toruangiama,2016,7,487.4356282552083,3
Patani,Uduophori,2016,7,494.61611328125,5
Warri South-West,Ajudaibo,2016,7,77.07363891601562,4
Warri South-West,Akpakpa,2016,7,52.70035552978516,2
Warri South-West,Isaba,2016,7,482.14098307291664,15
Warri South-West,Madangho,2016,7,94.10073852539062,3
Warri South-West,Ogbe-Ijoh,2016,7,495.9581705729167,36
Warri South-West,Ogidigben,2016,7,100.68546295166016,4
Warri South-West,Okerenkoko,2016,7,390.1904025607639,36
Warri South-West,Oporozo,2016,7,197.88784790039065,16
Warri South-West,Orere,2016,7,274.67879971590907,11
Warri South-West,Ugborodo,2016,7,231.6427978515625,10
Warri South,Avenue,2016,7,447.87884521484375,2
Warri South,Bowen,2016,7,444.01177978515625,2
Warri South,Ekurede,2016,7,457.244873046875,4
Warri South,Esisi,2016,7,430.41802978515625,4
Warri South,Igbudu,2016,7,432.4490966796875,3
Warri South,Obodo,2016,7,494.50921630859375,16
Warri South,Ode-Itsekiri,2016,7,479.5135091145833,9
Warri South,Okere,2016,7,447.87884521484375,2
Warri South,Pessu,2016,7,444.01177978515625,2
Warri South,Ubeji,2016,7,457.8217075892857,7
Bomadi,Akugbene 1,2016,8,332.06353759765625,2
Bomadi,Akugbene 2,2016,8,341.5756530761719,1
Bomadi,Akugbene 3,2016,8,341.5756530761719,1
Bomadi,Bomadi,2016,8,320.8334350585937,6
Bomadi,Ekaametagbene/Kalafio,2016,8,279.0565388997396,12
Bomadi,Esanma,2016,8,328.626708984375,4
Bomadi,Kpakiama,2016,8,334.05421956380206,6
Bomadi,Ogbeinma/Okoloba,2016,8,335.9560139973958,3
Bomadi,Ogo/Eze,2016,8,325.954833984375,2
Bomadi,Ogriagbene,2016,8,283.91623942057294,6
Burutu,Bolou-Ndoro,2016,8,240.4195397418478,23
Burutu,Egodor,2016,8,317.4225068933824,17
Burutu,Eseinbiri,2016,8,306.8338512073864,11
Burutu,Kiagbodo,2016,8,348.92529296875,3
Burutu,Ngbilebiri,2016,8,324.48341878255206,6
Burutu,Obetebe,2016,8,221.3850013469828,29
Burutu,Ogulagha,2016,8,86.448798828125,25
Burutu,Ojobo,2016,8,277.8249104817708,6
Burutu,Tamigbe,2016,8,289.3837890625,6
Burutu,Torugbene,2016,8,279.77223714192706,6
Burutu,Tuomo,2016,8,292.1972384982639,9
Patani,Abari,2016,8,329.030615234375,5
Patani,Agoloma,2016,8,332.1496988932292,3
Patani,Buluangiama,2016,8,328.1379089355469,8
Patani,Odorubu,2016,8,319.49853515625,8
Patani,Patani 2,2016,8,331.146728515625,4
Patani,Patani 3,2016,8,331.257568359375,6
Patani,Patani 4,2016,8,325.13690185546875,2
Patani,Patani 5,2016,8,335.5405970982143,7
Patani,Toruangiama,2016,8,318.8686116536458,3
Patani,Uduophori,2016,8,319.0872802734375,5
Warri South-West,Ajudaibo,2016,8,23.215919494628903,4
Warri South-West,Akpakpa,2016,8,15.166762351989746,2
Warri South-West,Isaba,2016,8,320.2134765625,15
Warri South-West,Madangho,2016,8,28.25701904296875,3
Warri South-West,Ogbe-Ijoh,2016,8,240.68419053819449,36
Warri South-West,Ogidigben,2016,8,33.25333786010742,4
Warri South-West,Okerenkoko,2016,8,161.95456271701389,36
Warri South-West,Oporozo,2016,8,63.47221755981445,16
Warri South-West,Orere,2016,8,113.62502219460228,11
Warri South-West,Ugborodo,2016,8,93.21884155273438,10
Warri South,Avenue,2016,8,375.05853271484375,2
Warri South,Bowen,2016,8,371.4437255859375,2
Warri South,Ekurede,2016,8,357.96270751953125,4
Warri South,Esisi,2016,8,362.3800659179688,4
Warri South,Igbudu,2016,8,362.02587890625,3
Warri South,Obodo,2016,8,262.7599182128906,16
Warri South,Ode-Itsekiri,2016,8,333.8012424045139,9
Warri South,Okere,2016,8,375.05853271484375,2
Warri South,Pessu,2016,8,371.4437255859375,2
Warri South,Ubeji,2016,8,326.7152622767857,7
Bomadi,Akugbene 1,2016,9,516.1712036132812,2
Bomadi,Akugbene 2,2016,9,513.2041015625,1
Bomadi,Akugbene 3,2016,9,513.2041015625,1
Bomadi,Bomadi,2016,9,542.4706217447916,6
Bomadi,Ekaametagbene/Kalafio,2016,9,584.9035237630209,12
Bomadi,Esanma,2016,9,529.54150390625,4
Bomadi,Kpakiama,2016,9,510.0546875,6
Bomadi,Ogbeinma/Okoloba,2016,9,519.6187337239584,3
Bomadi,Ogo/Eze,2016,9,500.1929321289063,2
Bomadi,Ogriagbene,2016,9,635.0513102213541,6
Burutu,Bolou-Ndoro,2016,9,634.8233695652174,23
Burutu,Egodor,2016,9,519.8223805147059,17
Burutu,Eseinbiri,2016,9,565.564453125,11
Burutu,Kiagbodo,2016,9,487.3433430989583,3
Burutu,Ngbilebiri,2016,9,528.2738444010416,6
Burutu,Obetebe,2016,9,515.0229660560345,29
Burutu,Ogulagha,2016,9,240.8689453125,25
Burutu,Ojobo,2016,9,666.0882161458334,6
Burutu,Tamigbe,2016,9,621.0880940755209,6
Burutu,Torugbene,2016,9,649.8587646484375,6
Burutu,Tuomo,2016,9,582.900390625,9
Patani,Abari,2016,9,479.55927734375,5
Patani,Agoloma,2016,9,478.3639729817708,3
Patani,Buluangiama,2016,9,485.333251953125,8
Patani,Odorubu,2016,9,511.859619140625,8
Patani,Patani 2,2016,9,473.9637451171875,4
Patani,Patani 3,2016,9,477.8216959635417,6
Patani,Patani 4,2016,9,481.40924072265625,2
Patani,Patani 5,2016,9,475.5890415736607,7
Patani,Toruangiama,2016,9,494.6695149739583,3
Patani,Uduophori,2016,9,509.0486328125,5
Warri South-West,Ajudaibo,2016,9,56.653114318847656,4
Warri South-West,Akpakpa,2016,9,37.37714385986328,2
Warri South-West,Isaba,2016,9,504.0585611979167,15
Warri South-West,Madangho,2016,9,69.42503865559895,3
Warri South-West,Ogbe-Ijoh,2016,9,469.6445855034722,36
Warri South-West,Ogidigben,2016,9,83.2706069946289,4
Warri South-West,Okerenkoko,2016,9,308.66777886284723,36
Warri South-West,Oporozo,2016,9,143.14077758789062,16
Warri South-West,Orere,2016,9,237.5816317471591,11
Warri South-West,Ugborodo,2016,9,194.037939453125,10
Warri South,Avenue,2016,9,470.3864135742188,2
Warri South,Bowen,2016,9,476.9710693359375,2
Warri South,Ekurede,2016,9,472.8269653320313,4
Warri South,Esisi,2016,9,462.7369995117188,4
Warri South,Igbudu,2016,9,464.7259114583333,3
Warri South,Obodo,2016,9,441.73040771484375,16
Warri South,Ode-Itsekiri,2016,9,488.2521701388889,9
Warri South,Okere,2016,9,470.3864135742188,2
Warri South,Pessu,2016,9,476.9710693359375,2
Warri South,Ubeji,2016,9,460.1232561383928,7
Bomadi,Akugbene 1,2016,10,331.08477783203125,2
Bomadi,Akugbene 2,2016,10,333.4496765136719,1
Bomadi,Akugbene 3,2016,10,333.4496765136719,1
Bomadi,Bomadi,2016,10,353.4771321614583,6
Bomadi,Ekaametagbene/Kalafio,2016,10,346.9356282552083,12
Bomadi,Esanma,2016,10,333.41357421875,4
Bomadi,Kpakiama,2016,10,346.7459309895833,6
Bomadi,Ogbeinma/Okoloba,2016,10,340.11216227213544,3
Bomadi,Ogo/Eze,2016,10,347.8823547363281,2
Bomadi,Ogriagbene,2016,10,364.2860107421875,6
Burutu,Bolou-Ndoro,2016,10,352.5720108695652,23
Burutu,Egodor,2016,10,354.56749770220586,17
Burutu,Eseinbiri,2016,10,346.5675159801136,11
Burutu,Kiagbodo,2016,10,325.0097249348958,3
Burutu,Ngbilebiri,2016,10,365.45947265625,6
Burutu,Obetebe,2016,10,327.80441810344826,29
Burutu,Ogulagha,2016,10,185.83912109375,25
Burutu,Ojobo,2016,10,355.8811442057292,6
Burutu,Tamigbe,2016,10,365.2081298828125,6
Burutu,Torugbene,2016,10,367.7422688802083,6
Burutu,Tuomo,2016,10,360.26410590277777,9
Patani,Abari,2016,10,353.6983154296875,5
Patani,Agoloma,2016,10,363.8186848958333,3
Patani,Buluangiama,2016,10,352.9010314941406,8
Patani,Odorubu,2016,10,352.0416259765625,8
Patani,Patani 2,2016,10,341.4048156738281,4
Patani,Patani 3,2016,10,345.64208984375,6
Patani,Patani 4,2016,10,344.8948974609375,2
Patani,Patani 5,2016,10,346.94478934151783,7
Patani,Toruangiama,2016,10,368.4737548828125,3
Patani,Uduophori,2016,10,352.7796142578125,5
Warri South-West,Ajudaibo,2016,10,44.700984954833984,4
Warri South-West,Akpakpa,2016,10,28.107948303222656,2
Warri South-West,Isaba,2016,10,348.45166015625,15
Warri South-West,Madangho,2016,10,53.91011047363281,3
Warri South-West,Ogbe-Ijoh,2016,10,332.20252821180554,36
Warri South-West,Ogidigben,2016,10,96.777587890625,4
Warri South-West,Okerenkoko,2016,10,253.717529296875,36
Warri South-West,Oporozo,2016,10,106.62892150878906,16
Warri South-West,Orere,2016,10,237.897216796875,11
Warri South-West,Ugborodo,2016,10,212.822412109375,10
Warri South,Avenue,2016,10,311.80078125,2
Warri South,Bowen,2016,10,317.9423217773437,2
Warri South,Ekurede,2016,10,316.7472229003906,4
Warri South,Esisi,2016,10,314.5501708984375,4
Warri South,Igbudu,2016,10,317.65087890625,3
Warri South,Obodo,2016,10,360.237548828125,16
Warri South,Ode-Itsekiri,2016,10,341.22840711805554,9
Warri South,Okere,2016,10,311.80078125,2
Warri South,Pessu,2016,10,317.9423217773437,2
Warri South,Ubeji,2016,10,327.78041294642856,7
Bomadi,Akugbene 1,2016,11,105.74554443359376,2
Bomadi,Akugbene 2,2016,11,105.188720703125,1
Bomadi,Akugbene 3,2016,11,105.188720703125,1
Bomadi,Bomadi,2016,11,109.96173095703124,6
Bomadi,Ekaametagbene/Kalafio,2016,11,106.54593912760416,12
Bomadi,Esanma,2016,11,107.64976501464844,4
Bomadi,Kpakiama,2016,11,98.82077026367188,6
Bomadi,Ogbeinma/Okoloba,2016,11,103.6669209798177,3
Bomadi,Ogo/Eze,2016,11,103.10441589355467,2
Bomadi,Ogriagbene,2016,11,120.6865234375,6
Burutu,Bolou-Ndoro,2016,11,123.13664444633152,23
Burutu,Egodor,2016,11,105.67905560661764,17
Burutu,Eseinbiri,2016,11,115.45151589133523,11
Burutu,Kiagbodo,2016,11,99.1691182454427,3
Burutu,Ngbilebiri,2016,11,114.90353393554688,6
Burutu,Obetebe,2016,11,103.20852134967672,29
Burutu,Ogulagha,2016,11,61.922060546875,25
Burutu,Ojobo,2016,11,124.40591430664062,6
Burutu,Tamigbe,2016,11,124.50242106119792,6
Burutu,Torugbene,2016,11,121.64107259114584,6
Burutu,Tuomo,2016,11,122.56914605034724,9
Patani,Abari,2016,11,79.69989013671875,5
Patani,Agoloma,2016,11,96.66215006510416,3
Patani,Buluangiama,2016,11,96.48760986328124,8
Patani,Odorubu,2016,11,98.59030151367188,8
Patani,Patani 2,2016,11,85.94405364990234,4
Patani,Patani 3,2016,11,84.70638020833333,6
Patani,Patani 4,2016,11,87.17387390136719,2
Patani,Patani 5,2016,11,91.62428501674108,7
Patani,Toruangiama,2016,11,105.25732421875,3
Patani,Uduophori,2016,11,105.6741455078125,5
Warri South-West,Ajudaibo,2016,11,10.775314331054688,4
Warri South-West,Akpakpa,2016,11,7.650061130523682,2
Warri South-West,Isaba,2016,11,98.84952799479169,15
Warri South-West,Madangho,2016,11,12.88940175374349,3
Warri South-West,Ogbe-Ijoh,2016,11,89.81605360243056,36
Warri South-West,Ogidigben,2016,11,30.6452751159668,4
Warri South-West,Okerenkoko,2016,11,56.777062310112846,36
Warri South-West,Oporozo,2016,11,24.061872482299805,16
Warri South-West,Orere,2016,11,50.7115478515625,11
Warri South-West,Ugborodo,2016,11,49.501931762695314,10
Warri South,Avenue,2016,11,85.34807586669922,2
Warri South,Bowen,2016,11,86.75345611572266,2
Warri South,Ekurede,2016,11,79.85769653320312,4
Warri South,Esisi,2016,11,81.57955169677734,4
Warri South,Igbudu,2016,11,82.64374287923177,3
Warri South,Obodo,2016,11,84.2375259399414,16
Warri South,Ode-Itsekiri,2016,11,87.72469075520833,9
Warri South,Okere,2016,11,85.34807586669922,2
Warri South,Pessu,2016,11,86.75345611572266,2
Warri South,Ubeji,2016,11,79.11544363839286,7
Bomadi,Akugbene 1,2016,12,29.117902755737305,2
Bomadi,Akugbene 2,2016,12,29.674259185791016,1
Bomadi,Akugbene 3,2016,12,29.674259185791016,1
Bomadi,Bomadi,2016,12,35.688036600748696,6
Bomadi,Ekaametagbene/Kalafio,2016,12,30.237327575683597,12
Bomadi,Esanma,2016,12,30.74224090576172,4
Bomadi,Kpakiama,2016,12,33.06798807779948,6
Bomadi,Ogbeinma/Okoloba,2016,12,30.615641276041668,3
Bomadi,Ogo/Eze,2016,12,29.097003936767575,2
Bomadi,Ogriagbene,2016,12,35.39131164550781,6
Burutu,Bolou-Ndoro,2016,12,35.79387366253397,23
Burutu,Egodor,2016,12,25.852741914636947,17
Burutu,Eseinbiri,2016,12,34.60212846235795,11
Burutu,Kiagbodo,2016,12,24.588518778483078,3
Burutu,Ngbilebiri,2016,12,27.85239919026693,6
Burutu,Obetebe,2016,12,25.74382492591595,29
Burutu,Ogulagha,2016,12,12.004609375,25
Burutu,Ojobo,2016,12,38.52184041341146,6
Burutu,Tamigbe,2016,12,38.28400166829427,6
Burutu,Torugbene,2016,12,38.354103088378906,6
Burutu,Tuomo,2016,12,37.168724907769096,9
Patani,Abari,2016,12,20.510284423828125,5
Patani,Agoloma,2016,12,25.57490539550781,3
Patani,Buluangiama,2016,12,26.4360466003418,8
Patani,Odorubu,2016,12,30.977588653564453,8
Patani,Patani 2,2016,12,23.034263610839844,4
Patani,Patani 3,2016,12,21.59595235188802,6
Patani,Patani 4,2016,12,23.385215759277344,2
Patani,Patani 5,2016,12,23.20619855608259,7
Patani,Toruangiama,2016,12,28.769399007161457,3
Patani,Uduophori,2016,12,30.19722595214844,5
Warri South-West,Ajudaibo,2016,12,1.8148918151855469,4
Warri South-West,Akpakpa,2016,12,1.2608448266983032,2
Warri South-West,Isaba,2016,12,21.783571370442708,15
Warri South-West,Madangho,2016,12,2.2210801442464194,3
Warri South-West,Ogbe-Ijoh,2016,12,17.78787570529514,36
Warri South-West,Ogidigben,2016,12,5.171106338500977,4
Warri South-West,Okerenkoko,2016,12,9.287171257866753,36
Warri South-West,Oporozo,2016,12,4.419902801513672,16
Warri South-West,Orere,2016,12,7.732303966175426,11
Warri South-West,Ugborodo,2016,12,7.433847808837891,10
Warri South,Avenue,2016,12,18.646705627441406,2
Warri South,Bowen,2016,12,20.60592460632324,2
Warri South,Ekurede,2016,12,18.125904083251957,4
Warri South,Esisi,2016,12,19.15864562988281,4
Warri South,Igbudu,2016,12,19.7193972269694,3
Warri South,Obodo,2016,12,15.150174140930176,16
Warri South,Ode-Itsekiri,2016,12,19.03802998860677,9
Warri South,Okere,2016,12,18.646705627441406,2
Warri South,Pessu,2016,12,20.60592460632324,2
Warri South,Ubeji,2016,12,17.28237043108259,7
Bomadi,Akugbene 1,2017,1,18.508913040161133,2
Bomadi,Akugbene 2,2017,1,19.480525970458984,1
Bomadi,Akugbene 3,2017,1,19.480525970458984,1
Bomadi,Bomadi,2017,1,20.16316731770833,6
Bomadi,Ekaametagbene/Kalafio,2017,1,20.324169158935547,12
Bomadi,Esanma,2017,1,19.53535461425781,4
Bomadi,Kpakiama,2017,1,17.63671620686849,6
Bomadi,Ogbeinma/Okoloba,2017,1,18.8828239440918,3
Bomadi,Ogo/Eze,2017,1,16.51879119873047,2
Bomadi,Ogriagbene,2017,1,24.095255533854168,6
Burutu,Bolou-Ndoro,2017,1,23.41324515964674,23
Burutu,Egodor,2017,1,18.260196461397054,17
Burutu,Eseinbiri,2017,1,20.51267727938565,11
Burutu,Kiagbodo,2017,1,17.69491958618164,3
Burutu,Ngbilebiri,2017,1,19.739957173665363,6
Burutu,Obetebe,2017,1,17.293972673087286,29
Burutu,Ogulagha,2017,1,8.810924072265625,25
Burutu,Ojobo,2017,1,26.962183634440105,6
Burutu,Tamigbe,2017,1,23.446446736653645,6
Burutu,Torugbene,2017,1,26.11434936523437,6
Burutu,Tuomo,2017,1,22.237748887803814,9
Patani,Abari,2017,1,15.9722412109375,5
Patani,Agoloma,2017,1,17.291417439778645,3
Patani,Buluangiama,2017,1,18.369800567626957,8
Patani,Odorubu,2017,1,18.93941116333008,8
Patani,Patani 2,2017,1,15.446545600891112,4
Patani,Patani 3,2017,1,15.6846071879069,6
Patani,Patani 4,2017,1,16.07953453063965,2
Patani,Patani 5,2017,1,17.08337184361049,7
Patani,Toruangiama,2017,1,18.57849248250325,3
Patani,Uduophori,2017,1,19.38458251953125,5
Warri South-West,Ajudaibo,2017,1,1.9918816089630127,4
Warri South-West,Akpakpa,2017,1,1.37443745136261,2
Warri South-West,Isaba,2017,1,16.78451131184896,15
Warri South-West,Madangho,2017,1,2.4346949259440103,3
Warri South-West,Ogbe-Ijoh,2017,1,16.023279825846355,36
Warri South-West,Ogidigben,2017,1,3.105393171310425,4
Warri South-West,Okerenkoko,2017,1,12.04175313313802,36
Warri South-West,Oporozo,2017,1,5.479372501373291,16
Warri South-West,Orere,2017,1,7.603920676491477,11
Warri South-West,Ugborodo,2017,1,6.031175994873047,10
Warri South,Avenue,2017,1,13.68392562866211,2
Warri South,Bowen,2017,1,14.18115234375,2
Warri South,Ekurede,2017,1,13.545815467834473,4
Warri South,Esisi,2017,1,13.398879051208496,4
Warri South,Igbudu,2017,1,13.736498514811196,3
Warri South,Obodo,2017,1,16.233348846435547,16
Warri South,Ode-Itsekiri,2017,1,15.201280381944445,9
Warri South,Okere,2017,1,13.68392562866211,2
Warri South,Pessu,2017,1,14.18115234375,2
Warri South,Ubeji,2017,1,13.599073137555804,7
Bomadi,Akugbene 1,2017,2,18.78660774230957,2
Bomadi,Akugbene 2,2017,2,18.369117736816406,1
Bomadi,Akugbene 3,2017,2,18.369117736816406,1
Bomadi,Bomadi,2017,2,17.624191284179688,6
Bomadi,Ekaametagbene/Kalafio,2017,2,18.68389129638672,12
Bomadi,Esanma,2017,2,18.7319393157959,4
Bomadi,Kpakiama,2017,2,16.92438507080078,6
Bomadi,Ogbeinma/Okoloba,2017,2,18.607446034749348,3
Bomadi,Ogo/Eze,2017,2,18.53490829467773,2
Bomadi,Ogriagbene,2017,2,18.60568110148112,6
Burutu,Bolou-Ndoro,2017,2,19.60614013671875,23
Burutu,Egodor,2017,2,19.976817411534928,17
Burutu,Eseinbiri,2017,2,18.642012162642047,11
Burutu,Kiagbodo,2017,2,17.471242268880207,3
Burutu,Ngbilebiri,2017,2,19.84929911295573,6
Burutu,Obetebe,2017,2,19.78888149919181,29
Burutu,Ogulagha,2017,2,12.48169677734375,25
Burutu,Ojobo,2017,2,18.333038330078125,6
Burutu,Tamigbe,2017,2,19.00780232747396,6
Burutu,Torugbene,2017,2,18.73098627726237,6
Burutu,Tuomo,2017,2,18.95220438639323,9
Patani,Abari,2017,2,11.661817169189453,5
Patani,Agoloma,2017,2,12.638219197591146,3
Patani,Buluangiama,2017,2,13.547739028930664,8
Patani,Odorubu,2017,2,15.810223579406738,8
Patani,Patani 2,2017,2,12.18715000152588,4
Patani,Patani 3,2017,2,12.178237915039062,6
Patani,Patani 4,2017,2,12.7307767868042,2
Patani,Patani 5,2017,2,12.531906127929688,7
Patani,Toruangiama,2017,2,13.397377014160156,3
Patani,Uduophori,2017,2,14.83465576171875,5
Warri South-West,Ajudaibo,2017,2,2.9670135974884038,4
Warri South-West,Akpakpa,2017,2,2.066849708557129,2
Warri South-West,Isaba,2017,2,19.975775146484374,15
Warri South-West,Madangho,2017,2,3.603801727294922,3
Warri South-West,Ogbe-Ijoh,2017,2,19.990514119466145,36
Warri South-West,Ogidigben,2017,2,6.161640644073486,4
Warri South-West,Okerenkoko,2017,2,14.781719631618923,36
Warri South-West,Oporozo,2017,2,7.416765689849853,16
Warri South-West,Orere,2017,2,15.959229902787644,11
Warri South-West,Ugborodo,2017,2,13.192243957519532,10
Warri South,Avenue,2017,2,19.65342712402344,2
Warri South,Bowen,2017,2,18.16353988647461,2
Warri South,Ekurede,2017,2,19.455738067626957,4
Warri South,Esisi,2017,2,18.56097221374512,4
Warri South,Igbudu,2017,2,18.145713806152344,3
Warri South,Obodo,2017,2,19.186264038085938,16
Warri South,Ode-Itsekiri,2017,2,19.684005737304688,9
Warri South,Okere,2017,2,19.65342712402344,2
Warri South,Pessu,2017,2,18.16353988647461,2
Warri South,Ubeji,2017,2,19.555204119001115,7
Bomadi,Akugbene 1,2017,3,105.8721160888672,2
Bomadi,Akugbene 2,2017,3,106.0159149169922,1
Bomadi,Akugbene 3,2017,3,106.0159149169922,1
Bomadi,Bomadi,2017,3,118.04488118489584,6
Bomadi,Ekaametagbene/Kalafio,2017,3,111.19747924804688,12
Bomadi,Esanma,2017,3,110.36295318603516,4
Bomadi,Kpakiama,2017,3,109.91561889648438,6
Bomadi,Ogbeinma/Okoloba,2017,3,109.05952962239584,3
Bomadi,Ogo/Eze,2017,3,103.5043716430664,2
Bomadi,Ogriagbene,2017,3,126.67626953125,6
Burutu,Bolou-Ndoro,2017,3,116.35603133491848,23
Burutu,Egodor,2017,3,103.23808737362133,17
Burutu,Eseinbiri,2017,3,119.09474875710228,11
Burutu,Kiagbodo,2017,3,102.23832194010416,3
Burutu,Ngbilebiri,2017,3,103.7757568359375,6
Burutu,Obetebe,2017,3,99.51969962284484,29
Burutu,Ogulagha,2017,3,57.6151171875,25
Burutu,Ojobo,2017,3,123.85157267252605,6
Burutu,Tamigbe,2017,3,129.6993204752604,6
Burutu,Torugbene,2017,3,130.98152669270834,6
Burutu,Tuomo,2017,3,124.59006076388889,9
Patani,Abari,2017,3,106.621484375,5
Patani,Agoloma,2017,3,113.18990071614584,3
Patani,Buluangiama,2017,3,114.03024291992188,8
Patani,Odorubu,2017,3,112.5159683227539,8
Patani,Patani 2,2017,3,105.8000030517578,4
Patani,Patani 3,2017,3,107.23436482747395,6
Patani,Patani 4,2017,3,107.4609832763672,2
Patani,Patani 5,2017,3,109.56808907645087,7
Patani,Toruangiama,2017,3,117.44295247395831,3
Patani,Uduophori,2017,3,115.87393798828126,5
Warri South-West,Ajudaibo,2017,3,10.923043251037598,4
Warri South-West,Akpakpa,2017,3,7.424948692321777,2
Warri South-West,Isaba,2017,3,99.3612060546875,15
Warri South-West,Madangho,2017,3,13.250460306803385,3
Warri South-West,Ogbe-Ijoh,2017,3,90.83753119574652,36
Warri South-West,Ogidigben,2017,3,25.936418533325195,4
Warri South-West,Okerenkoko,2017,3,64.80471462673611,36
Warri South-West,Oporozo,2017,3,27.544456481933597,16
Warri South-West,Orere,2017,3,65.49664306640625,11
Warri South-West,Ugborodo,2017,3,52.9937255859375,10
Warri South,Avenue,2017,3,94.96102142333984,2
Warri South,Bowen,2017,3,92.36405181884766,2
Warri South,Ekurede,2017,3,94.42839050292967,4
Warri South,Esisi,2017,3,93.02801513671876,4
Warri South,Igbudu,2017,3,92.97652180989584,3
Warri South,Obodo,2017,3,93.71190643310548,16
Warri South,Ode-Itsekiri,2017,3,96.74333360460068,9
Warri South,Okere,2017,3,94.96102142333984,2
Warri South,Pessu,2017,3,92.36405181884766,2
Warri South,Ubeji,2017,3,92.53370012555804,7
Bomadi,Akugbene 1,2017,4,141.46438598632812,2
Bomadi,Akugbene 2,2017,4,142.2566375732422,1
Bomadi,Akugbene 3,2017,4,142.2566375732422,1
Bomadi,Bomadi,2017,4,166.09262084960938,6
Bomadi,Ekaametagbene/Kalafio,2017,4,125.35745239257812,12
Bomadi,Esanma,2017,4,145.83157348632812,4
Bomadi,Kpakiama,2017,4,159.7259318033854,6
Bomadi,Ogbeinma/Okoloba,2017,4,143.7944539388021,3
Bomadi,Ogo/Eze,2017,4,137.74005126953125,2
Bomadi,Ogriagbene,2017,4,136.418701171875,6
Burutu,Bolou-Ndoro,2017,4,132.58573581861413,23
Burutu,Egodor,2017,4,125.98480583639706,17
Burutu,Eseinbiri,2017,4,147.80873801491478,11
Burutu,Kiagbodo,2017,4,140.46356201171875,3
Burutu,Ngbilebiri,2017,4,128.07359822591147,6
Burutu,Obetebe,2017,4,110.2314874057112,29
Burutu,Ogulagha,2017,4,58.8752197265625,25
Burutu,Ojobo,2017,4,139.12157185872397,6
Burutu,Tamigbe,2017,4,151.33090209960938,6
Burutu,Torugbene,2017,4,145.50508626302084,6
Burutu,Tuomo,2017,4,164.543701171875,9
Patani,Abari,2017,4,164.84576416015625,5
Patani,Agoloma,2017,4,158.0297648111979,3
Patani,Buluangiama,2017,4,162.3944091796875,8
Patani,Odorubu,2017,4,167.0924530029297,8
Patani,Patani 2,2017,4,157.97491455078125,4
Patani,Patani 3,2017,4,161.76183064778647,6
Patani,Patani 4,2017,4,157.8511962890625,2
Patani,Patani 5,2017,4,158.3349609375,7
Patani,Toruangiama,2017,4,164.94581095377603,3
Patani,Uduophori,2017,4,169.741259765625,5
Warri South-West,Ajudaibo,2017,4,12.561572074890137,4
Warri South-West,Akpakpa,2017,4,9.18302059173584,2
Warri South-West,Isaba,2017,4,118.81236979166668,15
Warri South-West,Madangho,2017,4,15.507333119710289,3
Warri South-West,Ogbe-Ijoh,2017,4,105.24837239583331,36
Warri South-West,Ogidigben,2017,4,26.42758178710937,4
Warri South-West,Okerenkoko,2017,4,72.22972276475694,36
Warri South-West,Oporozo,2017,4,33.94633102416992,16
Warri South-West,Orere,2017,4,67.75146484375,11
Warri South-West,Ugborodo,2017,4,55.71761474609375,10
Warri South,Avenue,2017,4,111.07481384277344,2
Warri South,Bowen,2017,4,120.89869689941406,2
Warri South,Ekurede,2017,4,107.22868347167967,4
Warri South,Esisi,2017,4,116.98409271240234,4
Warri South,Igbudu,2017,4,120.13622029622395,3
Warri South,Obodo,2017,4,100.41942596435548,16
Warri South,Ode-Itsekiri,2017,4,108.35661485460068,9
Warri South,Okere,2017,4,111.07481384277344,2
Warri South,Pessu,2017,4,120.89869689941406,2
Warri South,Ubeji,2017,4,100.28702218191964,7
Bomadi,Akugbene 1,2017,5,262.54364013671875,2
Bomadi,Akugbene 2,2017,5,260.07745361328125,1
Bomadi,Akugbene 3,2017,5,260.07745361328125,1
Bomadi,Bomadi,2017,5,259.1781412760417,6
Bomadi,Ekaametagbene/Kalafio,2017,5,265.31492106119794,12
Bomadi,Esanma,2017,5,260.2562255859375,4
Bomadi,Kpakiama,2017,5,259.1279296875,6
Bomadi,Ogbeinma/Okoloba,2017,5,259.6932779947917,3
Bomadi,Ogo/Eze,2017,5,267.04058837890625,2
Bomadi,Ogriagbene,2017,5,267.0113932291667,6
Burutu,Bolou-Ndoro,2017,5,257.52449898097825,23
Burutu,Egodor,2017,5,256.61422909007354,17
Burutu,Eseinbiri,2017,5,261.32943448153407,11
Burutu,Kiagbodo,2017,5,256.5912679036458,3
Burutu,Ngbilebiri,2017,5,266.8773600260417,6
Burutu,Obetebe,2017,5,235.6283674568965,29
Burutu,Ogulagha,2017,5,131.903935546875,25
Burutu,Ojobo,2017,5,240.22676595052084,6
Burutu,Tamigbe,2017,5,259.50413004557294,6
Burutu,Torugbene,2017,5,253.0467529296875,6
Burutu,Tuomo,2017,5,259.31944444444446,9
Patani,Abari,2017,5,240.4755859375,5
Patani,Agoloma,2017,5,247.2149861653646,3
Patani,Buluangiama,2017,5,247.0679626464844,8
Patani,Odorubu,2017,5,250.5086212158203,8
Patani,Patani 2,2017,5,242.5726623535156,4
Patani,Patani 3,2017,5,243.4218546549479,6
Patani,Patani 4,2017,5,245.1368103027344,2
Patani,Patani 5,2017,5,246.41326032366072,7
Patani,Toruangiama,2017,5,246.31205240885416,3
Patani,Uduophori,2017,5,246.872802734375,5
Warri South-West,Ajudaibo,2017,5,31.25345230102539,4
Warri South-West,Akpakpa,2017,5,21.58067321777344,2
Warri South-West,Isaba,2017,5,247.01907552083333,15
Warri South-West,Madangho,2017,5,38.12320454915365,3
Warri South-West,Ogbe-Ijoh,2017,5,224.39644368489584,36
Warri South-West,Ogidigben,2017,5,67.5496826171875,4
Warri South-West,Okerenkoko,2017,5,170.09172905815973,36
Warri South-West,Oporozo,2017,5,80.89573669433594,16
Warri South-West,Orere,2017,5,164.83000044389203,11
Warri South-West,Ugborodo,2017,5,142.68643798828126,10
Warri South,Avenue,2017,5,223.6263427734375,2
Warri South,Bowen,2017,5,227.93048095703125,2
Warri South,Ekurede,2017,5,224.7491149902344,4
Warri South,Esisi,2017,5,218.87307739257807,4
Warri South,Igbudu,2017,5,221.15079752604169,3
Warri South,Obodo,2017,5,230.20278930664065,16
Warri South,Ode-Itsekiri,2017,5,233.45659722222223,9
Warri South,Okere,2017,5,223.6263427734375,2
Warri South,Pessu,2017,5,227.93048095703125,2
Warri South,Ubeji,2017,5,216.7461983816964,7
Bomadi,Akugbene 1,2017,6,627.8076171875,2
Bomadi,Akugbene 2,2017,6,622.6436157226562,1
Bomadi,Akugbene 3,2017,6,622.6436157226562,1
Bomadi,Bomadi,2017,6,680.701416015625,6
Bomadi,Ekaametagbene/Kalafio,2017,6,731.5797526041666,12
Bomadi,Esanma,2017,6,657.5357666015625,4
Bomadi,Kpakiama,2017,6,649.2822672526041,6
Bomadi,Ogbeinma/Okoloba,2017,6,612.1859944661459,3
Bomadi,Ogo/Eze,2017,6,570.3839721679688,2
Bomadi,Ogriagbene,2017,6,796.1728515625,6
Burutu,Bolou-Ndoro,2017,6,822.2815047554348,23
Burutu,Egodor,2017,6,594.8975183823529,17
Burutu,Eseinbiri,2017,6,722.8924449573864,11
Burutu,Kiagbodo,2017,6,520.6474202473959,3
Burutu,Ngbilebiri,2017,6,614.28857421875,6
Burutu,Obetebe,2017,6,663.8479929956897,29
Burutu,Ogulagha,2017,6,357.4103125,25
Burutu,Ojobo,2017,6,826.1336263020834,6
Burutu,Tamigbe,2017,6,774.1494140625,6
Burutu,Torugbene,2017,6,802.3250325520834,6
Burutu,Tuomo,2017,6,729.0185004340278,9
Patani,Abari,2017,6,594.88349609375,5
Patani,Agoloma,2017,6,647.3252766927084,3
Patani,Buluangiama,2017,6,630.8001708984375,8
Patani,Odorubu,2017,6,632.8850708007812,8
Patani,Patani 2,2017,6,613.213623046875,4
Patani,Patani 3,2017,6,615.986083984375,6
Patani,Patani 4,2017,6,608.6998901367188,2
Patani,Patani 5,2017,6,626.7311662946429,7
Patani,Toruangiama,2017,6,644.2561848958334,3
Patani,Uduophori,2017,6,624.741064453125,5
Warri South-West,Ajudaibo,2017,6,80.81877136230469,4
Warri South-West,Akpakpa,2017,6,55.51404571533203,2
Warri South-West,Isaba,2017,6,572.1127604166667,15
Warri South-West,Madangho,2017,6,97.2963155110677,3
Warri South-West,Ogbe-Ijoh,2017,6,558.7080078125,36
Warri South-West,Ogidigben,2017,6,168.3238525390625,4
Warri South-West,Okerenkoko,2017,6,361.2090386284722,36
Warri South-West,Oporozo,2017,6,187.56446838378903,16
Warri South-West,Orere,2017,6,401.3775745738636,11
Warri South-West,Ugborodo,2017,6,374.14931640625,10
Warri South,Avenue,2017,6,452.03851318359375,2
Warri South,Bowen,2017,6,482.3169555664063,2
Warri South,Ekurede,2017,6,460.7570190429688,4
Warri South,Esisi,2017,6,443.098876953125,4
Warri South,Igbudu,2017,6,458.2032877604167,3
Warri South,Obodo,2017,6,461.0582275390625,16
Warri South,Ode-Itsekiri,2017,6,514.4587131076389,9
Warri South,Okere,2017,6,452.03851318359375,2
Warri South,Pessu,2017,6,482.3169555664063,2
Warri South,Ubeji,2017,6,444.1071428571428,7
Bomadi,Akugbene 1,2017,7,486.73046875,2
Bomadi,Akugbene 2,2017,7,507.7811279296875,1
Bomadi,Akugbene 3,2017,7,507.7811279296875,1
Bomadi,Bomadi,2017,7,464.3079833984375,6
Bomadi,Ekaametagbene/Kalafio,2017,7,526.6794840494791,12
Bomadi,Esanma,2017,7,486.6823425292969,4
Bomadi,Kpakiama,2017,7,457.7382405598958,6
Bomadi,Ogbeinma/Okoloba,2017,7,496.6506754557292,3
Bomadi,Ogo/Eze,2017,7,490.505859375,2
Bomadi,Ogriagbene,2017,7,519.3873697916666,6
Burutu,Bolou-Ndoro,2017,7,561.1855893342391,23
Burutu,Egodor,2017,7,558.2357536764706,17
Burutu,Eseinbiri,2017,7,487.0423029119318,11
Burutu,Kiagbodo,2017,7,499.5316975911458,3
Burutu,Ngbilebiri,2017,7,548.5237223307291,6
Burutu,Obetebe,2017,7,512.7839102909483,29
Burutu,Ogulagha,2017,7,233.1607421875,25
Burutu,Ojobo,2017,7,536.0118815104166,6
Burutu,Tamigbe,2017,7,511.1504313151042,6
Burutu,Torugbene,2017,7,521.3942057291666,6
Burutu,Tuomo,2017,7,470.94683159722223,9
Patani,Abari,2017,7,440.284521484375,5
Patani,Agoloma,2017,7,454.5691731770833,3
Patani,Buluangiama,2017,7,454.6158142089844,8
Patani,Odorubu,2017,7,454.9995727539063,8
Patani,Patani 2,2017,7,430.1043701171875,4
Patani,Patani 3,2017,7,436.9497884114583,6
Patani,Patani 4,2017,7,436.18359375,2
Patani,Patani 5,2017,7,446.6131766183036,7
Patani,Toruangiama,2017,7,463.2488199869792,3
Patani,Uduophori,2017,7,458.422119140625,5
Warri South-West,Ajudaibo,2017,7,62.94860076904297,4
Warri South-West,Akpakpa,2017,7,40.9761848449707,2
Warri South-West,Isaba,2017,7,559.4158854166667,15
Warri South-West,Madangho,2017,7,78.06980387369792,3
Warri South-West,Ogbe-Ijoh,2017,7,510.9203016493056,36
Warri South-West,Ogidigben,2017,7,79.26946258544922,4
Warri South-West,Okerenkoko,2017,7,358.07183159722223,36
Warri South-West,Oporozo,2017,7,177.01119995117188,16
Warri South-West,Orere,2017,7,285.86958451704544,11
Warri South-West,Ugborodo,2017,7,223.228076171875,10
Warri South,Avenue,2017,7,507.68267822265625,2
Warri South,Bowen,2017,7,505.0126953125,2
Warri South,Ekurede,2017,7,514.9031982421875,4
Warri South,Esisi,2017,7,486.6748046875,4
Warri South,Igbudu,2017,7,488.4896647135417,3
Warri South,Obodo,2017,7,490.7266845703125,16
Warri South,Ode-Itsekiri,2017,7,533.3697916666666,9
Warri South,Okere,2017,7,507.68267822265625,2
Warri South,Pessu,2017,7,505.0126953125,2
Warri South,Ubeji,2017,7,489.431640625,7
Bomadi,Akugbene 1,2017,8,292.31182861328125,2
Bomadi,Akugbene 2,2017,8,297.4516296386719,1
Bomadi,Akugbene 3,2017,8,297.4516296386719,1
Bomadi,Bomadi,2017,8,318.24888102213544,6
Bomadi,Ekaametagbene/Kalafio,2017,8,307.9388020833333,12
Bomadi,Esanma,2017,8,305.7274169921875,4
Bomadi,Kpakiama,2017,8,305.59765625,6
Bomadi,Ogbeinma/Okoloba,2017,8,292.2489217122396,3
Bomadi,Ogo/Eze,2017,8,268.3375244140625,2
Bomadi,Ogriagbene,2017,8,334.1905517578125,6
Burutu,Bolou-Ndoro,2017,8,306.1347231657609,23
Burutu,Egodor,2017,8,268.2450597426471,17
Burutu,Eseinbiri,2017,8,323.73979048295456,11
Burutu,Kiagbodo,2017,8,254.2815348307292,3
Burutu,Ngbilebiri,2017,8,270.7539469401042,6
Burutu,Obetebe,2017,8,241.2572400323276,29
Burutu,Ogulagha,2017,8,118.529970703125,25
Burutu,Ojobo,2017,8,339.35805257161456,6
Burutu,Tamigbe,2017,8,334.6658121744792,6
Burutu,Torugbene,2017,8,335.4009195963542,6
Burutu,Tuomo,2017,8,321.8050130208333,9
Patani,Abari,2017,8,265.7587158203125,5
Patani,Agoloma,2017,8,275.6125895182292,3
Patani,Buluangiama,2017,8,280.7030944824219,8
Patani,Odorubu,2017,8,294.54217529296875,8
Patani,Patani 2,2017,8,269.5614624023437,4
Patani,Patani 3,2017,8,269.5931803385417,6
Patani,Patani 4,2017,8,267.73602294921875,2
Patani,Patani 5,2017,8,273.6056431361607,7
Patani,Toruangiama,2017,8,283.08079020182294,3
Patani,Uduophori,2017,8,286.602783203125,5
Warri South-West,Ajudaibo,2017,8,31.32839012145996,4
Warri South-West,Akpakpa,2017,8,21.422643661499023,2
Warri South-West,Isaba,2017,8,269.7679850260417,15
Warri South-West,Madangho,2017,8,37.93894958496094,3
Warri South-West,Ogbe-Ijoh,2017,8,228.68926323784723,36
Warri South-West,Ogidigben,2017,8,51.75178146362305,4
Warri South-West,Okerenkoko,2017,8,184.08577473958331,36
Warri South-West,Oporozo,2017,8,78.61028289794922,16
Warri South-West,Orere,2017,8,126.1458407315341,11
Warri South-West,Ugborodo,2017,8,109.3511474609375,10
Warri South,Avenue,2017,8,262.0225524902344,2
Warri South,Bowen,2017,8,266.5134582519531,2
Warri South,Ekurede,2017,8,260.8369445800781,4
Warri South,Esisi,2017,8,255.4617919921875,4
Warri South,Igbudu,2017,8,257.458251953125,3
Warri South,Obodo,2017,8,237.13461303710935,16
Warri South,Ode-Itsekiri,2017,8,264.1971028645833,9
Warri South,Okere,2017,8,262.0225524902344,2
Warri South,Pessu,2017,8,266.5134582519531,2
Warri South,Ubeji,2017,8,240.4410226004464,7
Bomadi,Akugbene 1,2017,9,336.74591064453125,2
Bomadi,Akugbene 2,2017,9,345.7572021484375,1
Bomadi,Akugbene 3,2017,9,345.7572021484375,1
Bomadi,Bomadi,2017,9,353.5401611328125,6
Bomadi,Ekaametagbene/Kalafio,2017,9,339.9715983072917,12
Bomadi,Esanma,2017,9,342.0691223144531,4
Bomadi,Kpakiama,2017,9,350.2869873046875,6
Bomadi,Ogbeinma/Okoloba,2017,9,349.8909505208333,3
Bomadi,Ogo/Eze,2017,9,339.9559631347656,2
Bomadi,Ogriagbene,2017,9,357.6166585286458,6
Burutu,Bolou-Ndoro,2017,9,352.1018172554348,23
Burutu,Egodor,2017,9,346.7778894761029,17
Burutu,Eseinbiri,2017,9,353.96095969460225,11
Burutu,Kiagbodo,2017,9,335.07200113932294,3
Burutu,Ngbilebiri,2017,9,338.65822347005206,6
Burutu,Obetebe,2017,9,316.0879916487069,29
Burutu,Ogulagha,2017,9,163.625107421875,25
Burutu,Ojobo,2017,9,360.3825276692708,6
Burutu,Tamigbe,2017,9,365.950439453125,6
Burutu,Torugbene,2017,9,364.071533203125,6
Burutu,Tuomo,2017,9,352.08306206597223,9
Patani,Abari,2017,9,369.727587890625,5
Patani,Agoloma,2017,9,352.7408854166667,3
Patani,Buluangiama,2017,9,348.8702392578125,8
Patani,Odorubu,2017,9,344.72314453125,8
Patani,Patani 2,2017,9,359.50439453125,4
Patani,Patani 3,2017,9,363.6065673828125,6
Patani,Patani 4,2017,9,363.52642822265625,2
Patani,Patani 5,2017,9,357.05894252232144,7
Patani,Toruangiama,2017,9,340.73614501953125,3
Patani,Uduophori,2017,9,340.740185546875,5
Warri South-West,Ajudaibo,2017,9,39.21018981933594,4
Warri South-West,Akpakpa,2017,9,26.29867553710937,2
Warri South-West,Isaba,2017,9,351.4979817708333,15
Warri South-West,Madangho,2017,9,47.48074849446615,3
Warri South-West,Ogbe-Ijoh,2017,9,324.24517144097223,36
Warri South-West,Ogidigben,2017,9,66.07774353027344,4
Warri South-West,Okerenkoko,2017,9,228.722900390625,36
Warri South-West,Oporozo,2017,9,95.99501037597656,16
Warri South-West,Orere,2017,9,152.61989524147728,11
Warri South-West,Ugborodo,2017,9,132.28062744140624,10
Warri South,Avenue,2017,9,323.34930419921875,2
Warri South,Bowen,2017,9,319.122802734375,2
Warri South,Ekurede,2017,9,326.821044921875,4
Warri South,Esisi,2017,9,316.94500732421875,4
Warri South,Igbudu,2017,9,314.6077473958333,3
Warri South,Obodo,2017,9,328.06756591796875,16
Warri South,Ode-Itsekiri,2017,9,344.73589409722223,9
Warri South,Okere,2017,9,323.34930419921875,2
Warri South,Pessu,2017,9,319.122802734375,2
Warri South,Ubeji,2017,9,333.539306640625,7
Bomadi,Akugbene 1,2017,10,274.89630126953125,2
Bomadi,Akugbene 2,2017,10,278.1221923828125,1
Bomadi,Akugbene 3,2017,10,278.1221923828125,1
Bomadi,Bomadi,2017,10,332.35898844401044,6
Bomadi,Ekaametagbene/Kalafio,2017,10,276.5871988932292,12
Bomadi,Esanma,2017,10,288.17535400390625,4
Bomadi,Kpakiama,2017,10,305.69594319661456,6
Bomadi,Ogbeinma/Okoloba,2017,10,290.6896565755208,3
Bomadi,Ogo/Eze,2017,10,278.3549194335937,2
Bomadi,Ogriagbene,2017,10,320.10504150390625,6
Burutu,Bolou-Ndoro,2017,10,307.4145083220109,23
Burutu,Egodor,2017,10,278.34021714154414,17
Burutu,Eseinbiri,2017,10,313.78304776278407,11
Burutu,Kiagbodo,2017,10,292.5283203125,3
Burutu,Ngbilebiri,2017,10,260.63889567057294,6
Burutu,Obetebe,2017,10,245.3070783943965,29
Burutu,Ogulagha,2017,10,110.869033203125,25
Burutu,Ojobo,2017,10,342.9534505208333,6
Burutu,Tamigbe,2017,10,342.9323323567708,6
Burutu,Torugbene,2017,10,347.787841796875,6
Burutu,Tuomo,2017,10,347.631103515625,9
Patani,Abari,2017,10,310.019189453125,5
Patani,Agoloma,2017,10,306.95556640625,3
Patani,Buluangiama,2017,10,303.9257507324219,8
Patani,Odorubu,2017,10,314.3789367675781,8
Patani,Patani 2,2017,10,293.167236328125,4
Patani,Patani 3,2017,10,301.5570475260417,6
Patani,Patani 4,2017,10,297.8652648925781,2
Patani,Patani 5,2017,10,296.53404017857144,7
Patani,Toruangiama,2017,10,314.6085205078125,3
Patani,Uduophori,2017,10,317.530517578125,5
Warri South-West,Ajudaibo,2017,10,24.829540252685547,4
Warri South-West,Akpakpa,2017,10,17.473325729370117,2
Warri South-West,Isaba,2017,10,284.2404296875,15
Warri South-West,Madangho,2017,10,31.330973307291668,3
Warri South-West,Ogbe-Ijoh,2017,10,258.3951822916667,36
Warri South-West,Ogidigben,2017,10,33.87632751464844,4
Warri South-West,Okerenkoko,2017,10,172.9249267578125,36
Warri South-West,Oporozo,2017,10,74.67555236816406,16
Warri South-West,Orere,2017,10,118.85889781605114,11
Warri South-West,Ugborodo,2017,10,89.79367065429688,10
Warri South,Avenue,2017,10,302.431640625,2
Warri South,Bowen,2017,10,293.2643127441406,2
Warri South,Ekurede,2017,10,293.9917297363281,4
Warri South,Esisi,2017,10,298.89617919921875,4
Warri South,Igbudu,2017,10,297.16632080078125,3
Warri South,Obodo,2017,10,252.1190948486328,16
Warri South,Ode-Itsekiri,2017,10,290.5269368489583,9
Warri South,Okere,2017,10,302.431640625,2
Warri South,Pessu,2017,10,293.2643127441406,2
Warri South,Ubeji,2017,10,281.8751220703125,7
Bomadi,Akugbene 1,2017,11,140.30662536621094,2
Bomadi,Akugbene 2,2017,11,140.86386108398438,1
Bomadi,Akugbene 3,2017,11,140.86386108398438,1
Bomadi,Bomadi,2017,11,141.24359130859375,6
Bomadi,Ekaametagbene/Kalafio,2017,11,145.11552937825522,12
Bomadi,Esanma,2017,11,140.96115112304688,4
Bomadi,Kpakiama,2017,11,128.428466796875,6
Bomadi,Ogbeinma/Okoloba,2017,11,138.31468709309897,3
Bomadi,Ogo/Eze,2017,11,135.8876953125,2
Bomadi,Ogriagbene,2017,11,165.84662882486978,6
Burutu,Bolou-Ndoro,2017,11,165.5425866168478,23
Burutu,Egodor,2017,11,140.61194565716912,17
Burutu,Eseinbiri,2017,11,150.68049760298297,11
Burutu,Kiagbodo,2017,11,123.35348510742188,3
Burutu,Ngbilebiri,2017,11,147.32010904947916,6
Burutu,Obetebe,2017,11,141.43408203125,29
Burutu,Ogulagha,2017,11,82.133564453125,25
Burutu,Ojobo,2017,11,169.19395955403647,6
Burutu,Tamigbe,2017,11,165.95183308919272,6
Burutu,Torugbene,2017,11,164.0811767578125,6
Burutu,Tuomo,2017,11,160.71728515625,9
Patani,Abari,2017,11,118.1177001953125,5
Patani,Agoloma,2017,11,134.24921671549478,3
Patani,Buluangiama,2017,11,126.25879669189452,8
Patani,Odorubu,2017,11,128.94375610351562,8
Patani,Patani 2,2017,11,122.19329071044922,4
Patani,Patani 3,2017,11,122.99283854166669,6
Patani,Patani 4,2017,11,118.33106994628906,2
Patani,Patani 5,2017,11,125.46965680803572,7
Patani,Toruangiama,2017,11,137.91644287109375,3
Patani,Uduophori,2017,11,137.134814453125,5
Warri South-West,Ajudaibo,2017,11,13.774797439575195,4
Warri South-West,Akpakpa,2017,11,9.621800422668455,2
Warri South-West,Isaba,2017,11,131.11979166666666,15
Warri South-West,Madangho,2017,11,16.511385599772137,3
Warri South-West,Ogbe-Ijoh,2017,11,123.43191189236111,36
Warri South-West,Ogidigben,2017,11,39.76097106933594,4
Warri South-West,Okerenkoko,2017,11,74.357421875,36
Warri South-West,Oporozo,2017,11,30.92313766479492,16
Warri South-West,Orere,2017,11,69.17066539417614,11
Warri South-West,Ugborodo,2017,11,66.80894775390625,10
Warri South,Avenue,2017,11,92.70612335205078,2
Warri South,Bowen,2017,11,96.73756408691406,2
Warri South,Ekurede,2017,11,91.47892761230467,4
Warri South,Esisi,2017,11,89.47128295898438,4
Warri South,Igbudu,2017,11,91.9924825032552,3
Warri South,Obodo,2017,11,115.44024658203124,16
Warri South,Ode-Itsekiri,2017,11,111.50101725260416,9
Warri South,Okere,2017,11,92.70612335205078,2
Warri South,Pessu,2017,11,96.73756408691406,2
Warri South,Ubeji,2017,11,97.65000697544644,7
Bomadi,Akugbene 1,2017,12,32.6916389465332,2
Bomadi,Akugbene 2,2017,12,33.349952697753906,1
Bomadi,Akugbene 3,2017,12,33.349952697753906,1
Bomadi,Bomadi,2017,12,33.2797114054362,6
Bomadi,Ekaametagbene/Kalafio,2017,12,36.25639343261719,12
Bomadi,Esanma,2017,12,34.01372146606445,4
Bomadi,Kpakiama,2017,12,31.131975809733078,6
Bomadi,Ogbeinma/Okoloba,2017,12,34.19268798828125,3
Bomadi,Ogo/Eze,2017,12,33.705169677734375,2
Bomadi,Ogriagbene,2017,12,38.80494435628256,6
Burutu,Bolou-Ndoro,2017,12,43.83264956266984,23
Burutu,Egodor,2017,12,35.82095157398897,17
Burutu,Eseinbiri,2017,12,35.974706476384945,11
Burutu,Kiagbodo,2017,12,31.652048746744796,3
Burutu,Ngbilebiri,2017,12,35.660491943359375,6
Burutu,Obetebe,2017,12,37.1353759765625,29
Burutu,Ogulagha,2017,12,19.76601318359375,25
Burutu,Ojobo,2017,12,41.47954813639323,6
Burutu,Tamigbe,2017,12,36.87774149576823,6
Burutu,Torugbene,2017,12,38.62294006347656,6
Burutu,Tuomo,2017,12,35.477634006076386,9
Patani,Abari,2017,12,20.05316619873047,5
Patani,Agoloma,2017,12,24.16333516438802,3
Patani,Buluangiama,2017,12,25.58902931213379,8
Patani,Odorubu,2017,12,28.483612060546875,8
Patani,Patani 2,2017,12,21.811914443969727,4
Patani,Patani 3,2017,12,20.93001302083333,6
Patani,Patani 4,2017,12,22.580543518066406,2
Patani,Patani 5,2017,12,22.469406127929688,7
Patani,Toruangiama,2017,12,27.109461466471355,3
Patani,Uduophori,2017,12,27.825234985351564,5
Warri South-West,Ajudaibo,2017,12,3.28910493850708,4
Warri South-West,Akpakpa,2017,12,2.2377021312713623,2
Warri South-West,Isaba,2017,12,32.59471435546875,15
Warri South-West,Madangho,2017,12,3.99395751953125,3
Warri South-West,Ogbe-Ijoh,2017,12,29.532426622178814,36
Warri South-West,Ogidigben,2017,12,8.500581741333008,4
Warri South-West,Okerenkoko,2017,12,16.75797356499566,36
Warri South-West,Oporozo,2017,12,8.15788459777832,16
Warri South-West,Orere,2017,12,17.659738714044746,11
Warri South-West,Ugborodo,2017,12,16.156207275390624,10
Warri South,Avenue,2017,12,28.26793098449707,2
Warri South,Bowen,2017,12,29.377140045166016,2
Warri South,Ekurede,2017,12,27.88290405273437,4
Warri South,Esisi,2017,12,28.710901260375977,4
Warri South,Igbudu,2017,12,28.988985697428387,3
Warri South,Obodo,2017,12,22.31149101257324,16
Warri South,Ode-Itsekiri,2017,12,29.308553059895832,9
Warri South,Okere,2017,12,28.26793098449707,2
Warri South,Pessu,2017,12,29.377140045166016,2
Warri South,Ubeji,2017,12,27.13834926060268,7
Bomadi,Akugbene 1,2018,1,15.303840637207031,2
Bomadi,Akugbene 2,2018,1,16.427127838134766,1
Bomadi,Akugbene 3,2018,1,16.427127838134766,1
Bomadi,Bomadi,2018,1,18.145673116048176,6
Bomadi,Ekaametagbene/Kalafio,2018,1,13.70883051554362,12
Bomadi,Esanma,2018,1,15.564476013183594,4
Bomadi,Kpakiama,2018,1,18.02516682942708,6
Bomadi,Ogbeinma/Okoloba,2018,1,15.556232452392578,3
Bomadi,Ogo/Eze,2018,1,14.091373443603516,2
Bomadi,Ogriagbene,2018,1,15.60903549194336,6
Burutu,Bolou-Ndoro,2018,1,17.666328761888586,23
Burutu,Egodor,2018,1,13.272891773897058,17
Burutu,Eseinbiri,2018,1,15.418785788796164,11
Burutu,Kiagbodo,2018,1,15.49206034342448,3
Burutu,Ngbilebiri,2018,1,15.24517822265625,6
Burutu,Obetebe,2018,1,12.420853187297952,29
Burutu,Ogulagha,2018,1,5.881284790039063,25
Burutu,Ojobo,2018,1,19.209766387939453,6
Burutu,Tamigbe,2018,1,16.40233612060547,6
Burutu,Torugbene,2018,1,17.3423589070638,6
Burutu,Tuomo,2018,1,17.54476081000434,9
Patani,Abari,2018,1,20.388552856445312,5
Patani,Agoloma,2018,1,23.58127339680989,3
Patani,Buluangiama,2018,1,24.568191528320312,8
Patani,Odorubu,2018,1,23.24789047241211,8
Patani,Patani 2,2018,1,20.399982452392575,4
Patani,Patani 3,2018,1,20.54572296142578,6
Patani,Patani 4,2018,1,21.310094833374023,2
Patani,Patani 5,2018,1,22.7500479561942,7
Patani,Toruangiama,2018,1,25.96516927083333,3
Patani,Uduophori,2018,1,25.39629364013672,5
Warri South-West,Ajudaibo,2018,1,1.3444795608520508,4
Warri South-West,Akpakpa,2018,1,0.8249876499176025,2
Warri South-West,Isaba,2018,1,10.20735575358073,15
Warri South-West,Madangho,2018,1,1.6602923075358074,3
Warri South-West,Ogbe-Ijoh,2018,1,9.258822123209637,36
Warri South-West,Ogidigben,2018,1,1.7712736129760742,4
Warri South-West,Okerenkoko,2018,1,5.547879536946614,36
Warri South-West,Oporozo,2018,1,2.990498781204224,16
Warri South-West,Orere,2018,1,3.984640641645952,11
Warri South-West,Ugborodo,2018,1,3.643762969970703,10
Warri South,Avenue,2018,1,8.020267486572266,2
Warri South,Bowen,2018,1,9.48533058166504,2
Warri South,Ekurede,2018,1,7.998175621032715,4
Warri South,Esisi,2018,1,8.786033630371094,4
Warri South,Igbudu,2018,1,9.263799667358398,3
Warri South,Obodo,2018,1,8.306368827819824,16
Warri South,Ode-Itsekiri,2018,1,9.291990492078993,9
Warri South,Okere,2018,1,8.020267486572266,2
Warri South,Pessu,2018,1,9.48533058166504,2
Warri South,Ubeji,2018,1,7.846957615443638,7
Bomadi,Akugbene 1,2018,2,169.58056640625,2
Bomadi,Akugbene 2,2018,2,169.9921417236328,1
Bomadi,Akugbene 3,2018,2,169.9921417236328,1
Bomadi,Bomadi,2018,2,171.6194051106771,6
Bomadi,Ekaametagbene/Kalafio,2018,2,165.40254720052084,12
Bomadi,Esanma,2018,2,168.65618896484375,4
Bomadi,Kpakiama,2018,2,163.87753295898438,6
Bomadi,Ogbeinma/Okoloba,2018,2,166.75407918294272,3
Bomadi,Ogo/Eze,2018,2,166.0950164794922,2
Bomadi,Ogriagbene,2018,2,176.6011759440104,6
Burutu,Bolou-Ndoro,2018,2,173.68838102921197,23
Burutu,Egodor,2018,2,157.6989028033088,17
Burutu,Eseinbiri,2018,2,171.09792258522728,11
Burutu,Kiagbodo,2018,2,153.1504923502604,3
Burutu,Ngbilebiri,2018,2,166.33497111002603,6
Burutu,Obetebe,2018,2,154.2540072737069,29
Burutu,Ogulagha,2018,2,87.01294921875,25
Burutu,Ojobo,2018,2,172.0975138346354,6
Burutu,Tamigbe,2018,2,176.89815266927084,6
Burutu,Torugbene,2018,2,175.5352783203125,6
Burutu,Tuomo,2018,2,177.76813422309027,9
Patani,Abari,2018,2,133.3283935546875,5
Patani,Agoloma,2018,2,147.61482747395834,3
Patani,Buluangiama,2018,2,151.6026153564453,8
Patani,Odorubu,2018,2,163.7791748046875,8
Patani,Patani 2,2018,2,138.14035034179688,4
Patani,Patani 3,2018,2,136.71393839518228,6
Patani,Patani 4,2018,2,142.6173553466797,2
Patani,Patani 5,2018,2,143.13873291015625,7
Patani,Toruangiama,2018,2,156.72956339518228,3
Patani,Uduophori,2018,2,161.78914794921874,5
Warri South-West,Ajudaibo,2018,2,17.145153045654297,4
Warri South-West,Akpakpa,2018,2,11.88320255279541,2
Warri South-West,Isaba,2018,2,144.62052408854166,15
Warri South-West,Madangho,2018,2,20.557662963867188,3
Warri South-West,Ogbe-Ijoh,2018,2,129.35240342881946,36
Warri South-West,Ogidigben,2018,2,40.18784713745117,4
Warri South-West,Okerenkoko,2018,2,78.85476345486111,36
Warri South-West,Oporozo,2018,2,38.46128082275391,16
Warri South-West,Orere,2018,2,84.45106090198864,11
Warri South-West,Ugborodo,2018,2,77.934228515625,10
Warri South,Avenue,2018,2,140.62112426757812,2
Warri South,Bowen,2018,2,135.59707641601562,2
Warri South,Ekurede,2018,2,138.80287170410156,4
Warri South,Esisi,2018,2,136.7487030029297,4
Warri South,Igbudu,2018,2,135.51983642578125,3
Warri South,Obodo,2018,2,115.68119049072266,16
Warri South,Ode-Itsekiri,2018,2,138.89251030815973,9
Warri South,Okere,2018,2,140.62112426757812,2
Warri South,Pessu,2018,2,135.59707641601562,2
Warri South,Ubeji,2018,2,135.25469098772322,7
Bomadi,Akugbene 1,2018,3,168.83676147460938,2
Bomadi,Akugbene 2,2018,3,172.04966735839844,1
Bomadi,Akugbene 3,2018,3,172.04966735839844,1
Bomadi,Bomadi,2018,3,184.177001953125,6
Bomadi,Ekaametagbene/Kalafio,2018,3,182.56146240234372,12
Bomadi,Esanma,2018,3,175.46939086914062,4
Bomadi,Kpakiama,2018,3,172.991943359375,6
Bomadi,Ogbeinma/Okoloba,2018,3,173.5614013671875,3
Bomadi,Ogo/Eze,2018,3,166.25270080566406,2
Bomadi,Ogriagbene,2018,3,188.3635660807292,6
Burutu,Bolou-Ndoro,2018,3,185.6126868206522,23
Burutu,Egodor,2018,3,175.3694278492647,17
Burutu,Eseinbiri,2018,3,184.0575284090909,11
Burutu,Kiagbodo,2018,3,165.63690185546875,3
Burutu,Ngbilebiri,2018,3,174.96527099609375,6
Burutu,Obetebe,2018,3,175.81598531788794,29
Burutu,Ogulagha,2018,3,112.929150390625,25
Burutu,Ojobo,2018,3,182.98516845703125,6
Burutu,Tamigbe,2018,3,194.9792683919271,6
Burutu,Torugbene,2018,3,192.644775390625,6
Burutu,Tuomo,2018,3,189.14278157552084,9
Patani,Abari,2018,3,145.591455078125,5
Patani,Agoloma,2018,3,160.30038452148438,3
Patani,Buluangiama,2018,3,160.13507080078125,8
Patani,Odorubu,2018,3,169.0576171875,8
Patani,Patani 2,2018,3,146.28250122070312,4
Patani,Patani 3,2018,3,148.37337239583334,6
Patani,Patani 4,2018,3,148.34259033203125,2
Patani,Patani 5,2018,3,155.82465471540178,7
Patani,Toruangiama,2018,3,161.0716349283854,3
Patani,Uduophori,2018,3,169.3810791015625,5
Warri South-West,Ajudaibo,2018,3,24.38803482055664,4
Warri South-West,Akpakpa,2018,3,15.700319290161133,2
Warri South-West,Isaba,2018,3,176.85123697916666,15
Warri South-West,Madangho,2018,3,29.378448486328125,3
Warri South-West,Ogbe-Ijoh,2018,3,173.41769748263889,36
Warri South-West,Ogidigben,2018,3,59.50310134887695,4
Warri South-West,Okerenkoko,2018,3,131.94295247395834,36
Warri South-West,Oporozo,2018,3,55.383033752441406,16
Warri South-West,Orere,2018,3,136.05675159801137,11
Warri South-West,Ugborodo,2018,3,116.6609130859375,10
Warri South,Avenue,2018,3,177.5088348388672,2
Warri South,Bowen,2018,3,168.39239501953125,2
Warri South,Ekurede,2018,3,176.5249786376953,4
Warri South,Esisi,2018,3,170.9772491455078,4
Warri South,Igbudu,2018,3,169.24653116861978,3
Warri South,Obodo,2018,3,180.13018798828125,16
Warri South,Ode-Itsekiri,2018,3,176.30387369791666,9
Warri South,Okere,2018,3,177.5088348388672,2
Warri South,Pessu,2018,3,168.39239501953125,2
Warri South,Ubeji,2018,3,180.5899309430804,7
Bomadi,Akugbene 1,2018,4,181.8238525390625,2
Bomadi,Akugbene 2,2018,4,178.99874877929688,1
Bomadi,Akugbene 3,2018,4,178.99874877929688,1
Bomadi,Bomadi,2018,4,179.1721394856771,6
Bomadi,Ekaametagbene/Kalafio,2018,4,191.51277669270837,12
Bomadi,Esanma,2018,4,184.37701416015625,4
Bomadi,Kpakiama,2018,4,173.57576497395834,6
Bomadi,Ogbeinma/Okoloba,2018,4,179.4631144205729,3
Bomadi,Ogo/Eze,2018,4,178.7158203125,2
Bomadi,Ogriagbene,2018,4,193.8552652994792,6
Burutu,Bolou-Ndoro,2018,4,203.0714801290761,23
Burutu,Egodor,2018,4,180.22426470588235,17
Burutu,Eseinbiri,2018,4,186.6712535511364,11
Burutu,Kiagbodo,2018,4,175.2774658203125,3
Burutu,Ngbilebiri,2018,4,180.5420125325521,6
Burutu,Obetebe,2018,4,185.90268049568965,29
Burutu,Ogulagha,2018,4,113.905185546875,25
Burutu,Ojobo,2018,4,183.8930460611979,6
Burutu,Tamigbe,2018,4,190.5911865234375,6
Burutu,Torugbene,2018,4,188.27775065104169,6
Burutu,Tuomo,2018,4,187.75180392795136,9
Patani,Abari,2018,4,166.017919921875,5
Patani,Agoloma,2018,4,171.0838623046875,3
Patani,Buluangiama,2018,4,173.83241271972656,8
Patani,Odorubu,2018,4,178.83038330078125,8
Patani,Patani 2,2018,4,165.75537109375,4
Patani,Patani 3,2018,4,167.5494588216146,6
Patani,Patani 4,2018,4,168.68316650390625,2
Patani,Patani 5,2018,4,169.237548828125,7
Patani,Toruangiama,2018,4,176.8050537109375,3
Patani,Uduophori,2018,4,182.82669677734376,5
Warri South-West,Ajudaibo,2018,4,24.57398223876953,4
Warri South-West,Akpakpa,2018,4,16.726318359375,2
Warri South-West,Isaba,2018,4,179.26805013020834,15
Warri South-West,Madangho,2018,4,30.00546264648437,3
Warri South-West,Ogbe-Ijoh,2018,4,176.8363308376736,36
Warri South-West,Ogidigben,2018,4,54.993900299072266,4
Warri South-West,Okerenkoko,2018,4,128.97365993923611,36
Warri South-West,Oporozo,2018,4,62.866119384765625,16
Warri South-West,Orere,2018,4,125.2028142755682,11
Warri South-West,Ugborodo,2018,4,111.86492919921876,10
Warri South,Avenue,2018,4,163.0196533203125,2
Warri South,Bowen,2018,4,170.18844604492188,2
Warri South,Ekurede,2018,4,160.89353942871094,4
Warri South,Esisi,2018,4,165.03138732910156,4
Warri South,Igbudu,2018,4,167.84290568033853,3
Warri South,Obodo,2018,4,175.8247528076172,16
Warri South,Ode-Itsekiri,2018,4,168.14108615451389,9
Warri South,Okere,2018,4,163.0196533203125,2
Warri South,Pessu,2018,4,170.18844604492188,2
Warri South,Ubeji,2018,4,161.98341587611608,7
Bomadi,Akugbene 1,2018,5,211.86013793945312,2
Bomadi,Akugbene 2,2018,5,213.58226013183597,1
Bomadi,Akugbene 3,2018,5,213.58226013183597,1
Bomadi,Bomadi,2018,5,225.3687744140625,6
Bomadi,Ekaametagbene/Kalafio,2018,5,225.78059895833331,12
Bomadi,Esanma,2018,5,214.68409729003903,4
Bomadi,Kpakiama,2018,5,223.5622965494792,6
Bomadi,Ogbeinma/Okoloba,2018,5,215.34016927083331,3
Bomadi,Ogo/Eze,2018,5,211.47105407714844,2
Bomadi,Ogriagbene,2018,5,219.0010782877604,6
Burutu,Bolou-Ndoro,2018,5,234.4055069633152,23
Burutu,Egodor,2018,5,230.07525275735293,17
Burutu,Eseinbiri,2018,5,220.76762251420453,11
Burutu,Kiagbodo,2018,5,213.06925455729169,3
Burutu,Ngbilebiri,2018,5,222.32552083333331,6
Burutu,Obetebe,2018,5,233.93046201508625,29
Burutu,Ogulagha,2018,5,170.04103515625,25
Burutu,Ojobo,2018,5,212.53509521484372,6
Burutu,Tamigbe,2018,5,222.34395345052084,6
Burutu,Torugbene,2018,5,219.591552734375,6
Burutu,Tuomo,2018,5,227.5243191189236,9
Patani,Abari,2018,5,203.148291015625,5
Patani,Agoloma,2018,5,211.172607421875,3
Patani,Buluangiama,2018,5,213.4276580810547,8
Patani,Odorubu,2018,5,221.78375244140625,8
Patani,Patani 2,2018,5,201.93429565429688,4
Patani,Patani 3,2018,5,202.6148681640625,6
Patani,Patani 4,2018,5,203.2509765625,2
Patani,Patani 5,2018,5,206.3514927455357,7
Patani,Toruangiama,2018,5,217.92867024739584,3
Patani,Uduophori,2018,5,220.3658203125,5
Warri South-West,Ajudaibo,2018,5,40.48525238037109,4
Warri South-West,Akpakpa,2018,5,26.99591064453125,2
Warri South-West,Isaba,2018,5,228.59195963541663,15
Warri South-West,Madangho,2018,5,47.976888020833336,3
Warri South-West,Ogbe-Ijoh,2018,5,218.48914930555557,36
Warri South-West,Ogidigben,2018,5,106.03347778320312,4
Warri South-West,Okerenkoko,2018,5,167.6297336154514,36
Warri South-West,Oporozo,2018,5,81.63191223144531,16
Warri South-West,Orere,2018,5,190.53196022727272,11
Warri South-West,Ugborodo,2018,5,194.2852783203125,10
Warri South,Avenue,2018,5,200.0267333984375,2
Warri South,Bowen,2018,5,200.95172119140625,2
Warri South,Ekurede,2018,5,200.1470184326172,4
Warri South,Esisi,2018,5,197.6685943603516,4
Warri South,Igbudu,2018,5,199.46514892578125,3
Warri South,Obodo,2018,5,220.7608642578125,16
Warri South,Ode-Itsekiri,2018,5,211.63294813368051,9
Warri South,Okere,2018,5,200.0267333984375,2
Warri South,Pessu,2018,5,200.95172119140625,2
Warri South,Ubeji,2018,5,198.67330496651783,7
Bomadi,Akugbene 1,2018,6,393.90625,2
Bomadi,Akugbene 2,2018,6,395.4367065429688,1
Bomadi,Akugbene 3,2018,6,395.4367065429688,1
Bomadi,Bomadi,2018,6,412.5359293619792,6
Bomadi,Ekaametagbene/Kalafio,2018,6,438.1839599609375,12
Bomadi,Esanma,2018,6,401.3483276367188,4
Bomadi,Kpakiama,2018,6,409.3863932291667,6
Bomadi,Ogbeinma/Okoloba,2018,6,383.5560302734375,3
Bomadi,Ogo/Eze,2018,6,366.8924865722656,2
Bomadi,Ogriagbene,2018,6,452.2779134114583,6
Burutu,Bolou-Ndoro,2018,6,476.2632048233696,23
Burutu,Egodor,2018,6,392.3031652113971,17
Burutu,Eseinbiri,2018,6,423.6763583096591,11
Burutu,Kiagbodo,2018,6,354.8719075520833,3
Burutu,Ngbilebiri,2018,6,406.017578125,6
Burutu,Obetebe,2018,6,409.5401400862069,29
Burutu,Ogulagha,2018,6,218.87142578125,25
Burutu,Ojobo,2018,6,453.8819580078125,6
Burutu,Tamigbe,2018,6,442.4993489583333,6
Burutu,Torugbene,2018,6,445.5430501302083,6
Burutu,Tuomo,2018,6,415.3333062065972,9
Patani,Abari,2018,6,386.814990234375,5
Patani,Agoloma,2018,6,398.8027750651042,3
Patani,Buluangiama,2018,6,391.9241027832031,8
Patani,Odorubu,2018,6,393.4992065429688,8
Patani,Patani 2,2018,6,393.4150695800781,4
Patani,Patani 3,2018,6,395.2003173828125,6
Patani,Patani 4,2018,6,391.8491821289063,2
Patani,Patani 5,2018,6,399.7781459263393,7
Patani,Toruangiama,2018,6,389.6148681640625,3
Patani,Uduophori,2018,6,384.484912109375,5
Warri South-West,Ajudaibo,2018,6,46.42137908935547,4
Warri South-West,Akpakpa,2018,6,31.74367904663086,2
Warri South-West,Isaba,2018,6,382.2415364583333,15
Warri South-West,Madangho,2018,6,56.82868957519531,3
Warri South-West,Ogbe-Ijoh,2018,6,368.4016927083333,36
Warri South-West,Ogidigben,2018,6,90.2668914794922,4
Warri South-West,Okerenkoko,2018,6,237.16731770833331,36
Warri South-West,Oporozo,2018,6,118.58751678466795,16
Warri South-West,Orere,2018,6,221.7435191761364,11
Warri South-West,Ugborodo,2018,6,194.67041015625,10
Warri South,Avenue,2018,6,311.87042236328125,2
Warri South,Bowen,2018,6,330.3640441894531,2
Warri South,Ekurede,2018,6,316.0831298828125,4
Warri South,Esisi,2018,6,303.693115234375,4
Warri South,Igbudu,2018,6,314.3548177083333,3
Warri South,Obodo,2018,6,329.0863342285156,16
Warri South,Ode-Itsekiri,2018,6,348.85687934027777,9
Warri South,Okere,2018,6,311.87042236328125,2
Warri South,Pessu,2018,6,330.3640441894531,2
Warri South,Ubeji,2018,6,309.29854910714283,7
Bomadi,Akugbene 1,2018,7,516.193603515625,2
Bomadi,Akugbene 2,2018,7,544.7614135742188,1
Bomadi,Akugbene 3,2018,7,544.7614135742188,1
Bomadi,Bomadi,2018,7,502.3339029947917,6
Bomadi,Ekaametagbene/Kalafio,2018,7,538.0928548177084,12
Bomadi,Esanma,2018,7,510.306640625,4
Bomadi,Kpakiama,2018,7,494.6958821614583,6
Bomadi,Ogbeinma/Okoloba,2018,7,529.1720784505209,3
Bomadi,Ogo/Eze,2018,7,507.6810607910156,2
Bomadi,Ogriagbene,2018,7,532.4791666666666,6
Burutu,Bolou-Ndoro,2018,7,568.4670516304348,23
Burutu,Egodor,2018,7,522.69140625,17
Burutu,Eseinbiri,2018,7,515.1003196022727,11
Burutu,Kiagbodo,2018,7,486.0478515625,3
Burutu,Ngbilebiri,2018,7,520.39501953125,6
Burutu,Obetebe,2018,7,515.4464574353449,29
Burutu,Ogulagha,2018,7,232.1782421875,25
Burutu,Ojobo,2018,7,500.6121419270833,6
Burutu,Tamigbe,2018,7,511.3056640625,6
Burutu,Torugbene,2018,7,507.0957438151042,6
Burutu,Tuomo,2018,7,506.6863606770833,9
Patani,Abari,2018,7,487.029931640625,5
Patani,Agoloma,2018,7,501.8241373697917,3
Patani,Buluangiama,2018,7,503.1305541992188,8
Patani,Odorubu,2018,7,496.845947265625,8
Patani,Patani 2,2018,7,496.79632568359375,4
Patani,Patani 3,2018,7,496.9676106770833,6
Patani,Patani 4,2018,7,509.9045104980469,2
Patani,Patani 5,2018,7,506.0241350446428,7
Patani,Toruangiama,2018,7,504.9762776692708,3
Patani,Uduophori,2018,7,503.74833984375,5
Warri South-West,Ajudaibo,2018,7,59.75713348388672,4
Warri South-West,Akpakpa,2018,7,39.91108322143555,2
Warri South-West,Isaba,2018,7,490.7099934895833,15
Warri South-West,Madangho,2018,7,73.27928670247395,3
Warri South-West,Ogbe-Ijoh,2018,7,447.16978624131946,36
Warri South-West,Ogidigben,2018,7,82.36737060546875,4
Warri South-West,Okerenkoko,2018,7,342.30870225694446,36
Warri South-West,Oporozo,2018,7,162.15188598632812,16
Warri South-West,Orere,2018,7,243.87668678977272,11
Warri South-West,Ugborodo,2018,7,199.40552978515623,10
Warri South,Avenue,2018,7,447.9371948242188,2
Warri South,Bowen,2018,7,440.380126953125,2
Warri South,Ekurede,2018,7,458.1694946289063,4
Warri South,Esisi,2018,7,430.81390380859375,4
Warri South,Igbudu,2018,7,425.8201497395833,3
Warri South,Obodo,2018,7,448.0141906738281,16
Warri South,Ode-Itsekiri,2018,7,469.46278211805554,9
Warri South,Okere,2018,7,447.9371948242188,2
Warri South,Pessu,2018,7,440.380126953125,2
Warri South,Ubeji,2018,7,460.450439453125,7
Bomadi,Akugbene 1,2018,8,463.1954650878906,2
Bomadi,Akugbene 2,2018,8,478.0405883789063,1
Bomadi,Akugbene 3,2018,8,478.0405883789063,1
Bomadi,Bomadi,2018,8,457.33740234375,6
Bomadi,Ekaametagbene/Kalafio,2018,8,450.0967610677083,12
Bomadi,Esanma,2018,8,473.7739562988281,4
Bomadi,Kpakiama,2018,8,465.1592610677083,6
Bomadi,Ogbeinma/Okoloba,2018,8,474.2954915364583,3
Bomadi,Ogo/Eze,2018,8,451.70843505859375,2
Bomadi,Ogriagbene,2018,8,497.8462320963542,6
Burutu,Bolou-Ndoro,2018,8,425.3370838994565,23
Burutu,Egodor,2018,8,433.1713005514706,17
Burutu,Eseinbiri,2018,8,482.59037642045456,11
Burutu,Kiagbodo,2018,8,428.5834147135417,3
Burutu,Ngbilebiri,2018,8,449.1033121744792,6
Burutu,Obetebe,2018,8,349.4604660560345,29
Burutu,Ogulagha,2018,8,174.22783203125,25
Burutu,Ojobo,2018,8,497.8611653645833,6
Burutu,Tamigbe,2018,8,505.3177897135417,6
Burutu,Torugbene,2018,8,497.13623046875,6
Burutu,Tuomo,2018,8,467.56336805555554,9
Patani,Abari,2018,8,433.05087890625,5
Patani,Agoloma,2018,8,425.9258626302083,3
Patani,Buluangiama,2018,8,421.3315734863281,8
Patani,Odorubu,2018,8,432.7771301269531,8
Patani,Patani 2,2018,8,431.8889770507813,4
Patani,Patani 3,2018,8,434.2677001953125,6
Patani,Patani 4,2018,8,430.4266662597656,2
Patani,Patani 5,2018,8,426.61962890625,7
Patani,Toruangiama,2018,8,418.3225911458333,3
Patani,Uduophori,2018,8,416.152294921875,5
Warri South-West,Ajudaibo,2018,8,58.39920425415039,4
Warri South-West,Akpakpa,2018,8,36.40369415283203,2
Warri South-West,Isaba,2018,8,446.5786458333333,15
Warri South-West,Madangho,2018,8,71.06385803222656,3
Warri South-West,Ogbe-Ijoh,2018,8,394.0720757378472,36
Warri South-West,Ogidigben,2018,8,90.8811492919922,4
Warri South-West,Okerenkoko,2018,8,336.1202799479167,36
Warri South-West,Oporozo,2018,8,148.40142822265625,16
Warri South-West,Orere,2018,8,296.13691850142044,11
Warri South-West,Ugborodo,2018,8,244.879736328125,10
Warri South,Avenue,2018,8,516.8787841796875,2
Warri South,Bowen,2018,8,484.3733215332031,2
Warri South,Ekurede,2018,8,512.7747802734375,4
Warri South,Esisi,2018,8,490.5169067382813,4
Warri South,Igbudu,2018,8,480.5748697916667,3
Warri South,Obodo,2018,8,450.7352294921875,16
Warri South,Ode-Itsekiri,2018,8,484.580078125,9
Warri South,Okere,2018,8,516.8787841796875,2
Warri South,Pessu,2018,8,484.3733215332031,2
Warri South,Ubeji,2018,8,484.0272042410714,7
Bomadi,Akugbene 1,2018,9,554.2572021484375,2
Bomadi,Akugbene 2,2018,9,557.8843994140625,1
Bomadi,Akugbene 3,2018,9,557.8843994140625,1
Bomadi,Bomadi,2018,9,566.3197835286459,6
Bomadi,Ekaametagbene/Kalafio,2018,9,612.1300455729166,12
Bomadi,Esanma,2018,9,566.203857421875,4
Bomadi,Kpakiama,2018,9,536.1857503255209,6
Bomadi,Ogbeinma/Okoloba,2018,9,561.8348795572916,3
Bomadi,Ogo/Eze,2018,9,540.3624267578125,2
Bomadi,Ogriagbene,2018,9,631.4878743489584,6
Burutu,Bolou-Ndoro,2018,9,668.9908288043479,23
Burutu,Egodor,2018,9,591.7270795036765,17
Burutu,Eseinbiri,2018,9,597.44775390625,11
Burutu,Kiagbodo,2018,9,533.6601969401041,3
Burutu,Ngbilebiri,2018,9,580.9171549479166,6
Burutu,Obetebe,2018,9,604.3114224137931,29
Burutu,Ogulagha,2018,9,333.1198828125,25
Burutu,Ojobo,2018,9,654.7808430989584,6
Burutu,Tamigbe,2018,9,633.7172037760416,6
Burutu,Torugbene,2018,9,642.7069498697916,6
Burutu,Tuomo,2018,9,605.2549913194445,9
Patani,Abari,2018,9,521.10224609375,5
Patani,Agoloma,2018,9,510.5155843098958,3
Patani,Buluangiama,2018,9,513.8005981445312,8
Patani,Odorubu,2018,9,526.2053833007812,8
Patani,Patani 2,2018,9,510.3661193847656,4
Patani,Patani 3,2018,9,515.835205078125,6
Patani,Patani 4,2018,9,508.16741943359375,2
Patani,Patani 5,2018,9,509.8428431919643,7
Patani,Toruangiama,2018,9,522.719482421875,3
Patani,Uduophori,2018,9,527.709130859375,5
Warri South-West,Ajudaibo,2018,9,85.76985931396484,4
Warri South-West,Akpakpa,2018,9,56.02861785888672,2
Warri South-West,Isaba,2018,9,604.6098958333333,15
Warri South-West,Madangho,2018,9,103.67714436848958,3
Warri South-West,Ogbe-Ijoh,2018,9,587.2575954861111,36
Warri South-West,Ogidigben,2018,9,142.74838256835938,4
Warri South-West,Okerenkoko,2018,9,392.4480794270833,36
Warri South-West,Oporozo,2018,9,192.5152587890625,16
Warri South-West,Orere,2018,9,331.93623490767044,11
Warri South-West,Ugborodo,2018,9,306.0561767578125,10
Warri South,Avenue,2018,9,563.3431396484375,2
Warri South,Bowen,2018,9,555.0904541015625,2
Warri South,Ekurede,2018,9,562.74951171875,4
Warri South,Esisi,2018,9,541.718994140625,4
Warri South,Igbudu,2018,9,539.3592936197916,3
Warri South,Obodo,2018,9,550.114990234375,16
Warri South,Ode-Itsekiri,2018,9,584.2625868055555,9
Warri South,Okere,2018,9,563.3431396484375,2
Warri South,Pessu,2018,9,555.0904541015625,2
Warri South,Ubeji,2018,9,557.4098772321429,7
Bomadi,Akugbene 1,2018,10,369.5411376953125,2
Bomadi,Akugbene 2,2018,10,370.0121154785156,1
Bomadi,Akugbene 3,2018,10,370.0121154785156,1
Bomadi,Bomadi,2018,10,412.4769694010417,6
Bomadi,Ekaametagbene/Kalafio,2018,10,392.0519205729167,12
Bomadi,Esanma,2018,10,374.8509826660156,4
Bomadi,Kpakiama,2018,10,388.2353922526042,6
Bomadi,Ogbeinma/Okoloba,2018,10,380.0352376302083,3
Bomadi,Ogo/Eze,2018,10,385.623291015625,2
Bomadi,Ogriagbene,2018,10,431.2289225260417,6
Burutu,Bolou-Ndoro,2018,10,414.4997877038044,23
Burutu,Egodor,2018,10,395.0784696691176,17
Burutu,Eseinbiri,2018,10,404.24955610795456,11
Burutu,Kiagbodo,2018,10,371.3826904296875,3
Burutu,Ngbilebiri,2018,10,386.58203125,6
Burutu,Obetebe,2018,10,367.3738887392241,29
Burutu,Ogulagha,2018,10,214.4049609375,25
Burutu,Ojobo,2018,10,429.888427734375,6
Burutu,Tamigbe,2018,10,437.3056233723958,6
Burutu,Torugbene,2018,10,444.0142822265625,6
Burutu,Tuomo,2018,10,433.8698187934028,9
Patani,Abari,2018,10,363.9918701171875,5
Patani,Agoloma,2018,10,381.6776529947917,3
Patani,Buluangiama,2018,10,384.3326110839844,8
Patani,Odorubu,2018,10,410.0338134765625,8
Patani,Patani 2,2018,10,351.5355834960937,4
Patani,Patani 3,2018,10,357.2892252604167,6
Patani,Patani 4,2018,10,351.6521301269531,2
Patani,Patani 5,2018,10,360.6905343191965,7
Patani,Toruangiama,2018,10,408.9178873697917,3
Patani,Uduophori,2018,10,415.70654296875,5
Warri South-West,Ajudaibo,2018,10,52.10028076171875,4
Warri South-West,Akpakpa,2018,10,34.70220947265625,2
Warri South-West,Isaba,2018,10,401.39755859375,15
Warri South-West,Madangho,2018,10,63.621236165364586,3
Warri South-West,Ogbe-Ijoh,2018,10,396.8639594184028,36
Warri South-West,Ogidigben,2018,10,102.69866180419922,4
Warri South-West,Okerenkoko,2018,10,283.5060221354167,36
Warri South-West,Oporozo,2018,10,129.8559112548828,16
Warri South-West,Orere,2018,10,266.09348366477275,11
Warri South-West,Ugborodo,2018,10,230.402685546875,10
Warri South,Avenue,2018,10,396.1819458007813,2
Warri South,Bowen,2018,10,376.4080810546875,2
Warri South,Ekurede,2018,10,396.5664978027344,4
Warri South,Esisi,2018,10,388.0679626464844,4
Warri South,Igbudu,2018,10,381.8912760416667,3
Warri South,Obodo,2018,10,403.3424682617188,16
Warri South,Ode-Itsekiri,2018,10,407.1053873697917,9
Warri South,Okere,2018,10,396.1819458007813,2
Warri South,Pessu,2018,10,376.4080810546875,2
Warri South,Ubeji,2018,10,408.705078125,7
Bomadi,Akugbene 1,2018,11,177.70201110839844,2
Bomadi,Akugbene 2,2018,11,173.1658935546875,1
Bomadi,Akugbene 3,2018,11,173.1658935546875,1
Bomadi,Bomadi,2018,11,179.6666463216146,6
Bomadi,Ekaametagbene/Kalafio,2018,11,193.50004069010416,12
Bomadi,Esanma,2018,11,183.3472900390625,4
Bomadi,Kpakiama,2018,11,157.60957845052084,6
Bomadi,Ogbeinma/Okoloba,2018,11,173.60001627604166,3
Bomadi,Ogo/Eze,2018,11,175.24322509765625,2
Bomadi,Ogriagbene,2018,11,209.70458984375,6
Burutu,Bolou-Ndoro,2018,11,216.44577955163044,23
Burutu,Egodor,2018,11,187.23423138786765,17
Burutu,Eseinbiri,2018,11,197.8591974431818,11
Burutu,Kiagbodo,2018,11,158.1475830078125,3
Burutu,Ngbilebiri,2018,11,208.0303751627604,6
Burutu,Obetebe,2018,11,193.5040072737069,29
Burutu,Ogulagha,2018,11,128.048095703125,25
Burutu,Ojobo,2018,11,212.468505859375,6
Burutu,Tamigbe,2018,11,210.17842610677084,6
Burutu,Torugbene,2018,11,205.0580037434896,6
Burutu,Tuomo,2018,11,205.26970757378476,9
Patani,Abari,2018,11,140.025146484375,5
Patani,Agoloma,2018,11,152.7131551106771,3
Patani,Buluangiama,2018,11,148.52944946289062,8
Patani,Odorubu,2018,11,150.48309326171875,8
Patani,Patani 2,2018,11,142.20843505859375,4
Patani,Patani 3,2018,11,143.42633056640625,6
Patani,Patani 4,2018,11,138.08792114257812,2
Patani,Patani 5,2018,11,147.87897600446428,7
Patani,Toruangiama,2018,11,159.20247395833334,3
Patani,Uduophori,2018,11,158.05126953125,5
Warri South-West,Ajudaibo,2018,11,23.31322860717773,4
Warri South-West,Akpakpa,2018,11,15.564691543579102,2
Warri South-West,Isaba,2018,11,176.73548177083333,15
Warri South-West,Madangho,2018,11,27.627634684244796,3
Warri South-West,Ogbe-Ijoh,2018,11,165.020751953125,36
Warri South-West,Ogidigben,2018,11,74.86277770996094,4
Warri South-West,Okerenkoko,2018,11,113.0418972439236,36
Warri South-West,Oporozo,2018,11,47.93863677978516,16
Warri South-West,Orere,2018,11,122.58552689985795,11
Warri South-West,Ugborodo,2018,11,122.32408447265624,10
Warri South,Avenue,2018,11,146.50546264648438,2
Warri South,Bowen,2018,11,149.9766845703125,2
Warri South,Ekurede,2018,11,141.98548889160156,4
Warri South,Esisi,2018,11,139.7185516357422,4
Warri South,Igbudu,2018,11,141.92829386393228,3
Warri South,Obodo,2018,11,157.38702392578125,16
Warri South,Ode-Itsekiri,2018,11,158.176025390625,9
Warri South,Okere,2018,11,146.50546264648438,2
Warri South,Pessu,2018,11,149.9766845703125,2
Warri South,Ubeji,2018,11,141.12874930245536,7
Bomadi,Akugbene 1,2018,12,25.662885665893555,2
Bomadi,Akugbene 2,2018,12,23.832107543945312,1
Bomadi,Akugbene 3,2018,12,23.832107543945312,1
Bomadi,Bomadi,2018,12,27.3900629679362,6
Bomadi,Ekaametagbene/Kalafio,2018,12,28.400489807128903,12
Bomadi,Esanma,2018,12,26.34610366821289,4
Bomadi,Kpakiama,2018,12,27.43907928466797,6
Bomadi,Ogbeinma/Okoloba,2018,12,25.43454996744792,3
Bomadi,Ogo/Eze,2018,12,27.73022079467773,2
Bomadi,Ogriagbene,2018,12,30.726857503255207,6
Burutu,Bolou-Ndoro,2018,12,31.208121921705164,23
Burutu,Egodor,2018,12,29.377355238970587,17
Burutu,Eseinbiri,2018,12,28.61419677734375,11
Burutu,Kiagbodo,2018,12,28.596140543619796,3
Burutu,Ngbilebiri,2018,12,31.49133809407552,6
Burutu,Obetebe,2018,12,26.834150643184262,29
Burutu,Ogulagha,2018,12,15.68356689453125,25
Burutu,Ojobo,2018,12,32.279884338378906,6
Burutu,Tamigbe,2018,12,32.15469106038412,6
Burutu,Torugbene,2018,12,32.315406799316406,6
Burutu,Tuomo,2018,12,30.147159152560764,9
Patani,Abari,2018,12,25.99256286621094,5
Patani,Agoloma,2018,12,30.26459248860677,3
Patani,Buluangiama,2018,12,31.040647506713867,8
Patani,Odorubu,2018,12,31.37919044494629,8
Patani,Patani 2,2018,12,27.761213302612305,4
Patani,Patani 3,2018,12,27.79758707682292,6
Patani,Patani 4,2018,12,27.92966079711914,2
Patani,Patani 5,2018,12,29.489733014787948,7
Patani,Toruangiama,2018,12,33.01704406738281,3
Patani,Uduophori,2018,12,32.573544311523435,5
Warri South-West,Ajudaibo,2018,12,3.0981016159057617,4
Warri South-West,Akpakpa,2018,12,2.1144731044769287,2
Warri South-West,Isaba,2018,12,29.01077067057292,15
Warri South-West,Madangho,2018,12,3.753834088643392,3
Warri South-West,Ogbe-Ijoh,2018,12,24.439741346571186,36
Warri South-West,Ogidigben,2018,12,8.46288776397705,4
Warri South-West,Okerenkoko,2018,12,14.334125094943577,36
Warri South-West,Oporozo,2018,12,7.481937408447266,16
Warri South-West,Orere,2018,12,14.878437389026988,11
Warri South-West,Ugborodo,2018,12,14.285798645019533,10
Warri South,Avenue,2018,12,27.978199005126957,2
Warri South,Bowen,2018,12,29.81510353088379,2
Warri South,Ekurede,2018,12,26.759197235107425,4
Warri South,Esisi,2018,12,29.16230010986328,4
Warri South,Igbudu,2018,12,29.87573750813802,3
Warri South,Obodo,2018,12,20.513282775878903,16
Warri South,Ode-Itsekiri,2018,12,27.283350626627605,9
Warri South,Okere,2018,12,27.978199005126957,2
Warri South,Pessu,2018,12,29.81510353088379,2
Warri South,Ubeji,2018,12,24.78890991210937,7
Bomadi,Akugbene 1,2019,1,102.05880737304688,2
Bomadi,Akugbene 2,2019,1,102.72310638427734,1
Bomadi,Akugbene 3,2019,1,102.72310638427734,1
Bomadi,Bomadi,2019,1,103.7794189453125,6
Bomadi,Ekaametagbene/Kalafio,2019,1,109.1430155436198,12
Bomadi,Esanma,2019,1,108.1750030517578,4
Bomadi,Kpakiama,2019,1,92.399169921875,6
Bomadi,Ogbeinma/Okoloba,2019,1,97.96055094401042,3
Bomadi,Ogo/Eze,2019,1,86.04338073730469,2
Bomadi,Ogriagbene,2019,1,120.61301676432292,6
Burutu,Bolou-Ndoro,2019,1,109.01121985394022,23
Burutu,Egodor,2019,1,99.76873420266544,17
Burutu,Eseinbiri,2019,1,111.37136008522728,11
Burutu,Kiagbodo,2019,1,83.06679280598958,3
Burutu,Ngbilebiri,2019,1,108.09178670247395,6
Burutu,Obetebe,2019,1,96.55694369612068,29
Burutu,Ogulagha,2019,1,54.36912109375,25
Burutu,Ojobo,2019,1,124.9370829264323,6
Burutu,Tamigbe,2019,1,125.69961547851562,6
Burutu,Torugbene,2019,1,130.08101399739584,6
Burutu,Tuomo,2019,1,113.91331651475694,9
Patani,Abari,2019,1,73.05099487304688,5
Patani,Agoloma,2019,1,80.62717692057292,3
Patani,Buluangiama,2019,1,85.89518737792969,8
Patani,Odorubu,2019,1,93.13369750976562,8
Patani,Patani 2,2019,1,71.17102813720703,4
Patani,Patani 3,2019,1,70.77602132161458,6
Patani,Patani 4,2019,1,75.80555725097656,2
Patani,Patani 5,2019,1,79.01299176897321,7
Patani,Toruangiama,2019,1,88.35057576497395,3
Patani,Uduophori,2019,1,94.10670776367188,5
Warri South-West,Ajudaibo,2019,1,12.93724536895752,4
Warri South-West,Akpakpa,2019,1,8.29033088684082,2
Warri South-West,Isaba,2019,1,95.99296875,15
Warri South-West,Madangho,2019,1,15.722108205159506,3
Warri South-West,Ogbe-Ijoh,2019,1,99.59578450520831,36
Warri South-West,Ogidigben,2019,1,20.55101585388184,4
Warri South-West,Okerenkoko,2019,1,69.70449490017361,36
Warri South-West,Oporozo,2019,1,32.78068161010742,16
Warri South-West,Orere,2019,1,39.56787386807528,11
Warri South-West,Ugborodo,2019,1,35.732879638671875,10
Warri South,Avenue,2019,1,78.09872436523438,2
Warri South,Bowen,2019,1,78.93635559082031,2
Warri South,Ekurede,2019,1,77.1626205444336,4
Warri South,Esisi,2019,1,75.21332550048828,4
Warri South,Igbudu,2019,1,76.26476033528645,3
Warri South,Obodo,2019,1,92.21483612060548,16
Warri South,Ode-Itsekiri,2019,1,88.11746554904514,9
Warri South,Okere,2019,1,78.09872436523438,2
Warri South,Pessu,2019,1,78.93635559082031,2
Warri South,Ubeji,2019,1,78.63009207589286,7
Bomadi,Akugbene 1,2019,2,115.43792724609376,2
Bomadi,Akugbene 2,2019,2,115.3223114013672,1
Bomadi,Akugbene 3,2019,2,115.3223114013672,1
Bomadi,Bomadi,2019,2,125.00449625651042,6
Bomadi,Ekaametagbene/Kalafio,2019,2,110.1754659016927,12
Bomadi,Esanma,2019,2,116.32669067382812,4
Bomadi,Kpakiama,2019,2,121.6273701985677,6
Bomadi,Ogbeinma/Okoloba,2019,2,115.5092264811198,3
Bomadi,Ogo/Eze,2019,2,111.59922790527344,2
Bomadi,Ogriagbene,2019,2,111.42940266927084,6
Burutu,Bolou-Ndoro,2019,2,110.59920601222828,23
Burutu,Egodor,2019,2,111.32497989430146,17
Burutu,Eseinbiri,2019,2,118.22144664417614,11
Burutu,Kiagbodo,2019,2,104.2911885579427,3
Burutu,Ngbilebiri,2019,2,113.84789021809895,6
Burutu,Obetebe,2019,2,108.3817938442888,29
Burutu,Ogulagha,2019,2,68.4822802734375,25
Burutu,Ojobo,2019,2,105.66969807942708,6
Burutu,Tamigbe,2019,2,114.37525431315105,6
Burutu,Torugbene,2019,2,109.79945882161458,6
Burutu,Tuomo,2019,2,122.96808539496529,9
Patani,Abari,2019,2,101.9411865234375,5
Patani,Agoloma,2019,2,112.26540120442708,3
Patani,Buluangiama,2019,2,114.6353759765625,8
Patani,Odorubu,2019,2,121.80007934570312,8
Patani,Patani 2,2019,2,106.11644744873048,4
Patani,Patani 3,2019,2,105.67271931966144,6
Patani,Patani 4,2019,2,108.24630737304688,2
Patani,Patani 5,2019,2,109.22512381417413,7
Patani,Toruangiama,2019,2,116.94710286458331,3
Patani,Uduophori,2019,2,120.796630859375,5
Warri South-West,Ajudaibo,2019,2,15.423213005065918,4
Warri South-West,Akpakpa,2019,2,10.219405174255373,2
Warri South-West,Isaba,2019,2,108.28587239583334,15
Warri South-West,Madangho,2019,2,18.520587921142575,3
Warri South-West,Ogbe-Ijoh,2019,2,106.3090345594618,36
Warri South-West,Ogidigben,2019,2,34.921409606933594,4
Warri South-West,Okerenkoko,2019,2,72.64711507161458,36
Warri South-West,Oporozo,2019,2,36.68394470214844,16
Warri South-West,Orere,2019,2,81.01543079723011,11
Warri South-West,Ugborodo,2019,2,71.8644287109375,10
Warri South,Avenue,2019,2,99.22506713867188,2
Warri South,Bowen,2019,2,94.69275665283205,2
Warri South,Ekurede,2019,2,99.26488494873048,4
Warri South,Esisi,2019,2,96.48794555664062,4
Warri South,Igbudu,2019,2,95.32029215494792,3
Warri South,Obodo,2019,2,100.19921112060548,16
Warri South,Ode-Itsekiri,2019,2,104.5838894314236,9
Warri South,Okere,2019,2,99.22506713867188,2
Warri South,Pessu,2019,2,94.69275665283205,2
Warri South,Ubeji,2019,2,101.47630092075892,7
Bomadi,Akugbene 1,2019,3,134.16990661621094,2
Bomadi,Akugbene 2,2019,3,134.84100341796875,1
Bomadi,Akugbene 3,2019,3,134.84100341796875,1
Bomadi,Bomadi,2019,3,139.00408935546875,6
Bomadi,Ekaametagbene/Kalafio,2019,3,130.03865559895834,12
Bomadi,Esanma,2019,3,136.3838653564453,4
Bomadi,Kpakiama,2019,3,133.11532592773438,6
Bomadi,Ogbeinma/Okoloba,2019,3,134.7391560872396,3
Bomadi,Ogo/Eze,2019,3,129.83462524414062,2
Bomadi,Ogriagbene,2019,3,139.92047119140625,6
Burutu,Bolou-Ndoro,2019,3,126.0735500169837,23
Burutu,Egodor,2019,3,129.26898552389707,17
Burutu,Eseinbiri,2019,3,139.6048916903409,11
Burutu,Kiagbodo,2019,3,123.69397989908856,3
Burutu,Ngbilebiri,2019,3,134.31922403971353,6
Burutu,Obetebe,2019,3,117.21681371228448,29
Burutu,Ogulagha,2019,3,64.5649072265625,25
Burutu,Ojobo,2019,3,134.1219482421875,6
Burutu,Tamigbe,2019,3,147.27322387695312,6
Burutu,Torugbene,2019,3,143.4759318033854,6
Burutu,Tuomo,2019,3,141.96563042534723,9
Patani,Abari,2019,3,101.76973876953124,5
Patani,Agoloma,2019,3,115.24341837565105,3
Patani,Buluangiama,2019,3,117.70479583740234,8
Patani,Odorubu,2019,3,126.97443389892578,8
Patani,Patani 2,2019,3,104.832275390625,4
Patani,Patani 3,2019,3,103.60858154296876,6
Patani,Patani 4,2019,3,108.18165588378906,2
Patani,Patani 5,2019,3,110.7138148716518,7
Patani,Toruangiama,2019,3,120.38051350911458,3
Patani,Uduophori,2019,3,125.38990478515623,5
Warri South-West,Ajudaibo,2019,3,12.346681594848633,4
Warri South-West,Akpakpa,2019,3,8.334494590759277,2
Warri South-West,Isaba,2019,3,122.29580891927084,15
Warri South-West,Madangho,2019,3,14.89842732747396,3
Warri South-West,Ogbe-Ijoh,2019,3,111.10028076171876,36
Warri South-West,Ogidigben,2019,3,29.373645782470703,4
Warri South-West,Okerenkoko,2019,3,82.22716606987848,36
Warri South-West,Oporozo,2019,3,32.195255279541016,16
Warri South-West,Orere,2019,3,81.62701416015625,11
Warri South-West,Ugborodo,2019,3,64.93177490234375,10
Warri South,Avenue,2019,3,118.27522277832033,2
Warri South,Bowen,2019,3,116.16326904296876,2
Warri South,Ekurede,2019,3,117.97557830810548,4
Warri South,Esisi,2019,3,115.2422103881836,4
Warri South,Igbudu,2019,3,115.8295389811198,3
Warri South,Obodo,2019,3,117.03978729248048,16
Warri South,Ode-Itsekiri,2019,3,120.48250325520831,9
Warri South,Okere,2019,3,118.27522277832033,2
Warri South,Pessu,2019,3,116.16326904296876,2
Warri South,Ubeji,2019,3,117.46785191127232,7
Bomadi,Akugbene 1,2019,4,168.650146484375,2
Bomadi,Akugbene 2,2019,4,168.98268127441406,1
Bomadi,Akugbene 3,2019,4,168.98268127441406,1
Bomadi,Bomadi,2019,4,167.16898600260416,6
Bomadi,Ekaametagbene/Kalafio,2019,4,170.3946329752604,12
Bomadi,Esanma,2019,4,169.49545288085938,4
Bomadi,Kpakiama,2019,4,162.66082763671875,6
Bomadi,Ogbeinma/Okoloba,2019,4,168.37973022460938,3
Bomadi,Ogo/Eze,2019,4,167.68801879882812,2
Bomadi,Ogriagbene,2019,4,172.25590006510416,6
Burutu,Bolou-Ndoro,2019,4,178.04079271399456,23
Burutu,Egodor,2019,4,168.84446806066177,17
Burutu,Eseinbiri,2019,4,169.23094593394887,11
Burutu,Kiagbodo,2019,4,166.51935831705728,3
Burutu,Ngbilebiri,2019,4,166.72391764322916,6
Burutu,Obetebe,2019,4,160.69741716056035,29
Burutu,Ogulagha,2019,4,90.460673828125,25
Burutu,Ojobo,2019,4,166.17648315429688,6
Burutu,Tamigbe,2019,4,172.61201985677084,6
Burutu,Torugbene,2019,4,169.76227823893228,6
Burutu,Tuomo,2019,4,171.25406901041666,9
Patani,Abari,2019,4,158.668017578125,5
Patani,Agoloma,2019,4,155.3826904296875,3
Patani,Buluangiama,2019,4,159.52020263671875,8
Patani,Odorubu,2019,4,165.7177734375,8
Patani,Patani 2,2019,4,152.30967712402344,4
Patani,Patani 3,2019,4,154.4114786783854,6
Patani,Patani 4,2019,4,152.79080200195312,2
Patani,Patani 5,2019,4,153.5750732421875,7
Patani,Toruangiama,2019,4,161.27800496419272,3
Patani,Uduophori,2019,4,166.8233154296875,5
Warri South-West,Ajudaibo,2019,4,20.045339584350582,4
Warri South-West,Akpakpa,2019,4,13.454648971557615,2
Warri South-West,Isaba,2019,4,167.82244466145832,15
Warri South-West,Madangho,2019,4,24.41773732503255,3
Warri South-West,Ogbe-Ijoh,2019,4,156.45125325520834,36
Warri South-West,Ogidigben,2019,4,43.26325225830078,4
Warri South-West,Okerenkoko,2019,4,115.78907606336806,36
Warri South-West,Oporozo,2019,4,53.26893997192383,16
Warri South-West,Orere,2019,4,121.33692515980114,11
Warri South-West,Ugborodo,2019,4,102.83521728515623,10
Warri South,Avenue,2019,4,155.76611328125,2
Warri South,Bowen,2019,4,159.88427734375,2
Warri South,Ekurede,2019,4,156.5003662109375,4
Warri South,Esisi,2019,4,157.6790771484375,4
Warri South,Igbudu,2019,4,159.0740763346354,3
Warri South,Obodo,2019,4,160.4072265625,16
Warri South,Ode-Itsekiri,2019,4,159.88869900173611,9
Warri South,Okere,2019,4,155.76611328125,2
Warri South,Pessu,2019,4,159.88427734375,2
Warri South,Ubeji,2019,4,155.03086635044642,7
Bomadi,Akugbene 1,2019,5,290.72100830078125,2
Bomadi,Akugbene 2,2019,5,284.49591064453125,1
Bomadi,Akugbene 3,2019,5,284.49591064453125,1
Bomadi,Bomadi,2019,5,312.9537760416667,6
Bomadi,Ekaametagbene/Kalafio,2019,5,309.4256591796875,12
Bomadi,Esanma,2019,5,296.20526123046875,4
Bomadi,Kpakiama,2019,5,301.3844401041667,6
Bomadi,Ogbeinma/Okoloba,2019,5,288.4082845052083,3
Bomadi,Ogo/Eze,2019,5,273.007568359375,2
Bomadi,Ogriagbene,2019,5,315.34246826171875,6
Burutu,Bolou-Ndoro,2019,5,317.1866932744565,23
Burutu,Egodor,2019,5,280.6131089154412,17
Burutu,Eseinbiri,2019,5,308.72480912642044,11
Burutu,Kiagbodo,2019,5,279.3380126953125,3
Burutu,Ngbilebiri,2019,5,279.9942220052083,6
Burutu,Obetebe,2019,5,292.61580684267244,29
Burutu,Ogulagha,2019,5,187.99966796875,25
Burutu,Ojobo,2019,5,301.33839925130206,6
Burutu,Tamigbe,2019,5,315.70241292317706,6
Burutu,Torugbene,2019,5,314.2240804036458,6
Burutu,Tuomo,2019,5,320.85484483506946,9
Patani,Abari,2019,5,270.207666015625,5
Patani,Agoloma,2019,5,289.8978881835937,3
Patani,Buluangiama,2019,5,289.9261474609375,8
Patani,Odorubu,2019,5,299.8815002441406,8
Patani,Patani 2,2019,5,279.1986999511719,4
Patani,Patani 3,2019,5,276.96400960286456,6
Patani,Patani 4,2019,5,283.0673522949219,2
Patani,Patani 5,2019,5,283.85703822544644,7
Patani,Toruangiama,2019,5,291.9146728515625,3
Patani,Uduophori,2019,5,299.222021484375,5
Warri South-West,Ajudaibo,2019,5,51.05393981933594,4
Warri South-West,Akpakpa,2019,5,33.31564712524414,2
Warri South-West,Isaba,2019,5,279.60130208333334,15
Warri South-West,Madangho,2019,5,61.77798461914063,3
Warri South-West,Ogbe-Ijoh,2019,5,271.7197536892361,36
Warri South-West,Ogidigben,2019,5,109.7663116455078,4
Warri South-West,Okerenkoko,2019,5,217.84407552083331,36
Warri South-West,Oporozo,2019,5,110.42604064941406,16
Warri South-West,Orere,2019,5,242.7806951349432,11
Warri South-West,Ugborodo,2019,5,231.8087646484375,10
Warri South,Avenue,2019,5,246.4966735839844,2
Warri South,Bowen,2019,5,252.69989013671875,2
Warri South,Ekurede,2019,5,255.247802734375,4
Warri South,Esisi,2019,5,243.13992309570312,4
Warri South,Igbudu,2019,5,246.155029296875,3
Warri South,Obodo,2019,5,279.411865234375,16
Warri South,Ode-Itsekiri,2019,5,268.996826171875,9
Warri South,Okere,2019,5,246.4966735839844,2
Warri South,Pessu,2019,5,252.69989013671875,2
Warri South,Ubeji,2019,5,254.78104073660717,7
Bomadi,Akugbene 1,2019,6,339.3639831542969,2
Bomadi,Akugbene 2,2019,6,339.390625,1
Bomadi,Akugbene 3,2019,6,339.390625,1
Bomadi,Bomadi,2019,6,282.98931884765625,6
Bomadi,Ekaametagbene/Kalafio,2019,6,366.3721110026042,12
Bomadi,Esanma,2019,6,334.20916748046875,4
Bomadi,Kpakiama,2019,6,290.12074788411456,6
Bomadi,Ogbeinma/Okoloba,2019,6,333.09454345703125,3
Bomadi,Ogo/Eze,2019,6,341.28204345703125,2
Bomadi,Ogriagbene,2019,6,344.4857991536458,6
Burutu,Bolou-Ndoro,2019,6,374.9790675951087,23
Burutu,Egodor,2019,6,390.45846737132354,17
Burutu,Eseinbiri,2019,6,327.99893465909093,11
Burutu,Kiagbodo,2019,6,366.584228515625,3
Burutu,Ngbilebiri,2019,6,380.34228515625,6
Burutu,Obetebe,2019,6,366.0540813577586,29
Burutu,Ogulagha,2019,6,203.89279296875,25
Burutu,Ojobo,2019,6,304.2112223307292,6
Burutu,Tamigbe,2019,6,311.2367350260417,6
Burutu,Torugbene,2019,6,303.6620686848958,6
Burutu,Tuomo,2019,6,281.49701605902777,9
Patani,Abari,2019,6,265.01962890625,5
Patani,Agoloma,2019,6,228.6610107421875,3
Patani,Buluangiama,2019,6,236.7392578125,8
Patani,Odorubu,2019,6,248.5580596923828,8
Patani,Patani 2,2019,6,247.86419677734372,4
Patani,Patani 3,2019,6,249.64265950520837,6
Patani,Patani 4,2019,6,243.31884765625,2
Patani,Patani 5,2019,6,240.12613351004464,7
Patani,Toruangiama,2019,6,227.56193033854169,3
Patani,Uduophori,2019,6,236.3179931640625,5
Warri South-West,Ajudaibo,2019,6,51.00820541381836,4
Warri South-West,Akpakpa,2019,6,34.001991271972656,2
Warri South-West,Isaba,2019,6,403.88108723958334,15
Warri South-West,Madangho,2019,6,61.61047871907552,3
Warri South-West,Ogbe-Ijoh,2019,6,379.4482150607639,36
Warri South-West,Ogidigben,2019,6,103.17559814453124,4
Warri South-West,Okerenkoko,2019,6,271.92426215277777,36
Warri South-West,Oporozo,2019,6,122.6939926147461,16
Warri South-West,Orere,2019,6,260.2028142755682,11
Warri South-West,Ugborodo,2019,6,226.6586669921875,10
Warri South,Avenue,2019,6,349.9679260253906,2
Warri South,Bowen,2019,6,353.4527587890625,2
Warri South,Ekurede,2019,6,355.0862121582031,4
Warri South,Esisi,2019,6,339.27349853515625,4
Warri South,Igbudu,2019,6,345.4599609375,3
Warri South,Obodo,2019,6,376.1630554199219,16
Warri South,Ode-Itsekiri,2019,6,386.1655544704861,9
Warri South,Okere,2019,6,349.9679260253906,2
Warri South,Pessu,2019,6,353.4527587890625,2
Warri South,Ubeji,2019,6,350.4574497767857,7
Bomadi,Akugbene 1,2019,7,619.8182983398438,2
Bomadi,Akugbene 2,2019,7,636.7554321289062,1
Bomadi,Akugbene 3,2019,7,636.7554321289062,1
Bomadi,Bomadi,2019,7,663.3172607421875,6
Bomadi,Ekaametagbene/Kalafio,2019,7,709.5299479166666,12
Bomadi,Esanma,2019,7,627.1015625,4
Bomadi,Kpakiama,2019,7,634.194580078125,6
Bomadi,Ogbeinma/Okoloba,2019,7,625.8498942057291,3
Bomadi,Ogo/Eze,2019,7,588.1744384765625,2
Bomadi,Ogriagbene,2019,7,757.9488932291666,6
Burutu,Bolou-Ndoro,2019,7,785.2190047554348,23
Burutu,Egodor,2019,7,626.5530215992648,17
Burutu,Eseinbiri,2019,7,676.0404385653409,11
Burutu,Kiagbodo,2019,7,586.0201822916666,3
Burutu,Ngbilebiri,2019,7,609.8027750651041,6
Burutu,Obetebe,2019,7,646.1134832974138,29
Burutu,Ogulagha,2019,7,313.3289453125,25
Burutu,Ojobo,2019,7,795.4121907552084,6
Burutu,Tamigbe,2019,7,733.7571614583334,6
Burutu,Torugbene,2019,7,769.9905598958334,6
Burutu,Tuomo,2019,7,691.2497829861111,9
Patani,Abari,2019,7,666.817041015625,5
Patani,Agoloma,2019,7,664.818603515625,3
Patani,Buluangiama,2019,7,665.243408203125,8
Patani,Odorubu,2019,7,660.3363037109375,8
Patani,Patani 2,2019,7,653.1552734375,4
Patani,Patani 3,2019,7,665.0526123046875,6
Patani,Patani 4,2019,7,652.9295654296875,2
Patani,Patani 5,2019,7,659.4942103794643,7
Patani,Toruangiama,2019,7,682.10400390625,3
Patani,Uduophori,2019,7,675.14150390625,5
Warri South-West,Ajudaibo,2019,7,83.77298736572266,4
Warri South-West,Akpakpa,2019,7,57.02006530761719,2
Warri South-West,Isaba,2019,7,650.6943359375,15
Warri South-West,Madangho,2019,7,102.66721598307292,3
Warri South-West,Ogbe-Ijoh,2019,7,633.2658962673611,36
Warri South-West,Ogidigben,2019,7,113.58866119384766,4
Warri South-West,Okerenkoko,2019,7,446.87879774305554,36
Warri South-West,Oporozo,2019,7,218.18199157714844,16
Warri South-West,Orere,2019,7,306.09517045454544,11
Warri South-West,Ugborodo,2019,7,256.7572021484375,10
Warri South,Avenue,2019,7,586.8270874023438,2
Warri South,Bowen,2019,7,571.286376953125,2
Warri South,Ekurede,2019,7,617.90380859375,4
Warri South,Esisi,2019,7,562.7176513671875,4
Warri South,Igbudu,2019,7,558.8584391276041,3
Warri South,Obodo,2019,7,585.7809448242188,16
Warri South,Ode-Itsekiri,2019,7,656.0810004340278,9
Warri South,Okere,2019,7,586.8270874023438,2
Warri South,Pessu,2019,7,571.286376953125,2
Warri South,Ubeji,2019,7,609.1499720982143,7
Bomadi,Akugbene 1,2019,8,284.21319580078125,2
Bomadi,Akugbene 2,2019,8,291.8257751464844,1
Bomadi,Akugbene 3,2019,8,291.8257751464844,1
Bomadi,Bomadi,2019,8,308.8643391927083,6
Bomadi,Ekaametagbene/Kalafio,2019,8,288.630126953125,12
Bomadi,Esanma,2019,8,292.6846008300781,4
Bomadi,Kpakiama,2019,8,303.12713623046875,6
Bomadi,Ogbeinma/Okoloba,2019,8,288.3245849609375,3
Bomadi,Ogo/Eze,2019,8,270.88507080078125,2
Bomadi,Ogriagbene,2019,8,294.71156819661456,6
Burutu,Bolou-Ndoro,2019,8,281.08755095108694,23
Burutu,Egodor,2019,8,293.8895909926471,17
Burutu,Eseinbiri,2019,8,302.44380326704544,11
Burutu,Kiagbodo,2019,8,270.9876302083333,3
Burutu,Ngbilebiri,2019,8,298.8498128255208,6
Burutu,Obetebe,2019,8,251.9627222521552,29
Burutu,Ogulagha,2019,8,116.372421875,25
Burutu,Ojobo,2019,8,305.54803466796875,6
Burutu,Tamigbe,2019,8,317.1513061523437,6
Burutu,Torugbene,2019,8,309.72121175130206,6
Burutu,Tuomo,2019,8,307.74555121527777,9
Patani,Abari,2019,8,296.4134765625,5
Patani,Agoloma,2019,8,296.2191569010417,3
Patani,Buluangiama,2019,8,293.689697265625,8
Patani,Odorubu,2019,8,298.56964111328125,8
Patani,Patani 2,2019,8,296.31597900390625,4
Patani,Patani 3,2019,8,300.6746826171875,6
Patani,Patani 4,2019,8,291.9773864746094,2
Patani,Patani 5,2019,8,299.2419782366072,7
Patani,Toruangiama,2019,8,295.87424723307294,3
Patani,Uduophori,2019,8,296.220947265625,5
Warri South-West,Ajudaibo,2019,8,31.85297393798828,4
Warri South-West,Akpakpa,2019,8,20.459747314453125,2
Warri South-West,Isaba,2019,8,297.6261393229167,15
Warri South-West,Madangho,2019,8,39.040262858072914,3
Warri South-West,Ogbe-Ijoh,2019,8,244.32476128472223,36
Warri South-West,Ogidigben,2019,8,48.395240783691406,4
Warri South-West,Okerenkoko,2019,8,179.6602783203125,36
Warri South-West,Oporozo,2019,8,83.87068176269531,16
Warri South-West,Orere,2019,8,150.35263893821022,11
Warri South-West,Ugborodo,2019,8,124.0586669921875,10
Warri South,Avenue,2019,8,309.52783203125,2
Warri South,Bowen,2019,8,312.1302490234375,2
Warri South,Ekurede,2019,8,303.72088623046875,4
Warri South,Esisi,2019,8,299.4329833984375,4
Warri South,Igbudu,2019,8,300.50445556640625,3
Warri South,Obodo,2019,8,244.94281005859372,16
Warri South,Ode-Itsekiri,2019,8,298.71831597222223,9
Warri South,Okere,2019,8,309.52783203125,2
Warri South,Pessu,2019,8,312.1302490234375,2
Warri South,Ubeji,2019,8,269.7359619140625,7
Bomadi,Akugbene 1,2019,9,602.923828125,2
Bomadi,Akugbene 2,2019,9,604.1217041015625,1
Bomadi,Akugbene 3,2019,9,604.1217041015625,1
Bomadi,Bomadi,2019,9,640.7464599609375,6
Bomadi,Ekaametagbene/Kalafio,2019,9,681.3463541666666,12
Bomadi,Esanma,2019,9,619.72119140625,4
Bomadi,Kpakiama,2019,9,613.6925048828125,6
Bomadi,Ogbeinma/Okoloba,2019,9,611.8157552083334,3
Bomadi,Ogo/Eze,2019,9,600.3016967773438,2
Bomadi,Ogriagbene,2019,9,704.0087890625,6
Burutu,Bolou-Ndoro,2019,9,746.1531080163044,23
Burutu,Egodor,2019,9,613.2715418198529,17
Burutu,Eseinbiri,2019,9,658.751953125,11
Burutu,Kiagbodo,2019,9,588.8241373697916,3
Burutu,Ngbilebiri,2019,9,629.2387288411459,6
Burutu,Obetebe,2019,9,655.3496767241379,29
Burutu,Ogulagha,2019,9,350.0362890625,25
Burutu,Ojobo,2019,9,737.7916666666666,6
Burutu,Tamigbe,2019,9,689.2484537760416,6
Burutu,Torugbene,2019,9,711.413330078125,6
Burutu,Tuomo,2019,9,668.1524522569445,9
Patani,Abari,2019,9,601.982275390625,5
Patani,Agoloma,2019,9,597.7500813802084,3
Patani,Buluangiama,2019,9,599.4044189453125,8
Patani,Odorubu,2019,9,612.9669189453125,8
Patani,Patani 2,2019,9,595.8541259765625,4
Patani,Patani 3,2019,9,598.7410888671875,6
Patani,Patani 4,2019,9,594.39892578125,2
Patani,Patani 5,2019,9,597.8625837053571,7
Patani,Toruangiama,2019,9,598.5531412760416,3
Patani,Uduophori,2019,9,615.64599609375,5
Warri South-West,Ajudaibo,2019,9,78.96025085449219,4
Warri South-West,Akpakpa,2019,9,53.74844741821289,2
Warri South-West,Isaba,2019,9,585.7283203125,15
Warri South-West,Madangho,2019,9,94.38214111328124,3
Warri South-West,Ogbe-Ijoh,2019,9,541.9079318576389,36
Warri South-West,Ogidigben,2019,9,144.95555114746094,4
Warri South-West,Okerenkoko,2019,9,355.170166015625,36
Warri South-West,Oporozo,2019,9,166.48851013183594,16
Warri South-West,Orere,2019,9,269.32492897727275,11
Warri South-West,Ugborodo,2019,9,258.02470703125,10
Warri South,Avenue,2019,9,522.312255859375,2
Warri South,Bowen,2019,9,529.4579467773438,2
Warri South,Ekurede,2019,9,516.9451904296875,4
Warri South,Esisi,2019,9,509.4888916015625,4
Warri South,Igbudu,2019,9,512.9925130208334,3
Warri South,Obodo,2019,9,494.1384887695313,16
Warri South,Ode-Itsekiri,2019,9,546.4767795138889,9
Warri South,Okere,2019,9,522.312255859375,2
Warri South,Pessu,2019,9,529.4579467773438,2
Warri South,Ubeji,2019,9,496.2361537388393,7
Bomadi,Akugbene 1,2019,10,471.087890625,2
Bomadi,Akugbene 2,2019,10,469.6969909667969,1
Bomadi,Akugbene 3,2019,10,469.6969909667969,1
Bomadi,Bomadi,2019,10,481.9679361979167,6
Bomadi,Ekaametagbene/Kalafio,2019,10,513.9852701822916,12
Bomadi,Esanma,2019,10,478.90325927734375,4
Bomadi,Kpakiama,2019,10,462.2650960286458,6
Bomadi,Ogbeinma/Okoloba,2019,10,482.8763020833333,3
Bomadi,Ogo/Eze,2019,10,494.6138305664063,2
Bomadi,Ogriagbene,2019,10,538.805419921875,6
Burutu,Bolou-Ndoro,2019,10,533.5749405570652,23
Burutu,Egodor,2019,10,501.9088924632353,17
Burutu,Eseinbiri,2019,10,505.0619229403409,11
Burutu,Kiagbodo,2019,10,456.5548502604167,3
Burutu,Ngbilebiri,2019,10,517.7622884114584,6
Burutu,Obetebe,2019,10,487.1549366918104,29
Burutu,Ogulagha,2019,10,291.0101953125,25
Burutu,Ojobo,2019,10,531.6326497395834,6
Burutu,Tamigbe,2019,10,540.0926106770834,6
Burutu,Torugbene,2019,10,546.1055501302084,6
Burutu,Tuomo,2019,10,509.2601453993056,9
Patani,Abari,2019,10,461.806005859375,5
Patani,Agoloma,2019,10,461.3165690104167,3
Patani,Buluangiama,2019,10,457.63092041015625,8
Patani,Odorubu,2019,10,466.7572937011719,8
Patani,Patani 2,2019,10,432.818115234375,4
Patani,Patani 3,2019,10,441.8092854817708,6
Patani,Patani 4,2019,10,435.90924072265625,2
Patani,Patani 5,2019,10,440.4669712611607,7
Patani,Toruangiama,2019,10,482.58447265625,3
Patani,Uduophori,2019,10,468.99052734375,5
Warri South-West,Ajudaibo,2019,10,73.84674072265625,4
Warri South-West,Akpakpa,2019,10,47.8326301574707,2
Warri South-West,Isaba,2019,10,503.78258463541664,15
Warri South-West,Madangho,2019,10,89.42329915364583,3
Warri South-West,Ogbe-Ijoh,2019,10,498.1319986979167,36
Warri South-West,Ogidigben,2019,10,156.9960174560547,4
Warri South-West,Okerenkoko,2019,10,368.1502278645833,36
Warri South-West,Oporozo,2019,10,172.7850799560547,16
Warri South-West,Orere,2019,10,381.65474076704544,11
Warri South-West,Ugborodo,2019,10,341.52001953125,10
Warri South,Avenue,2019,10,467.94964599609375,2
Warri South,Bowen,2019,10,464.7247619628906,2
Warri South,Ekurede,2019,10,475.8129577636719,4
Warri South,Esisi,2019,10,461.5783996582031,4
Warri South,Igbudu,2019,10,463.3145751953125,3
Warri South,Obodo,2019,10,521.117431640625,16
Warri South,Ode-Itsekiri,2019,10,502.4066297743056,9
Warri South,Okere,2019,10,467.94964599609375,2
Warri South,Pessu,2019,10,464.7247619628906,2
Warri South,Ubeji,2019,10,488.453369140625,7
Bomadi,Akugbene 1,2019,11,226.4571075439453,2
Bomadi,Akugbene 2,2019,11,222.15765380859372,1
Bomadi,Akugbene 3,2019,11,222.15765380859372,1
Bomadi,Bomadi,2019,11,224.627685546875,6
Bomadi,Ekaametagbene/Kalafio,2019,11,232.3489786783854,12
Bomadi,Esanma,2019,11,227.43603515625,4
Bomadi,Kpakiama,2019,11,205.75335693359372,6
Bomadi,Ogbeinma/Okoloba,2019,11,216.86767578125,3
Bomadi,Ogo/Eze,2019,11,218.9878692626953,2
Bomadi,Ogriagbene,2019,11,255.6326904296875,6
Burutu,Bolou-Ndoro,2019,11,272.7198963994565,23
Burutu,Egodor,2019,11,219.86211799172796,17
Burutu,Eseinbiri,2019,11,239.73433061079547,11
Burutu,Kiagbodo,2019,11,198.24019368489584,3
Burutu,Ngbilebiri,2019,11,236.8807373046875,6
Burutu,Obetebe,2019,11,223.14744410021552,29
Burutu,Ogulagha,2019,11,135.544765625,25
Burutu,Ojobo,2019,11,266.25681559244794,6
Burutu,Tamigbe,2019,11,262.3827514648437,6
Burutu,Torugbene,2019,11,253.90824381510416,6
Burutu,Tuomo,2019,11,255.6930609809028,9
Patani,Abari,2019,11,201.70694580078128,5
Patani,Agoloma,2019,11,218.8588663736979,3
Patani,Buluangiama,2019,11,213.7568206787109,8
Patani,Odorubu,2019,11,211.2920684814453,8
Patani,Patani 2,2019,11,203.1857452392578,4
Patani,Patani 3,2019,11,204.4099324544271,6
Patani,Patani 4,2019,11,201.5959625244141,2
Patani,Patani 5,2019,11,211.12337820870536,7
Patani,Toruangiama,2019,11,227.74263509114584,3
Patani,Uduophori,2019,11,223.213232421875,5
Warri South-West,Ajudaibo,2019,11,22.229782104492188,4
Warri South-West,Akpakpa,2019,11,15.132692337036133,2
Warri South-West,Isaba,2019,11,207.3183756510417,15
Warri South-West,Madangho,2019,11,26.56792958577474,3
Warri South-West,Ogbe-Ijoh,2019,11,190.34334309895837,36
Warri South-West,Ogidigben,2019,11,67.21704864501953,4
Warri South-West,Okerenkoko,2019,11,118.9244384765625,36
Warri South-West,Oporozo,2019,11,49.18070602416992,16
Warri South-West,Orere,2019,11,103.5552423650568,11
Warri South-West,Ugborodo,2019,11,106.3896240234375,10
Warri South,Avenue,2019,11,177.63351440429688,2
Warri South,Bowen,2019,11,177.44801330566406,2
Warri South,Ekurede,2019,11,172.9763641357422,4
Warri South,Esisi,2019,11,171.11260986328125,4
Warri South,Igbudu,2019,11,172.3921101888021,3
Warri South,Obodo,2019,11,182.88381958007807,16
Warri South,Ode-Itsekiri,2019,11,190.63395182291663,9
Warri South,Okere,2019,11,177.63351440429688,2
Warri South,Pessu,2019,11,177.44801330566406,2
Warri South,Ubeji,2019,11,178.41341727120536,7
Bomadi,Akugbene 1,2019,12,80.83403015136719,2
Bomadi,Akugbene 2,2019,12,72.36626434326172,1
Bomadi,Akugbene 3,2019,12,72.36626434326172,1
Bomadi,Bomadi,2019,12,79.49765014648438,6
Bomadi,Ekaametagbene/Kalafio,2019,12,109.23480224609376,12
Bomadi,Esanma,2019,12,84.7628402709961,4
Bomadi,Kpakiama,2019,12,67.0657450358073,6
Bomadi,Ogbeinma/Okoloba,2019,12,78.45839436848958,3
Bomadi,Ogo/Eze,2019,12,83.45516967773438,2
Bomadi,Ogriagbene,2019,12,118.19085693359376,6
Burutu,Bolou-Ndoro,2019,12,137.79401961616847,23
Burutu,Egodor,2019,12,93.4649299172794,17
Burutu,Eseinbiri,2019,12,97.3231756036932,11
Burutu,Kiagbodo,2019,12,64.38170369466145,3
Burutu,Ngbilebiri,2019,12,98.0471700032552,6
Burutu,Obetebe,2019,12,112.03235284213362,29
Burutu,Ogulagha,2019,12,63.8452197265625,25
Burutu,Ojobo,2019,12,124.53568522135416,6
Burutu,Tamigbe,2019,12,111.30674235026042,6
Burutu,Torugbene,2019,12,119.07389322916669,6
Burutu,Tuomo,2019,12,98.2074245876736,9
Patani,Abari,2019,12,37.07042236328125,5
Patani,Agoloma,2019,12,50.79849243164063,3
Patani,Buluangiama,2019,12,55.80452728271485,8
Patani,Odorubu,2019,12,66.0691909790039,8
Patani,Patani 2,2019,12,43.52437973022461,4
Patani,Patani 3,2019,12,41.48059590657552,6
Patani,Patani 4,2019,12,44.57124328613281,2
Patani,Patani 5,2019,12,46.392835344587056,7
Patani,Toruangiama,2019,12,63.34468587239584,3
Patani,Uduophori,2019,12,67.6542236328125,5
Warri South-West,Ajudaibo,2019,12,10.324193000793455,4
Warri South-West,Akpakpa,2019,12,7.221400260925293,2
Warri South-West,Isaba,2019,12,91.21947428385415,15
Warri South-West,Madangho,2019,12,12.349700927734377,3
Warri South-West,Ogbe-Ijoh,2019,12,84.46173773871527,36
Warri South-West,Ogidigben,2019,12,33.97993850708008,4
Warri South-West,Okerenkoko,2019,12,42.602630615234375,36
Warri South-West,Oporozo,2019,12,22.299623489379883,16
Warri South-West,Orere,2019,12,36.5394453568892,11
Warri South-West,Ugborodo,2019,12,39.93492431640625,10
Warri South,Avenue,2019,12,69.17768859863281,2
Warri South,Bowen,2019,12,71.49163818359375,2
Warri South,Ekurede,2019,12,71.32025146484375,4
Warri South,Esisi,2019,12,69.06829833984375,4
Warri South,Igbudu,2019,12,70.29068501790364,3
Warri South,Obodo,2019,12,60.47700500488281,16
Warri South,Ode-Itsekiri,2019,12,80.32242160373264,9
Warri South,Okere,2019,12,69.17768859863281,2
Warri South,Pessu,2019,12,71.49163818359375,2
Warri South,Ubeji,2019,12,68.55699811662946,7
Bomadi,Akugbene 1,2020,1,4.9719438552856445,2
Bomadi,Akugbene 2,2020,1,4.89650297164917,1
Bomadi,Akugbene 3,2020,1,4.89650297164917,1
Bomadi,Bomadi,2020,1,4.8674468994140625,6
Bomadi,Ekaametagbene/Kalafio,2020,1,4.697745005289714,12
Bomadi,Esanma,2020,1,4.766682147979736,4
Bomadi,Kpakiama,2020,1,5.506683985392253,6
Bomadi,Ogbeinma/Okoloba,2020,1,4.803207079569499,3
Bomadi,Ogo/Eze,2020,1,4.791172027587891,2
Bomadi,Ogriagbene,2020,1,5.169576644897461,6
Burutu,Bolou-Ndoro,2020,1,5.581216563349185,23
Burutu,Egodor,2020,1,4.942364860983456,17
Burutu,Eseinbiri,2020,1,4.43890380859375,11
Burutu,Kiagbodo,2020,1,5.424066543579102,3
Burutu,Ngbilebiri,2020,1,5.3376420338948565,6
Burutu,Obetebe,2020,1,4.66888743433459,29
Burutu,Ogulagha,2020,1,2.6411431884765624,25
Burutu,Ojobo,2020,1,5.693269729614258,6
Burutu,Tamigbe,2020,1,5.008752187093099,6
Burutu,Torugbene,2020,1,5.711130777994792,6
Burutu,Tuomo,2020,1,4.706501007080078,9
Patani,Abari,2020,1,9.073463439941406,5
Patani,Agoloma,2020,1,10.273493448893229,3
Patani,Buluangiama,2020,1,10.175015449523926,8
Patani,Odorubu,2020,1,8.544878005981445,8
Patani,Patani 2,2020,1,8.72243881225586,4
Patani,Patani 3,2020,1,9.06271489461263,6
Patani,Patani 4,2020,1,8.923982620239258,2
Patani,Patani 5,2020,1,9.82262202671596,7
Patani,Toruangiama,2020,1,10.689029693603516,3
Patani,Uduophori,2020,1,9.757083892822266,5
Warri South-West,Ajudaibo,2020,1,0.6224203109741211,4
Warri South-West,Akpakpa,2020,1,0.41875582933425903,2
Warri South-West,Isaba,2020,1,4.561282348632813,15
Warri South-West,Madangho,2020,1,0.7609921296437582,3
Warri South-West,Ogbe-Ijoh,2020,1,4.532247331407335,36
Warri South-West,Ogidigben,2020,1,0.9130008816719055,4
Warri South-West,Okerenkoko,2020,1,3.1577046712239585,36
Warri South-West,Oporozo,2020,1,1.5406880378723145,16
Warri South-West,Orere,2020,1,2.2663664384321733,11
Warri South-West,Ugborodo,2020,1,1.8385456085205079,10
Warri South,Avenue,2020,1,3.856083393096924,2
Warri South,Bowen,2020,1,4.102313041687012,2
Warri South,Ekurede,2020,1,3.725505828857422,4
Warri South,Esisi,2020,1,3.847928762435913,4
Warri South,Igbudu,2020,1,3.9650754928588867,3
Warri South,Obodo,2020,1,4.332708835601807,16
Warri South,Ode-Itsekiri,2020,1,4.2501199510362415,9
Warri South,Okere,2020,1,3.856083393096924,2
Warri South,Pessu,2020,1,4.102313041687012,2
Warri South,Ubeji,2020,1,3.946346010480608,7
Bomadi,Akugbene 1,2020,2,13.54708194732666,2
Bomadi,Akugbene 2,2020,2,13.626705169677734,1
Bomadi,Akugbene 3,2020,2,13.626705169677734,1
Bomadi,Bomadi,2020,2,14.53933334350586,6
Bomadi,Ekaametagbene/Kalafio,2020,2,13.022757212320963,12
Bomadi,Esanma,2020,2,13.825105667114258,4
Bomadi,Kpakiama,2020,2,15.038294474283854,6
Bomadi,Ogbeinma/Okoloba,2020,2,13.668411254882812,3
Bomadi,Ogo/Eze,2020,2,12.79713249206543,2
Bomadi,Ogriagbene,2020,2,13.771659851074219,6
Burutu,Bolou-Ndoro,2020,2,13.873874830163043,23
Burutu,Egodor,2020,2,12.557178272920495,17
Burutu,Eseinbiri,2020,2,13.820266723632812,11
Burutu,Kiagbodo,2020,2,12.881247202555338,3
Burutu,Ngbilebiri,2020,2,12.898418426513672,6
Burutu,Obetebe,2020,2,12.784611142914871,29
Burutu,Ogulagha,2020,2,8.257112426757812,25
Burutu,Ojobo,2020,2,12.72894287109375,6
Burutu,Tamigbe,2020,2,13.719666798909506,6
Burutu,Torugbene,2020,2,13.379305521647135,6
Burutu,Tuomo,2020,2,14.107104831271702,9
Patani,Abari,2020,2,16.15369415283203,5
Patani,Agoloma,2020,2,18.592450459798176,3
Patani,Buluangiama,2020,2,18.48892593383789,8
Patani,Odorubu,2020,2,17.19589614868164,8
Patani,Patani 2,2020,2,16.95268440246582,4
Patani,Patani 3,2020,2,16.913712819417317,6
Patani,Patani 4,2020,2,17.093551635742188,2
Patani,Patani 5,2020,2,17.769493103027344,7
Patani,Toruangiama,2020,2,18.56628163655599,3
Patani,Uduophori,2020,2,18.362109375,5
Warri South-West,Ajudaibo,2020,2,1.9945451021194458,4
Warri South-West,Akpakpa,2020,2,1.3377463817596436,2
Warri South-West,Isaba,2020,2,11.92257080078125,15
Warri South-West,Madangho,2020,2,2.421822706858317,3
Warri South-West,Ogbe-Ijoh,2020,2,11.91271718343099,36
Warri South-West,Ogidigben,2020,2,4.305984973907471,4
Warri South-West,Okerenkoko,2020,2,8.72007836235894,36
Warri South-West,Oporozo,2020,2,4.647915363311768,16
Warri South-West,Orere,2020,2,10.248824379660867,11
Warri South-West,Ugborodo,2020,2,8.587322235107422,10
Warri South,Avenue,2020,2,12.425731658935547,2
Warri South,Bowen,2020,2,11.837242126464844,2
Warri South,Ekurede,2020,2,12.100025177001953,4
Warri South,Esisi,2020,2,11.859415054321289,4
Warri South,Igbudu,2020,2,11.693473815917969,3
Warri South,Obodo,2020,2,11.169024467468262,16
Warri South,Ode-Itsekiri,2020,2,11.880425347222221,9
Warri South,Okere,2020,2,12.425731658935547,2
Warri South,Pessu,2020,2,11.837242126464844,2
Warri South,Ubeji,2020,2,12.269349234444755,7
Bomadi,Akugbene 1,2020,3,126.18134307861328,2
Bomadi,Akugbene 2,2020,3,123.94920349121094,1
Bomadi,Akugbene 3,2020,3,123.94920349121094,1
Bomadi,Bomadi,2020,3,139.11812337239584,6
Bomadi,Ekaametagbene/Kalafio,2020,3,132.0242919921875,12
Bomadi,Esanma,2020,3,131.44662475585938,4
Bomadi,Kpakiama,2020,3,133.83840942382812,6
Bomadi,Ogbeinma/Okoloba,2020,3,129.3394775390625,3
Bomadi,Ogo/Eze,2020,3,126.25405883789062,2
Bomadi,Ogriagbene,2020,3,140.55713907877603,6
Burutu,Bolou-Ndoro,2020,3,133.12678328804347,23
Burutu,Egodor,2020,3,128.89658490349265,17
Burutu,Eseinbiri,2020,3,139.1769353693182,11
Burutu,Kiagbodo,2020,3,124.68837483723958,3
Burutu,Ngbilebiri,2020,3,129.8177490234375,6
Burutu,Obetebe,2020,3,126.73107489224138,29
Burutu,Ogulagha,2020,3,78.5148681640625,25
Burutu,Ojobo,2020,3,133.394287109375,6
Burutu,Tamigbe,2020,3,148.03462727864584,6
Burutu,Torugbene,2020,3,145.1882527669271,6
Burutu,Tuomo,2020,3,142.84860568576389,9
Patani,Abari,2020,3,121.2449462890625,5
Patani,Agoloma,2020,3,122.7472635904948,3
Patani,Buluangiama,2020,3,125.94721984863281,8
Patani,Odorubu,2020,3,131.71914672851562,8
Patani,Patani 2,2020,3,118.51971435546875,4
Patani,Patani 3,2020,3,120.398193359375,6
Patani,Patani 4,2020,3,118.59746551513672,2
Patani,Patani 5,2020,3,122.08830915178571,7
Patani,Toruangiama,2020,3,127.34583536783855,3
Patani,Uduophori,2020,3,132.1455078125,5
Warri South-West,Ajudaibo,2020,3,16.947050094604492,4
Warri South-West,Akpakpa,2020,3,11.341646194458008,2
Warri South-West,Isaba,2020,3,128.31200358072917,15
Warri South-West,Madangho,2020,3,20.534339904785156,3
Warri South-West,Ogbe-Ijoh,2020,3,127.84360080295139,36
Warri South-West,Ogidigben,2020,3,38.80455780029297,4
Warri South-West,Okerenkoko,2020,3,109.73069932725694,36
Warri South-West,Oporozo,2020,3,44.9976806640625,16
Warri South-West,Orere,2020,3,119.94214976917614,11
Warri South-West,Ugborodo,2020,3,91.76146850585937,10
Warri South,Avenue,2020,3,118.87144470214844,2
Warri South,Bowen,2020,3,116.60470581054688,2
Warri South,Ekurede,2020,3,121.82332611083984,4
Warri South,Esisi,2020,3,116.79933166503906,4
Warri South,Igbudu,2020,3,117.12595621744792,3
Warri South,Obodo,2020,3,141.03782653808594,16
Warri South,Ode-Itsekiri,2020,3,127.20042588975694,9
Warri South,Okere,2020,3,118.87144470214844,2
Warri South,Pessu,2020,3,116.60470581054688,2
Warri South,Ubeji,2020,3,125.92283412388393,7
Bomadi,Akugbene 1,2020,4,172.07424926757812,2
Bomadi,Akugbene 2,2020,4,171.07086181640625,1
Bomadi,Akugbene 3,2020,4,171.07086181640625,1
Bomadi,Bomadi,2020,4,172.2658487955729,6
Bomadi,Ekaametagbene/Kalafio,2020,4,175.25069173177084,12
Bomadi,Esanma,2020,4,172.66893005371094,4
Bomadi,Kpakiama,2020,4,168.11234537760416,6
Bomadi,Ogbeinma/Okoloba,2020,4,169.24652099609375,3
Bomadi,Ogo/Eze,2020,4,166.60516357421875,2
Bomadi,Ogriagbene,2020,4,178.37957763671875,6
Burutu,Bolou-Ndoro,2020,4,192.79806385869566,23
Burutu,Egodor,2020,4,168.62474149816177,17
Burutu,Eseinbiri,2020,4,173.38847212357953,11
Burutu,Kiagbodo,2020,4,162.75897216796875,3
Burutu,Ngbilebiri,2020,4,166.984375,6
Burutu,Obetebe,2020,4,177.72639412715517,29
Burutu,Ogulagha,2020,4,117.37662109375,25
Burutu,Ojobo,2020,4,173.97867838541666,6
Burutu,Tamigbe,2020,4,179.80305989583334,6
Burutu,Torugbene,2020,4,177.60697428385416,6
Burutu,Tuomo,2020,4,178.00103081597223,9
Patani,Abari,2020,4,167.4711669921875,5
Patani,Agoloma,2020,4,167.42169189453125,3
Patani,Buluangiama,2020,4,169.0165557861328,8
Patani,Odorubu,2020,4,169.3804168701172,8
Patani,Patani 2,2020,4,165.58541870117188,4
Patani,Patani 3,2020,4,166.99088541666666,6
Patani,Patani 4,2020,4,167.06243896484375,2
Patani,Patani 5,2020,4,166.998291015625,7
Patani,Toruangiama,2020,4,168.14459228515625,3
Patani,Uduophori,2020,4,170.46956787109374,5
Warri South-West,Ajudaibo,2020,4,27.305431365966797,4
Warri South-West,Akpakpa,2020,4,18.610727310180664,2
Warri South-West,Isaba,2020,4,164.702099609375,15
Warri South-West,Madangho,2020,4,33.10094706217448,3
Warri South-West,Ogbe-Ijoh,2020,4,165.75995551215277,36
Warri South-West,Ogidigben,2020,4,65.69281005859375,4
Warri South-West,Okerenkoko,2020,4,135.78512912326389,36
Warri South-West,Oporozo,2020,4,65.57275390625,16
Warri South-West,Orere,2020,4,165.8212224786932,11
Warri South-West,Ugborodo,2020,4,144.866796875,10
Warri South,Avenue,2020,4,148.02516174316406,2
Warri South,Bowen,2020,4,151.96205139160156,2
Warri South,Ekurede,2020,4,146.36245727539062,4
Warri South,Esisi,2020,4,149.39230346679688,4
Warri South,Igbudu,2020,4,150.5556844075521,3
Warri South,Obodo,2020,4,171.9792022705078,16
Warri South,Ode-Itsekiri,2020,4,153.83588324652777,9
Warri South,Okere,2020,4,148.02516174316406,2
Warri South,Pessu,2020,4,151.96205139160156,2
Warri South,Ubeji,2020,4,151.57875279017858,7
Bomadi,Akugbene 1,2020,5,235.2183074951172,2
Bomadi,Akugbene 2,2020,5,230.60690307617188,1
Bomadi,Akugbene 3,2020,5,230.60690307617188,1
Bomadi,Bomadi,2020,5,233.7066650390625,6
Bomadi,Ekaametagbene/Kalafio,2020,5,248.97587076822916,12
Bomadi,Esanma,2020,5,235.8406982421875,4
Bomadi,Kpakiama,2020,5,233.7965087890625,6
Bomadi,Ogbeinma/Okoloba,2020,5,229.5811767578125,3
Bomadi,Ogo/Eze,2020,5,230.5856170654297,2
Bomadi,Ogriagbene,2020,5,243.43267822265625,6
Burutu,Bolou-Ndoro,2020,5,244.89387313179347,23
Burutu,Egodor,2020,5,243.34214154411765,17
Burutu,Eseinbiri,2020,5,237.38148082386363,11
Burutu,Kiagbodo,2020,5,232.0837605794271,3
Burutu,Ngbilebiri,2020,5,241.12125651041666,6
Burutu,Obetebe,2020,5,231.26151670258622,29
Burutu,Ogulagha,2020,5,117.6508203125,25
Burutu,Ojobo,2020,5,216.27376302083334,6
Burutu,Tamigbe,2020,5,231.55887858072916,6
Burutu,Torugbene,2020,5,225.0401611328125,6
Burutu,Tuomo,2020,5,230.426513671875,9
Patani,Abari,2020,5,218.582763671875,5
Patani,Agoloma,2020,5,227.40336100260416,3
Patani,Buluangiama,2020,5,228.683349609375,8
Patani,Odorubu,2020,5,231.6943359375,8
Patani,Patani 2,2020,5,219.44454956054688,4
Patani,Patani 3,2020,5,219.17803955078125,6
Patani,Patani 4,2020,5,223.76483154296875,2
Patani,Patani 5,2020,5,224.06075613839286,7
Patani,Toruangiama,2020,5,231.17938232421875,3
Patani,Uduophori,2020,5,232.5355224609375,5
Warri South-West,Ajudaibo,2020,5,28.88184928894043,4
Warri South-West,Akpakpa,2020,5,20.603961944580078,2
Warri South-West,Isaba,2020,5,246.90162760416666,15
Warri South-West,Madangho,2020,5,35.6760508219401,3
Warri South-West,Ogbe-Ijoh,2020,5,225.52482096354166,36
Warri South-West,Ogidigben,2020,5,54.70081329345703,4
Warri South-West,Okerenkoko,2020,5,158.76900227864584,36
Warri South-West,Oporozo,2020,5,74.04679107666016,16
Warri South-West,Orere,2020,5,135.8645685369318,11
Warri South-West,Ugborodo,2020,5,113.081982421875,10
Warri South,Avenue,2020,5,223.49758911132812,2
Warri South,Bowen,2020,5,224.61410522460938,2
Warri South,Ekurede,2020,5,223.2955322265625,4
Warri South,Esisi,2020,5,214.91810607910156,4
Warri South,Igbudu,2020,5,216.8918253580729,3
Warri South,Obodo,2020,5,229.10150146484375,16
Warri South,Ode-Itsekiri,2020,5,238.02533637152777,9
Warri South,Okere,2020,5,223.49758911132812,2
Warri South,Pessu,2020,5,224.61410522460938,2
Warri South,Ubeji,2020,5,225.34284319196428,7
Bomadi,Akugbene 1,2020,6,351.6783447265625,2
Bomadi,Akugbene 2,2020,6,349.54656982421875,1
Bomadi,Akugbene 3,2020,6,349.54656982421875,1
Bomadi,Bomadi,2020,6,354.4520263671875,6
Bomadi,Ekaametagbene/Kalafio,2020,6,401.3339436848958,12
Bomadi,Esanma,2020,6,361.9397277832031,4
Bomadi,Kpakiama,2020,6,340.0621337890625,6
Bomadi,Ogbeinma/Okoloba,2020,6,344.0399576822917,3
Bomadi,Ogo/Eze,2020,6,335.02410888671875,2
Bomadi,Ogriagbene,2020,6,410.66943359375,6
Burutu,Bolou-Ndoro,2020,6,428.7998471467391,23
Burutu,Egodor,2020,6,350.90217141544116,17
Burutu,Eseinbiri,2020,6,384.5906871448864,11
Burutu,Kiagbodo,2020,6,321.5229899088542,3
Burutu,Ngbilebiri,2020,6,370.0700276692708,6
Burutu,Obetebe,2020,6,363.46541621767244,29
Burutu,Ogulagha,2020,6,192.45498046875,25
Burutu,Ojobo,2020,6,379.62060546875,6
Burutu,Tamigbe,2020,6,385.3784586588542,6
Burutu,Torugbene,2020,6,384.0017496744792,6
Burutu,Tuomo,2020,6,370.013671875,9
Patani,Abari,2020,6,306.6865234375,5
Patani,Agoloma,2020,6,311.8188883463542,3
Patani,Buluangiama,2020,6,315.8210144042969,8
Patani,Odorubu,2020,6,323.7633972167969,8
Patani,Patani 2,2020,6,304.5103759765625,4
Patani,Patani 3,2020,6,309.72650146484375,6
Patani,Patani 4,2020,6,303.7012939453125,2
Patani,Patani 5,2020,6,310.39003208705356,7
Patani,Toruangiama,2020,6,317.70273844401044,3
Patani,Uduophori,2020,6,317.2348388671875,5
Warri South-West,Ajudaibo,2020,6,40.35135269165039,4
Warri South-West,Akpakpa,2020,6,27.532455444335938,2
Warri South-West,Isaba,2020,6,339.52740885416665,15
Warri South-West,Madangho,2020,6,49.017049153645836,3
Warri South-West,Ogbe-Ijoh,2020,6,319.9697265625,36
Warri South-West,Ogidigben,2020,6,80.96480560302734,4
Warri South-West,Okerenkoko,2020,6,207.51051161024304,36
Warri South-West,Oporozo,2020,6,102.7647933959961,16
Warri South-West,Orere,2020,6,211.0587491122159,11
Warri South-West,Ugborodo,2020,6,188.0720947265625,10
Warri South,Avenue,2020,6,264.35565185546875,2
Warri South,Bowen,2020,6,280.93121337890625,2
Warri South,Ekurede,2020,6,269.71881103515625,4
Warri South,Esisi,2020,6,258.3822326660156,4
Warri South,Igbudu,2020,6,267.5891927083333,3
Warri South,Obodo,2020,6,278.8038330078125,16
Warri South,Ode-Itsekiri,2020,6,307.17518446180554,9
Warri South,Okere,2020,6,264.35565185546875,2
Warri South,Pessu,2020,6,280.93121337890625,2
Warri South,Ubeji,2020,6,267.09810965401783,7
Bomadi,Akugbene 1,2020,7,566.1959228515625,2
Bomadi,Akugbene 2,2020,7,577.1319580078125,1
Bomadi,Akugbene 3,2020,7,577.1319580078125,1
Bomadi,Bomadi,2020,7,565.950439453125,6
Bomadi,Ekaametagbene/Kalafio,2020,7,675.5545654296875,12
Bomadi,Esanma,2020,7,576.1671142578125,4
Bomadi,Kpakiama,2020,7,532.0681559244791,6
Bomadi,Ogbeinma/Okoloba,2020,7,563.2019449869791,3
Bomadi,Ogo/Eze,2020,7,553.439208984375,2
Bomadi,Ogriagbene,2020,7,691.620361328125,6
Burutu,Bolou-Ndoro,2020,7,737.7066066576087,23
Burutu,Egodor,2020,7,615.3538602941177,17
Burutu,Eseinbiri,2020,7,610.1283291903409,11
Burutu,Kiagbodo,2020,7,532.9921875,3
Burutu,Ngbilebiri,2020,7,633.1883138020834,6
Burutu,Obetebe,2020,7,657.5015490301724,29
Burutu,Ogulagha,2020,7,327.3948828125,25
Burutu,Ojobo,2020,7,721.890625,6
Burutu,Tamigbe,2020,7,660.7020670572916,6
Burutu,Torugbene,2020,7,705.572021484375,6
Burutu,Tuomo,2020,7,609.2390407986111,9
Patani,Abari,2020,7,507.774951171875,5
Patani,Agoloma,2020,7,521.5843505859375,3
Patani,Buluangiama,2020,7,510.2578430175781,8
Patani,Odorubu,2020,7,515.9732666015625,8
Patani,Patani 2,2020,7,502.3318786621094,4
Patani,Patani 3,2020,7,514.3307291666666,6
Patani,Patani 4,2020,7,498.6155700683594,2
Patani,Patani 5,2020,7,512.75244140625,7
Patani,Toruangiama,2020,7,531.791748046875,3
Patani,Uduophori,2020,7,523.43759765625,5
Warri South-West,Ajudaibo,2020,7,83.36446380615234,4
Warri South-West,Akpakpa,2020,7,54.45487976074219,2
Warri South-West,Isaba,2020,7,595.5091796875,15
Warri South-West,Madangho,2020,7,101.47010294596355,3
Warri South-West,Ogbe-Ijoh,2020,7,578.05859375,36
Warri South-West,Ogidigben,2020,7,125.6785659790039,4
Warri South-West,Okerenkoko,2020,7,407.33916558159723,36
Warri South-West,Oporozo,2020,7,209.23179626464844,16
Warri South-West,Orere,2020,7,305.7654474431818,11
Warri South-West,Ugborodo,2020,7,273.5573486328125,10
Warri South,Avenue,2020,7,537.2161254882812,2
Warri South,Bowen,2020,7,543.283447265625,2
Warri South,Ekurede,2020,7,544.7575073242188,4
Warri South,Esisi,2020,7,516.546630859375,4
Warri South,Igbudu,2020,7,520.924560546875,3
Warri South,Obodo,2020,7,539.2422485351562,16
Warri South,Ode-Itsekiri,2020,7,569.5908745659722,9
Warri South,Okere,2020,7,537.2161254882812,2
Warri South,Pessu,2020,7,543.283447265625,2
Warri South,Ubeji,2020,7,517.0598493303571,7
Bomadi,Akugbene 1,2020,8,127.9407958984375,2
Bomadi,Akugbene 2,2020,8,133.2647705078125,1
Bomadi,Akugbene 3,2020,8,133.2647705078125,1
Bomadi,Bomadi,2020,8,136.56925455729166,6
Bomadi,Ekaametagbene/Kalafio,2020,8,124.29251098632812,12
Bomadi,Esanma,2020,8,128.28012084960938,4
Bomadi,Kpakiama,2020,8,140.01933797200522,6
Bomadi,Ogbeinma/Okoloba,2020,8,130.91989135742188,3
Bomadi,Ogo/Eze,2020,8,125.64299011230469,2
Bomadi,Ogriagbene,2020,8,128.16341145833334,6
Burutu,Bolou-Ndoro,2020,8,117.05155613111413,23
Burutu,Egodor,2020,8,124.30643956801471,17
Burutu,Eseinbiri,2020,8,130.4682950106534,11
Burutu,Kiagbodo,2020,8,123.8873291015625,3
Burutu,Ngbilebiri,2020,8,128.61690266927084,6
Burutu,Obetebe,2020,8,101.83064217403017,29
Burutu,Ogulagha,2020,8,45.3352294921875,25
Burutu,Ojobo,2020,8,125.57442220052083,6
Burutu,Tamigbe,2020,8,125.17106119791667,6
Burutu,Torugbene,2020,8,125.25986735026042,6
Burutu,Tuomo,2020,8,127.85556369357639,9
Patani,Abari,2020,8,164.38641357421875,5
Patani,Agoloma,2020,8,156.7057902018229,3
Patani,Buluangiama,2020,8,151.82077026367188,8
Patani,Odorubu,2020,8,139.74559020996094,8
Patani,Patani 2,2020,8,164.0587921142578,4
Patani,Patani 3,2020,8,164.25595092773438,6
Patani,Patani 4,2020,8,163.63177490234375,2
Patani,Patani 5,2020,8,161.48270089285714,7
Patani,Toruangiama,2020,8,146.0529581705729,3
Patani,Uduophori,2020,8,140.81136474609374,5
Warri South-West,Ajudaibo,2020,8,10.251286506652832,4
Warri South-West,Akpakpa,2020,8,7.1512651443481445,2
Warri South-West,Isaba,2020,8,123.8061279296875,15
Warri South-West,Madangho,2020,8,12.499463399251303,3
Warri South-West,Ogbe-Ijoh,2020,8,99.62778727213542,36
Warri South-West,Ogidigben,2020,8,17.15489959716797,4
Warri South-West,Okerenkoko,2020,8,59.732272677951386,36
Warri South-West,Oporozo,2020,8,26.228424072265625,16
Warri South-West,Orere,2020,8,39.67848899147727,11
Warri South-West,Ugborodo,2020,8,33.83994140625,10
Warri South,Avenue,2020,8,128.05950927734375,2
Warri South,Bowen,2020,8,126.03807067871094,2
Warri South,Ekurede,2020,8,129.41810607910156,4
Warri South,Esisi,2020,8,123.17217254638672,4
Warri South,Igbudu,2020,8,124.11647542317708,3
Warri South,Obodo,2020,8,94.6659927368164,16
Warri South,Ode-Itsekiri,2020,8,126.52499728732639,9
Warri South,Okere,2020,8,128.05950927734375,2
Warri South,Pessu,2020,8,126.03807067871094,2
Warri South,Ubeji,2020,8,117.04734584263393,7
Bomadi,Akugbene 1,2020,9,405.9150390625,2
Bomadi,Akugbene 2,2020,9,408.6205749511719,1
Bomadi,Akugbene 3,2020,9,408.6205749511719,1
Bomadi,Bomadi,2020,9,394.5044352213542,6
Bomadi,Ekaametagbene/Kalafio,2020,9,428.7859293619792,12
Bomadi,Esanma,2020,9,406.5525207519531,4
Bomadi,Kpakiama,2020,9,399.3474527994792,6
Bomadi,Ogbeinma/Okoloba,2020,9,412.2773844401042,3
Bomadi,Ogo/Eze,2020,9,406.1058349609375,2
Bomadi,Ogriagbene,2020,9,414.9364420572917,6
Burutu,Bolou-Ndoro,2020,9,458.28214164402175,23
Burutu,Egodor,2020,9,454.91124770220586,17
Burutu,Eseinbiri,2020,9,407.76047585227275,11
Burutu,Kiagbodo,2020,9,425.6808268229167,3
Burutu,Ngbilebiri,2020,9,439.264892578125,6
Burutu,Obetebe,2020,9,449.4175983297414,29
Burutu,Ogulagha,2020,9,232.01669921875,25
Burutu,Ojobo,2020,9,388.8797607421875,6
Burutu,Tamigbe,2020,9,407.4607340494792,6
Burutu,Torugbene,2020,9,394.8238118489583,6
Burutu,Tuomo,2020,9,400.5547146267361,9
Patani,Abari,2020,9,418.30732421875,5
Patani,Agoloma,2020,9,416.849609375,3
Patani,Buluangiama,2020,9,413.7496337890625,8
Patani,Odorubu,2020,9,402.7017517089844,8
Patani,Patani 2,2020,9,414.13458251953125,4
Patani,Patani 3,2020,9,413.2500813802083,6
Patani,Patani 4,2020,9,418.11865234375,2
Patani,Patani 5,2020,9,410.1801060267857,7
Patani,Toruangiama,2020,9,415.0878499348958,3
Patani,Uduophori,2020,9,410.005517578125,5
Warri South-West,Ajudaibo,2020,9,59.94786071777344,4
Warri South-West,Akpakpa,2020,9,39.42333221435547,2
Warri South-West,Isaba,2020,9,464.11787109375,15
Warri South-West,Madangho,2020,9,72.54995727539062,3
Warri South-West,Ogbe-Ijoh,2020,9,428.17255316840277,36
Warri South-West,Ogidigben,2020,9,95.39979553222656,4
Warri South-West,Okerenkoko,2020,9,296.44420030381946,36
Warri South-West,Oporozo,2020,9,136.36624145507812,16
Warri South-West,Orere,2020,9,230.1979314630682,11
Warri South-West,Ugborodo,2020,9,211.869775390625,10
Warri South,Avenue,2020,9,447.95831298828125,2
Warri South,Bowen,2020,9,441.4877624511719,2
Warri South,Ekurede,2020,9,442.0908203125,4
Warri South,Esisi,2020,9,433.55816650390625,4
Warri South,Igbudu,2020,9,432.1080322265625,3
Warri South,Obodo,2020,9,416.13421630859375,16
Warri South,Ode-Itsekiri,2020,9,452.7109103732639,9
Warri South,Okere,2020,9,447.95831298828125,2
Warri South,Pessu,2020,9,441.4877624511719,2
Warri South,Ubeji,2020,9,434.6556919642857,7
Bomadi,Akugbene 1,2020,10,239.11715698242188,2
Bomadi,Akugbene 2,2020,10,241.61366271972656,1
Bomadi,Akugbene 3,2020,10,241.61366271972656,1
Bomadi,Bomadi,2020,10,264.09120686848956,6
Bomadi,Ekaametagbene/Kalafio,2020,10,255.2951456705729,12
Bomadi,Esanma,2020,10,243.9901580810547,4
Bomadi,Kpakiama,2020,10,249.915771484375,6
Bomadi,Ogbeinma/Okoloba,2020,10,248.41255696614584,3
Bomadi,Ogo/Eze,2020,10,251.6923370361328,2
Bomadi,Ogriagbene,2020,10,274.119140625,6
Burutu,Bolou-Ndoro,2020,10,280.40805451766306,23
Burutu,Egodor,2020,10,256.7409237132353,17
Burutu,Eseinbiri,2020,10,261.23251065340907,11
Burutu,Kiagbodo,2020,10,235.4140625,3
Burutu,Ngbilebiri,2020,10,252.2973429361979,6
Burutu,Obetebe,2020,10,248.51909348060346,29
Burutu,Ogulagha,2020,10,145.472939453125,25
Burutu,Ojobo,2020,10,284.49709065755206,6
Burutu,Tamigbe,2020,10,281.4675699869792,6
Burutu,Torugbene,2020,10,287.49761962890625,6
Burutu,Tuomo,2020,10,279.2666015625,9
Patani,Abari,2020,10,253.822265625,5
Patani,Agoloma,2020,10,251.11893717447916,3
Patani,Buluangiama,2020,10,249.33554077148438,8
Patani,Odorubu,2020,10,258.880859375,8
Patani,Patani 2,2020,10,239.0469512939453,4
Patani,Patani 3,2020,10,243.45332845052084,6
Patani,Patani 4,2020,10,236.9488525390625,2
Patani,Patani 5,2020,10,243.21112932477678,7
Patani,Toruangiama,2020,10,258.8663736979167,3
Patani,Uduophori,2020,10,258.756640625,5
Warri South-West,Ajudaibo,2020,10,40.27825164794922,4
Warri South-West,Akpakpa,2020,10,26.62740707397461,2
Warri South-West,Isaba,2020,10,259.88404947916666,15
Warri South-West,Madangho,2020,10,49.29736836751302,3
Warri South-West,Ogbe-Ijoh,2020,10,257.9261881510417,36
Warri South-West,Ogidigben,2020,10,75.8055648803711,4
Warri South-West,Okerenkoko,2020,10,214.90279134114584,36
Warri South-West,Oporozo,2020,10,100.47687530517578,16
Warri South-West,Orere,2020,10,224.03422407670453,11
Warri South-West,Ugborodo,2020,10,185.28707275390624,10
Warri South,Avenue,2020,10,242.55844116210938,2
Warri South,Bowen,2020,10,239.28680419921875,2
Warri South,Ekurede,2020,10,244.78480529785156,4
Warri South,Esisi,2020,10,241.2574920654297,4
Warri South,Igbudu,2020,10,240.6195068359375,3
Warri South,Obodo,2020,10,269.94091796875,16
Warri South,Ode-Itsekiri,2020,10,260.388427734375,9
Warri South,Okere,2020,10,242.55844116210938,2
Warri South,Pessu,2020,10,239.28680419921875,2
Warri South,Ubeji,2020,10,250.29471261160714,7
Bomadi,Akugbene 1,2020,11,106.436279296875,2
Bomadi,Akugbene 2,2020,11,101.76251983642578,1
Bomadi,Akugbene 3,2020,11,101.76251983642578,1
Bomadi,Bomadi,2020,11,118.8403828938802,6
Bomadi,Ekaametagbene/Kalafio,2020,11,148.7542928059896,12
Bomadi,Esanma,2020,11,113.03776550292969,4
Bomadi,Kpakiama,2020,11,101.46726481119792,6
Bomadi,Ogbeinma/Okoloba,2020,11,105.26028442382812,3
Bomadi,Ogo/Eze,2020,11,106.02613830566406,2
Bomadi,Ogriagbene,2020,11,168.04301961263022,6
Burutu,Bolou-Ndoro,2020,11,174.0210491677989,23
Burutu,Egodor,2020,11,136.53933536305146,17
Burutu,Eseinbiri,2020,11,137.0989324396307,11
Burutu,Kiagbodo,2020,11,91.87449137369792,3
Burutu,Ngbilebiri,2020,11,136.19792683919272,6
Burutu,Obetebe,2020,11,156.10435748922413,29
Burutu,Ogulagha,2020,11,100.58283203125,25
Burutu,Ojobo,2020,11,175.66231282552084,6
Burutu,Tamigbe,2020,11,161.53482055664062,6
Burutu,Torugbene,2020,11,169.3658650716146,6
Burutu,Tuomo,2020,11,146.07846408420139,9
Patani,Abari,2020,11,90.2272705078125,5
Patani,Agoloma,2020,11,94.2408955891927,3
Patani,Buluangiama,2020,11,93.45559692382812,8
Patani,Odorubu,2020,11,103.05899047851562,8
Patani,Patani 2,2020,11,87.09192657470703,4
Patani,Patani 3,2020,11,88.873046875,6
Patani,Patani 4,2020,11,83.5281982421875,2
Patani,Patani 5,2020,11,89.67336600167411,7
Patani,Toruangiama,2020,11,100.79456583658855,3
Patani,Uduophori,2020,11,107.6452880859375,5
Warri South-West,Ajudaibo,2020,11,23.765850067138672,4
Warri South-West,Akpakpa,2020,11,15.804219245910645,2
Warri South-West,Isaba,2020,11,143.73203125,15
Warri South-West,Madangho,2020,11,28.497177124023438,3
Warri South-West,Ogbe-Ijoh,2020,11,148.17621527777777,36
Warri South-West,Ogidigben,2020,11,63.55503845214844,4
Warri South-West,Okerenkoko,2020,11,111.48236762152777,36
Warri South-West,Oporozo,2020,11,51.8677978515625,16
Warri South-West,Orere,2020,11,127.5737637606534,11
Warri South-West,Ugborodo,2020,11,121.9806884765625,10
Warri South,Avenue,2020,11,109.80944061279297,2
Warri South,Bowen,2020,11,108.03120422363281,2
Warri South,Ekurede,2020,11,109.4249267578125,4
Warri South,Esisi,2020,11,102.93433380126953,4
Warri South,Igbudu,2020,11,103.4006856282552,3
Warri South,Obodo,2020,11,139.30673217773438,16
Warri South,Ode-Itsekiri,2020,11,129.12655978732639,9
Warri South,Okere,2020,11,109.80944061279297,2
Warri South,Pessu,2020,11,108.03120422363281,2
Warri South,Ubeji,2020,11,116.11988176618304,7
Bomadi,Akugbene 1,2020,12,58.04637908935547,2
Bomadi,Akugbene 2,2020,12,56.891929626464844,1
Bomadi,Akugbene 3,2020,12,56.891929626464844,1
Bomadi,Bomadi,2020,12,62.7293955485026,6
Bomadi,Ekaametagbene/Kalafio,2020,12,62.21126810709635,12
Bomadi,Esanma,2020,12,59.13819885253906,4
Bomadi,Kpakiama,2020,12,60.531636555989586,6
Bomadi,Ogbeinma/Okoloba,2020,12,59.45384216308594,3
Bomadi,Ogo/Eze,2020,12,64.14582824707031,2
Bomadi,Ogriagbene,2020,12,67.75729370117188,6
Burutu,Bolou-Ndoro,2020,12,69.3872760275136,23
Burutu,Egodor,2020,12,63.13380342371323,17
Burutu,Eseinbiri,2020,12,63.78785289417613,11
Burutu,Kiagbodo,2020,12,60.41334025065104,3
Burutu,Ngbilebiri,2020,12,65.5371602376302,6
Burutu,Obetebe,2020,12,56.76272898706897,29
Burutu,Ogulagha,2020,12,25.08950927734375,25
Burutu,Ojobo,2020,12,74.52041117350261,6
Burutu,Tamigbe,2020,12,71.39285786946614,6
Burutu,Torugbene,2020,12,72.76040649414062,6
Burutu,Tuomo,2020,12,68.90517849392361,9
Patani,Abari,2020,12,49.86183471679688,5
Patani,Agoloma,2020,12,58.55046081542969,3
Patani,Buluangiama,2020,12,60.567588806152344,8
Patani,Odorubu,2020,12,64.00988006591797,8
Patani,Patani 2,2020,12,54.052757263183594,4
Patani,Patani 3,2020,12,53.184855143229164,6
Patani,Patani 4,2020,12,55.193511962890625,2
Patani,Patani 5,2020,12,55.95106724330357,7
Patani,Toruangiama,2020,12,65.0160624186198,3
Patani,Uduophori,2020,12,64.46025390625,5
Warri South-West,Ajudaibo,2020,12,3.7061712741851807,4
Warri South-West,Akpakpa,2020,12,2.4733431339263916,2
Warri South-West,Isaba,2020,12,58.854984537760416,15
Warri South-West,Madangho,2020,12,4.501903533935547,3
Warri South-West,Ogbe-Ijoh,2020,12,47.29539659288194,36
Warri South-West,Ogidigben,2020,12,9.963578224182129,4
Warri South-West,Okerenkoko,2020,12,22.816160413953995,36
Warri South-West,Oporozo,2020,12,10.142563819885254,16
Warri South-West,Orere,2020,12,20.206186467950996,11
Warri South-West,Ugborodo,2020,12,18.539505004882812,10
Warri South,Avenue,2020,12,52.203678131103516,2
Warri South,Bowen,2020,12,55.52943420410156,2
Warri South,Ekurede,2020,12,52.534645080566406,4
Warri South,Esisi,2020,12,53.67292022705078,4
Warri South,Igbudu,2020,12,54.18964640299479,3
Warri South,Obodo,2020,12,37.036895751953125,16
Warri South,Ode-Itsekiri,2020,12,54.03075832790799,9
Warri South,Okere,2020,12,52.203678131103516,2
Warri South,Pessu,2020,12,55.52943420410156,2
Warri South,Ubeji,2020,12,48.276746477399556,7
Bomadi,Akugbene 1,2021,1,30.63037872314453,2
Bomadi,Akugbene 2,2021,1,32.39786911010742,1
Bomadi,Akugbene 3,2021,1,32.39786911010742,1
Bomadi,Bomadi,2021,1,39.60973866780599,6
Bomadi,Ekaametagbene/Kalafio,2021,1,34.65550231933594,12
Bomadi,Esanma,2021,1,31.62537956237793,4
Bomadi,Kpakiama,2021,1,32.66588338216146,6
Bomadi,Ogbeinma/Okoloba,2021,1,30.44140879313151,3
Bomadi,Ogo/Eze,2021,1,28.231035232543945,2
Bomadi,Ogriagbene,2021,1,44.88654073079427,6
Burutu,Bolou-Ndoro,2021,1,42.83504320227581,23
Burutu,Egodor,2021,1,28.361979765050553,17
Burutu,Eseinbiri,2021,1,35.97220680930398,11
Burutu,Kiagbodo,2021,1,27.456339518229168,3
Burutu,Ngbilebiri,2021,1,32.33934783935547,6
Burutu,Obetebe,2021,1,27.95470980940194,29
Burutu,Ogulagha,2021,1,13.360491943359374,25
Burutu,Ojobo,2021,1,53.935882568359375,6
Burutu,Tamigbe,2021,1,46.46124267578125,6
Burutu,Torugbene,2021,1,52.973103841145836,6
Burutu,Tuomo,2021,1,45.338785807291664,9
Patani,Abari,2021,1,27.618377685546875,5
Patani,Agoloma,2021,1,34.59007008870443,3
Patani,Buluangiama,2021,1,35.97654342651367,8
Patani,Odorubu,2021,1,38.14122772216797,8
Patani,Patani 2,2021,1,29.772462844848633,4
Patani,Patani 3,2021,1,29.97936503092448,6
Patani,Patani 4,2021,1,31.18505096435547,2
Patani,Patani 5,2021,1,33.60555812290737,7
Patani,Toruangiama,2021,1,39.41394297281901,3
Patani,Uduophori,2021,1,40.58097534179687,5
Warri South-West,Ajudaibo,2021,1,3.721471071243286,4
Warri South-West,Akpakpa,2021,1,2.413346529006958,2
Warri South-West,Isaba,2021,1,24.656416829427084,15
Warri South-West,Madangho,2021,1,4.520548502604167,3
Warri South-West,Ogbe-Ijoh,2021,1,22.63760545518663,36
Warri South-West,Ogidigben,2021,1,5.230571746826172,4
Warri South-West,Okerenkoko,2021,1,16.7171630859375,36
Warri South-West,Oporozo,2021,1,8.14616584777832,16
Warri South-West,Orere,2021,1,10.58062674782493,11
Warri South-West,Ugborodo,2021,1,9.713407897949219,10
Warri South,Avenue,2021,1,26.531982421875,2
Warri South,Bowen,2021,1,26.20993423461914,2
Warri South,Ekurede,2021,1,24.680397033691406,4
Warri South,Esisi,2021,1,26.585742950439453,4
Warri South,Igbudu,2021,1,26.87890116373698,3
Warri South,Obodo,2021,1,27.202381134033203,16
Warri South,Ode-Itsekiri,2021,1,24.427820841471355,9
Warri South,Okere,2021,1,26.531982421875,2
Warri South,Pessu,2021,1,26.20993423461914,2
Warri South,Ubeji,2021,1,25.618802751813615,7
Bomadi,Akugbene 1,2021,2,44.75428009033203,2
Bomadi,Akugbene 2,2021,2,43.26903533935547,1
Bomadi,Akugbene 3,2021,2,43.26903533935547,1
Bomadi,Bomadi,2021,2,44.017822265625,6
Bomadi,Ekaametagbene/Kalafio,2021,2,43.04957580566406,12
Bomadi,Esanma,2021,2,44.192012786865234,4
Bomadi,Kpakiama,2021,2,41.8135019938151,6
Bomadi,Ogbeinma/Okoloba,2021,2,43.364227294921875,3
Bomadi,Ogo/Eze,2021,2,43.942535400390625,2
Bomadi,Ogriagbene,2021,2,44.8124745686849,6
Burutu,Bolou-Ndoro,2021,2,42.92939824643342,23
Burutu,Egodor,2021,2,43.539938534007355,17
Burutu,Eseinbiri,2021,2,44.287511652166195,11
Burutu,Kiagbodo,2021,2,43.368977864583336,3
Burutu,Ngbilebiri,2021,2,45.246866861979164,6
Burutu,Obetebe,2021,2,41.25388099407328,29
Burutu,Ogulagha,2021,2,25.3449365234375,25
Burutu,Ojobo,2021,2,40.66629536946615,6
Burutu,Tamigbe,2021,2,44.09736124674479,6
Burutu,Torugbene,2021,2,42.48925272623698,6
Burutu,Tuomo,2021,2,44.89952256944444,9
Patani,Abari,2021,2,38.93160400390625,5
Patani,Agoloma,2021,2,39.20081583658854,3
Patani,Buluangiama,2021,2,38.617095947265625,8
Patani,Odorubu,2021,2,39.86280059814453,8
Patani,Patani 2,2021,2,38.43605422973633,4
Patani,Patani 3,2021,2,38.873433430989586,6
Patani,Patani 4,2021,2,38.99317932128906,2
Patani,Patani 5,2021,2,38.380257742745535,7
Patani,Toruangiama,2021,2,39.07697041829427,3
Patani,Uduophori,2021,2,38.663299560546875,5
Warri South-West,Ajudaibo,2021,2,5.423816204071045,4
Warri South-West,Akpakpa,2021,2,3.6700901985168457,2
Warri South-West,Isaba,2021,2,40.998714192708334,15
Warri South-West,Madangho,2021,2,6.558305740356445,3
Warri South-West,Ogbe-Ijoh,2021,2,39.53120591905382,36
Warri South-West,Ogidigben,2021,2,12.043911933898926,4
Warri South-West,Okerenkoko,2021,2,27.92062038845486,36
Warri South-West,Oporozo,2021,2,13.59075927734375,16
Warri South-West,Orere,2021,2,27.843910910866477,11
Warri South-West,Ugborodo,2021,2,24.405117797851563,10
Warri South,Avenue,2021,2,41.405738830566406,2
Warri South,Bowen,2021,2,39.466552734375,2
Warri South,Ekurede,2021,2,40.64337921142578,4
Warri South,Esisi,2021,2,39.91302490234375,4
Warri South,Igbudu,2021,2,39.251383463541664,3
Warri South,Obodo,2021,2,38.701072692871094,16
Warri South,Ode-Itsekiri,2021,2,40.15778266059028,9
Warri South,Okere,2021,2,41.405738830566406,2
Warri South,Pessu,2021,2,39.466552734375,2
Warri South,Ubeji,2021,2,41.185825892857146,7
Bomadi,Akugbene 1,2021,3,100.41000366210938,2
Bomadi,Akugbene 2,2021,3,100.54393005371094,1
Bomadi,Akugbene 3,2021,3,100.54393005371094,1
Bomadi,Bomadi,2021,3,119.81934611002605,6
Bomadi,Ekaametagbene/Kalafio,2021,3,102.2960713704427,12
Bomadi,Esanma,2021,3,105.8374252319336,4
Bomadi,Kpakiama,2021,3,111.64971923828125,6
Bomadi,Ogbeinma/Okoloba,2021,3,104.14921061197917,3
Bomadi,Ogo/Eze,2021,3,97.50747680664062,2
Bomadi,Ogriagbene,2021,3,116.08606974283855,6
Burutu,Bolou-Ndoro,2021,3,100.49256963315217,23
Burutu,Egodor,2021,3,92.8645881204044,17
Burutu,Eseinbiri,2021,3,114.90981223366477,11
Burutu,Kiagbodo,2021,3,93.40921020507812,3
Burutu,Ngbilebiri,2021,3,97.45721435546875,6
Burutu,Obetebe,2021,3,86.16211779364224,29
Burutu,Ogulagha,2021,3,48.734130859375,25
Burutu,Ojobo,2021,3,110.8045654296875,6
Burutu,Tamigbe,2021,3,124.05466715494792,6
Burutu,Torugbene,2021,3,122.40779622395833,6
Burutu,Tuomo,2021,3,122.98768446180556,9
Patani,Abari,2021,3,99.04034423828125,5
Patani,Agoloma,2021,3,107.90199788411458,3
Patani,Buluangiama,2021,3,107.43313598632812,8
Patani,Odorubu,2021,3,109.47834777832031,8
Patani,Patani 2,2021,3,96.58206176757812,4
Patani,Patani 3,2021,3,98.57135009765625,6
Patani,Patani 4,2021,3,98.47679138183594,2
Patani,Patani 5,2021,3,102.42460414341518,7
Patani,Toruangiama,2021,3,111.8463846842448,3
Patani,Uduophori,2021,3,109.36685791015626,5
Warri South-West,Ajudaibo,2021,3,11.464227676391602,4
Warri South-West,Akpakpa,2021,3,7.643556594848633,2
Warri South-West,Isaba,2021,3,87.89773763020834,15
Warri South-West,Madangho,2021,3,13.931529998779297,3
Warri South-West,Ogbe-Ijoh,2021,3,83.53578694661458,36
Warri South-West,Ogidigben,2021,3,25.367267608642578,4
Warri South-West,Okerenkoko,2021,3,74.202880859375,36
Warri South-West,Oporozo,2021,3,30.447166442871094,16
Warri South-West,Orere,2021,3,82.76579145951705,11
Warri South-West,Ugborodo,2021,3,62.7290283203125,10
Warri South,Avenue,2021,3,87.80899810791016,2
Warri South,Bowen,2021,3,85.08517456054688,2
Warri South,Ekurede,2021,3,86.44568634033203,4
Warri South,Esisi,2021,3,86.41416931152344,4
Warri South,Igbudu,2021,3,86.06446329752605,3
Warri South,Obodo,2021,3,96.50019073486328,16
Warri South,Ode-Itsekiri,2021,3,87.55721028645833,9
Warri South,Okere,2021,3,87.80899810791016,2
Warri South,Pessu,2021,3,85.08517456054688,2
Warri South,Ubeji,2021,3,89.18134416852679,7
Bomadi,Akugbene 1,2021,4,172.8483428955078,2
Bomadi,Akugbene 2,2021,4,171.25482177734375,1
Bomadi,Akugbene 3,2021,4,171.25482177734375,1
Bomadi,Bomadi,2021,4,162.02281697591147,6
Bomadi,Ekaametagbene/Kalafio,2021,4,184.8188273111979,12
Bomadi,Esanma,2021,4,173.05953979492188,4
Bomadi,Kpakiama,2021,4,162.9463094075521,6
Bomadi,Ogbeinma/Okoloba,2021,4,173.1250203450521,3
Bomadi,Ogo/Eze,2021,4,178.3202667236328,2
Bomadi,Ogriagbene,2021,4,181.88897705078125,6
Burutu,Bolou-Ndoro,2021,4,194.6656547214674,23
Burutu,Egodor,2021,4,187.1967055376838,17
Burutu,Eseinbiri,2021,4,173.06459738991478,11
Burutu,Kiagbodo,2021,4,164.13525390625,3
Burutu,Ngbilebiri,2021,4,183.37422688802084,6
Burutu,Obetebe,2021,4,191.65066002155172,29
Burutu,Ogulagha,2021,4,122.23580078125,25
Burutu,Ojobo,2021,4,176.61177571614584,6
Burutu,Tamigbe,2021,4,179.53670247395834,6
Burutu,Torugbene,2021,4,179.2833048502604,6
Burutu,Tuomo,2021,4,170.44228786892361,9
Patani,Abari,2021,4,160.36123046875,5
Patani,Agoloma,2021,4,162.61136881510416,3
Patani,Buluangiama,2021,4,164.84185791015625,8
Patani,Odorubu,2021,4,165.77682495117188,8
Patani,Patani 2,2021,4,159.8274383544922,4
Patani,Patani 3,2021,4,160.3348388671875,6
Patani,Patani 4,2021,4,160.39492797851562,2
Patani,Patani 5,2021,4,161.32625906808036,7
Patani,Toruangiama,2021,4,167.6131591796875,3
Patani,Uduophori,2021,4,168.650244140625,5
Warri South-West,Ajudaibo,2021,4,24.43680191040039,4
Warri South-West,Akpakpa,2021,4,15.959857940673828,2
Warri South-West,Isaba,2021,4,190.24451497395833,15
Warri South-West,Madangho,2021,4,29.563507080078125,3
Warri South-West,Ogbe-Ijoh,2021,4,189.90513780381946,36
Warri South-West,Ogidigben,2021,4,60.14551544189453,4
Warri South-West,Okerenkoko,2021,4,142.62641059027777,36
Warri South-West,Oporozo,2021,4,61.26131057739258,16
Warri South-West,Orere,2021,4,144.82682661576703,11
Warri South-West,Ugborodo,2021,4,125.6467529296875,10
Warri South,Avenue,2021,4,173.82839965820312,2
Warri South,Bowen,2021,4,164.2479248046875,2
Warri South,Ekurede,2021,4,178.34970092773438,4
Warri South,Esisi,2021,4,170.8090362548828,4
Warri South,Igbudu,2021,4,169.0050048828125,3
Warri South,Obodo,2021,4,203.01007080078125,16
Warri South,Ode-Itsekiri,2021,4,185.6417236328125,9
Warri South,Okere,2021,4,173.82839965820312,2
Warri South,Pessu,2021,4,164.2479248046875,2
Warri South,Ubeji,2021,4,189.03721400669642,7
Bomadi,Akugbene 1,2021,5,331.4163513183594,2
Bomadi,Akugbene 2,2021,5,333.2148742675781,1
Bomadi,Akugbene 3,2021,5,333.2148742675781,1
Bomadi,Bomadi,2021,5,342.5447184244792,6
Bomadi,Ekaametagbene/Kalafio,2021,5,333.98724365234375,12
Bomadi,Esanma,2021,5,330.080078125,4
Bomadi,Kpakiama,2021,5,336.44517008463544,6
Bomadi,Ogbeinma/Okoloba,2021,5,333.1274007161458,3
Bomadi,Ogo/Eze,2021,5,323.052978515625,2
Bomadi,Ogriagbene,2021,5,345.8780924479167,6
Burutu,Bolou-Ndoro,2021,5,336.71371858016306,23
Burutu,Egodor,2021,5,324.21495863970586,17
Burutu,Eseinbiri,2021,5,335.21488813920456,11
Burutu,Kiagbodo,2021,5,331.7874755859375,3
Burutu,Ngbilebiri,2021,5,323.2307942708333,6
Burutu,Obetebe,2021,5,299.9619140625,29
Burutu,Ogulagha,2021,5,162.169423828125,25
Burutu,Ojobo,2021,5,325.0910237630208,6
Burutu,Tamigbe,2021,5,339.25966389973956,6
Burutu,Torugbene,2021,5,340.5305582682292,6
Burutu,Tuomo,2021,5,341.73790147569446,9
Patani,Abari,2021,5,319.4884765625,5
Patani,Agoloma,2021,5,325.0843912760417,3
Patani,Buluangiama,2021,5,324.87640380859375,8
Patani,Odorubu,2021,5,333.0616455078125,8
Patani,Patani 2,2021,5,320.13714599609375,4
Patani,Patani 3,2021,5,320.0665283203125,6
Patani,Patani 4,2021,5,323.0893249511719,2
Patani,Patani 5,2021,5,321.069580078125,7
Patani,Toruangiama,2021,5,330.08339436848956,3
Patani,Uduophori,2021,5,329.159814453125,5
Warri South-West,Ajudaibo,2021,5,32.855323791503906,4
Warri South-West,Akpakpa,2021,5,22.103952407836914,2
Warri South-West,Isaba,2021,5,315.4801432291667,15
Warri South-West,Madangho,2021,5,39.93301645914713,3
Warri South-West,Ogbe-Ijoh,2021,5,267.8827853732639,36
Warri South-West,Ogidigben,2021,5,72.34679412841797,4
Warri South-West,Okerenkoko,2021,5,174.03514268663196,36
Warri South-West,Oporozo,2021,5,78.85114288330078,16
Warri South-West,Orere,2021,5,139.62928355823863,11
Warri South-West,Ugborodo,2021,5,129.51746826171876,10
Warri South,Avenue,2021,5,281.0440673828125,2
Warri South,Bowen,2021,5,292.85321044921875,2
Warri South,Ekurede,2021,5,280.8243713378906,4
Warri South,Esisi,2021,5,279.32830810546875,4
Warri South,Igbudu,2021,5,284.82383219401044,3
Warri South,Obodo,2021,5,258.18792724609375,16
Warri South,Ode-Itsekiri,2021,5,293.514892578125,9
Warri South,Okere,2021,5,281.0440673828125,2
Warri South,Pessu,2021,5,292.85321044921875,2
Warri South,Ubeji,2021,5,259.9918212890625,7
Bomadi,Akugbene 1,2021,6,462.7764892578125,2
Bomadi,Akugbene 2,2021,6,469.61993408203125,1
Bomadi,Akugbene 3,2021,6,469.61993408203125,1
Bomadi,Bomadi,2021,6,499.4993489583333,6
Bomadi,Ekaametagbene/Kalafio,2021,6,523.0286458333334,12
Bomadi,Esanma,2021,6,471.9437255859375,4
Bomadi,Kpakiama,2021,6,484.8455403645833,6
Bomadi,Ogbeinma/Okoloba,2021,6,459.5485026041667,3
Bomadi,Ogo/Eze,2021,6,429.99102783203125,2
Bomadi,Ogriagbene,2021,6,544.92431640625,6
Burutu,Bolou-Ndoro,2021,6,563.5413977581521,23
Burutu,Egodor,2021,6,464.4331916360294,17
Burutu,Eseinbiri,2021,6,507.849609375,11
Burutu,Kiagbodo,2021,6,415.9755045572917,3
Burutu,Ngbilebiri,2021,6,466.954833984375,6
Burutu,Obetebe,2021,6,476.8888739224138,29
Burutu,Ogulagha,2021,6,236.05853515625,25
Burutu,Ojobo,2021,6,558.9828287760416,6
Burutu,Tamigbe,2021,6,527.4287516276041,6
Burutu,Torugbene,2021,6,544.0001627604166,6
Burutu,Tuomo,2021,6,514.6870659722222,9
Patani,Abari,2021,6,406.877978515625,5
Patani,Agoloma,2021,6,427.380615234375,3
Patani,Buluangiama,2021,6,438.58837890625,8
Patani,Odorubu,2021,6,460.41339111328125,8
Patani,Patani 2,2021,6,413.5669860839844,4
Patani,Patani 3,2021,6,415.6389567057292,6
Patani,Patani 4,2021,6,414.84686279296875,2
Patani,Patani 5,2021,6,427.0065220424107,7
Patani,Toruangiama,2021,6,448.34619140625,3
Patani,Uduophori,2021,6,445.8728515625,5
Warri South-West,Ajudaibo,2021,6,48.2357063293457,4
Warri South-West,Akpakpa,2021,6,33.09370422363281,2
Warri South-West,Isaba,2021,6,462.76806640625,15
Warri South-West,Madangho,2021,6,59.372782389322914,3
Warri South-West,Ogbe-Ijoh,2021,6,439.4991861979167,36
Warri South-West,Ogidigben,2021,6,88.15364837646484,4
Warri South-West,Okerenkoko,2021,6,280.84852430555554,36
Warri South-West,Oporozo,2021,6,130.3910675048828,16
Warri South-West,Orere,2021,6,236.0860262784091,11
Warri South-West,Ugborodo,2021,6,200.8048095703125,10
Warri South,Avenue,2021,6,395.5319519042969,2
Warri South,Bowen,2021,6,407.4222412109375,2
Warri South,Ekurede,2021,6,402.94757080078125,4
Warri South,Esisi,2021,6,385.46990966796875,4
Warri South,Igbudu,2021,6,393.9412434895833,3
Warri South,Obodo,2021,6,403.4052734375,16
Warri South,Ode-Itsekiri,2021,6,438.9008517795139,9
Warri South,Okere,2021,6,395.5319519042969,2
Warri South,Pessu,2021,6,407.4222412109375,2
Warri South,Ubeji,2021,6,396.9784458705357,7
Bomadi,Akugbene 1,2021,7,254.47146606445312,2
Bomadi,Akugbene 2,2021,7,258.9223327636719,1
Bomadi,Akugbene 3,2021,7,258.9223327636719,1
Bomadi,Bomadi,2021,7,241.39290364583334,6
Bomadi,Ekaametagbene/Kalafio,2021,7,313.4555257161458,12
Bomadi,Esanma,2021,7,256.87542724609375,4
Bomadi,Kpakiama,2021,7,235.1498819986979,6
Bomadi,Ogbeinma/Okoloba,2021,7,250.70113118489584,3
Bomadi,Ogo/Eze,2021,7,244.0932159423828,2
Bomadi,Ogriagbene,2021,7,302.44578043619794,6
Burutu,Bolou-Ndoro,2021,7,385.1057235054348,23
Burutu,Egodor,2021,7,300.00792738970586,17
Burutu,Eseinbiri,2021,7,268.43636807528407,11
Burutu,Kiagbodo,2021,7,255.74507649739584,3
Burutu,Ngbilebiri,2021,7,281.18994140625,6
Burutu,Obetebe,2021,7,342.5479525862069,29
Burutu,Ogulagha,2021,7,190.13203125,25
Burutu,Ojobo,2021,7,329.8120524088542,6
Burutu,Tamigbe,2021,7,283.3765869140625,6
Burutu,Torugbene,2021,7,302.5263264973958,6
Burutu,Tuomo,2021,7,255.82288953993054,9
Patani,Abari,2021,7,215.198046875,5
Patani,Agoloma,2021,7,224.01761881510416,3
Patani,Buluangiama,2021,7,223.70294189453125,8
Patani,Odorubu,2021,7,223.2176971435547,8
Patani,Patani 2,2021,7,209.52163696289062,4
Patani,Patani 3,2021,7,214.87373860677084,6
Patani,Patani 4,2021,7,208.27415466308594,2
Patani,Patani 5,2021,7,217.64093889508928,7
Patani,Toruangiama,2021,7,231.53495279947916,3
Patani,Uduophori,2021,7,223.8921875,5
Warri South-West,Ajudaibo,2021,7,60.64749526977539,4
Warri South-West,Akpakpa,2021,7,38.28798294067383,2
Warri South-West,Isaba,2021,7,329.9256184895833,15
Warri South-West,Madangho,2021,7,74.47265625,3
Warri South-West,Ogbe-Ijoh,2021,7,349.38286675347223,36
Warri South-West,Ogidigben,2021,7,82.64290618896484,4
Warri South-West,Okerenkoko,2021,7,276.96571180555554,36
Warri South-West,Oporozo,2021,7,145.83233642578125,16
Warri South-West,Orere,2021,7,227.74123313210228,11
Warri South-West,Ugborodo,2021,7,204.42713623046876,10
Warri South,Avenue,2021,7,290.936279296875,2
Warri South,Bowen,2021,7,281.4271240234375,2
Warri South,Ekurede,2021,7,308.77947998046875,4
Warri South,Esisi,2021,7,277.4425048828125,4
Warri South,Igbudu,2021,7,275.63055419921875,3
Warri South,Obodo,2021,7,357.2983703613281,16
Warri South,Ode-Itsekiri,2021,7,334.5473361545139,9
Warri South,Okere,2021,7,290.936279296875,2
Warri South,Pessu,2021,7,281.4271240234375,2
Warri South,Ubeji,2021,7,320.0755092075893,7
Bomadi,Akugbene 1,2021,8,498.5640563964844,2
Bomadi,Akugbene 2,2021,8,505.4677734375,1
Bomadi,Akugbene 3,2021,8,505.4677734375,1
Bomadi,Bomadi,2021,8,514.7922770182291,6
Bomadi,Ekaametagbene/Kalafio,2021,8,493.5199381510417,12
Bomadi,Esanma,2021,8,504.818115234375,4
Bomadi,Kpakiama,2021,8,513.1977945963541,6
Bomadi,Ogbeinma/Okoloba,2021,8,503.8293863932292,3
Bomadi,Ogo/Eze,2021,8,494.0216979980469,2
Bomadi,Ogriagbene,2021,8,497.8898111979167,6
Burutu,Bolou-Ndoro,2021,8,484.6242357336956,23
Burutu,Egodor,2021,8,533.1648667279412,17
Burutu,Eseinbiri,2021,8,508.54074928977275,11
Burutu,Kiagbodo,2021,8,508.587646484375,3
Burutu,Ngbilebiri,2021,8,511.8656005859375,6
Burutu,Obetebe,2021,8,445.8444234913793,29
Burutu,Ogulagha,2021,8,237.86759765625,25
Burutu,Ojobo,2021,8,518.2657877604166,6
Burutu,Tamigbe,2021,8,511.1024169921875,6
Burutu,Torugbene,2021,8,513.9648030598959,6
Burutu,Tuomo,2021,8,510.8849826388889,9
Patani,Abari,2021,8,472.441162109375,5
Patani,Agoloma,2021,8,480.1060791015625,3
Patani,Buluangiama,2021,8,483.44927978515625,8
Patani,Odorubu,2021,8,485.81414794921875,8
Patani,Patani 2,2021,8,479.95458984375,4
Patani,Patani 3,2021,8,476.9960530598958,6
Patani,Patani 4,2021,8,473.72686767578125,2
Patani,Patani 5,2021,8,481.40708705357144,7
Patani,Toruangiama,2021,8,479.73046875,3
Patani,Uduophori,2021,8,479.816162109375,5
Warri South-West,Ajudaibo,2021,8,75.22931671142578,4
Warri South-West,Akpakpa,2021,8,48.133575439453125,2
Warri South-West,Isaba,2021,8,576.366015625,15
Warri South-West,Madangho,2021,8,91.9862060546875,3
Warri South-West,Ogbe-Ijoh,2021,8,532.30810546875,36
Warri South-West,Ogidigben,2021,8,114.26287841796875,4
Warri South-West,Okerenkoko,2021,8,431.79871961805554,36
Warri South-West,Oporozo,2021,8,200.2750701904297,16
Warri South-West,Orere,2021,8,350.62240323153407,11
Warri South-West,Ugborodo,2021,8,294.4940185546875,10
Warri South,Avenue,2021,8,596.7742309570312,2
Warri South,Bowen,2021,8,567.4658813476562,2
Warri South,Ekurede,2021,8,599.77685546875,4
Warri South,Esisi,2021,8,559.8867797851562,4
Warri South,Igbudu,2021,8,549.4110514322916,3
Warri South,Obodo,2021,8,556.0750122070312,16
Warri South,Ode-Itsekiri,2021,8,601.0578342013889,9
Warri South,Okere,2021,8,596.7742309570312,2
Warri South,Pessu,2021,8,567.4658813476562,2
Warri South,Ubeji,2021,8,582.4324079241071,7
Bomadi,Akugbene 1,2021,9,576.0173950195312,2
Bomadi,Akugbene 2,2021,9,581.4573974609375,1
Bomadi,Akugbene 3,2021,9,581.4573974609375,1
Bomadi,Bomadi,2021,9,612.7943522135416,6
Bomadi,Ekaametagbene/Kalafio,2021,9,630.229736328125,12
Bomadi,Esanma,2021,9,588.7779541015625,4
Bomadi,Kpakiama,2021,9,590.4208170572916,6
Bomadi,Ogbeinma/Okoloba,2021,9,584.4111735026041,3
Bomadi,Ogo/Eze,2021,9,557.1766357421875,2
Bomadi,Ogriagbene,2021,9,678.5218098958334,6
Burutu,Bolou-Ndoro,2021,9,687.2669836956521,23
Burutu,Egodor,2021,9,583.7694163602941,17
Burutu,Eseinbiri,2021,9,628.2188831676136,11
Burutu,Kiagbodo,2021,9,548.7724609375,3
Burutu,Ngbilebiri,2021,9,596.0103352864584,6
Burutu,Obetebe,2021,9,584.7361934267242,29
Burutu,Ogulagha,2021,9,294.03453125,25
Burutu,Ojobo,2021,9,727.7421875,6
Burutu,Tamigbe,2021,9,700.2997233072916,6
Burutu,Torugbene,2021,9,726.9248046875,6
Burutu,Tuomo,2021,9,654.6975911458334,9
Patani,Abari,2021,9,570.14365234375,5
Patani,Agoloma,2021,9,582.060302734375,3
Patani,Buluangiama,2021,9,584.460205078125,8
Patani,Odorubu,2021,9,597.0120849609375,8
Patani,Patani 2,2021,9,565.863037109375,4
Patani,Patani 3,2021,9,571.9300130208334,6
Patani,Patani 4,2021,9,567.0654296875,2
Patani,Patani 5,2021,9,569.9138881138393,7
Patani,Toruangiama,2021,9,586.1023763020834,3
Patani,Uduophori,2021,9,596.00556640625,5
Warri South-West,Ajudaibo,2021,9,75.19493103027344,4
Warri South-West,Akpakpa,2021,9,50.347320556640625,2
Warri South-West,Isaba,2021,9,557.4567708333333,15
Warri South-West,Madangho,2021,9,91.03857421875,3
Warri South-West,Ogbe-Ijoh,2021,9,518.2802191840278,36
Warri South-West,Ogidigben,2021,9,120.34322357177734,4
Warri South-West,Okerenkoko,2021,9,355.3194986979167,36
Warri South-West,Oporozo,2021,9,166.6891326904297,16
Warri South-West,Orere,2021,9,268.34272904829544,11
Warri South-West,Ugborodo,2021,9,245.3276611328125,10
Warri South,Avenue,2021,9,506.78076171875,2
Warri South,Bowen,2021,9,504.54638671875,2
Warri South,Ekurede,2021,9,498.44683837890625,4
Warri South,Esisi,2021,9,492.409912109375,4
Warri South,Igbudu,2021,9,491.6787109375,3
Warri South,Obodo,2021,9,488.3663635253906,16
Warri South,Ode-Itsekiri,2021,9,521.3416341145834,9
Warri South,Okere,2021,9,506.78076171875,2
Warri South,Pessu,2021,9,504.54638671875,2
Warri South,Ubeji,2021,9,489.45438058035717,7
Bomadi,Akugbene 1,2021,10,442.1453857421875,2
Bomadi,Akugbene 2,2021,10,449.03314208984375,1
Bomadi,Akugbene 3,2021,10,449.03314208984375,1
Bomadi,Bomadi,2021,10,472.700927734375,6
Bomadi,Ekaametagbene/Kalafio,2021,10,477.4312337239583,12
Bomadi,Esanma,2021,10,450.4601135253906,4
Bomadi,Kpakiama,2021,10,448.2321370442708,6
Bomadi,Ogbeinma/Okoloba,2021,10,453.015869140625,3
Bomadi,Ogo/Eze,2021,10,457.26922607421875,2
Bomadi,Ogriagbene,2021,10,522.8212076822916,6
Burutu,Bolou-Ndoro,2021,10,498.2924167798913,23
Burutu,Egodor,2021,10,454.15530215992646,17
Burutu,Eseinbiri,2021,10,483.9967595880682,11
Burutu,Kiagbodo,2021,10,419.3216552734375,3
Burutu,Ngbilebiri,2021,10,460.6693522135417,6
Burutu,Obetebe,2021,10,422.55697737068965,29
Burutu,Ogulagha,2021,10,227.27921875,25
Burutu,Ojobo,2021,10,524.5997314453125,6
Burutu,Tamigbe,2021,10,523.4310302734375,6
Burutu,Torugbene,2021,10,532.6659342447916,6
Burutu,Tuomo,2021,10,501.95496961805554,9
Patani,Abari,2021,10,442.251123046875,5
Patani,Agoloma,2021,10,452.4103190104167,3
Patani,Buluangiama,2021,10,450.1719970703125,8
Patani,Odorubu,2021,10,457.9874267578125,8
Patani,Patani 2,2021,10,427.3591613769531,4
Patani,Patani 3,2021,10,436.5304768880208,6
Patani,Patani 4,2021,10,428.8095397949219,2
Patani,Patani 5,2021,10,434.31375558035717,7
Patani,Toruangiama,2021,10,469.9252115885417,3
Patani,Uduophori,2021,10,462.29169921875,5
Warri South-West,Ajudaibo,2021,10,54.27186584472656,4
Warri South-West,Akpakpa,2021,10,35.150489807128906,2
Warri South-West,Isaba,2021,10,455.6881510416667,15
Warri South-West,Madangho,2021,10,66.07947285970052,3
Warri South-West,Ogbe-Ijoh,2021,10,431.22539605034723,36
Warri South-West,Ogidigben,2021,10,105.93367767333984,4
Warri South-West,Okerenkoko,2021,10,315.8114963107639,36
Warri South-West,Oporozo,2021,10,136.76654052734375,16
Warri South-West,Orere,2021,10,296.7726384943182,11
Warri South-West,Ugborodo,2021,10,249.6873046875,10
Warri South,Avenue,2021,10,430.9537353515625,2
Warri South,Bowen,2021,10,418.4563903808594,2
Warri South,Ekurede,2021,10,439.57470703125,4
Warri South,Esisi,2021,10,425.9384765625,4
Warri South,Igbudu,2021,10,423.4166666666667,3
Warri South,Obodo,2021,10,447.3475646972656,16
Warri South,Ode-Itsekiri,2021,10,459.88585069444446,9
Warri South,Okere,2021,10,430.9537353515625,2
Warri South,Pessu,2021,10,418.4563903808594,2
Warri South,Ubeji,2021,10,449.06923130580356,7
Bomadi,Akugbene 1,2021,11,295.1558837890625,2
Bomadi,Akugbene 2,2021,11,290.9557800292969,1
Bomadi,Akugbene 3,2021,11,290.9557800292969,1
Bomadi,Bomadi,2021,11,285.51080322265625,6
Bomadi,Ekaametagbene/Kalafio,2021,11,285.1962483723958,12
Bomadi,Esanma,2021,11,289.9742431640625,4
Bomadi,Kpakiama,2021,11,268.4101969401042,6
Bomadi,Ogbeinma/Okoloba,2021,11,281.30841064453125,3
Bomadi,Ogo/Eze,2021,11,283.6474304199219,2
Bomadi,Ogriagbene,2021,11,313.7240397135417,6
Burutu,Bolou-Ndoro,2021,11,313.2570906929348,23
Burutu,Egodor,2021,11,275.4958065257353,17
Burutu,Eseinbiri,2021,11,298.2430974786932,11
Burutu,Kiagbodo,2021,11,269.20330810546875,3
Burutu,Ngbilebiri,2021,11,308.40338134765625,6
Burutu,Obetebe,2021,11,261.83273841594826,29
Burutu,Ogulagha,2021,11,152.261572265625,25
Burutu,Ojobo,2021,11,309.05841064453125,6
Burutu,Tamigbe,2021,11,319.0425211588542,6
Burutu,Torugbene,2021,11,306.41156005859375,6
Burutu,Tuomo,2021,11,311.5468478732639,9
Patani,Abari,2021,11,283.397265625,5
Patani,Agoloma,2021,11,280.1394449869792,3
Patani,Buluangiama,2021,11,276.48785400390625,8
Patani,Odorubu,2021,11,275.2591552734375,8
Patani,Patani 2,2021,11,274.96234130859375,4
Patani,Patani 3,2021,11,275.9805094401042,6
Patani,Patani 4,2021,11,266.9228210449219,2
Patani,Patani 5,2021,11,274.72513253348217,7
Patani,Toruangiama,2021,11,289.97174072265625,3
Patani,Uduophori,2021,11,290.7306640625,5
Warri South-West,Ajudaibo,2021,11,29.236923217773438,4
Warri South-West,Akpakpa,2021,11,19.633588790893555,2
Warri South-West,Isaba,2021,11,245.70861002604167,15
Warri South-West,Madangho,2021,11,34.81525675455729,3
Warri South-West,Ogbe-Ijoh,2021,11,219.86166720920139,36
Warri South-West,Ogidigben,2021,11,84.86030578613281,4
Warri South-West,Okerenkoko,2021,11,147.88351779513889,36
Warri South-West,Oporozo,2021,11,63.11478042602539,16
Warri South-West,Orere,2021,11,141.74183238636363,11
Warri South-West,Ugborodo,2021,11,143.835107421875,10
Warri South,Avenue,2021,11,208.82286071777344,2
Warri South,Bowen,2021,11,216.30886840820312,2
Warri South,Ekurede,2021,11,197.334228515625,4
Warri South,Esisi,2021,11,201.41998291015625,4
Warri South,Igbudu,2021,11,205.9649861653646,3
Warri South,Obodo,2021,11,211.6524658203125,16
Warri South,Ode-Itsekiri,2021,11,216.83043077256946,9
Warri South,Okere,2021,11,208.82286071777344,2
Warri South,Pessu,2021,11,216.30886840820312,2
Warri South,Ubeji,2021,11,192.56914411272322,7
Bomadi,Akugbene 1,2021,12,28.972139358520508,2
Bomadi,Akugbene 2,2021,12,28.849918365478516,1
Bomadi,Akugbene 3,2021,12,28.849918365478516,1
Bomadi,Bomadi,2021,12,32.982643127441406,6
Bomadi,Ekaametagbene/Kalafio,2021,12,32.02104949951172,12
Bomadi,Esanma,2021,12,30.799819946289062,4
Bomadi,Kpakiama,2021,12,29.19530487060547,6
Bomadi,Ogbeinma/Okoloba,2021,12,30.03862762451172,3
Bomadi,Ogo/Eze,2021,12,29.0987548828125,2
Bomadi,Ogriagbene,2021,12,35.93138885498047,6
Burutu,Bolou-Ndoro,2021,12,37.39572806980299,23
Burutu,Egodor,2021,12,32.22915469898897,17
Burutu,Eseinbiri,2021,12,34.32649647105824,11
Burutu,Kiagbodo,2021,12,26.230606079101562,3
Burutu,Ngbilebiri,2021,12,31.457834879557293,6
Burutu,Obetebe,2021,12,33.253308526400865,29
Burutu,Ogulagha,2021,12,17.67140625,25
Burutu,Ojobo,2021,12,37.97441101074219,6
Burutu,Tamigbe,2021,12,38.11264292399088,6
Burutu,Torugbene,2021,12,38.25762685139974,6
Burutu,Tuomo,2021,12,37.24939982096354,9
Patani,Abari,2021,12,17.68366394042969,5
Patani,Agoloma,2021,12,20.48144276936849,3
Patani,Buluangiama,2021,12,23.245603561401367,8
Patani,Odorubu,2021,12,29.025564193725586,8
Patani,Patani 2,2021,12,17.86771011352539,4
Patani,Patani 3,2021,12,18.137616475423176,6
Patani,Patani 4,2021,12,18.28719711303711,2
Patani,Patani 5,2021,12,19.008108956473215,7
Patani,Toruangiama,2021,12,27.085121154785156,3
Patani,Uduophori,2021,12,28.682272338867186,5
Warri South-West,Ajudaibo,2021,12,3.4340760707855225,4
Warri South-West,Akpakpa,2021,12,2.297790050506592,2
Warri South-West,Isaba,2021,12,30.84397176106771,15
Warri South-West,Madangho,2021,12,4.1867720286051435,3
Warri South-West,Ogbe-Ijoh,2021,12,28.849999321831596,36
Warri South-West,Ogidigben,2021,12,7.351142406463623,4
Warri South-West,Okerenkoko,2021,12,14.636795043945312,36
Warri South-West,Oporozo,2021,12,8.419708251953125,16
Warri South-West,Orere,2021,12,15.323219992897727,11
Warri South-West,Ugborodo,2021,12,14.466688537597657,10
Warri South,Avenue,2021,12,24.583415985107422,2
Warri South,Bowen,2021,12,26.580947875976562,2
Warri South,Ekurede,2021,12,24.6413516998291,4
Warri South,Esisi,2021,12,24.630651473999023,4
Warri South,Igbudu,2021,12,25.252586364746094,3
Warri South,Obodo,2021,12,20.56812286376953,16
Warri South,Ode-Itsekiri,2021,12,27.592681884765625,9
Warri South,Okere,2021,12,24.583415985107422,2
Warri South,Pessu,2021,12,26.580947875976562,2
Warri South,Ubeji,2021,12,23.0142822265625,7
Bomadi,Akugbene 1,2022,1,31.27444076538086,2
Bomadi,Akugbene 2,2022,1,32.91602325439453,1
Bomadi,Akugbene 3,2022,1,32.91602325439453,1
Bomadi,Bomadi,2022,1,33.71280415852865,6
Bomadi,Ekaametagbene/Kalafio,2022,1,35.03796895345052,12
Bomadi,Esanma,2022,1,32.850528717041016,4
Bomadi,Kpakiama,2022,1,30.88220723470052,6
Bomadi,Ogbeinma/Okoloba,2022,1,31.89539845784505,3
Bomadi,Ogo/Eze,2022,1,27.466018676757812,2
Bomadi,Ogriagbene,2022,1,38.091331481933594,6
Burutu,Bolou-Ndoro,2022,1,36.63161037279212,23
Burutu,Egodor,2022,1,27.557732077205884,17
Burutu,Eseinbiri,2022,1,34.04358465021307,11
Burutu,Kiagbodo,2022,1,26.940274556477863,3
Burutu,Ngbilebiri,2022,1,30.069608052571613,6
Burutu,Obetebe,2022,1,27.490192281788794,29
Burutu,Ogulagha,2022,1,12.125582275390625,25
Burutu,Ojobo,2022,1,41.35747528076172,6
Burutu,Tamigbe,2022,1,35.854512532552086,6
Burutu,Torugbene,2022,1,39.57013193766276,6
Burutu,Tuomo,2022,1,35.791653103298614,9
Patani,Abari,2022,1,35.07442626953125,5
Patani,Agoloma,2022,1,34.78583272298177,3
Patani,Buluangiama,2022,1,36.5024528503418,8
Patani,Odorubu,2022,1,35.73700714111328,8
Patani,Patani 2,2022,1,31.450965881347656,4
Patani,Patani 3,2022,1,32.998888651529946,6
Patani,Patani 4,2022,1,32.501365661621094,2
Patani,Patani 5,2022,1,34.40260750906808,7
Patani,Toruangiama,2022,1,38.103355407714844,3
Patani,Uduophori,2022,1,38.074624633789064,5
Warri South-West,Ajudaibo,2022,1,2.111945629119873,4
Warri South-West,Akpakpa,2022,1,1.3537853956222534,2
Warri South-West,Isaba,2022,1,22.49123331705729,15
Warri South-West,Madangho,2022,1,2.582745393117269,3
Warri South-West,Ogbe-Ijoh,2022,1,20.639545016818577,36
Warri South-West,Ogidigben,2022,1,2.815556287765503,4
Warri South-West,Okerenkoko,2022,1,11.286169264051649,36
Warri South-West,Oporozo,2022,1,5.081690788269043,16
Warri South-West,Orere,2022,1,5.8878021240234375,11
Warri South-West,Ugborodo,2022,1,5.225787353515625,10
Warri South,Avenue,2022,1,17.217256546020508,2
Warri South,Bowen,2022,1,19.155658721923828,2
Warri South,Ekurede,2022,1,16.23090171813965,4
Warri South,Esisi,2022,1,17.736236572265625,4
Warri South,Igbudu,2022,1,18.515076955159504,3
Warri South,Obodo,2022,1,17.03225326538086,16
Warri South,Ode-Itsekiri,2022,1,18.847237481011284,9
Warri South,Okere,2022,1,17.217256546020508,2
Warri South,Pessu,2022,1,19.155658721923828,2
Warri South,Ubeji,2022,1,15.768726893833705,7
Bomadi,Akugbene 1,2022,2,31.432373046875,2
Bomadi,Akugbene 2,2022,2,29.987306594848633,1
Bomadi,Akugbene 3,2022,2,29.987306594848633,1
Bomadi,Bomadi,2022,2,29.17852274576823,6
Bomadi,Ekaametagbene/Kalafio,2022,2,35.673848470052086,12
Bomadi,Esanma,2022,2,31.217266082763672,4
Bomadi,Kpakiama,2022,2,27.51953887939453,6
Bomadi,Ogbeinma/Okoloba,2022,2,30.153879801432293,3
Bomadi,Ogo/Eze,2022,2,30.368335723876953,2
Bomadi,Ogriagbene,2022,2,36.73313649495443,6
Burutu,Bolou-Ndoro,2022,2,37.26619023862092,23
Burutu,Egodor,2022,2,30.910888671875,17
Burutu,Eseinbiri,2022,2,32.633941650390625,11
Burutu,Kiagbodo,2022,2,27.599688212076824,3
Burutu,Ngbilebiri,2022,2,32.133313496907554,6
Burutu,Obetebe,2022,2,34.20586316338901,29
Burutu,Ogulagha,2022,2,20.17852294921875,25
Burutu,Ojobo,2022,2,32.913307189941406,6
Burutu,Tamigbe,2022,2,34.16693115234375,6
Burutu,Torugbene,2022,2,33.809898376464844,6
Burutu,Tuomo,2022,2,31.79462348090278,9
Patani,Abari,2022,2,21.556825256347658,5
Patani,Agoloma,2022,2,26.170501708984375,3
Patani,Buluangiama,2022,2,26.113821029663086,8
Patani,Odorubu,2022,2,26.863689422607422,8
Patani,Patani 2,2022,2,23.016677856445312,4
Patani,Patani 3,2022,2,23.03406270345052,6
Patani,Patani 4,2022,2,23.8350830078125,2
Patani,Patani 5,2022,2,24.638972691127233,7
Patani,Toruangiama,2022,2,27.365951538085938,3
Patani,Uduophori,2022,2,26.821688842773437,5
Warri South-West,Ajudaibo,2022,2,3.8655951023101807,4
Warri South-West,Akpakpa,2022,2,2.738051176071167,2
Warri South-West,Isaba,2022,2,28.8995849609375,15
Warri South-West,Madangho,2022,2,4.660935084025065,3
Warri South-West,Ogbe-Ijoh,2022,2,28.64844428168403,36
Warri South-West,Ogidigben,2022,2,9.063276290893555,4
Warri South-West,Okerenkoko,2022,2,17.58969285753038,36
Warri South-West,Oporozo,2022,2,8.995651245117188,16
Warri South-West,Orere,2022,2,16.054107666015625,11
Warri South-West,Ugborodo,2022,2,14.862689208984374,10
Warri South,Avenue,2022,2,25.334863662719727,2
Warri South,Bowen,2022,2,24.623291015625,2
Warri South,Ekurede,2022,2,25.550067901611328,4
Warri South,Esisi,2022,2,24.456138610839844,4
Warri South,Igbudu,2022,2,24.272796630859375,3
Warri South,Obodo,2022,2,25.203346252441406,16
Warri South,Ode-Itsekiri,2022,2,27.116514417860245,9
Warri South,Okere,2022,2,25.334863662719727,2
Warri South,Pessu,2022,2,24.623291015625,2
Warri South,Ubeji,2022,2,26.050197056361608,7
Bomadi,Akugbene 1,2022,3,94.27546691894531,2
Bomadi,Akugbene 2,2022,3,93.91242980957031,1
Bomadi,Akugbene 3,2022,3,93.91242980957031,1
Bomadi,Bomadi,2022,3,105.76194254557292,6
Bomadi,Ekaametagbene/Kalafio,2022,3,105.16958618164062,12
Bomadi,Esanma,2022,3,99.60223388671875,4
Bomadi,Kpakiama,2022,3,98.62001546223958,6
Bomadi,Ogbeinma/Okoloba,2022,3,97.73280843098958,3
Bomadi,Ogo/Eze,2022,3,93.79096984863281,2
Bomadi,Ogriagbene,2022,3,115.63521321614583,6
Burutu,Bolou-Ndoro,2022,3,107.8890964673913,23
Burutu,Egodor,2022,3,99.48701028262867,17
Burutu,Eseinbiri,2022,3,108.0683926669034,11
Burutu,Kiagbodo,2022,3,93.47225952148438,3
Burutu,Ngbilebiri,2022,3,99.88270060221355,6
Burutu,Obetebe,2022,3,96.33331088362068,29
Burutu,Ogulagha,2022,3,54.0804736328125,25
Burutu,Ojobo,2022,3,117.31219482421875,6
Burutu,Tamigbe,2022,3,117.72154744466145,6
Burutu,Torugbene,2022,3,121.3326416015625,6
Burutu,Tuomo,2022,3,112.06768120659723,9
Patani,Abari,2022,3,80.672021484375,5
Patani,Agoloma,2022,3,91.6513671875,3
Patani,Buluangiama,2022,3,94.2034912109375,8
Patani,Odorubu,2022,3,99.98878479003906,8
Patani,Patani 2,2022,3,82.15721130371094,4
Patani,Patani 3,2022,3,83.44796752929688,6
Patani,Patani 4,2022,3,83.56922912597656,2
Patani,Patani 5,2022,3,86.74530901227679,7
Patani,Toruangiama,2022,3,100.02766927083333,3
Patani,Uduophori,2022,3,102.15977783203125,5
Warri South-West,Ajudaibo,2022,3,12.058030128479004,4
Warri South-West,Akpakpa,2022,3,7.932361602783203,2
Warri South-West,Isaba,2022,3,97.13483072916667,15
Warri South-West,Madangho,2022,3,14.75033187866211,3
Warri South-West,Ogbe-Ijoh,2022,3,94.33743625217014,36
Warri South-West,Ogidigben,2022,3,24.85011100769043,4
Warri South-West,Okerenkoko,2022,3,77.93000623914931,36
Warri South-West,Oporozo,2022,3,33.100257873535156,16
Warri South-West,Orere,2022,3,77.10862038352273,11
Warri South-West,Ugborodo,2022,3,57.9536376953125,10
Warri South,Avenue,2022,3,90.95390319824219,2
Warri South,Bowen,2022,3,88.21559143066406,2
Warri South,Ekurede,2022,3,91.31102752685547,4
Warri South,Esisi,2022,3,89.29583740234375,4
Warri South,Igbudu,2022,3,88.98060099283855,3
Warri South,Obodo,2022,3,102.67315673828125,16
Warri South,Ode-Itsekiri,2022,3,94.10419379340277,9
Warri South,Okere,2022,3,90.95390319824219,2
Warri South,Pessu,2022,3,88.21559143066406,2
Warri South,Ubeji,2022,3,91.68204171316964,7
Bomadi,Akugbene 1,2022,4,206.1690673828125,2
Bomadi,Akugbene 2,2022,4,204.4662322998047,1
Bomadi,Akugbene 3,2022,4,204.4662322998047,1
Bomadi,Bomadi,2022,4,200.44441731770834,6
Bomadi,Ekaametagbene/Kalafio,2022,4,220.71063232421875,12
Bomadi,Esanma,2022,4,208.1751708984375,4
Bomadi,Kpakiama,2022,4,198.7602335611979,6
Bomadi,Ogbeinma/Okoloba,2022,4,206.36873372395834,3
Bomadi,Ogo/Eze,2022,4,208.89178466796875,2
Bomadi,Ogriagbene,2022,4,214.6812744140625,6
Burutu,Bolou-Ndoro,2022,4,239.26375679347825,23
Burutu,Egodor,2022,4,217.99493049172793,17
Burutu,Eseinbiri,2022,4,207.26209605823863,11
Burutu,Kiagbodo,2022,4,207.6999715169271,3
Burutu,Ngbilebiri,2022,4,214.2055460611979,6
Burutu,Obetebe,2022,4,230.40131667564654,29
Burutu,Ogulagha,2022,4,159.00927734375,25
Burutu,Ojobo,2022,4,209.9720255533854,6
Burutu,Tamigbe,2022,4,212.84318033854166,6
Burutu,Torugbene,2022,4,212.1121826171875,6
Burutu,Tuomo,2022,4,207.45304361979166,9
Patani,Abari,2022,4,219.674609375,5
Patani,Agoloma,2022,4,218.7540079752604,3
Patani,Buluangiama,2022,4,214.09808349609375,8
Patani,Odorubu,2022,4,205.68829345703125,8
Patani,Patani 2,2022,4,216.850830078125,4
Patani,Patani 3,2022,4,218.96114095052084,6
Patani,Patani 4,2022,4,217.5450439453125,2
Patani,Patani 5,2022,4,215.29886300223214,7
Patani,Toruangiama,2022,4,215.2208048502604,3
Patani,Uduophori,2022,4,211.1934814453125,5
Warri South-West,Ajudaibo,2022,4,37.00762939453125,4
Warri South-West,Akpakpa,2022,4,24.556621551513672,2
Warri South-West,Isaba,2022,4,218.12003580729166,15
Warri South-West,Madangho,2022,4,44.134979248046875,3
Warri South-West,Ogbe-Ijoh,2022,4,219.75740559895834,36
Warri South-West,Ogidigben,2022,4,98.8520736694336,4
Warri South-West,Okerenkoko,2022,4,173.2457275390625,36
Warri South-West,Oporozo,2022,4,84.80070495605469,16
Warri South-West,Orere,2022,4,223.7392578125,11
Warri South-West,Ugborodo,2022,4,210.783349609375,10
Warri South,Avenue,2022,4,200.321533203125,2
Warri South,Bowen,2022,4,205.2371826171875,2
Warri South,Ekurede,2022,4,201.470458984375,4
Warri South,Esisi,2022,4,204.07728576660156,4
Warri South,Igbudu,2022,4,206.3615926106771,3
Warri South,Obodo,2022,4,233.87159729003906,16
Warri South,Ode-Itsekiri,2022,4,210.33580186631946,9
Warri South,Okere,2022,4,200.321533203125,2
Warri South,Pessu,2022,4,205.2371826171875,2
Warri South,Ubeji,2022,4,210.65366908482142,7
Bomadi,Akugbene 1,2022,5,308.26617431640625,2
Bomadi,Akugbene 2,2022,5,308.466064453125,1
Bomadi,Akugbene 3,2022,5,308.466064453125,1
Bomadi,Bomadi,2022,5,329.7273356119792,6
Bomadi,Ekaametagbene/Kalafio,2022,5,350.4014485677083,12
Bomadi,Esanma,2022,5,314.5140380859375,4
Bomadi,Kpakiama,2022,5,322.36374918619794,6
Bomadi,Ogbeinma/Okoloba,2022,5,310.9807942708333,3
Bomadi,Ogo/Eze,2022,5,306.5050354003906,2
Bomadi,Ogriagbene,2022,5,358.5926513671875,6
Burutu,Bolou-Ndoro,2022,5,362.6055961277174,23
Burutu,Egodor,2022,5,325.52013442095586,17
Burutu,Eseinbiri,2022,5,333.7567693536932,11
Burutu,Kiagbodo,2022,5,306.7373046875,3
Burutu,Ngbilebiri,2022,5,325.93540445963544,6
Burutu,Obetebe,2022,5,325.28909617456895,29
Burutu,Ogulagha,2022,5,184.42681640625,25
Burutu,Ojobo,2022,5,342.4900309244792,6
Burutu,Tamigbe,2022,5,348.447998046875,6
Burutu,Torugbene,2022,5,352.1066487630208,6
Burutu,Tuomo,2022,5,334.9047580295139,9
Patani,Abari,2022,5,281.148095703125,5
Patani,Agoloma,2022,5,301.91115315755206,3
Patani,Buluangiama,2022,5,306.036376953125,8
Patani,Odorubu,2022,5,319.6258544921875,8
Patani,Patani 2,2022,5,288.08282470703125,4
Patani,Patani 3,2022,5,287.1595052083333,6
Patani,Patani 4,2022,5,293.4129638671875,2
Patani,Patani 5,2022,5,294.51297433035717,7
Patani,Toruangiama,2022,5,311.5157470703125,3
Patani,Uduophori,2022,5,315.200634765625,5
Warri South-West,Ajudaibo,2022,5,43.06781005859375,4
Warri South-West,Akpakpa,2022,5,30.114883422851562,2
Warri South-West,Isaba,2022,5,332.79388020833335,15
Warri South-West,Madangho,2022,5,52.543294270833336,3
Warri South-West,Ogbe-Ijoh,2022,5,309.82728407118054,36
Warri South-West,Ogidigben,2022,5,91.20658874511719,4
Warri South-West,Okerenkoko,2022,5,219.34605577256946,36
Warri South-West,Oporozo,2022,5,104.45028686523438,16
Warri South-West,Orere,2022,5,199.2025701349432,11
Warri South-West,Ugborodo,2022,5,176.004638671875,10
Warri South,Avenue,2022,5,296.5997009277344,2
Warri South,Bowen,2022,5,300.12054443359375,2
Warri South,Ekurede,2022,5,302.9456787109375,4
Warri South,Esisi,2022,5,290.81640625,4
Warri South,Igbudu,2022,5,293.31972249348956,3
Warri South,Obodo,2022,5,293.3865966796875,16
Warri South,Ode-Itsekiri,2022,5,323.86200629340277,9
Warri South,Okere,2022,5,296.5997009277344,2
Warri South,Pessu,2022,5,300.12054443359375,2
Warri South,Ubeji,2022,5,294.5475376674107,7
Bomadi,Akugbene 1,2022,6,433.8271484375,2
Bomadi,Akugbene 2,2022,6,430.9017639160156,1
Bomadi,Akugbene 3,2022,6,430.9017639160156,1
Bomadi,Bomadi,2022,6,449.2263590494792,6
Bomadi,Ekaametagbene/Kalafio,2022,6,501.703857421875,12
Bomadi,Esanma,2022,6,440.05279541015625,4
Bomadi,Kpakiama,2022,6,438.8073323567708,6
Bomadi,Ogbeinma/Okoloba,2022,6,425.7931722005208,3
Bomadi,Ogo/Eze,2022,6,420.3711853027344,2
Bomadi,Ogriagbene,2022,6,496.6346435546875,6
Burutu,Bolou-Ndoro,2022,6,539.4169072690217,23
Burutu,Egodor,2022,6,487.4759880514706,17
Burutu,Eseinbiri,2022,6,464.7340198863636,11
Burutu,Kiagbodo,2022,6,421.2025960286458,3
Burutu,Ngbilebiri,2022,6,484.8072916666667,6
Burutu,Obetebe,2022,6,492.55337419181035,29
Burutu,Ogulagha,2022,6,248.65876953125,25
Burutu,Ojobo,2022,6,489.6722412109375,6
Burutu,Tamigbe,2022,6,474.34619140625,6
Burutu,Torugbene,2022,6,487.8826090494792,6
Burutu,Tuomo,2022,6,466.51426866319446,9
Patani,Abari,2022,6,408.2430419921875,5
Patani,Agoloma,2022,6,429.8629557291667,3
Patani,Buluangiama,2022,6,427.0350036621094,8
Patani,Odorubu,2022,6,425.54010009765625,8
Patani,Patani 2,2022,6,411.83465576171875,4
Patani,Patani 3,2022,6,417.8538004557292,6
Patani,Patani 4,2022,6,415.3369140625,2
Patani,Patani 5,2022,6,423.1861049107143,7
Patani,Toruangiama,2022,6,436.0619710286458,3
Patani,Uduophori,2022,6,417.810791015625,5
Warri South-West,Ajudaibo,2022,6,54.82643127441406,4
Warri South-West,Akpakpa,2022,6,37.46514892578125,2
Warri South-West,Isaba,2022,6,500.283203125,15
Warri South-West,Madangho,2022,6,66.98626200358073,3
Warri South-West,Ogbe-Ijoh,2022,6,479.2859700520833,36
Warri South-West,Ogidigben,2022,6,100.52440643310547,4
Warri South-West,Okerenkoko,2022,6,306.1939290364583,36
Warri South-West,Oporozo,2022,6,140.7538604736328,16
Warri South-West,Orere,2022,6,281.1522105823864,11
Warri South-West,Ugborodo,2022,6,243.2363037109375,10
Warri South,Avenue,2022,6,398.77655029296875,2
Warri South,Bowen,2022,6,413.35040283203125,2
Warri South,Ekurede,2022,6,409.00640869140625,4
Warri South,Esisi,2022,6,387.3329162597656,4
Warri South,Igbudu,2022,6,396.9581298828125,3
Warri South,Obodo,2022,6,445.90911865234375,16
Warri South,Ode-Itsekiri,2022,6,465.7154947916667,9
Warri South,Okere,2022,6,398.77655029296875,2
Warri South,Pessu,2022,6,413.35040283203125,2
Warri South,Ubeji,2022,6,411.25844029017856,7
Bomadi,Akugbene 1,2022,7,309.5386962890625,2
Bomadi,Akugbene 2,2022,7,322.65338134765625,1
Bomadi,Akugbene 3,2022,7,322.65338134765625,1
Bomadi,Bomadi,2022,7,272.45033772786456,6
Bomadi,Ekaametagbene/Kalafio,2022,7,312.38140869140625,12
Bomadi,Esanma,2022,7,296.1947021484375,4
Bomadi,Kpakiama,2022,7,275.9887288411458,6
Bomadi,Ogbeinma/Okoloba,2022,7,300.4010009765625,3
Bomadi,Ogo/Eze,2022,7,291.2627868652344,2
Bomadi,Ogriagbene,2022,7,293.29345703125,6
Burutu,Bolou-Ndoro,2022,7,316.19219174592394,23
Burutu,Egodor,2022,7,322.6822150735294,17
Burutu,Eseinbiri,2022,7,288.659912109375,11
Burutu,Kiagbodo,2022,7,312.58465576171875,3
Burutu,Ngbilebiri,2022,7,309.08449300130206,6
Burutu,Obetebe,2022,7,304.52515490301727,29
Burutu,Ogulagha,2022,7,160.642998046875,25
Burutu,Ojobo,2022,7,261.6034749348958,6
Burutu,Tamigbe,2022,7,268.50732421875,6
Burutu,Torugbene,2022,7,263.4666748046875,6
Burutu,Tuomo,2022,7,262.73847113715277,9
Patani,Abari,2022,7,264.905712890625,5
Patani,Agoloma,2022,7,249.57415771484375,3
Patani,Buluangiama,2022,7,248.54522705078125,8
Patani,Odorubu,2022,7,251.4678192138672,8
Patani,Patani 2,2022,7,254.04058837890625,4
Patani,Patani 3,2022,7,260.233154296875,6
Patani,Patani 4,2022,7,255.84814453125,2
Patani,Patani 5,2022,7,256.9589146205357,7
Patani,Toruangiama,2022,7,243.6406046549479,3
Patani,Uduophori,2022,7,239.216845703125,5
Warri South-West,Ajudaibo,2022,7,49.547340393066406,4
Warri South-West,Akpakpa,2022,7,33.60476303100586,2
Warri South-West,Isaba,2022,7,348.90540364583336,15
Warri South-West,Madangho,2022,7,61.12626647949219,3
Warri South-West,Ogbe-Ijoh,2022,7,357.32310655381946,36
Warri South-West,Ogidigben,2022,7,67.17890930175781,4
Warri South-West,Okerenkoko,2022,7,280.1368815104167,36
Warri South-West,Oporozo,2022,7,137.468994140625,16
Warri South-West,Orere,2022,7,205.3595525568182,11
Warri South-West,Ugborodo,2022,7,166.7294189453125,10
Warri South,Avenue,2022,7,341.18682861328125,2
Warri South,Bowen,2022,7,327.24029541015625,2
Warri South,Ekurede,2022,7,355.82598876953125,4
Warri South,Esisi,2022,7,320.41998291015625,4
Warri South,Igbudu,2022,7,317.537109375,3
Warri South,Obodo,2022,7,359.9375915527344,16
Warri South,Ode-Itsekiri,2022,7,372.6245930989583,9
Warri South,Okere,2022,7,341.18682861328125,2
Warri South,Pessu,2022,7,327.24029541015625,2
Warri South,Ubeji,2022,7,364.65408761160717,7
Bomadi,Akugbene 1,2022,8,175.26458740234375,2
Bomadi,Akugbene 2,2022,8,185.74249267578125,1
Bomadi,Akugbene 3,2022,8,185.74249267578125,1
Bomadi,Bomadi,2022,8,178.976318359375,6
Bomadi,Ekaametagbene/Kalafio,2022,8,138.09101359049478,12
Bomadi,Esanma,2022,8,174.48690795898438,4
Bomadi,Kpakiama,2022,8,188.11112467447916,6
Bomadi,Ogbeinma/Okoloba,2022,8,179.09419759114584,3
Bomadi,Ogo/Eze,2022,8,170.21600341796875,2
Bomadi,Ogriagbene,2022,8,140.04305013020834,6
Burutu,Bolou-Ndoro,2022,8,116.38768469769022,23
Burutu,Egodor,2022,8,162.62930836397058,17
Burutu,Eseinbiri,2022,8,162.25557084517047,11
Burutu,Kiagbodo,2022,8,170.20146687825522,3
Burutu,Ngbilebiri,2022,8,165.2154744466146,6
Burutu,Obetebe,2022,8,110.44881465517241,29
Burutu,Ogulagha,2022,8,44.7933203125,25
Burutu,Ojobo,2022,8,129.22653198242188,6
Burutu,Tamigbe,2022,8,148.3236287434896,6
Burutu,Torugbene,2022,8,138.8624064127604,6
Burutu,Tuomo,2022,8,160.32373046875,9
Patani,Abari,2022,8,195.0228759765625,5
Patani,Agoloma,2022,8,196.74029541015625,3
Patani,Buluangiama,2022,8,187.5037841796875,8
Patani,Odorubu,2022,8,182.0884246826172,8
Patani,Patani 2,2022,8,194.15036010742188,4
Patani,Patani 3,2022,8,196.346435546875,6
Patani,Patani 4,2022,8,191.06056213378906,2
Patani,Patani 5,2022,8,192.49750627790178,7
Patani,Toruangiama,2022,8,185.21085611979166,3
Patani,Uduophori,2022,8,183.40831298828124,5
Warri South-West,Ajudaibo,2022,8,12.886209487915039,4
Warri South-West,Akpakpa,2022,8,8.846826553344727,2
Warri South-West,Isaba,2022,8,161.92115885416666,15
Warri South-West,Madangho,2022,8,15.706550598144531,3
Warri South-West,Ogbe-Ijoh,2022,8,134.20742458767361,36
Warri South-West,Ogidigben,2022,8,17.96436309814453,4
Warri South-West,Okerenkoko,2022,8,100.60142008463542,36
Warri South-West,Oporozo,2022,8,36.72506332397461,16
Warri South-West,Orere,2022,8,55.95547762784091,11
Warri South-West,Ugborodo,2022,8,44.06468200683594,10
Warri South,Avenue,2022,8,190.14779663085938,2
Warri South,Bowen,2022,8,180.34243774414062,2
Warri South,Ekurede,2022,8,188.19970703125,4
Warri South,Esisi,2022,8,179.17298889160156,4
Warri South,Igbudu,2022,8,176.34505208333334,3
Warri South,Obodo,2022,8,166.5157470703125,16
Warri South,Ode-Itsekiri,2022,8,175.84532335069446,9
Warri South,Okere,2022,8,190.14779663085938,2
Warri South,Pessu,2022,8,180.34243774414062,2
Warri South,Ubeji,2022,8,191.35372488839286,7
Bomadi,Akugbene 1,2022,9,279.8630676269531,2
Bomadi,Akugbene 2,2022,9,281.015625,1
Bomadi,Akugbene 3,2022,9,281.015625,1
Bomadi,Bomadi,2022,9,269.69785563151044,6
Bomadi,Ekaametagbene/Kalafio,2022,9,297.0066731770833,12
Bomadi,Esanma,2022,9,279.8326721191406,4
Bomadi,Kpakiama,2022,9,265.73972574869794,6
Bomadi,Ogbeinma/Okoloba,2022,9,282.3081461588542,3
Bomadi,Ogo/Eze,2022,9,283.9482116699219,2
Bomadi,Ogriagbene,2022,9,305.94590250651044,6
Burutu,Bolou-Ndoro,2022,9,318.8519446331522,23
Burutu,Egodor,2022,9,295.7318761488971,17
Burutu,Eseinbiri,2022,9,286.22274502840907,11
Burutu,Kiagbodo,2022,9,289.63580322265625,3
Burutu,Ngbilebiri,2022,9,296.3943684895833,6
Burutu,Obetebe,2022,9,284.6223733836207,29
Burutu,Ogulagha,2022,9,148.222216796875,25
Burutu,Ojobo,2022,9,316.8103434244792,6
Burutu,Tamigbe,2022,9,301.28778076171875,6
Burutu,Torugbene,2022,9,311.00341796875,6
Burutu,Tuomo,2022,9,280.76500108506946,9
Patani,Abari,2022,9,260.4994140625,5
Patani,Agoloma,2022,9,253.3273722330729,3
Patani,Buluangiama,2022,9,255.7452850341797,8
Patani,Odorubu,2022,9,263.97552490234375,8
Patani,Patani 2,2022,9,251.7452850341797,4
Patani,Patani 3,2022,9,254.9251708984375,6
Patani,Patani 4,2022,9,253.47647094726562,2
Patani,Patani 5,2022,9,251.70626395089286,7
Patani,Toruangiama,2022,9,255.76558430989584,3
Patani,Uduophori,2022,9,266.425830078125,5
Warri South-West,Ajudaibo,2022,9,37.31691360473633,4
Warri South-West,Akpakpa,2022,9,24.659122467041016,2
Warri South-West,Isaba,2022,9,297.34345703125,15
Warri South-West,Madangho,2022,9,45.676839192708336,3
Warri South-West,Ogbe-Ijoh,2022,9,295.36216905381946,36
Warri South-West,Ogidigben,2022,9,58.275413513183594,4
Warri South-West,Okerenkoko,2022,9,225.15315755208334,36
Warri South-West,Oporozo,2022,9,98.257568359375,16
Warri South-West,Orere,2022,9,163.64771617542613,11
Warri South-West,Ugborodo,2022,9,137.22578125,10
Warri South,Avenue,2022,9,289.2364501953125,2
Warri South,Bowen,2022,9,282.55633544921875,2
Warri South,Ekurede,2022,9,286.3709716796875,4
Warri South,Esisi,2022,9,280.63848876953125,4
Warri South,Igbudu,2022,9,278.4059651692708,3
Warri South,Obodo,2022,9,308.919189453125,16
Warri South,Ode-Itsekiri,2022,9,294.95713975694446,9
Warri South,Okere,2022,9,289.2364501953125,2
Warri South,Pessu,2022,9,282.55633544921875,2
Warri South,Ubeji,2022,9,292.5221644810268,7
Bomadi,Akugbene 1,2022,10,331.600830078125,2
Bomadi,Akugbene 2,2022,10,337.9913024902344,1
Bomadi,Akugbene 3,2022,10,337.9913024902344,1
Bomadi,Bomadi,2022,10,352.8694661458333,6
Bomadi,Ekaametagbene/Kalafio,2022,10,371.5391031901042,12
Bomadi,Esanma,2022,10,336.0059509277344,4
Bomadi,Kpakiama,2022,10,333.75828043619794,6
Bomadi,Ogbeinma/Okoloba,2022,10,339.5208740234375,3
Bomadi,Ogo/Eze,2022,10,354.0946044921875,2
Bomadi,Ogriagbene,2022,10,380.0682779947917,6
Burutu,Bolou-Ndoro,2022,10,380.8800951086956,23
Burutu,Egodor,2022,10,348.76907169117646,17
Burutu,Eseinbiri,2022,10,357.933837890625,11
Burutu,Kiagbodo,2022,10,310.9178873697917,3
Burutu,Ngbilebiri,2022,10,367.8819580078125,6
Burutu,Obetebe,2022,10,350.7120150862069,29
Burutu,Ogulagha,2022,10,208.78671875,25
Burutu,Ojobo,2022,10,363.7123616536458,6
Burutu,Tamigbe,2022,10,372.3149007161458,6
Burutu,Torugbene,2022,10,375.4315999348958,6
Burutu,Tuomo,2022,10,367.91205512152777,9
Patani,Abari,2022,10,325.9032958984375,5
Patani,Agoloma,2022,10,342.9701741536458,3
Patani,Buluangiama,2022,10,340.4825744628906,8
Patani,Odorubu,2022,10,344.31951904296875,8
Patani,Patani 2,2022,10,315.32183837890625,4
Patani,Patani 3,2022,10,316.97998046875,6
Patani,Patani 4,2022,10,317.06536865234375,2
Patani,Patani 5,2022,10,323.9741908482143,7
Patani,Toruangiama,2022,10,363.2858072916667,3
Patani,Uduophori,2022,10,353.08359375,5
Warri South-West,Ajudaibo,2022,10,50.95944595336914,4
Warri South-West,Akpakpa,2022,10,32.4096794128418,2
Warri South-West,Isaba,2022,10,337.6431640625,15
Warri South-West,Madangho,2022,10,61.202117919921875,3
Warri South-West,Ogbe-Ijoh,2022,10,339.23627387152777,36
Warri South-West,Ogidigben,2022,10,112.93112182617188,4
Warri South-West,Okerenkoko,2022,10,262.1773274739583,36
Warri South-West,Oporozo,2022,10,116.5019760131836,16
Warri South-West,Orere,2022,10,254.7189053622159,11
Warri South-West,Ugborodo,2022,10,239.1970947265625,10
Warri South,Avenue,2022,10,313.8338623046875,2
Warri South,Bowen,2022,10,304.27294921875,2
Warri South,Ekurede,2022,10,315.9189453125,4
Warri South,Esisi,2022,10,307.1248474121094,4
Warri South,Igbudu,2022,10,305.3372802734375,3
Warri South,Obodo,2022,10,367.179443359375,16
Warri South,Ode-Itsekiri,2022,10,334.4714084201389,9
Warri South,Okere,2022,10,313.8338623046875,2
Warri South,Pessu,2022,10,304.27294921875,2
Warri South,Ubeji,2022,10,328.49825613839283,7
Bomadi,Akugbene 1,2022,11,181.72940063476562,2
Bomadi,Akugbene 2,2022,11,172.77053833007812,1
Bomadi,Akugbene 3,2022,11,172.77053833007812,1
Bomadi,Bomadi,2022,11,176.4559122721354,6
Bomadi,Ekaametagbene/Kalafio,2022,11,209.4065144856771,12
Bomadi,Esanma,2022,11,181.6172332763672,4
Bomadi,Kpakiama,2022,11,151.4329833984375,6
Bomadi,Ogbeinma/Okoloba,2022,11,167.92601521809897,3
Bomadi,Ogo/Eze,2022,11,174.51641845703125,2
Bomadi,Ogriagbene,2022,11,232.9323933919271,6
Burutu,Bolou-Ndoro,2022,11,236.8163425611413,23
Burutu,Egodor,2022,11,191.10521024816177,17
Burutu,Eseinbiri,2022,11,200.67939897017047,11
Burutu,Kiagbodo,2022,11,150.3447469075521,3
Burutu,Ngbilebiri,2022,11,214.2617390950521,6
Burutu,Obetebe,2022,11,199.9261685075431,29
Burutu,Ogulagha,2022,11,114.93267578125,25
Burutu,Ojobo,2022,11,247.96588134765625,6
Burutu,Tamigbe,2022,11,231.62715657552084,6
Burutu,Torugbene,2022,11,233.00862630208334,6
Burutu,Tuomo,2022,11,214.55718315972223,9
Patani,Abari,2022,11,100.5046142578125,5
Patani,Agoloma,2022,11,120.68442789713542,3
Patani,Buluangiama,2022,11,122.08197021484375,8
Patani,Odorubu,2022,11,140.92776489257812,8
Patani,Patani 2,2022,11,106.49343872070312,4
Patani,Patani 3,2022,11,105.6843770345052,6
Patani,Patani 4,2022,11,105.90406036376953,2
Patani,Patani 5,2022,11,113.07254464285714,7
Patani,Toruangiama,2022,11,134.33564249674478,3
Patani,Uduophori,2022,11,143.886474609375,5
Warri South-West,Ajudaibo,2022,11,21.043725967407227,4
Warri South-West,Akpakpa,2022,11,14.388649940490723,2
Warri South-West,Isaba,2022,11,176.22781575520833,15
Warri South-West,Madangho,2022,11,25.083722432454426,3
Warri South-West,Ogbe-Ijoh,2022,11,163.75717502170139,36
Warri South-West,Ogidigben,2022,11,61.89252471923828,4
Warri South-West,Okerenkoko,2022,11,93.88741726345486,36
Warri South-West,Oporozo,2022,11,43.646820068359375,16
Warri South-West,Orere,2022,11,92.29147616299716,11
Warri South-West,Ugborodo,2022,11,98.99456176757812,10
Warri South,Avenue,2022,11,133.31988525390625,2
Warri South,Bowen,2022,11,137.55978393554688,2
Warri South,Ekurede,2022,11,128.82933044433594,4
Warri South,Esisi,2022,11,125.11299133300781,4
Warri South,Igbudu,2022,11,128.06976318359375,3
Warri South,Obodo,2022,11,138.21392822265625,16
Warri South,Ode-Itsekiri,2022,11,148.3792724609375,9
Warri South,Okere,2022,11,133.31988525390625,2
Warri South,Pessu,2022,11,137.55978393554688,2
Warri South,Ubeji,2022,11,127.46796526227679,7
Bomadi,Akugbene 1,2022,12,40.87413024902344,2
Bomadi,Akugbene 2,2022,12,39.70172882080078,1
Bomadi,Akugbene 3,2022,12,39.70172882080078,1
Bomadi,Bomadi,2022,12,55.763570149739586,6
Bomadi,Ekaametagbene/Kalafio,2022,12,49.837554931640625,12
Bomadi,Esanma,2022,12,44.95940017700195,4
Bomadi,Kpakiama,2022,12,50.82428995768229,6
Bomadi,Ogbeinma/Okoloba,2022,12,42.342569986979164,3
Bomadi,Ogo/Eze,2022,12,40.444725036621094,2
Bomadi,Ogriagbene,2022,12,55.89055379231771,6
Burutu,Bolou-Ndoro,2022,12,59.10917862601902,23
Burutu,Egodor,2022,12,43.664622587316174,17
Burutu,Eseinbiri,2022,12,53.26730069247159,11
Burutu,Kiagbodo,2022,12,38.30554453531901,3
Burutu,Ngbilebiri,2022,12,43.90808614095052,6
Burutu,Obetebe,2022,12,48.771686422413794,29
Burutu,Ogulagha,2022,12,24.7956787109375,25
Burutu,Ojobo,2022,12,65.49962870279948,6
Burutu,Tamigbe,2022,12,62.33477783203125,6
Burutu,Torugbene,2022,12,64.77728271484375,6
Burutu,Tuomo,2022,12,64.34783257378473,9
Patani,Abari,2022,12,33.27777099609375,5
Patani,Agoloma,2022,12,47.18199157714844,3
Patani,Buluangiama,2022,12,49.445335388183594,8
Patani,Odorubu,2022,12,55.97447204589844,8
Patani,Patani 2,2022,12,37.95479965209961,4
Patani,Patani 3,2022,12,36.6316884358724,6
Patani,Patani 4,2022,12,39.42787170410156,2
Patani,Patani 5,2022,12,41.94972446986607,7
Patani,Toruangiama,2022,12,56.014739990234375,3
Patani,Uduophori,2022,12,57.000048828125,5
Warri South-West,Ajudaibo,2022,12,3.6462812423706055,4
Warri South-West,Akpakpa,2022,12,2.7337236404418945,2
Warri South-West,Isaba,2022,12,41.52804768880208,15
Warri South-West,Madangho,2022,12,4.389039675394694,3
Warri South-West,Ogbe-Ijoh,2022,12,37.25366889105903,36
Warri South-West,Ogidigben,2022,12,11.343425750732422,4
Warri South-West,Okerenkoko,2022,12,16.542217678493923,36
Warri South-West,Oporozo,2022,12,8.896294593811035,16
Warri South-West,Orere,2022,12,16.52206004749645,11
Warri South-West,Ugborodo,2022,12,15.60777587890625,10
Warri South,Avenue,2022,12,33.35328674316406,2
Warri South,Bowen,2022,12,36.01116180419922,2
Warri South,Ekurede,2022,12,33.70355987548828,4
Warri South,Esisi,2022,12,33.50688552856445,4
Warri South,Igbudu,2022,12,33.97206115722656,3
Warri South,Obodo,2022,12,24.55731201171875,16
Warri South,Ode-Itsekiri,2022,12,36.62744140625,9
Warri South,Okere,2022,12,33.35328674316406,2
Warri South,Pessu,2022,12,36.01116180419922,2
Warri South,Ubeji,2022,12,30.590772356305802,7
Bomadi,Akugbene 1,2023,1,20.754898071289062,2
Bomadi,Akugbene 2,2023,1,21.61077880859375,1
Bomadi,Akugbene 3,2023,1,21.61077880859375,1
Bomadi,Bomadi,2023,1,22.324350992838543,6
Bomadi,Ekaametagbene/Kalafio,2023,1,23.3787841796875,12
Bomadi,Esanma,2023,1,21.37984848022461,4
Bomadi,Kpakiama,2023,1,20.85779571533203,6
Bomadi,Ogbeinma/Okoloba,2023,1,20.668179829915363,3
Bomadi,Ogo/Eze,2023,1,18.68077850341797,2
Bomadi,Ogriagbene,2023,1,26.45433807373047,6
Burutu,Bolou-Ndoro,2023,1,25.19983971637228,23
Burutu,Egodor,2023,1,19.29898250804228,17
Burutu,Eseinbiri,2023,1,22.445763327858664,11
Burutu,Kiagbodo,2023,1,17.810414632161457,3
Burutu,Ngbilebiri,2023,1,20.29358164469401,6
Burutu,Obetebe,2023,1,19.582988870554956,29
Burutu,Ogulagha,2023,1,10.198499755859375,25
Burutu,Ojobo,2023,1,28.277242024739582,6
Burutu,Tamigbe,2023,1,25.475189208984375,6
Burutu,Torugbene,2023,1,27.86926778157552,6
Burutu,Tuomo,2023,1,24.17819383409288,9
Patani,Abari,2023,1,19.261691284179687,5
Patani,Agoloma,2023,1,21.535751342773438,3
Patani,Buluangiama,2023,1,22.618831634521484,8
Patani,Odorubu,2023,1,22.946369171142578,8
Patani,Patani 2,2023,1,18.36112403869629,4
Patani,Patani 3,2023,1,18.955238342285156,6
Patani,Patani 4,2023,1,19.098655700683594,2
Patani,Patani 5,2023,1,20.795137677873885,7
Patani,Toruangiama,2023,1,23.547760009765625,3
Patani,Uduophori,2023,1,23.960482788085937,5
Warri South-West,Ajudaibo,2023,1,2.479512929916382,4
Warri South-West,Akpakpa,2023,1,1.6983742713928223,2
Warri South-West,Isaba,2023,1,17.881650797526042,15
Warri South-West,Madangho,2023,1,3.023695945739746,3
Warri South-West,Ogbe-Ijoh,2023,1,18.147135416666668,36
Warri South-West,Ogidigben,2023,1,4.369465351104736,4
Warri South-West,Okerenkoko,2023,1,13.596385531955296,36
Warri South-West,Oporozo,2023,1,6.507448196411133,16
Warri South-West,Orere,2023,1,9.238557295365768,11
Warri South-West,Ugborodo,2023,1,7.457258605957032,10
Warri South,Avenue,2023,1,14.193304061889648,2
Warri South,Bowen,2023,1,14.520153045654297,2
Warri South,Ekurede,2023,1,14.252161026000977,4
Warri South,Esisi,2023,1,14.124347686767578,4
Warri South,Igbudu,2023,1,14.31725819905599,3
Warri South,Obodo,2023,1,17.420228958129883,16
Warri South,Ode-Itsekiri,2023,1,16.27853054470486,9
Warri South,Okere,2023,1,14.193304061889648,2
Warri South,Pessu,2023,1,14.520153045654297,2
Warri South,Ubeji,2023,1,14.720221383231026,7
Bomadi,Akugbene 1,2023,2,30.444303512573242,2
Bomadi,Akugbene 2,2023,2,29.640777587890625,1
Bomadi,Akugbene 3,2023,2,29.640777587890625,1
Bomadi,Bomadi,2023,2,29.74304962158203,6
Bomadi,Ekaametagbene/Kalafio,2023,2,29.47192891438802,12
Bomadi,Esanma,2023,2,30.163881301879883,4
Bomadi,Kpakiama,2023,2,28.299997965494793,6
Bomadi,Ogbeinma/Okoloba,2023,2,29.349947611490887,3
Bomadi,Ogo/Eze,2023,2,28.945205688476562,2
Bomadi,Ogriagbene,2023,2,30.10674794514974,6
Burutu,Bolou-Ndoro,2023,2,29.03045123556386,23
Burutu,Egodor,2023,2,29.386151482077207,17
Burutu,Eseinbiri,2023,2,30.125255237926137,11
Burutu,Kiagbodo,2023,2,27.004165649414062,3
Burutu,Ngbilebiri,2023,2,30.803510030110676,6
Burutu,Obetebe,2023,2,28.26117364291487,29
Burutu,Ogulagha,2023,2,15.54644287109375,25
Burutu,Ojobo,2023,2,27.273648579915363,6
Burutu,Tamigbe,2023,2,29.55065663655599,6
Burutu,Torugbene,2023,2,28.61737060546875,6
Burutu,Tuomo,2023,2,30.15243869357639,9
Patani,Abari,2023,2,24.137422180175783,5
Patani,Agoloma,2023,2,26.914072672526043,3
Patani,Buluangiama,2023,2,26.83548355102539,8
Patani,Odorubu,2023,2,27.99646759033203,8
Patani,Patani 2,2023,2,23.799182891845703,4
Patani,Patani 3,2023,2,24.38854217529297,6
Patani,Patani 4,2023,2,24.463483810424805,2
Patani,Patani 5,2023,2,25.260489327566965,7
Patani,Toruangiama,2023,2,27.343226114908855,3
Patani,Uduophori,2023,2,27.781875610351562,5
Warri South-West,Ajudaibo,2023,2,3.036221981048584,4
Warri South-West,Akpakpa,2023,2,2.118032932281494,2
Warri South-West,Isaba,2023,2,28.101363118489584,15
Warri South-West,Madangho,2023,2,3.6773160298665366,3
Warri South-West,Ogbe-Ijoh,2023,2,25.863693237304688,36
Warri South-West,Ogidigben,2023,2,6.283736705780029,4
Warri South-West,Okerenkoko,2023,2,16.41767035590278,36
Warri South-West,Oporozo,2023,2,7.831149578094482,16
Warri South-West,Orere,2023,2,14.145524458451705,11
Warri South-West,Ugborodo,2023,2,12.317519378662109,10
Warri South,Avenue,2023,2,26.613361358642578,2
Warri South,Bowen,2023,2,25.86157989501953,2
Warri South,Ekurede,2023,2,26.26769256591797,4
Warri South,Esisi,2023,2,25.83359718322754,4
Warri South,Igbudu,2023,2,25.62322235107422,3
Warri South,Obodo,2023,2,23.783893585205078,16
Warri South,Ode-Itsekiri,2023,2,26.80471632215712,9
Warri South,Okere,2023,2,26.613361358642578,2
Warri South,Pessu,2023,2,25.86157989501953,2
Warri South,Ubeji,2023,2,26.114026750837052,7
Bomadi,Akugbene 1,2023,3,187.95291137695312,2
Bomadi,Akugbene 2,2023,3,185.92080688476562,1
Bomadi,Akugbene 3,2023,3,185.92080688476562,1
Bomadi,Bomadi,2023,3,192.2568155924479,6
Bomadi,Ekaametagbene/Kalafio,2023,3,187.94514973958334,12
Bomadi,Esanma,2023,3,191.50022888183594,4
Bomadi,Kpakiama,2023,3,181.65545654296875,6
Bomadi,Ogbeinma/Okoloba,2023,3,188.255859375,3
Bomadi,Ogo/Eze,2023,3,186.34091186523438,2
Bomadi,Ogriagbene,2023,3,192.35650634765625,6
Burutu,Bolou-Ndoro,2023,3,180.69287109375,23
Burutu,Egodor,2023,3,188.49905215992646,17
Burutu,Eseinbiri,2023,3,196.10493607954547,11
Burutu,Kiagbodo,2023,3,174.9495849609375,3
Burutu,Ngbilebiri,2023,3,189.56131998697916,6
Burutu,Obetebe,2023,3,178.1448343211207,29
Burutu,Ogulagha,2023,3,110.116357421875,25
Burutu,Ojobo,2023,3,182.1785685221354,6
Burutu,Tamigbe,2023,3,204.1104736328125,6
Burutu,Torugbene,2023,3,196.59000651041666,6
Burutu,Tuomo,2023,3,202.13277180989584,9
Patani,Abari,2023,3,159.55718994140625,5
Patani,Agoloma,2023,3,170.05914306640625,3
Patani,Buluangiama,2023,3,173.12879943847656,8
Patani,Odorubu,2023,3,179.40939331054688,8
Patani,Patani 2,2023,3,160.27890014648438,4
Patani,Patani 3,2023,3,160.86653645833334,6
Patani,Patani 4,2023,3,164.66226196289062,2
Patani,Patani 5,2023,3,165.51919991629464,7
Patani,Toruangiama,2023,3,174.0445556640625,3
Patani,Uduophori,2023,3,179.82757568359375,5
Warri South-West,Ajudaibo,2023,3,28.762741088867188,4
Warri South-West,Akpakpa,2023,3,18.66507911682129,2
Warri South-West,Isaba,2023,3,187.53435872395832,15
Warri South-West,Madangho,2023,3,34.95842488606771,3
Warri South-West,Ogbe-Ijoh,2023,3,185.09619140625,36
Warri South-West,Ogidigben,2023,3,60.52364730834961,4
Warri South-West,Okerenkoko,2023,3,161.37299262152777,36
Warri South-West,Oporozo,2023,3,71.30644226074219,16
Warri South-West,Orere,2023,3,170.72676225142047,11
Warri South-West,Ugborodo,2023,3,142.5719970703125,10
Warri South,Avenue,2023,3,172.42886352539062,2
Warri South,Bowen,2023,3,168.57333374023438,2
Warri South,Ekurede,2023,3,175.94061279296875,4
Warri South,Esisi,2023,3,167.5294952392578,4
Warri South,Igbudu,2023,3,167.42113240559897,3
Warri South,Obodo,2023,3,201.87454223632812,16
Warri South,Ode-Itsekiri,2023,3,183.42470974392361,9
Warri South,Okere,2023,3,172.42886352539062,2
Warri South,Pessu,2023,3,168.57333374023438,2
Warri South,Ubeji,2023,3,180.30473981584822,7
Bomadi,Akugbene 1,2023,4,166.80184936523438,2
Bomadi,Akugbene 2,2023,4,160.33560180664062,1
Bomadi,Akugbene 3,2023,4,160.33560180664062,1
Bomadi,Bomadi,2023,4,158.857421875,6
Bomadi,Ekaametagbene/Kalafio,2023,4,197.323486328125,12
Bomadi,Esanma,2023,4,168.78936767578125,4
Bomadi,Kpakiama,2023,4,148.9361572265625,6
Bomadi,Ogbeinma/Okoloba,2023,4,162.94196573893228,3
Bomadi,Ogo/Eze,2023,4,166.77197265625,2
Bomadi,Ogriagbene,2023,4,196.0821533203125,6
Burutu,Bolou-Ndoro,2023,4,210.32593834918478,23
Burutu,Egodor,2023,4,189.927734375,17
Burutu,Eseinbiri,2023,4,176.13365589488637,11
Burutu,Kiagbodo,2023,4,158.35749308268228,3
Burutu,Ngbilebiri,2023,4,182.1534423828125,6
Burutu,Obetebe,2023,4,201.88112877155172,29
Burutu,Ogulagha,2023,4,131.106357421875,25
Burutu,Ojobo,2023,4,184.6048583984375,6
Burutu,Tamigbe,2023,4,184.94999186197916,6
Burutu,Torugbene,2023,4,186.50862630208334,6
Burutu,Tuomo,2023,4,172.62246365017361,9
Patani,Abari,2023,4,125.4515380859375,5
Patani,Agoloma,2023,4,136.4444783528646,3
Patani,Buluangiama,2023,4,139.2782745361328,8
Patani,Odorubu,2023,4,148.82696533203125,8
Patani,Patani 2,2023,4,128.61868286132812,4
Patani,Patani 3,2023,4,128.70972696940103,6
Patani,Patani 4,2023,4,131.12928771972656,2
Patani,Patani 5,2023,4,132.2571759905134,7
Patani,Toruangiama,2023,4,141.1530558268229,3
Patani,Uduophori,2023,4,150.3353271484375,5
Warri South-West,Ajudaibo,2023,4,33.337650299072266,4
Warri South-West,Akpakpa,2023,4,22.000301361083984,2
Warri South-West,Isaba,2023,4,199.88362630208334,15
Warri South-West,Madangho,2023,4,40.41258748372396,3
Warri South-West,Ogbe-Ijoh,2023,4,207.03324381510416,36
Warri South-West,Ogidigben,2023,4,77.42333221435547,4
Warri South-West,Okerenkoko,2023,4,169.01091851128473,36
Warri South-West,Oporozo,2023,4,81.55291748046875,16
Warri South-West,Orere,2023,4,202.79612038352272,11
Warri South-West,Ugborodo,2023,4,180.4247802734375,10
Warri South,Avenue,2023,4,171.94015502929688,2
Warri South,Bowen,2023,4,170.59783935546875,2
Warri South,Ekurede,2023,4,177.10284423828125,4
Warri South,Esisi,2023,4,170.9847412109375,4
Warri South,Igbudu,2023,4,170.72210693359375,3
Warri South,Obodo,2023,4,221.84136962890625,16
Warri South,Ode-Itsekiri,2023,4,192.16377766927084,9
Warri South,Okere,2023,4,171.94015502929688,2
Warri South,Pessu,2023,4,170.59783935546875,2
Warri South,Ubeji,2023,4,191.23423549107142,7
Bomadi,Akugbene 1,2023,5,294.16552734375,2
Bomadi,Akugbene 2,2023,5,294.3330383300781,1
Bomadi,Akugbene 3,2023,5,294.3330383300781,1
Bomadi,Bomadi,2023,5,303.06536865234375,6
Bomadi,Ekaametagbene/Kalafio,2023,5,308.3635660807292,12
Bomadi,Esanma,2023,5,293.1509094238281,4
Bomadi,Kpakiama,2023,5,299.17710367838544,6
Bomadi,Ogbeinma/Okoloba,2023,5,291.98565673828125,3
Bomadi,Ogo/Eze,2023,5,284.70599365234375,2
Bomadi,Ogriagbene,2023,5,312.44647216796875,6
Burutu,Bolou-Ndoro,2023,5,320.8021824048913,23
Burutu,Egodor,2023,5,300.7100183823529,17
Burutu,Eseinbiri,2023,5,300.68117453835225,11
Burutu,Kiagbodo,2023,5,279.77020263671875,3
Burutu,Ngbilebiri,2023,5,294.37221272786456,6
Burutu,Obetebe,2023,5,298.4457839439655,29
Burutu,Ogulagha,2023,5,170.3616015625,25
Burutu,Ojobo,2023,5,307.7612711588542,6
Burutu,Tamigbe,2023,5,313.0456136067708,6
Burutu,Torugbene,2023,5,314.8158365885417,6
Burutu,Tuomo,2023,5,308.88294813368054,9
Patani,Abari,2023,5,289.507177734375,5
Patani,Agoloma,2023,5,293.374755859375,3
Patani,Buluangiama,2023,5,295.3638916015625,8
Patani,Odorubu,2023,5,297.69384765625,8
Patani,Patani 2,2023,5,286.9690856933594,4
Patani,Patani 3,2023,5,288.7271321614583,6
Patani,Patani 4,2023,5,286.80499267578125,2
Patani,Patani 5,2023,5,290.30686732700894,7
Patani,Toruangiama,2023,5,302.09303792317706,3
Patani,Uduophori,2023,5,298.53330078125,5
Warri South-West,Ajudaibo,2023,5,42.049503326416016,4
Warri South-West,Akpakpa,2023,5,28.594972610473633,2
Warri South-West,Isaba,2023,5,308.32610677083335,15
Warri South-West,Madangho,2023,5,51.49260457356771,3
Warri South-West,Ogbe-Ijoh,2023,5,295.92466905381946,36
Warri South-West,Ogidigben,2023,5,83.44261932373047,4
Warri South-West,Okerenkoko,2023,5,210.93562825520834,36
Warri South-West,Oporozo,2023,5,101.85032653808594,16
Warri South-West,Orere,2023,5,203.3189364346591,11
Warri South-West,Ugborodo,2023,5,177.83076171875,10
Warri South,Avenue,2023,5,275.5663146972656,2
Warri South,Bowen,2023,5,272.2834777832031,2
Warri South,Ekurede,2023,5,279.8752136230469,4
Warri South,Esisi,2023,5,266.65924072265625,4
Warri South,Igbudu,2023,5,267.38787841796875,3
Warri South,Obodo,2023,5,293.294677734375,16
Warri South,Ode-Itsekiri,2023,5,297.52544487847223,9
Warri South,Okere,2023,5,275.5663146972656,2
Warri South,Pessu,2023,5,272.2834777832031,2
Warri South,Ubeji,2023,5,278.88575962611606,7
Bomadi,Akugbene 1,2023,6,412.7607116699219,2
Bomadi,Akugbene 2,2023,6,408.5519714355469,1
Bomadi,Akugbene 3,2023,6,408.5519714355469,1
Bomadi,Bomadi,2023,6,404.171630859375,6
Bomadi,Ekaametagbene/Kalafio,2023,6,484.8062337239583,12
Bomadi,Esanma,2023,6,412.0686340332031,4
Bomadi,Kpakiama,2023,6,409.29638671875,6
Bomadi,Ogbeinma/Okoloba,2023,6,400.1005452473958,3
Bomadi,Ogo/Eze,2023,6,402.1419677734375,2
Bomadi,Ogriagbene,2023,6,466.00341796875,6
Burutu,Bolou-Ndoro,2023,6,575.4002207880435,23
Burutu,Egodor,2023,6,469.6344209558824,17
Burutu,Eseinbiri,2023,6,420.2392578125,11
Burutu,Kiagbodo,2023,6,399.5691731770833,3
Burutu,Ngbilebiri,2023,6,462.671875,6
Burutu,Obetebe,2023,6,523.0084523168103,29
Burutu,Ogulagha,2023,6,324.08421875,25
Burutu,Ojobo,2023,6,476.5982259114583,6
Burutu,Tamigbe,2023,6,430.5614420572917,6
Burutu,Torugbene,2023,6,457.113525390625,6
Burutu,Tuomo,2023,6,401.3671603732639,9
Patani,Abari,2023,6,368.1044921875,5
Patani,Agoloma,2023,6,369.60400390625,3
Patani,Buluangiama,2023,6,376.36767578125,8
Patani,Odorubu,2023,6,382.47650146484375,8
Patani,Patani 2,2023,6,361.6689453125,4
Patani,Patani 3,2023,6,365.8595784505208,6
Patani,Patani 4,2023,6,360.5772705078125,2
Patani,Patani 5,2023,6,369.96505301339283,7
Patani,Toruangiama,2023,6,380.899658203125,3
Patani,Uduophori,2023,6,369.9708984375,5
Warri South-West,Ajudaibo,2023,6,78.36178588867188,4
Warri South-West,Akpakpa,2023,6,50.13006591796875,2
Warri South-West,Isaba,2023,6,487.54078776041666,15
Warri South-West,Madangho,2023,6,93.74924723307292,3
Warri South-West,Ogbe-Ijoh,2023,6,492.41455078125,36
Warri South-West,Ogidigben,2023,6,174.10079956054688,4
Warri South-West,Okerenkoko,2023,6,371.40625,36
Warri South-West,Oporozo,2023,6,180.9258270263672,16
Warri South-West,Orere,2023,6,377.3199573863636,11
Warri South-West,Ugborodo,2023,6,372.348876953125,10
Warri South,Avenue,2023,6,401.8825988769531,2
Warri South,Bowen,2023,6,417.7481689453125,2
Warri South,Ekurede,2023,6,419.675048828125,4
Warri South,Esisi,2023,6,383.3050842285156,4
Warri South,Igbudu,2023,6,393.7967122395833,3
Warri South,Obodo,2023,6,473.8702392578125,16
Warri South,Ode-Itsekiri,2023,6,464.22319878472223,9
Warri South,Okere,2023,6,401.8825988769531,2
Warri South,Pessu,2023,6,417.7481689453125,2
Warri South,Ubeji,2023,6,414.30262974330356,7
Bomadi,Akugbene 1,2023,7,525.8182373046875,2
Bomadi,Akugbene 2,2023,7,508.9215087890625,1
Bomadi,Akugbene 3,2023,7,508.9215087890625,1
Bomadi,Bomadi,2023,7,464.8160400390625,6
Bomadi,Ekaametagbene/Kalafio,2023,7,669.7541097005209,12
Bomadi,Esanma,2023,7,517.063232421875,4
Bomadi,Kpakiama,2023,7,440.7138264973958,6
Bomadi,Ogbeinma/Okoloba,2023,7,501.2573649088542,3
Bomadi,Ogo/Eze,2023,7,524.8438110351562,2
Bomadi,Ogriagbene,2023,7,643.6577555338541,6
Burutu,Bolou-Ndoro,2023,7,750.6325577445652,23
Burutu,Egodor,2023,7,604.1384995404412,17
Burutu,Eseinbiri,2023,7,549.8962180397727,11
Burutu,Kiagbodo,2023,7,502.9098714192708,3
Burutu,Ngbilebiri,2023,7,602.8027750651041,6
Burutu,Obetebe,2023,7,679.2712823275862,29
Burutu,Ogulagha,2023,7,343.3548828125,25
Burutu,Ojobo,2023,7,637.2540283203125,6
Burutu,Tamigbe,2023,7,573.4483235677084,6
Burutu,Torugbene,2023,7,602.653564453125,6
Burutu,Tuomo,2023,7,515.9568142361111,9
Patani,Abari,2023,7,363.872216796875,5
Patani,Agoloma,2023,7,382.9686279296875,3
Patani,Buluangiama,2023,7,390.474365234375,8
Patani,Odorubu,2023,7,409.05792236328125,8
Patani,Patani 2,2023,7,353.31829833984375,4
Patani,Patani 3,2023,7,357.5780436197917,6
Patani,Patani 4,2023,7,366.81964111328125,2
Patani,Patani 5,2023,7,367.13779994419644,7
Patani,Toruangiama,2023,7,403.024658203125,3
Patani,Uduophori,2023,7,413.02646484375,5
Warri South-West,Ajudaibo,2023,7,101.16378784179688,4
Warri South-West,Akpakpa,2023,7,68.12189483642578,2
Warri South-West,Isaba,2023,7,626.5823567708334,15
Warri South-West,Madangho,2023,7,123.59429931640625,3
Warri South-West,Ogbe-Ijoh,2023,7,600.7479926215278,36
Warri South-West,Ogidigben,2023,7,140.0386199951172,4
Warri South-West,Okerenkoko,2023,7,436.9140625,36
Warri South-West,Oporozo,2023,7,239.07461547851562,16
Warri South-West,Orere,2023,7,347.21464399857956,11
Warri South-West,Ugborodo,2023,7,302.414892578125,10
Warri South,Avenue,2023,7,534.2037353515625,2
Warri South,Bowen,2023,7,548.728759765625,2
Warri South,Ekurede,2023,7,552.121826171875,4
Warri South,Esisi,2023,7,514.5887451171875,4
Warri South,Igbudu,2023,7,519.6806233723959,3
Warri South,Obodo,2023,7,537.604736328125,16
Warri South,Ode-Itsekiri,2023,7,603.4359266493055,9
Warri South,Okere,2023,7,534.2037353515625,2
Warri South,Pessu,2023,7,548.728759765625,2
Warri South,Ubeji,2023,7,526.8303571428571,7
Bomadi,Akugbene 1,2023,8,266.3847351074219,2
Bomadi,Akugbene 2,2023,8,260.069580078125,1
Bomadi,Akugbene 3,2023,8,260.069580078125,1
Bomadi,Bomadi,2023,8,269.50128173828125,6
Bomadi,Ekaametagbene/Kalafio,2023,8,280.1826171875,12
Bomadi,Esanma,2023,8,276.1324462890625,4
Bomadi,Kpakiama,2023,8,259.3297119140625,6
Bomadi,Ogbeinma/Okoloba,2023,8,263.6287434895833,3
Bomadi,Ogo/Eze,2023,8,249.63128662109375,2
Bomadi,Ogriagbene,2023,8,284.65899658203125,6
Burutu,Bolou-Ndoro,2023,8,258.27970023777175,23
Burutu,Egodor,2023,8,262.8010684742647,17
Burutu,Eseinbiri,2023,8,284.7869318181818,11
Burutu,Kiagbodo,2023,8,229.66080729166666,3
Burutu,Ngbilebiri,2023,8,270.896728515625,6
Burutu,Obetebe,2023,8,234.55637122844828,29
Burutu,Ogulagha,2023,8,109.016376953125,25
Burutu,Ojobo,2023,8,271.172119140625,6
Burutu,Tamigbe,2023,8,285.1037190755208,6
Burutu,Torugbene,2023,8,276.1919759114583,6
Burutu,Tuomo,2023,8,280.76744249131946,9
Patani,Abari,2023,8,241.005859375,5
Patani,Agoloma,2023,8,235.12674967447916,3
Patani,Buluangiama,2023,8,236.30368041992188,8
Patani,Odorubu,2023,8,250.62820434570312,8
Patani,Patani 2,2023,8,228.9269256591797,4
Patani,Patani 3,2023,8,233.88496907552084,6
Patani,Patani 4,2023,8,224.0060577392578,2
Patani,Patani 5,2023,8,232.29964773995536,7
Patani,Toruangiama,2023,8,244.41666666666666,3
Patani,Uduophori,2023,8,246.643603515625,5
Warri South-West,Ajudaibo,2023,8,30.9366397857666,4
Warri South-West,Akpakpa,2023,8,20.581363677978516,2
Warri South-West,Isaba,2023,8,268.50384114583335,15
Warri South-West,Madangho,2023,8,37.681396484375,3
Warri South-West,Ogbe-Ijoh,2023,8,233.17296006944446,36
Warri South-West,Ogidigben,2023,8,48.76813888549805,4
Warri South-West,Okerenkoko,2023,8,173.21634928385416,36
Warri South-West,Oporozo,2023,8,80.29933166503906,16
Warri South-West,Orere,2023,8,159.5190762606534,11
Warri South-West,Ugborodo,2023,8,125.6494384765625,10
Warri South,Avenue,2023,8,270.51593017578125,2
Warri South,Bowen,2023,8,259.79254150390625,2
Warri South,Ekurede,2023,8,271.7698974609375,4
Warri South,Esisi,2023,8,261.00372314453125,4
Warri South,Igbudu,2023,8,258.0544840494792,3
Warri South,Obodo,2023,8,233.9666290283203,16
Warri South,Ode-Itsekiri,2023,8,271.61089409722223,9
Warri South,Okere,2023,8,270.51593017578125,2
Warri South,Pessu,2023,8,259.79254150390625,2
Warri South,Ubeji,2023,8,257.33726283482144,7
Bomadi,Akugbene 1,2023,9,461.676513671875,2
Bomadi,Akugbene 2,2023,9,457.3443298339844,1
Bomadi,Akugbene 3,2023,9,457.3443298339844,1
Bomadi,Bomadi,2023,9,497.2102864583333,6
Bomadi,Ekaametagbene/Kalafio,2023,9,476.4448649088542,12
Bomadi,Esanma,2023,9,468.66253662109375,4
Bomadi,Kpakiama,2023,9,484.8897298177083,6
Bomadi,Ogbeinma/Okoloba,2023,9,465.7989501953125,3
Bomadi,Ogo/Eze,2023,9,445.74859619140625,2
Bomadi,Ogriagbene,2023,9,489.6887613932292,6
Burutu,Bolou-Ndoro,2023,9,502.3812839673913,23
Burutu,Egodor,2023,9,465.83470243566177,17
Burutu,Eseinbiri,2023,9,482.5579279119318,11
Burutu,Kiagbodo,2023,9,439.7413330078125,3
Burutu,Ngbilebiri,2023,9,462.7500406901042,6
Burutu,Obetebe,2023,9,457.7459927262931,29
Burutu,Ogulagha,2023,9,237.11650390625,25
Burutu,Ojobo,2023,9,524.8221842447916,6
Burutu,Tamigbe,2023,9,502.38671875,6
Burutu,Torugbene,2023,9,514.9964192708334,6
Burutu,Tuomo,2023,9,506.1647135416667,9
Patani,Abari,2023,9,497.40185546875,5
Patani,Agoloma,2023,9,496.8792724609375,3
Patani,Buluangiama,2023,9,497.2999267578125,8
Patani,Odorubu,2023,9,498.9793395996094,8
Patani,Patani 2,2023,9,491.90301513671875,4
Patani,Patani 3,2023,9,495.0869954427083,6
Patani,Patani 4,2023,9,493.8953857421875,2
Patani,Patani 5,2023,9,493.9222935267857,7
Patani,Toruangiama,2023,9,505.1298014322917,3
Patani,Uduophori,2023,9,510.4267578125,5
Warri South-West,Ajudaibo,2023,9,60.77679443359375,4
Warri South-West,Akpakpa,2023,9,40.40300369262695,2
Warri South-West,Isaba,2023,9,468.71214192708334,15
Warri South-West,Madangho,2023,9,73.570556640625,3
Warri South-West,Ogbe-Ijoh,2023,9,439.47572157118054,36
Warri South-West,Ogidigben,2023,9,99.29527282714844,4
Warri South-West,Okerenkoko,2023,9,313.19129774305554,36
Warri South-West,Oporozo,2023,9,141.0167694091797,16
Warri South-West,Orere,2023,9,228.1910067471591,11
Warri South-West,Ugborodo,2023,9,205.25615234375,10
Warri South,Avenue,2023,9,435.362548828125,2
Warri South,Bowen,2023,9,423.26654052734375,2
Warri South,Ekurede,2023,9,435.58544921875,4
Warri South,Esisi,2023,9,420.06109619140625,4
Warri South,Igbudu,2023,9,415.1327718098958,3
Warri South,Obodo,2023,9,438.80584716796875,16
Warri South,Ode-Itsekiri,2023,9,457.42388237847223,9
Warri South,Okere,2023,9,435.362548828125,2
Warri South,Pessu,2023,9,423.26654052734375,2
Warri South,Ubeji,2023,9,436.92892020089283,7
Bomadi,Akugbene 1,2023,10,355.02496337890625,2
Bomadi,Akugbene 2,2023,10,362.96923828125,1
Bomadi,Akugbene 3,2023,10,362.96923828125,1
Bomadi,Bomadi,2023,10,382.9473063151042,6
Bomadi,Ekaametagbene/Kalafio,2023,10,369.8065999348958,12
Bomadi,Esanma,2023,10,363.6148376464844,4
Bomadi,Kpakiama,2023,10,363.3079020182292,6
Bomadi,Ogbeinma/Okoloba,2023,10,368.3865966796875,3
Bomadi,Ogo/Eze,2023,10,364.51220703125,2
Bomadi,Ogriagbene,2023,10,402.4361979166667,6
Burutu,Bolou-Ndoro,2023,10,401.88213315217394,23
Burutu,Egodor,2023,10,373.38298483455884,17
Burutu,Eseinbiri,2023,10,382.05007102272725,11
Burutu,Kiagbodo,2023,10,354.3315836588542,3
Burutu,Ngbilebiri,2023,10,372.9457194010417,6
Burutu,Obetebe,2023,10,348.7508418642241,29
Burutu,Ogulagha,2023,10,193.81865234375,25
Burutu,Ojobo,2023,10,420.4003092447917,6
Burutu,Tamigbe,2023,10,409.437255859375,6
Burutu,Torugbene,2023,10,423.0525716145833,6
Burutu,Tuomo,2023,10,399.9407552083333,9
Patani,Abari,2023,10,314.17275390625,5
Patani,Agoloma,2023,10,326.1944986979167,3
Patani,Buluangiama,2023,10,334.2146911621094,8
Patani,Odorubu,2023,10,365.6078186035156,8
Patani,Patani 2,2023,10,304.5143127441406,4
Patani,Patani 3,2023,10,308.01171875,6
Patani,Patani 4,2023,10,310.461669921875,2
Patani,Patani 5,2023,10,314.05936104910717,7
Patani,Toruangiama,2023,10,352.7571614583333,3
Patani,Uduophori,2023,10,364.6887939453125,5
Warri South-West,Ajudaibo,2023,10,44.397735595703125,4
Warri South-West,Akpakpa,2023,10,29.51645278930664,2
Warri South-West,Isaba,2023,10,371.49596354166664,15
Warri South-West,Madangho,2023,10,53.873372395833336,3
Warri South-West,Ogbe-Ijoh,2023,10,336.37944878472223,36
Warri South-West,Ogidigben,2023,10,97.7452163696289,4
Warri South-West,Okerenkoko,2023,10,237.65101453993054,36
Warri South-West,Oporozo,2023,10,109.7208023071289,16
Warri South-West,Orere,2023,10,248.44420276988637,11
Warri South-West,Ugborodo,2023,10,214.883544921875,10
Warri South,Avenue,2023,10,357.207763671875,2
Warri South,Bowen,2023,10,356.018310546875,2
Warri South,Ekurede,2023,10,354.4762268066406,4
Warri South,Esisi,2023,10,356.3225402832031,4
Warri South,Igbudu,2023,10,356.2081705729167,3
Warri South,Obodo,2023,10,326.64996337890625,16
Warri South,Ode-Itsekiri,2023,10,361.4220377604167,9
Warri South,Okere,2023,10,357.207763671875,2
Warri South,Pessu,2023,10,356.018310546875,2
Warri South,Ubeji,2023,10,340.59061104910717,7
Bomadi,Akugbene 1,2023,11,214.4869384765625,2
Bomadi,Akugbene 2,2023,11,210.5952606201172,1
Bomadi,Akugbene 3,2023,11,210.5952606201172,1
Bomadi,Bomadi,2023,11,208.76336669921875,6
Bomadi,Ekaametagbene/Kalafio,2023,11,240.54781087239584,12
Bomadi,Esanma,2023,11,218.98822021484375,4
Bomadi,Kpakiama,2023,11,186.97064208984375,6
Bomadi,Ogbeinma/Okoloba,2023,11,205.16094970703125,3
Bomadi,Ogo/Eze,2023,11,202.72747802734375,2
Bomadi,Ogriagbene,2023,11,268.310302734375,6
Burutu,Bolou-Ndoro,2023,11,297.6911727241848,23
Burutu,Egodor,2023,11,221.33228975183823,17
Burutu,Eseinbiri,2023,11,235.74826882102272,11
Burutu,Kiagbodo,2023,11,189.7181396484375,3
Burutu,Ngbilebiri,2023,11,237.5477294921875,6
Burutu,Obetebe,2023,11,247.92985587284483,29
Burutu,Ogulagha,2023,11,188.370859375,25
Burutu,Ojobo,2023,11,272.4796956380208,6
Burutu,Tamigbe,2023,11,258.2760416666667,6
Burutu,Torugbene,2023,11,257.67022705078125,6
Burutu,Tuomo,2023,11,240.93709309895834,9
Patani,Abari,2023,11,168.44141845703126,5
Patani,Agoloma,2023,11,199.69099934895834,3
Patani,Buluangiama,2023,11,192.237548828125,8
Patani,Odorubu,2023,11,188.1448211669922,8
Patani,Patani 2,2023,11,181.70697021484375,4
Patani,Patani 3,2023,11,177.586669921875,6
Patani,Patani 4,2023,11,180.10247802734375,2
Patani,Patani 5,2023,11,188.76311383928572,7
Patani,Toruangiama,2023,11,202.68743896484375,3
Patani,Uduophori,2023,11,201.041162109375,5
Warri South-West,Ajudaibo,2023,11,37.474876403808594,4
Warri South-West,Akpakpa,2023,11,24.967254638671875,2
Warri South-West,Isaba,2023,11,207.85187174479168,15
Warri South-West,Madangho,2023,11,43.986796061197914,3
Warri South-West,Ogbe-Ijoh,2023,11,205.59647623697916,36
Warri South-West,Ogidigben,2023,11,124.29435729980469,4
Warri South-West,Okerenkoko,2023,11,148.5703125,36
Warri South-West,Oporozo,2023,11,73.260986328125,16
Warri South-West,Orere,2023,11,193.08021129261363,11
Warri South-West,Ugborodo,2023,11,204.683203125,10
Warri South,Avenue,2023,11,166.4220428466797,2
Warri South,Bowen,2023,11,170.9199981689453,2
Warri South,Ekurede,2023,11,162.03790283203125,4
Warri South,Esisi,2023,11,158.99468994140625,4
Warri South,Igbudu,2023,11,161.72857666015625,3
Warri South,Obodo,2023,11,188.52581787109375,16
Warri South,Ode-Itsekiri,2023,11,184.51795789930554,9
Warri South,Okere,2023,11,166.4220428466797,2
Warri South,Pessu,2023,11,170.9199981689453,2
Warri South,Ubeji,2023,11,161.36397879464286,7
Bomadi,Akugbene 1,2023,12,28.600364685058594,2
Bomadi,Akugbene 2,2023,12,28.339866638183594,1
Bomadi,Akugbene 3,2023,12,28.339866638183594,1
Bomadi,Bomadi,2023,12,33.17737325032552,6
Bomadi,Ekaametagbene/Kalafio,2023,12,33.71097056070963,12
Bomadi,Esanma,2023,12,30.038787841796875,4
Bomadi,Kpakiama,2023,12,30.768407185872395,6
Bomadi,Ogbeinma/Okoloba,2023,12,29.547470092773438,3
Bomadi,Ogo/Eze,2023,12,29.409072875976562,2
Bomadi,Ogriagbene,2023,12,38.19265492757162,6
Burutu,Bolou-Ndoro,2023,12,39.26404870074728,23
Burutu,Egodor,2023,12,34.41414866727941,17
Burutu,Eseinbiri,2023,12,34.279504949396305,11
Burutu,Kiagbodo,2023,12,29.184544881184895,3
Burutu,Ngbilebiri,2023,12,34.41547648111979,6
Burutu,Obetebe,2023,12,34.110671470905174,29
Burutu,Ogulagha,2023,12,18.337252197265624,25
Burutu,Ojobo,2023,12,40.3280995686849,6
Burutu,Tamigbe,2023,12,38.37579091389974,6
Burutu,Torugbene,2023,12,39.455291748046875,6
Burutu,Tuomo,2023,12,37.31951904296875,9
Patani,Abari,2023,12,18.458399963378906,5
Patani,Agoloma,2023,12,25.533597310384113,3
Patani,Buluangiama,2023,12,28.10000228881836,8
Patani,Odorubu,2023,12,32.051353454589844,8
Patani,Patani 2,2023,12,20.557811737060547,4
Patani,Patani 3,2023,12,19.75931167602539,6
Patani,Patani 4,2023,12,21.7254638671875,2
Patani,Patani 5,2023,12,22.663818359375,7
Patani,Toruangiama,2023,12,31.960464477539062,3
Patani,Uduophori,2023,12,33.08034973144531,5
Warri South-West,Ajudaibo,2023,12,3.120553970336914,4
Warri South-West,Akpakpa,2023,12,2.15200138092041,2
Warri South-West,Isaba,2023,12,33.75291341145833,15
Warri South-West,Madangho,2023,12,3.795186996459961,3
Warri South-West,Ogbe-Ijoh,2023,12,28.23379855685764,36
Warri South-West,Ogidigben,2023,12,8.408660888671875,4
Warri South-West,Okerenkoko,2023,12,15.541602240668404,36
Warri South-West,Oporozo,2023,12,7.799880504608154,16
Warri South-West,Orere,2023,12,16.358028065074574,11
Warri South-West,Ugborodo,2023,12,15.196017456054687,10
Warri South,Avenue,2023,12,30.816749572753906,2
Warri South,Bowen,2023,12,32.43628692626953,2
Warri South,Ekurede,2023,12,29.51347541809082,4
Warri South,Esisi,2023,12,31.040773391723633,4
Warri South,Igbudu,2023,12,31.552327473958332,3
Warri South,Obodo,2023,12,21.369962692260742,16
Warri South,Ode-Itsekiri,2023,12,29.672105577256943,9
Warri South,Okere,2023,12,30.816749572753906,2
Warri South,Pessu,2023,12,32.43628692626953,2
Warri South,Ubeji,2023,12,25.281908307756698,7
Bomadi,Akugbene 1,2024,1,14.913361549377441,2
Bomadi,Akugbene 2,2024,1,15.550039291381836,1
Bomadi,Akugbene 3,2024,1,15.550039291381836,1
Bomadi,Bomadi,2024,1,13.172603607177734,6
Bomadi,Ekaametagbene/Kalafio,2024,1,14.76788330078125,12
Bomadi,Esanma,2024,1,15.129110336303711,4
Bomadi,Kpakiama,2024,1,13.007706960042318,6
Bomadi,Ogbeinma/Okoloba,2024,1,15.147588094075521,3
Bomadi,Ogo/Eze,2024,1,15.131583213806152,2
Bomadi,Ogriagbene,2024,1,17.94970448811849,6
Burutu,Bolou-Ndoro,2024,1,17.476842465608016,23
Burutu,Egodor,2024,1,14.988015567555147,17
Burutu,Eseinbiri,2024,1,14.81605391068892,11
Burutu,Kiagbodo,2024,1,15.726946512858072,3
Burutu,Ngbilebiri,2024,1,16.798993428548176,6
Burutu,Obetebe,2024,1,13.595245361328125,29
Burutu,Ogulagha,2024,1,6.11056884765625,25
Burutu,Ojobo,2024,1,19.9586919148763,6
Burutu,Tamigbe,2024,1,17.656514485677082,6
Burutu,Torugbene,2024,1,19.51562754313151,6
Burutu,Tuomo,2024,1,13.964917500813803,9
Patani,Abari,2024,1,10.134521484375,5
Patani,Agoloma,2024,1,12.838534037272135,3
Patani,Buluangiama,2024,1,13.405988693237305,8
Patani,Odorubu,2024,1,12.439948081970215,8
Patani,Patani 2,2024,1,10.814916610717773,4
Patani,Patani 3,2024,1,10.677361806233725,6
Patani,Patani 4,2024,1,11.698434829711914,2
Patani,Patani 5,2024,1,12.402245657784599,7
Patani,Toruangiama,2024,1,13.45709482828776,3
Patani,Uduophori,2024,1,12.7332763671875,5
Warri South-West,Ajudaibo,2024,1,0.9584775567054749,4
Warri South-West,Akpakpa,2024,1,0.6593698859214783,2
Warri South-West,Isaba,2024,1,12.690395100911458,15
Warri South-West,Madangho,2024,1,1.1711973349253337,3
Warri South-West,Ogbe-Ijoh,2024,1,10.292426215277779,36
Warri South-West,Ogidigben,2024,1,1.4244576692581177,4
Warri South-West,Okerenkoko,2024,1,5.464117262098524,36
Warri South-West,Oporozo,2024,1,2.3395965099334717,16
Warri South-West,Orere,2024,1,2.916139082475142,11
Warri South-West,Ugborodo,2024,1,2.5499826431274415,10
Warri South,Avenue,2024,1,11.292624473571777,2
Warri South,Bowen,2024,1,12.020875930786133,2
Warri South,Ekurede,2024,1,10.689437866210938,4
Warri South,Esisi,2024,1,11.598873138427734,4
Warri South,Igbudu,2024,1,11.918535868326822,3
Warri South,Obodo,2024,1,8.861059188842773,16
Warri South,Ode-Itsekiri,2024,1,11.004561530219185,9
Warri South,Okere,2024,1,11.292624473571777,2
Warri South,Pessu,2024,1,12.020875930786133,2
Warri South,Ubeji,2024,1,10.168461390904017,7
Bomadi,Akugbene 1,2024,2,75.09795379638672,2
Bomadi,Akugbene 2,2024,2,74.43098449707031,1
Bomadi,Akugbene 3,2024,2,74.43098449707031,1
Bomadi,Bomadi,2024,2,77.25945536295573,6
Bomadi,Ekaametagbene/Kalafio,2024,2,75.00714111328125,12
Bomadi,Esanma,2024,2,75.04736328125,4
Bomadi,Kpakiama,2024,2,74.25113932291667,6
Bomadi,Ogbeinma/Okoloba,2024,2,75.10362243652344,3
Bomadi,Ogo/Eze,2024,2,75.45989990234375,2
Bomadi,Ogriagbene,2024,2,77.72853597005208,6
Burutu,Bolou-Ndoro,2024,2,81.45458984375,23
Burutu,Egodor,2024,2,76.56080537683823,17
Burutu,Eseinbiri,2024,2,75.16910622336648,11
Burutu,Kiagbodo,2024,2,71.25843302408855,3
Burutu,Ngbilebiri,2024,2,77.56759643554688,6
Burutu,Obetebe,2024,2,77.54328865840517,29
Burutu,Ogulagha,2024,2,47.9855810546875,25
Burutu,Ojobo,2024,2,77.06935628255208,6
Burutu,Tamigbe,2024,2,76.1807861328125,6
Burutu,Torugbene,2024,2,77.6676025390625,6
Burutu,Tuomo,2024,2,77.13699001736111,9
Patani,Abari,2024,2,61.222723388671874,5
Patani,Agoloma,2024,2,68.65003967285156,3
Patani,Buluangiama,2024,2,67.53474426269531,8
Patani,Odorubu,2024,2,73.63714599609375,8
Patani,Patani 2,2024,2,64.32574462890625,4
Patani,Patani 3,2024,2,64.56332397460938,6
Patani,Patani 4,2024,2,66.2076187133789,2
Patani,Patani 5,2024,2,65.73832048688617,7
Patani,Toruangiama,2024,2,68.6364237467448,3
Patani,Uduophori,2024,2,71.85241088867187,5
Warri South-West,Ajudaibo,2024,2,9.542511940002441,4
Warri South-West,Akpakpa,2024,2,6.506721496582031,2
Warri South-West,Isaba,2024,2,73.66660970052084,15
Warri South-West,Madangho,2024,2,11.50522232055664,3
Warri South-West,Ogbe-Ijoh,2024,2,72.22390407986111,36
Warri South-West,Ogidigben,2024,2,22.272865295410156,4
Warri South-West,Okerenkoko,2024,2,50.34063381618924,36
Warri South-West,Oporozo,2024,2,23.415964126586914,16
Warri South-West,Orere,2024,2,49.75105424360795,11
Warri South-West,Ugborodo,2024,2,44.13328857421875,10
Warri South,Avenue,2024,2,71.16732788085938,2
Warri South,Bowen,2024,2,67.43086242675781,2
Warri South,Ekurede,2024,2,70.63697052001953,4
Warri South,Esisi,2024,2,68.52650451660156,4
Warri South,Igbudu,2024,2,67.21524047851562,3
Warri South,Obodo,2024,2,71.84725189208984,16
Warri South,Ode-Itsekiri,2024,2,72.25499810112848,9
Warri South,Okere,2024,2,71.16732788085938,2
Warri South,Pessu,2024,2,67.43086242675781,2
Warri South,Ubeji,2024,2,73.73725237165179,7
Bomadi,Akugbene 1,2024,3,117.6504898071289,2
Bomadi,Akugbene 2,2024,3,119.83314514160156,1
Bomadi,Akugbene 3,2024,3,119.83314514160156,1
Bomadi,Bomadi,2024,3,131.86198933919272,6
Bomadi,Ekaametagbene/Kalafio,2024,3,125.43485514322917,12
Bomadi,Esanma,2024,3,123.18571472167969,4
Bomadi,Kpakiama,2024,3,123.78480021158855,6
Bomadi,Ogbeinma/Okoloba,2024,3,123.01735432942708,3
Bomadi,Ogo/Eze,2024,3,116.26432800292969,2
Bomadi,Ogriagbene,2024,3,138.2049357096354,6
Burutu,Bolou-Ndoro,2024,3,126.10592518682066,23
Burutu,Egodor,2024,3,116.12416704963235,17
Burutu,Eseinbiri,2024,3,132.50767933238637,11
Burutu,Kiagbodo,2024,3,113.43312581380208,3
Burutu,Ngbilebiri,2024,3,117.4910176595052,6
Burutu,Obetebe,2024,3,111.944091796875,29
Burutu,Ogulagha,2024,3,64.29841796875,25
Burutu,Ojobo,2024,3,131.7423095703125,6
Burutu,Tamigbe,2024,3,144.17280069986978,6
Burutu,Torugbene,2024,3,143.655517578125,6
Burutu,Tuomo,2024,3,138.28696017795139,9
Patani,Abari,2024,3,110.88260498046876,5
Patani,Agoloma,2024,3,119.06618245442708,3
Patani,Buluangiama,2024,3,119.61795043945312,8
Patani,Odorubu,2024,3,120.57302856445312,8
Patani,Patani 2,2024,3,109.7776107788086,4
Patani,Patani 3,2024,3,110.78345743815105,6
Patani,Patani 4,2024,3,110.9712142944336,2
Patani,Patani 5,2024,3,113.97926548549107,7
Patani,Toruangiama,2024,3,124.1569315592448,3
Patani,Uduophori,2024,3,123.76519775390625,5
Warri South-West,Ajudaibo,2024,3,14.020027160644531,4
Warri South-West,Akpakpa,2024,3,9.223405838012695,2
Warri South-West,Isaba,2024,3,110.05093587239584,15
Warri South-West,Madangho,2024,3,17.053014119466145,3
Warri South-West,Ogbe-Ijoh,2024,3,103.83473036024306,36
Warri South-West,Ogidigben,2024,3,29.432361602783203,4
Warri South-West,Okerenkoko,2024,3,76.37781439887152,36
Warri South-West,Oporozo,2024,3,35.62190246582031,16
Warri South-West,Orere,2024,3,90.2209139737216,11
Warri South-West,Ugborodo,2024,3,70.4746826171875,10
Warri South,Avenue,2024,3,104.62891387939453,2
Warri South,Bowen,2024,3,102.6302261352539,2
Warri South,Ekurede,2024,3,103.06913757324219,4
Warri South,Esisi,2024,3,103.02642822265625,4
Warri South,Igbudu,2024,3,103.14832560221355,3
Warri South,Obodo,2024,3,102.7825927734375,16
Warri South,Ode-Itsekiri,2024,3,105.83194986979167,9
Warri South,Okere,2024,3,104.62891387939453,2
Warri South,Pessu,2024,3,102.6302261352539,2
Warri South,Ubeji,2024,3,103.71235002790179,7
Bomadi,Akugbene 1,2024,4,141.20445251464844,2
Bomadi,Akugbene 2,2024,4,141.7133026123047,1
Bomadi,Akugbene 3,2024,4,141.7133026123047,1
Bomadi,Bomadi,2024,4,148.49943033854166,6
Bomadi,Ekaametagbene/Kalafio,2024,4,135.5315958658854,12
Bomadi,Esanma,2024,4,142.76885986328125,4
Bomadi,Kpakiama,2024,4,147.2703857421875,6
Bomadi,Ogbeinma/Okoloba,2024,4,142.7011922200521,3
Bomadi,Ogo/Eze,2024,4,140.94845581054688,2
Bomadi,Ogriagbene,2024,4,139.89801025390625,6
Burutu,Bolou-Ndoro,2024,4,140.50149668817934,23
Burutu,Egodor,2024,4,139.9679457720588,17
Burutu,Eseinbiri,2024,4,142.84836647727272,11
Burutu,Kiagbodo,2024,4,147.77586873372397,3
Burutu,Ngbilebiri,2024,4,137.31278483072916,6
Burutu,Obetebe,2024,4,127.44707199622844,29
Burutu,Ogulagha,2024,4,71.3113818359375,25
Burutu,Ojobo,2024,4,133.0101521809896,6
Burutu,Tamigbe,2024,4,144.72286987304688,6
Burutu,Torugbene,2024,4,140.1865030924479,6
Burutu,Tuomo,2024,4,149.46629503038196,9
Patani,Abari,2024,4,149.437060546875,5
Patani,Agoloma,2024,4,152.739013671875,3
Patani,Buluangiama,2024,4,154.01705932617188,8
Patani,Odorubu,2024,4,152.3846893310547,8
Patani,Patani 2,2024,4,148.8458709716797,4
Patani,Patani 3,2024,4,150.43405151367188,6
Patani,Patani 4,2024,4,150.82705688476562,2
Patani,Patani 5,2024,4,150.43308803013392,7
Patani,Toruangiama,2024,4,154.50199381510416,3
Patani,Uduophori,2024,4,155.6617919921875,5
Warri South-West,Ajudaibo,2024,4,16.720684051513672,4
Warri South-West,Akpakpa,2024,4,11.657331466674805,2
Warri South-West,Isaba,2024,4,139.85291341145833,15
Warri South-West,Madangho,2024,4,20.48795445760091,3
Warri South-West,Ogbe-Ijoh,2024,4,132.01486545138889,36
Warri South-West,Ogidigben,2024,4,34.508506774902344,4
Warri South-West,Okerenkoko,2024,4,101.01566569010417,36
Warri South-West,Oporozo,2024,4,45.119361877441406,16
Warri South-West,Orere,2024,4,98.39508611505681,11
Warri South-West,Ugborodo,2024,4,80.8791259765625,10
Warri South,Avenue,2024,4,136.15280151367188,2
Warri South,Bowen,2024,4,139.50457763671875,2
Warri South,Ekurede,2024,4,134.59646606445312,4
Warri South,Esisi,2024,4,138.578857421875,4
Warri South,Igbudu,2024,4,139.98088582356772,3
Warri South,Obodo,2024,4,138.51205444335938,16
Warri South,Ode-Itsekiri,2024,4,136.51639811197916,9
Warri South,Okere,2024,4,136.15280151367188,2
Warri South,Pessu,2024,4,139.50457763671875,2
Warri South,Ubeji,2024,4,134.38661411830358,7
Bomadi,Akugbene 1,2024,5,289.7548828125,2
Bomadi,Akugbene 2,2024,5,287.1532287597656,1
Bomadi,Akugbene 3,2024,5,287.1532287597656,1
Bomadi,Bomadi,2024,5,307.73280843098956,6
Bomadi,Ekaametagbene/Kalafio,2024,5,314.0672607421875,12
Bomadi,Esanma,2024,5,295.1040344238281,4
Bomadi,Kpakiama,2024,5,302.1039225260417,6
Bomadi,Ogbeinma/Okoloba,2024,5,292.4681396484375,3
Bomadi,Ogo/Eze,2024,5,285.6822814941406,2
Bomadi,Ogriagbene,2024,5,318.7142333984375,6
Burutu,Bolou-Ndoro,2024,5,324.5244140625,23
Burutu,Egodor,2024,5,298.5710018382353,17
Burutu,Eseinbiri,2024,5,308.1983087713068,11
Burutu,Kiagbodo,2024,5,281.9713134765625,3
Burutu,Ngbilebiri,2024,5,291.28029378255206,6
Burutu,Obetebe,2024,5,311.37931034482756,29
Burutu,Ogulagha,2024,5,203.384453125,25
Burutu,Ojobo,2024,5,309.48004150390625,6
Burutu,Tamigbe,2024,5,322.5264892578125,6
Burutu,Torugbene,2024,5,324.53277587890625,6
Burutu,Tuomo,2024,5,310.3503689236111,9
Patani,Abari,2024,5,266.2968017578125,5
Patani,Agoloma,2024,5,278.8268229166667,3
Patani,Buluangiama,2024,5,282.8258361816406,8
Patani,Odorubu,2024,5,292.1710205078125,8
Patani,Patani 2,2024,5,272.30413818359375,4
Patani,Patani 3,2024,5,273.1176350911458,6
Patani,Patani 4,2024,5,274.2406311035156,2
Patani,Patani 5,2024,5,278.0621861049107,7
Patani,Toruangiama,2024,5,284.14939371744794,3
Patani,Uduophori,2024,5,289.00556640625,5
Warri South-West,Ajudaibo,2024,5,53.272010803222656,4
Warri South-West,Akpakpa,2024,5,36.129554748535156,2
Warri South-West,Isaba,2024,5,303.92265625,15
Warri South-West,Madangho,2024,5,64.46326700846355,3
Warri South-West,Ogbe-Ijoh,2024,5,300.6006130642361,36
Warri South-West,Ogidigben,2024,5,114.24966430664062,4
Warri South-West,Okerenkoko,2024,5,229.05810546875,36
Warri South-West,Oporozo,2024,5,116.72535705566406,16
Warri South-West,Orere,2024,5,256.48823686079544,11
Warri South-West,Ugborodo,2024,5,235.244189453125,10
Warri South,Avenue,2024,5,271.52203369140625,2
Warri South,Bowen,2024,5,273.01275634765625,2
Warri South,Ekurede,2024,5,273.27923583984375,4
Warri South,Esisi,2024,5,265.1554870605469,4
Warri South,Igbudu,2024,5,267.1960856119792,3
Warri South,Obodo,2024,5,297.50506591796875,16
Warri South,Ode-Itsekiri,2024,5,290.26215277777777,9
Warri South,Okere,2024,5,271.52203369140625,2
Warri South,Pessu,2024,5,273.01275634765625,2
Warri South,Ubeji,2024,5,273.95926339285717,7
Bomadi,Akugbene 1,2024,6,430.6751708984375,2
Bomadi,Akugbene 2,2024,6,412.78656005859375,1
Bomadi,Akugbene 3,2024,6,412.78656005859375,1
Bomadi,Bomadi,2024,6,418.0835774739583,6
Bomadi,Ekaametagbene/Kalafio,2024,6,480.7941487630208,12
Bomadi,Esanma,2024,6,436.3218688964844,4
Bomadi,Kpakiama,2024,6,405.2796630859375,6
Bomadi,Ogbeinma/Okoloba,2024,6,402.0889078776042,3
Bomadi,Ogo/Eze,2024,6,390.6087646484375,2
Bomadi,Ogriagbene,2024,6,482.8739420572917,6
Burutu,Bolou-Ndoro,2024,6,518.666355298913,23
Burutu,Egodor,2024,6,416.39183134191177,17
Burutu,Eseinbiri,2024,6,453.82608309659093,11
Burutu,Kiagbodo,2024,6,364.3992919921875,3
Burutu,Ngbilebiri,2024,6,438.2613932291667,6
Burutu,Obetebe,2024,6,456.3235452586207,29
Burutu,Ogulagha,2024,6,252.91744140625,25
Burutu,Ojobo,2024,6,461.6665445963542,6
Burutu,Tamigbe,2024,6,461.160888671875,6
Burutu,Torugbene,2024,6,460.7390950520833,6
Burutu,Tuomo,2024,6,433.6338704427083,9
Patani,Abari,2024,6,361.3166015625,5
Patani,Agoloma,2024,6,365.4674479166667,3
Patani,Buluangiama,2024,6,364.26470947265625,8
Patani,Odorubu,2024,6,375.51129150390625,8
Patani,Patani 2,2024,6,354.4338684082031,4
Patani,Patani 3,2024,6,358.5545654296875,6
Patani,Patani 4,2024,6,353.259765625,2
Patani,Patani 5,2024,6,358.19056919642856,7
Patani,Toruangiama,2024,6,372.9164632161458,3
Patani,Uduophori,2024,6,366.813037109375,5
Warri South-West,Ajudaibo,2024,6,55.451499938964844,4
Warri South-West,Akpakpa,2024,6,38.118892669677734,2
Warri South-West,Isaba,2024,6,406.98095703125,15
Warri South-West,Madangho,2024,6,66.65076700846355,3
Warri South-West,Ogbe-Ijoh,2024,6,383.7568088107639,36
Warri South-West,Ogidigben,2024,6,120.33186340332031,4
Warri South-West,Okerenkoko,2024,6,249.20071072048611,36
Warri South-West,Oporozo,2024,6,127.24907684326172,16
Warri South-West,Orere,2024,6,280.23215553977275,11
Warri South-West,Ugborodo,2024,6,265.326611328125,10
Warri South,Avenue,2024,6,342.9765625,2
Warri South,Bowen,2024,6,356.00811767578125,2
Warri South,Ekurede,2024,6,355.62200927734375,4
Warri South,Esisi,2024,6,330.05615234375,4
Warri South,Igbudu,2024,6,338.63584391276044,3
Warri South,Obodo,2024,6,340.8055725097656,16
Warri South,Ode-Itsekiri,2024,6,386.90782335069446,9
Warri South,Okere,2024,6,342.9765625,2
Warri South,Pessu,2024,6,356.00811767578125,2
Warri South,Ubeji,2024,6,344.77036830357144,7
Bomadi,Akugbene 1,2024,7,352.3602294921875,2
Bomadi,Akugbene 2,2024,7,350.2150573730469,1
Bomadi,Akugbene 3,2024,7,350.2150573730469,1
Bomadi,Bomadi,2024,7,362.1648763020833,6
Bomadi,Ekaametagbene/Kalafio,2024,7,455.1199544270833,12
Bomadi,Esanma,2024,7,369.8700866699219,4
Bomadi,Kpakiama,2024,7,329.2014973958333,6
Bomadi,Ogbeinma/Okoloba,2024,7,357.3643391927083,3
Bomadi,Ogo/Eze,2024,7,342.4206848144531,2
Bomadi,Ogriagbene,2024,7,455.4869384765625,6
Burutu,Bolou-Ndoro,2024,7,483.59676460597825,23
Burutu,Egodor,2024,7,411.8415096507353,17
Burutu,Eseinbiri,2024,7,408.9895685369318,11
Burutu,Kiagbodo,2024,7,323.88470458984375,3
Burutu,Ngbilebiri,2024,7,398.8863932291667,6
Burutu,Obetebe,2024,7,444.7470029633621,29
Burutu,Ogulagha,2024,7,240.279765625,25
Burutu,Ojobo,2024,7,435.4510904947917,6
Burutu,Tamigbe,2024,7,433.0455729166667,6
Burutu,Torugbene,2024,7,442.2201334635417,6
Burutu,Tuomo,2024,7,397.5634765625,9
Patani,Abari,2024,7,331.8997802734375,5
Patani,Agoloma,2024,7,347.1875406901042,3
Patani,Buluangiama,2024,7,340.6996765136719,8
Patani,Odorubu,2024,7,333.0929870605469,8
Patani,Patani 2,2024,7,324.21429443359375,4
Patani,Patani 3,2024,7,330.003173828125,6
Patani,Patani 4,2024,7,324.757568359375,2
Patani,Patani 5,2024,7,336.33973911830356,7
Patani,Toruangiama,2024,7,349.572021484375,3
Patani,Uduophori,2024,7,340.98916015625,5
Warri South-West,Ajudaibo,2024,7,68.44174194335938,4
Warri South-West,Akpakpa,2024,7,45.799530029296875,2
Warri South-West,Isaba,2024,7,436.70107421875,15
Warri South-West,Madangho,2024,7,83.14635213216145,3
Warri South-West,Ogbe-Ijoh,2024,7,438.663330078125,36
Warri South-West,Ogidigben,2024,7,106.53028869628906,4
Warri South-West,Okerenkoko,2024,7,310.36957465277777,36
Warri South-West,Oporozo,2024,7,160.32359313964844,16
Warri South-West,Orere,2024,7,250.29103781960228,11
Warri South-West,Ugborodo,2024,7,223.42041015625,10
Warri South,Avenue,2024,7,388.8354797363281,2
Warri South,Bowen,2024,7,387.0510559082031,2
Warri South,Ekurede,2024,7,400.10400390625,4
Warri South,Esisi,2024,7,371.437255859375,4
Warri South,Igbudu,2024,7,373.0377604166667,3
Warri South,Obodo,2024,7,408.7268981933594,16
Warri South,Ode-Itsekiri,2024,7,424.7890625,9
Warri South,Okere,2024,7,388.8354797363281,2
Warri South,Pessu,2024,7,387.0510559082031,2
Warri South,Ubeji,2024,7,377.75453404017856,7
Bomadi,Akugbene 1,2024,8,150.55874633789062,2
Bomadi,Akugbene 2,2024,8,152.47557067871094,1
Bomadi,Akugbene 3,2024,8,152.47557067871094,1
Bomadi,Bomadi,2024,8,160.32160441080728,6
Bomadi,Ekaametagbene/Kalafio,2024,8,162.35205078125,12
Bomadi,Esanma,2024,8,154.70318603515625,4
Bomadi,Kpakiama,2024,8,156.98649088541666,6
Bomadi,Ogbeinma/Okoloba,2024,8,151.11432902018228,3
Bomadi,Ogo/Eze,2024,8,145.73330688476562,2
Bomadi,Ogriagbene,2024,8,167.5528361002604,6
Burutu,Bolou-Ndoro,2024,8,162.57973845108697,23
Burutu,Egodor,2024,8,162.25680721507354,17
Burutu,Eseinbiri,2024,8,164.8087713068182,11
Burutu,Kiagbodo,2024,8,148.27173868815103,3
Burutu,Ngbilebiri,2024,8,164.9935099283854,6
Burutu,Obetebe,2024,8,141.42554552801724,29
Burutu,Ogulagha,2024,8,65.027587890625,25
Burutu,Ojobo,2024,8,181.03694661458334,6
Burutu,Tamigbe,2024,8,171.9419962565104,6
Burutu,Torugbene,2024,8,172.766357421875,6
Burutu,Tuomo,2024,8,165.94662814670139,9
Patani,Abari,2024,8,145.33348388671874,5
Patani,Agoloma,2024,8,150.85289510091147,3
Patani,Buluangiama,2024,8,150.2833251953125,8
Patani,Odorubu,2024,8,153.97171020507812,8
Patani,Patani 2,2024,8,145.28895568847656,4
Patani,Patani 3,2024,8,145.74099731445312,6
Patani,Patani 4,2024,8,143.8939208984375,2
Patani,Patani 5,2024,8,148.64332798549108,7
Patani,Toruangiama,2024,8,153.45196533203125,3
Patani,Uduophori,2024,8,151.8918701171875,5
Warri South-West,Ajudaibo,2024,8,15.301068305969238,4
Warri South-West,Akpakpa,2024,8,10.134964942932129,2
Warri South-West,Isaba,2024,8,163.98802083333334,15
Warri South-West,Madangho,2024,8,18.600696563720703,3
Warri South-West,Ogbe-Ijoh,2024,8,131.07386610243054,36
Warri South-West,Ogidigben,2024,8,25.120594024658203,4
Warri South-West,Okerenkoko,2024,8,101.47920057508681,36
Warri South-West,Oporozo,2024,8,41.10008239746094,16
Warri South-West,Orere,2024,8,82.432373046875,11
Warri South-West,Ugborodo,2024,8,66.94437255859376,10
Warri South,Avenue,2024,8,165.86773681640625,2
Warri South,Bowen,2024,8,155.50033569335938,2
Warri South,Ekurede,2024,8,166.90403747558594,4
Warri South,Esisi,2024,8,155.73239135742188,4
Warri South,Igbudu,2024,8,151.59862263997397,3
Warri South,Obodo,2024,8,137.8612060546875,16
Warri South,Ode-Itsekiri,2024,8,161.49551052517361,9
Warri South,Okere,2024,8,165.86773681640625,2
Warri South,Pessu,2024,8,155.50033569335938,2
Warri South,Ubeji,2024,8,147.65475027901786,7
Bomadi,Akugbene 1,2024,9,306.2510070800781,2
Bomadi,Akugbene 2,2024,9,317.2981262207031,1
Bomadi,Akugbene 3,2024,9,317.2981262207031,1
Bomadi,Bomadi,2024,9,345.7388916015625,6
Bomadi,Ekaametagbene/Kalafio,2024,9,293.07395426432294,12
Bomadi,Esanma,2024,9,314.1272888183594,4
Bomadi,Kpakiama,2024,9,339.8306070963542,6
Bomadi,Ogbeinma/Okoloba,2024,9,320.8144124348958,3
Bomadi,Ogo/Eze,2024,9,299.01727294921875,2
Bomadi,Ogriagbene,2024,9,311.4027506510417,6
Burutu,Bolou-Ndoro,2024,9,296.3018215013587,23
Burutu,Egodor,2024,9,306.93054917279414,17
Burutu,Eseinbiri,2024,9,323.3045543323864,11
Burutu,Kiagbodo,2024,9,324.562255859375,3
Burutu,Ngbilebiri,2024,9,302.6562906901042,6
Burutu,Obetebe,2024,9,270.8727438038793,29
Burutu,Ogulagha,2024,9,137.7087890625,25
Burutu,Ojobo,2024,9,327.6451416015625,6
Burutu,Tamigbe,2024,9,327.8112386067708,6
Burutu,Torugbene,2024,9,330.8138834635417,6
Burutu,Tuomo,2024,9,335.34852430555554,9
Patani,Abari,2024,9,344.985595703125,5
Patani,Agoloma,2024,9,335.032470703125,3
Patani,Buluangiama,2024,9,335.0944519042969,8
Patani,Odorubu,2024,9,335.7984924316406,8
Patani,Patani 2,2024,9,336.654296875,4
Patani,Patani 3,2024,9,337.7816162109375,6
Patani,Patani 4,2024,9,339.37109375,2
Patani,Patani 5,2024,9,335.63685825892856,7
Patani,Toruangiama,2024,9,337.9478759765625,3
Patani,Uduophori,2024,9,333.892236328125,5
Warri South-West,Ajudaibo,2024,9,38.89826583862305,4
Warri South-West,Akpakpa,2024,9,25.503084182739258,2
Warri South-West,Isaba,2024,9,304.28717447916665,15
Warri South-West,Madangho,2024,9,47.23869832356771,3
Warri South-West,Ogbe-Ijoh,2024,9,283.66265190972223,36
Warri South-West,Ogidigben,2024,9,57.20818328857422,4
Warri South-West,Okerenkoko,2024,9,217.1630859375,36
Warri South-West,Oporozo,2024,9,94.20148468017578,16
Warri South-West,Orere,2024,9,152.91384055397728,11
Warri South-West,Ugborodo,2024,9,130.76064453125,10
Warri South,Avenue,2024,9,293.3275146484375,2
Warri South,Bowen,2024,9,286.4228820800781,2
Warri South,Ekurede,2024,9,291.03485107421875,4
Warri South,Esisi,2024,9,283.9708251953125,4
Warri South,Igbudu,2024,9,281.33664957682294,3
Warri South,Obodo,2024,9,308.38330078125,16
Warri South,Ode-Itsekiri,2024,9,295.9755588107639,9
Warri South,Okere,2024,9,293.3275146484375,2
Warri South,Pessu,2024,9,286.4228820800781,2
Warri South,Ubeji,2024,9,291.1272495814732,7
Bomadi,Akugbene 1,2024,10,534.036865234375,2
Bomadi,Akugbene 2,2024,10,527.675537109375,1
Bomadi,Akugbene 3,2024,10,527.675537109375,1
Bomadi,Bomadi,2024,10,467.6546223958333,6
Bomadi,Ekaametagbene/Kalafio,2024,10,603.7784830729166,12
Bomadi,Esanma,2024,10,532.0679931640625,4
Bomadi,Kpakiama,2024,10,459.32470703125,6
Bomadi,Ogbeinma/Okoloba,2024,10,529.7812906901041,3
Bomadi,Ogo/Eze,2024,10,576.2200927734375,2
Bomadi,Ogriagbene,2024,10,624.7501627604166,6
Burutu,Bolou-Ndoro,2024,10,614.5776579483696,23
Burutu,Egodor,2024,10,581.3023897058823,17
Burutu,Eseinbiri,2024,10,553.86279296875,11
Burutu,Kiagbodo,2024,10,496.5346272786458,3
Burutu,Ngbilebiri,2024,10,624.7884114583334,6
Burutu,Obetebe,2024,10,571.1473599137931,29
Burutu,Ogulagha,2024,10,335.32203125,25
Burutu,Ojobo,2024,10,580.6249593098959,6
Burutu,Tamigbe,2024,10,565.179443359375,6
Burutu,Torugbene,2024,10,580.8151448567709,6
Burutu,Tuomo,2024,10,500.78993055555554,9
Patani,Abari,2024,10,390.7308349609375,5
Patani,Agoloma,2024,10,411.074462890625,3
Patani,Buluangiama,2024,10,422.32843017578125,8
Patani,Odorubu,2024,10,432.33880615234375,8
Patani,Patani 2,2024,10,386.415283203125,4
Patani,Patani 3,2024,10,384.2100423177083,6
Patani,Patani 4,2024,10,397.7515869140625,2
Patani,Patani 5,2024,10,395.32205636160717,7
Patani,Toruangiama,2024,10,435.3763020833333,3
Patani,Uduophori,2024,10,434.7015625,5
Warri South-West,Ajudaibo,2024,10,77.7145004272461,4
Warri South-West,Akpakpa,2024,10,49.17726135253906,2
Warri South-West,Isaba,2024,10,561.2099609375,15
Warri South-West,Madangho,2024,10,93.59231567382812,3
Warri South-West,Ogbe-Ijoh,2024,10,529.58984375,36
Warri South-West,Ogidigben,2024,10,173.98057556152344,4
Warri South-West,Okerenkoko,2024,10,382.3512912326389,36
Warri South-West,Oporozo,2024,10,176.2135009765625,16
Warri South-West,Orere,2024,10,384.77823153409093,11
Warri South-West,Ugborodo,2024,10,362.5959716796875,10
Warri South,Avenue,2024,10,490.98199462890625,2
Warri South,Bowen,2024,10,498.49169921875,2
Warri South,Ekurede,2024,10,502.564697265625,4
Warri South,Esisi,2024,10,483.81439208984375,4
Warri South,Igbudu,2024,10,486.2188313802083,3
Warri South,Obodo,2024,10,536.38232421875,16
Warri South,Ode-Itsekiri,2024,10,539.2391493055555,9
Warri South,Okere,2024,10,490.98199462890625,2
Warri South,Pessu,2024,10,498.49169921875,2
Warri South,Ubeji,2024,10,515.4811662946429,7
Bomadi,Akugbene 1,2024,11,89.88880157470703,2
Bomadi,Akugbene 2,2024,11,91.66320037841797,1
Bomadi,Akugbene 3,2024,11,91.66320037841797,1
Bomadi,Bomadi,2024,11,105.45359293619792,6
Bomadi,Ekaametagbene/Kalafio,2024,11,104.72043863932292,12
Bomadi,Esanma,2024,11,96.90275573730469,4
Bomadi,Kpakiama,2024,11,96.99765014648438,6
Bomadi,Ogbeinma/Okoloba,2024,11,91.059326171875,3
Bomadi,Ogo/Eze,2024,11,80.5522232055664,2
Bomadi,Ogriagbene,2024,11,126.75860595703125,6
Burutu,Bolou-Ndoro,2024,11,136.16658882472825,23
Burutu,Egodor,2024,11,82.20253619025735,17
Burutu,Eseinbiri,2024,11,108.6687344637784,11
Burutu,Kiagbodo,2024,11,75.20809936523438,3
Burutu,Ngbilebiri,2024,11,93.48000081380208,6
Burutu,Obetebe,2024,11,91.82901737607759,29
Burutu,Ogulagha,2024,11,55.592119140625,25
Burutu,Ojobo,2024,11,147.28483072916666,6
Burutu,Tamigbe,2024,11,127.17165120442708,6
Burutu,Torugbene,2024,11,134.6122843424479,6
Burutu,Tuomo,2024,11,117.6533203125,9
Patani,Abari,2024,11,83.14276123046875,5
Patani,Agoloma,2024,11,100.44354248046875,3
Patani,Buluangiama,2024,11,97.22525787353516,8
Patani,Odorubu,2024,11,99.88218688964844,8
Patani,Patani 2,2024,11,88.80975341796875,4
Patani,Patani 3,2024,11,88.47713216145833,6
Patani,Patani 4,2024,11,87.38175964355469,2
Patani,Patani 5,2024,11,93.22642299107143,7
Patani,Toruangiama,2024,11,107.54734293619792,3
Patani,Uduophori,2024,11,106.0861328125,5
Warri South-West,Ajudaibo,2024,11,9.566999435424805,4
Warri South-West,Akpakpa,2024,11,6.412253379821777,2
Warri South-West,Isaba,2024,11,77.40392252604167,15
Warri South-West,Madangho,2024,11,11.435956319173178,3
Warri South-West,Ogbe-Ijoh,2024,11,78.56397162543402,36
Warri South-West,Ogidigben,2024,11,29.28072166442871,4
Warri South-West,Okerenkoko,2024,11,54.09021335177951,36
Warri South-West,Oporozo,2024,11,21.793212890625,16
Warri South-West,Orere,2024,11,49.5833573774858,11
Warri South-West,Ugborodo,2024,11,50.35833740234375,10
Warri South,Avenue,2024,11,61.08245849609375,2
Warri South,Bowen,2024,11,62.89598083496094,2
Warri South,Ekurede,2024,11,58.37016296386719,4
Warri South,Esisi,2024,11,59.09712600708008,4
Warri South,Igbudu,2024,11,60.44916788736979,3
Warri South,Obodo,2024,11,74.21538543701172,16
Warri South,Ode-Itsekiri,2024,11,67.99120415581598,9
Warri South,Okere,2024,11,61.08245849609375,2
Warri South,Pessu,2024,11,62.89598083496094,2
Warri South,Ubeji,2024,11,61.521798270089285,7
Bomadi,Akugbene 1,2024,12,8.350166320800781,2
Bomadi,Akugbene 2,2024,12,7.8623528480529785,1
Bomadi,Akugbene 3,2024,12,7.8623528480529785,1
Bomadi,Bomadi,2024,12,6.869080225626628,6
Bomadi,Ekaametagbene/Kalafio,2024,12,10.863725026448568,12
Bomadi,Esanma,2024,12,8.624322891235352,4
Bomadi,Kpakiama,2024,12,6.129585266113281,6
Bomadi,Ogbeinma/Okoloba,2024,12,8.190347035725912,3
Bomadi,Ogo/Eze,2024,12,9.08768367767334,2
Bomadi,Ogriagbene,2024,12,12.003697713216146,6
Burutu,Bolou-Ndoro,2024,12,13.774875806725543,23
Burutu,Egodor,2024,12,11.117027731502757,17
Burutu,Eseinbiri,2024,12,9.033238497647373,11
Burutu,Kiagbodo,2024,12,9.203173955281576,3
Burutu,Ngbilebiri,2024,12,10.811609903971354,6
Burutu,Obetebe,2024,12,12.28912143049569,29
Burutu,Ogulagha,2024,12,6.1986181640625,25
Burutu,Ojobo,2024,12,13.262545267740885,6
Burutu,Tamigbe,2024,12,10.939343770345053,6
Burutu,Torugbene,2024,12,12.524650573730469,6
Burutu,Tuomo,2024,12,8.088835822211372,9
Patani,Abari,2024,12,6.891598510742187,5
Patani,Agoloma,2024,12,7.701043446858724,3
Patani,Buluangiama,2024,12,7.491613388061523,8
Patani,Odorubu,2024,12,6.583723068237305,8
Patani,Patani 2,2024,12,7.118158340454102,4
Patani,Patani 3,2024,12,7.0994415283203125,6
Patani,Patani 4,2024,12,7.091007709503174,2
Patani,Patani 5,2024,12,7.534821646554129,7
Patani,Toruangiama,2024,12,7.493137359619141,3
Patani,Uduophori,2024,12,6.537483978271484,5
Warri South-West,Ajudaibo,2024,12,1.188588261604309,4
Warri South-West,Akpakpa,2024,12,0.8349842429161072,2
Warri South-West,Isaba,2024,12,10.97709452311198,15
Warri South-West,Madangho,2024,12,1.4488582611083984,3
Warri South-West,Ogbe-Ijoh,2024,12,10.179935031467014,36
Warri South-West,Ogidigben,2024,12,3.1232738494873047,4
Warri South-West,Okerenkoko,2024,12,5.468123541937934,36
Warri South-West,Oporozo,2024,12,2.8027665615081787,16
Warri South-West,Orere,2024,12,5.2586423700506035,11
Warri South-West,Ugborodo,2024,12,5.017304992675781,10
Warri South,Avenue,2024,12,9.974141120910645,2
Warri South,Bowen,2024,12,10.682600021362305,2
Warri South,Ekurede,2024,12,9.77906608581543,4
Warri South,Esisi,2024,12,10.557201385498047,4
Warri South,Igbudu,2024,12,10.771642049153646,3
Warri South,Obodo,2024,12,7.789867877960205,16
Warri South,Ode-Itsekiri,2024,12,9.955466376410591,9
Warri South,Okere,2024,12,9.974141120910645,2
Warri South,Pessu,2024,12,10.682600021362305,2
Warri South,Ubeji,2024,12,9.416998726981026,7
Bomadi,Akugbene 1,2025,1,24.53980255126953,2
Bomadi,Akugbene 2,2025,1,25.23402976989746,1
Bomadi,Akugbene 3,2025,1,25.23402976989746,1
Bomadi,Bomadi,2025,1,25.400311787923176,6
Bomadi,Ekaametagbene/Kalafio,2025,1,29.475674947102863,12
Bomadi,Esanma,2025,1,25.70011329650879,4
Bomadi,Kpakiama,2025,1,22.872395833333332,6
Bomadi,Ogbeinma/Okoloba,2025,1,23.70714060465495,3
Bomadi,Ogo/Eze,2025,1,21.16364288330078,2
Bomadi,Ogriagbene,2025,1,33.27716318766276,6
Burutu,Bolou-Ndoro,2025,1,30.548239003057066,23
Burutu,Egodor,2025,1,23.67436487534467,17
Burutu,Eseinbiri,2025,1,27.126575816761363,11
Burutu,Kiagbodo,2025,1,19.465665181477863,3
Burutu,Ngbilebiri,2025,1,26.09092966715495,6
Burutu,Obetebe,2025,1,24.057107859644397,29
Burutu,Ogulagha,2025,1,11.268516845703125,25
Burutu,Ojobo,2025,1,32.82055409749349,6
Burutu,Tamigbe,2025,1,30.671295166015625,6
Burutu,Torugbene,2025,1,33.21995544433594,6
Burutu,Tuomo,2025,1,28.438232421875,9
Patani,Abari,2025,1,27.884619140625,5
Patani,Agoloma,2025,1,29.609232584635418,3
Patani,Buluangiama,2025,1,29.655454635620117,8
Patani,Odorubu,2025,1,27.62807273864746,8
Patani,Patani 2,2025,1,25.830148696899414,4
Patani,Patani 3,2025,1,27.122169494628906,6
Patani,Patani 4,2025,1,26.97829818725586,2
Patani,Patani 5,2025,1,28.795133318219865,7
Patani,Toruangiama,2025,1,30.95495096842448,3
Patani,Uduophori,2025,1,29.939797973632814,5
Warri South-West,Ajudaibo,2025,1,2.43705415725708,4
Warri South-West,Akpakpa,2025,1,1.63218092918396,2
Warri South-West,Isaba,2025,1,21.598419189453125,15
Warri South-West,Madangho,2025,1,2.9713827768961587,3
Warri South-West,Ogbe-Ijoh,2025,1,20.669852362738716,36
Warri South-West,Ogidigben,2025,1,3.6393227577209473,4
Warri South-West,Okerenkoko,2025,1,13.69718763563368,36
Warri South-West,Oporozo,2025,1,6.013247013092041,16
Warri South-West,Orere,2025,1,7.654994617808949,11
Warri South-West,Ugborodo,2025,1,6.776243591308594,10
Warri South,Avenue,2025,1,18.176193237304688,2
Warri South,Bowen,2025,1,18.061824798583984,2
Warri South,Ekurede,2025,1,17.534975051879883,4
Warri South,Esisi,2025,1,17.220016479492188,4
Warri South,Igbudu,2025,1,17.368136088053387,3
Warri South,Obodo,2025,1,19.023303985595703,16
Warri South,Ode-Itsekiri,2025,1,19.04900614420573,9
Warri South,Okere,2025,1,18.176193237304688,2
Warri South,Pessu,2025,1,18.061824798583984,2
Warri South,Ubeji,2025,1,17.06765420096261,7
Bomadi,Akugbene 1,2025,2,54.13146209716797,2
Bomadi,Akugbene 2,2025,2,55.414955139160156,1
Bomadi,Akugbene 3,2025,2,55.414955139160156,1
Bomadi,Bomadi,2025,2,55.44819132486979,6
Bomadi,Ekaametagbene/Kalafio,2025,2,54.0704345703125,12
Bomadi,Esanma,2025,2,54.1193962097168,4
Bomadi,Kpakiama,2025,2,54.81822204589844,6
Bomadi,Ogbeinma/Okoloba,2025,2,54.79682922363281,3
Bomadi,Ogo/Eze,2025,2,53.47515869140625,2
Bomadi,Ogriagbene,2025,2,53.85059611002604,6
Burutu,Bolou-Ndoro,2025,2,54.48873768682065,23
Burutu,Egodor,2025,2,53.827464384191174,17
Burutu,Eseinbiri,2025,2,53.68229536576705,11
Burutu,Kiagbodo,2025,2,51.3139902750651,3
Burutu,Ngbilebiri,2025,2,55.2503916422526,6
Burutu,Obetebe,2025,2,52.27953680630388,29
Burutu,Ogulagha,2025,2,30.646650390625,25
Burutu,Ojobo,2025,2,48.48291524251302,6
Burutu,Tamigbe,2025,2,51.69298807779948,6
Burutu,Torugbene,2025,2,50.721822102864586,6
Burutu,Tuomo,2025,2,53.48725043402778,9
Patani,Abari,2025,2,49.193234252929685,5
Patani,Agoloma,2025,2,53.1845703125,3
Patani,Buluangiama,2025,2,53.120689392089844,8
Patani,Odorubu,2025,2,55.634910583496094,8
Patani,Patani 2,2025,2,49.625892639160156,4
Patani,Patani 3,2025,2,49.99098205566406,6
Patani,Patani 4,2025,2,51.108543395996094,2
Patani,Patani 5,2025,2,50.835841587611604,7
Patani,Toruangiama,2025,2,54.087158203125,3
Patani,Uduophori,2025,2,55.17957763671875,5
Warri South-West,Ajudaibo,2025,2,6.730625629425049,4
Warri South-West,Akpakpa,2025,2,4.5769524574279785,2
Warri South-West,Isaba,2025,2,50.59491780598958,15
Warri South-West,Madangho,2025,2,8.140275319417318,3
Warri South-West,Ogbe-Ijoh,2025,2,48.91591050889757,36
Warri South-West,Ogidigben,2025,2,15.690055847167969,4
Warri South-West,Okerenkoko,2025,2,35.13866170247396,36
Warri South-West,Oporozo,2025,2,16.45446014404297,16
Warri South-West,Orere,2025,2,31.293096368963067,11
Warri South-West,Ugborodo,2025,2,27.795159912109376,10
Warri South,Avenue,2025,2,50.082740783691406,2
Warri South,Bowen,2025,2,48.05898666381836,2
Warri South,Ekurede,2025,2,49.16422653198242,4
Warri South,Esisi,2025,2,48.89262771606445,4
Warri South,Igbudu,2025,2,48.1031494140625,3
Warri South,Obodo,2025,2,52.047393798828125,16
Warri South,Ode-Itsekiri,2025,2,48.813442654079864,9
Warri South,Okere,2025,2,50.082740783691406,2
Warri South,Pessu,2025,2,48.05898666381836,2
Warri South,Ubeji,2025,2,50.35508074079241,7
Bomadi,Akugbene 1,2025,3,127.53056335449219,2
Bomadi,Akugbene 2,2025,3,123.76628875732422,1
Bomadi,Akugbene 3,2025,3,123.76628875732422,1
Bomadi,Bomadi,2025,3,129.494384765625,6
Bomadi,Ekaametagbene/Kalafio,2025,3,141.96515909830728,12
Bomadi,Esanma,2025,3,131.20855712890625,4
Bomadi,Kpakiama,2025,3,119.94429524739583,6
Bomadi,Ogbeinma/Okoloba,2025,3,125.07419840494792,3
Bomadi,Ogo/Eze,2025,3,125.0327377319336,2
Bomadi,Ogriagbene,2025,3,148.33245849609375,6
Burutu,Bolou-Ndoro,2025,3,145.5421301800272,23
Burutu,Egodor,2025,3,132.3822811351103,17
Burutu,Eseinbiri,2025,3,139.8904141512784,11
Burutu,Kiagbodo,2025,3,117.766845703125,3
Burutu,Ngbilebiri,2025,3,137.04874674479166,6
Burutu,Obetebe,2025,3,136.33103785021552,29
Burutu,Ogulagha,2025,3,77.8388134765625,25
Burutu,Ojobo,2025,3,143.45297241210938,6
Burutu,Tamigbe,2025,3,154.0992431640625,6
Burutu,Torugbene,2025,3,152.42457071940103,6
Burutu,Tuomo,2025,3,142.02861870659723,9
Patani,Abari,2025,3,105.72464599609376,5
Patani,Agoloma,2025,3,109.48431396484375,3
Patani,Buluangiama,2025,3,108.63188934326172,8
Patani,Odorubu,2025,3,111.63636779785156,8
Patani,Patani 2,2025,3,102.33775329589844,4
Patani,Patani 3,2025,3,104.78152465820312,6
Patani,Patani 4,2025,3,102.24717712402344,2
Patani,Patani 5,2025,3,105.65054757254464,7
Patani,Toruangiama,2025,3,112.63189697265625,3
Patani,Uduophori,2025,3,111.24268798828125,5
Warri South-West,Ajudaibo,2025,3,16.04523468017578,4
Warri South-West,Akpakpa,2025,3,10.577856063842773,2
Warri South-West,Isaba,2025,3,132.84618326822917,15
Warri South-West,Madangho,2025,3,19.495572408040363,3
Warri South-West,Ogbe-Ijoh,2025,3,128.0252685546875,36
Warri South-West,Ogidigben,2025,3,35.75821304321289,4
Warri South-West,Okerenkoko,2025,3,99.94728597005208,36
Warri South-West,Oporozo,2025,3,42.92319107055664,16
Warri South-West,Orere,2025,3,106.62180397727273,11
Warri South-West,Ugborodo,2025,3,83.7094970703125,10
Warri South,Avenue,2025,3,130.26394653320312,2
Warri South,Bowen,2025,3,125.59707641601562,2
Warri South,Ekurede,2025,3,130.87713623046875,4
Warri South,Esisi,2025,3,127.92720794677734,4
Warri South,Igbudu,2025,3,127.27301025390625,3
Warri South,Obodo,2025,3,135.22291564941406,16
Warri South,Ode-Itsekiri,2025,3,133.09406195746527,9
Warri South,Okere,2025,3,130.26394653320312,2
Warri South,Pessu,2025,3,125.59707641601562,2
Warri South,Ubeji,2025,3,133.7974591936384,7
Bomadi,Akugbene 1,2025,4,197.54843139648438,2
Bomadi,Akugbene 2,2025,4,196.78939819335938,1
Bomadi,Akugbene 3,2025,4,196.78939819335938,1
Bomadi,Bomadi,2025,4,191.0284423828125,6
Bomadi,Ekaametagbene/Kalafio,2025,4,212.910400390625,12
Bomadi,Esanma,2025,4,199.36827087402344,4
Bomadi,Kpakiama,2025,4,186.5435587565104,6
Bomadi,Ogbeinma/Okoloba,2025,4,194.59161376953125,3
Bomadi,Ogo/Eze,2025,4,193.17185974121094,2
Bomadi,Ogriagbene,2025,4,213.71183268229166,6
Burutu,Bolou-Ndoro,2025,4,227.45427139945653,23
Burutu,Egodor,2025,4,200.5130112591912,17
Burutu,Eseinbiri,2025,4,203.12912819602272,11
Burutu,Kiagbodo,2025,4,185.95511881510416,3
Burutu,Ngbilebiri,2025,4,198.1198527018229,6
Burutu,Obetebe,2025,4,209.2340719288793,29
Burutu,Ogulagha,2025,4,134.91927734375,25
Burutu,Ojobo,2025,4,205.7003173828125,6
Burutu,Tamigbe,2025,4,208.95611572265625,6
Burutu,Torugbene,2025,4,207.95340983072916,6
Burutu,Tuomo,2025,4,200.72063530815973,9
Patani,Abari,2025,4,180.2349365234375,5
Patani,Agoloma,2025,4,179.08756510416666,3
Patani,Buluangiama,2025,4,181.3114471435547,8
Patani,Odorubu,2025,4,185.0469207763672,8
Patani,Patani 2,2025,4,177.99093627929688,4
Patani,Patani 3,2025,4,179.27545166015625,6
Patani,Patani 4,2025,4,180.1553955078125,2
Patani,Patani 5,2025,4,178.18718610491072,7
Patani,Toruangiama,2025,4,182.57071940104166,3
Patani,Uduophori,2025,4,187.0806396484375,5
Warri South-West,Ajudaibo,2025,4,30.552560806274414,4
Warri South-West,Akpakpa,2025,4,20.592912673950195,2
Warri South-West,Isaba,2025,4,200.07887369791666,15
Warri South-West,Madangho,2025,4,36.764722188313804,3
Warri South-West,Ogbe-Ijoh,2025,4,197.35544162326389,36
Warri South-West,Ogidigben,2025,4,76.55371856689453,4
Warri South-West,Okerenkoko,2025,4,150.154541015625,36
Warri South-West,Oporozo,2025,4,72.04793548583984,16
Warri South-West,Orere,2025,4,183.1719082919034,11
Warri South-West,Ugborodo,2025,4,164.7666015625,10
Warri South,Avenue,2025,4,168.03890991210938,2
Warri South,Bowen,2025,4,170.83511352539062,2
Warri South,Ekurede,2025,4,174.9824676513672,4
Warri South,Esisi,2025,4,169.23158264160156,4
Warri South,Igbudu,2025,4,169.84832763671875,3
Warri South,Obodo,2025,4,198.72288513183594,16
Warri South,Ode-Itsekiri,2025,4,188.86735026041666,9
Warri South,Okere,2025,4,168.03890991210938,2
Warri South,Pessu,2025,4,170.83511352539062,2
Warri South,Ubeji,2025,4,181.62897600446428,7
Bomadi,Akugbene 1,2025,5,212.60772705078125,2
Bomadi,Akugbene 2,2025,5,214.99900817871094,1
Bomadi,Akugbene 3,2025,5,214.99900817871094,1
Bomadi,Bomadi,2025,5,217.0549112955729,6
Bomadi,Ekaametagbene/Kalafio,2025,5,215.41349283854166,12
Bomadi,Esanma,2025,5,212.93453979492188,4
Bomadi,Kpakiama,2025,5,216.43438720703125,6
Bomadi,Ogbeinma/Okoloba,2025,5,213.59562174479166,3
Bomadi,Ogo/Eze,2025,5,210.53851318359375,2
Bomadi,Ogriagbene,2025,5,215.7428181966146,6
Burutu,Bolou-Ndoro,2025,5,219.75441576086956,23
Burutu,Egodor,2025,5,216.03952205882354,17
Burutu,Eseinbiri,2025,5,215.3610174005682,11
Burutu,Kiagbodo,2025,5,217.3182576497396,3
Burutu,Ngbilebiri,2025,5,216.5750935872396,6
Burutu,Obetebe,2025,5,207.44204606681035,29
Burutu,Ogulagha,2025,5,130.71255859375,25
Burutu,Ojobo,2025,5,210.6258341471354,6
Burutu,Tamigbe,2025,5,215.9195556640625,6
Burutu,Torugbene,2025,5,214.71561686197916,6
Burutu,Tuomo,2025,5,215.82770453559027,9
Patani,Abari,2025,5,207.3489501953125,5
Patani,Agoloma,2025,5,212.6692911783854,3
Patani,Buluangiama,2025,5,213.253173828125,8
Patani,Odorubu,2025,5,215.79791259765625,8
Patani,Patani 2,2025,5,207.7410888671875,4
Patani,Patani 3,2025,5,208.5365193684896,6
Patani,Patani 4,2025,5,208.85501098632812,2
Patani,Patani 5,2025,5,209.98479352678572,7
Patani,Toruangiama,2025,5,215.92122395833334,3
Patani,Uduophori,2025,5,218.15947265625,5
Warri South-West,Ajudaibo,2025,5,36.187232971191406,4
Warri South-West,Akpakpa,2025,5,23.82886505126953,2
Warri South-West,Isaba,2025,5,211.926806640625,15
Warri South-West,Madangho,2025,5,44.08674112955729,3
Warri South-West,Ogbe-Ijoh,2025,5,203.86372884114584,36
Warri South-West,Ogidigben,2025,5,77.06492614746094,4
Warri South-West,Okerenkoko,2025,5,159.95624457465277,36
Warri South-West,Oporozo,2025,5,84.4041748046875,16
Warri South-West,Orere,2025,5,182.62546608664772,11
Warri South-West,Ugborodo,2025,5,165.14111328125,10
Warri South,Avenue,2025,5,189.5541534423828,2
Warri South,Bowen,2025,5,192.88632202148438,2
Warri South,Ekurede,2025,5,191.1578369140625,4
Warri South,Esisi,2025,5,188.960693359375,4
Warri South,Igbudu,2025,5,190.77034505208334,3
Warri South,Obodo,2025,5,201.8816680908203,16
Warri South,Ode-Itsekiri,2025,5,201.44184027777777,9
Warri South,Okere,2025,5,189.5541534423828,2
Warri South,Pessu,2025,5,192.88632202148438,2
Warri South,Ubeji,2025,5,189.87388392857142,7
Bomadi,Akugbene 1,2025,6,337.35748291015625,2
Bomadi,Akugbene 2,2025,6,338.50054931640625,1
Bomadi,Akugbene 3,2025,6,338.50054931640625,1
Bomadi,Bomadi,2025,6,352.2040608723958,6
Bomadi,Ekaametagbene/Kalafio,2025,6,371.7725830078125,12
Bomadi,Esanma,2025,6,345.9378967285156,4
Bomadi,Kpakiama,2025,6,349.4398600260417,6
Bomadi,Ogbeinma/Okoloba,2025,6,333.48512776692706,3
Bomadi,Ogo/Eze,2025,6,317.21142578125,2
Bomadi,Ogriagbene,2025,6,378.374267578125,6
Burutu,Bolou-Ndoro,2025,6,403.7810801630435,23
Burutu,Egodor,2025,6,346.8681640625,17
Burutu,Eseinbiri,2025,6,362.5971013849432,11
Burutu,Kiagbodo,2025,6,293.85089111328125,3
Burutu,Ngbilebiri,2025,6,349.2353108723958,6
Burutu,Obetebe,2025,6,356.96753771551727,29
Burutu,Ogulagha,2025,6,210.538515625,25
Burutu,Ojobo,2025,6,389.517333984375,6
Burutu,Tamigbe,2025,6,369.2258707682292,6
Burutu,Torugbene,2025,6,379.5582275390625,6
Burutu,Tuomo,2025,6,355.35340711805554,9
Patani,Abari,2025,6,317.378466796875,5
Patani,Agoloma,2025,6,338.6870524088542,3
Patani,Buluangiama,2025,6,336.0896911621094,8
Patani,Odorubu,2025,6,333.6556701660156,8
Patani,Patani 2,2025,6,329.3305358886719,4
Patani,Patani 3,2025,6,332.6564534505208,6
Patani,Patani 4,2025,6,328.83489990234375,2
Patani,Patani 5,2025,6,338.9232700892857,7
Patani,Toruangiama,2025,6,339.03354899088544,3
Patani,Uduophori,2025,6,327.4927001953125,5
Warri South-West,Ajudaibo,2025,6,57.4633903503418,4
Warri South-West,Akpakpa,2025,6,37.965389251708984,2
Warri South-West,Isaba,2025,6,360.5287760416667,15
Warri South-West,Madangho,2025,6,69.48908996582031,3
Warri South-West,Ogbe-Ijoh,2025,6,373.9892849392361,36
Warri South-West,Ogidigben,2025,6,111.21222686767578,4
Warri South-West,Okerenkoko,2025,6,276.87896050347223,36
Warri South-West,Oporozo,2025,6,132.44668579101562,16
Warri South-West,Orere,2025,6,283.95634321732956,11
Warri South-West,Ugborodo,2025,6,263.582958984375,10
Warri South,Avenue,2025,6,280.0701904296875,2
Warri South,Bowen,2025,6,288.9009094238281,2
Warri South,Ekurede,2025,6,295.53118896484375,4
Warri South,Esisi,2025,6,271.67431640625,4
Warri South,Igbudu,2025,6,277.7065836588542,3
Warri South,Obodo,2025,6,363.9452819824219,16
Warri South,Ode-Itsekiri,2025,6,342.3456759982639,9
Warri South,Okere,2025,6,280.0701904296875,2
Warri South,Pessu,2025,6,288.9009094238281,2
Warri South,Ubeji,2025,6,313.3526088169643,7
Bomadi,Akugbene 1,2025,7,267.2798156738281,2
Bomadi,Akugbene 2,2025,7,269.0050048828125,1
Bomadi,Akugbene 3,2025,7,269.0050048828125,1
Bomadi,Bomadi,2025,7,269.9983317057292,6
Bomadi,Ekaametagbene/Kalafio,2025,7,344.0161539713542,12
Bomadi,Esanma,2025,7,269.7745056152344,4
Bomadi,Kpakiama,2025,7,255.23529052734375,6
Bomadi,Ogbeinma/Okoloba,2025,7,267.7306315104167,3
Bomadi,Ogo/Eze,2025,7,266.7439880371094,2
Bomadi,Ogriagbene,2025,7,347.3939615885417,6
Burutu,Bolou-Ndoro,2025,7,429.63412873641306,23
Burutu,Egodor,2025,7,331.41368910845586,17
Burutu,Eseinbiri,2025,7,290.85764382102275,11
Burutu,Kiagbodo,2025,7,268.93483479817706,3
Burutu,Ngbilebiri,2025,7,321.3612467447917,6
Burutu,Obetebe,2025,7,372.69925242456895,29
Burutu,Ogulagha,2025,7,194.39619140625,25
Burutu,Ojobo,2025,7,386.634521484375,6
Burutu,Tamigbe,2025,7,320.51214599609375,6
Burutu,Torugbene,2025,7,356.863037109375,6
Burutu,Tuomo,2025,7,299.64629448784723,9
Patani,Abari,2025,7,249.5978759765625,5
Patani,Agoloma,2025,7,282.1689046223958,3
Patani,Buluangiama,2025,7,272.0213317871094,8
Patani,Odorubu,2025,7,262.6210021972656,8
Patani,Patani 2,2025,7,254.48110961914062,4
Patani,Patani 3,2025,7,255.7931111653646,6
Patani,Patani 4,2025,7,259.1488342285156,2
Patani,Patani 5,2025,7,267.7371303013393,7
Patani,Toruangiama,2025,7,289.3108317057292,3
Patani,Uduophori,2025,7,273.336572265625,5
Warri South-West,Ajudaibo,2025,7,50.16352081298828,4
Warri South-West,Akpakpa,2025,7,33.80772399902344,2
Warri South-West,Isaba,2025,7,375.3370768229167,15
Warri South-West,Madangho,2025,7,61.74644978841146,3
Warri South-West,Ogbe-Ijoh,2025,7,379.9247233072917,36
Warri South-West,Ogidigben,2025,7,68.55475616455078,4
Warri South-West,Okerenkoko,2025,7,267.3463541666667,36
Warri South-West,Oporozo,2025,7,132.01467895507812,16
Warri South-West,Orere,2025,7,202.7347745028409,11
Warri South-West,Ugborodo,2025,7,166.0997802734375,10
Warri South,Avenue,2025,7,348.10662841796875,2
Warri South,Bowen,2025,7,336.4606018066406,2
Warri South,Ekurede,2025,7,352.69671630859375,4
Warri South,Esisi,2025,7,324.54473876953125,4
Warri South,Igbudu,2025,7,320.6959635416667,3
Warri South,Obodo,2025,7,363.4797058105469,16
Warri South,Ode-Itsekiri,2025,7,378.69862196180554,9
Warri South,Okere,2025,7,348.10662841796875,2
Warri South,Pessu,2025,7,336.4606018066406,2
Warri South,Ubeji,2025,7,353.54178292410717,7
Bomadi,Akugbene 1,2025,8,188.51022338867188,2
Bomadi,Akugbene 2,2025,8,190.53211975097656,1
Bomadi,Akugbene 3,2025,8,190.53211975097656,1
Bomadi,Bomadi,2025,8,216.54913330078125,6
Bomadi,Ekaametagbene/Kalafio,2025,8,195.1768798828125,12
Bomadi,Esanma,2025,8,194.68043518066406,4
Bomadi,Kpakiama,2025,8,218.4263712565104,6
Bomadi,Ogbeinma/Okoloba,2025,8,187.23675537109375,3
Bomadi,Ogo/Eze,2025,8,168.63558959960938,2
Bomadi,Ogriagbene,2025,8,211.8030802408854,6
Burutu,Bolou-Ndoro,2025,8,191.61472486413044,23
Burutu,Egodor,2025,8,175.3053768382353,17
Burutu,Eseinbiri,2025,8,206.3274591619318,11
Burutu,Kiagbodo,2025,8,158.3679402669271,3
Burutu,Ngbilebiri,2025,8,183.83186848958334,6
Burutu,Obetebe,2025,8,153.77121497844828,29
Burutu,Ogulagha,2025,8,66.6637890625,25
Burutu,Ojobo,2025,8,212.6517333984375,6
Burutu,Tamigbe,2025,8,209.44828287760416,6
Burutu,Torugbene,2025,8,213.6256103515625,6
Burutu,Tuomo,2025,8,211.27041286892361,9
Patani,Abari,2025,8,216.54775390625,5
Patani,Agoloma,2025,8,236.3109334309896,3
Patani,Buluangiama,2025,8,226.7646942138672,8
Patani,Odorubu,2025,8,221.89222717285156,8
Patani,Patani 2,2025,8,225.80142211914062,4
Patani,Patani 3,2025,8,226.9034423828125,6
Patani,Patani 4,2025,8,225.26547241210938,2
Patani,Patani 5,2025,8,227.66301618303572,7
Patani,Toruangiama,2025,8,229.89373779296875,3
Patani,Uduophori,2025,8,220.382666015625,5
Warri South-West,Ajudaibo,2025,8,14.043818473815918,4
Warri South-West,Akpakpa,2025,8,9.883413314819336,2
Warri South-West,Isaba,2025,8,170.52652994791666,15
Warri South-West,Madangho,2025,8,16.93844731648763,3
Warri South-West,Ogbe-Ijoh,2025,8,138.93751356336804,36
Warri South-West,Ogidigben,2025,8,22.41189956665039,4
Warri South-West,Okerenkoko,2025,8,80.88071017795139,36
Warri South-West,Oporozo,2025,8,35.57902908325195,16
Warri South-West,Orere,2025,8,49.24402965198863,11
Warri South-West,Ugborodo,2025,8,43.034356689453126,10
Warri South,Avenue,2025,8,172.716552734375,2
Warri South,Bowen,2025,8,183.21694946289062,2
Warri South,Ekurede,2025,8,168.28187561035156,4
Warri South,Esisi,2025,8,170.2278289794922,4
Warri South,Igbudu,2025,8,174.6322224934896,3
Warri South,Obodo,2025,8,132.37713623046875,16
Warri South,Ode-Itsekiri,2025,8,166.4755859375,9
Warri South,Okere,2025,8,172.716552734375,2
Warri South,Pessu,2025,8,183.21694946289062,2
Warri South,Ubeji,2025,8,154.20110212053572,7
Bomadi,Akugbene 1,2025,9,384.01556396484375,2
Bomadi,Akugbene 2,2025,9,373.4741516113281,1
Bomadi,Akugbene 3,2025,9,373.4741516113281,1
Bomadi,Bomadi,2025,9,390.5998128255208,6
Bomadi,Ekaametagbene/Kalafio,2025,9,437.82958984375,12
Bomadi,Esanma,2025,9,388.5567321777344,4
Bomadi,Kpakiama,2025,9,377.1876220703125,6
Bomadi,Ogbeinma/Okoloba,2025,9,383.1661783854167,3
Bomadi,Ogo/Eze,2025,9,393.9334716796875,2
Bomadi,Ogriagbene,2025,9,438.8587646484375,6
Burutu,Bolou-Ndoro,2025,9,464.6856742527174,23
Burutu,Egodor,2025,9,423.99103860294116,17
Burutu,Eseinbiri,2025,9,409.20272549715907,11
Burutu,Kiagbodo,2025,9,361.8148600260417,3
Burutu,Ngbilebiri,2025,9,421.7237141927083,6
Burutu,Obetebe,2025,9,438.11547009698273,29
Burutu,Ogulagha,2025,9,225.21359375,25
Burutu,Ojobo,2025,9,417.2123209635417,6
Burutu,Tamigbe,2025,9,421.6261393229167,6
Burutu,Torugbene,2025,9,421.113525390625,6
Burutu,Tuomo,2025,9,403.18804253472223,9
Patani,Abari,2025,9,351.919921875,5
Patani,Agoloma,2025,9,366.3101399739583,3
Patani,Buluangiama,2025,9,366.97711181640625,8
Patani,Odorubu,2025,9,372.482666015625,8
Patani,Patani 2,2025,9,356.060302734375,4
Patani,Patani 3,2025,9,354.5674641927083,6
Patani,Patani 4,2025,9,363.463623046875,2
Patani,Patani 5,2025,9,358.12220982142856,7
Patani,Toruangiama,2025,9,373.5558675130208,3
Patani,Uduophori,2025,9,371.28466796875,5
Warri South-West,Ajudaibo,2025,9,56.03560256958008,4
Warri South-West,Akpakpa,2025,9,36.19159698486328,2
Warri South-West,Isaba,2025,9,431.3966471354167,15
Warri South-West,Madangho,2025,9,67.98856608072917,3
Warri South-West,Ogbe-Ijoh,2025,9,414.18120659722223,36
Warri South-West,Ogidigben,2025,9,89.23851776123047,4
Warri South-West,Okerenkoko,2025,9,285.66680230034723,36
Warri South-West,Oporozo,2025,9,132.4417266845703,16
Warri South-West,Orere,2025,9,225.31423117897728,11
Warri South-West,Ugborodo,2025,9,199.13843994140626,10
Warri South,Avenue,2025,9,385.24029541015625,2
Warri South,Bowen,2025,9,382.9371643066406,2
Warri South,Ekurede,2025,9,385.3800048828125,4
Warri South,Esisi,2025,9,369.203125,4
Warri South,Igbudu,2025,9,367.7123209635417,3
Warri South,Obodo,2025,9,400.82452392578125,16
Warri South,Ode-Itsekiri,2025,9,413.39317491319446,9
Warri South,Okere,2025,9,385.24029541015625,2
Warri South,Pessu,2025,9,382.9371643066406,2
Warri South,Ubeji,2025,9,396.2413853236607,7
Bomadi,Akugbene 1,2025,10,360.6279296875,2
Bomadi,Akugbene 2,2025,10,358.1501159667969,1
Bomadi,Akugbene 3,2025,10,358.1501159667969,1
Bomadi,Bomadi,2025,10,404.07080078125,6
Bomadi,Ekaametagbene/Kalafio,2025,10,412.05712890625,12
Bomadi,Esanma,2025,10,374.14862060546875,4
Bomadi,Kpakiama,2025,10,374.1997884114583,6
Bomadi,Ogbeinma/Okoloba,2025,10,374.8374837239583,3
Bomadi,Ogo/Eze,2025,10,384.3564758300781,2
Bomadi,Ogriagbene,2025,10,443.436279296875,6
Burutu,Bolou-Ndoro,2025,10,436.9364809782609,23
Burutu,Egodor,2025,10,403.37132352941177,17
Burutu,Eseinbiri,2025,10,412.01846590909093,11
Burutu,Kiagbodo,2025,10,373.7830403645833,3
Burutu,Ngbilebiri,2025,10,409.1886800130208,6
Burutu,Obetebe,2025,10,391.73656384698273,29
Burutu,Ogulagha,2025,10,222.3599609375,25
Burutu,Ojobo,2025,10,431.6646321614583,6
Burutu,Tamigbe,2025,10,443.8410237630208,6
Burutu,Torugbene,2025,10,445.7032877604167,6
Burutu,Tuomo,2025,10,431.51513671875,9
Patani,Abari,2025,10,363.0802734375,5
Patani,Agoloma,2025,10,363.4595540364583,3
Patani,Buluangiama,2025,10,362.646240234375,8
Patani,Odorubu,2025,10,377.18310546875,8
Patani,Patani 2,2025,10,340.3663330078125,4
Patani,Patani 3,2025,10,345.8709716796875,6
Patani,Patani 4,2025,10,344.25421142578125,2
Patani,Patani 5,2025,10,345.1414271763393,7
Patani,Toruangiama,2025,10,377.5958658854167,3
Patani,Uduophori,2025,10,376.07021484375,5
Warri South-West,Ajudaibo,2025,10,52.336517333984375,4
Warri South-West,Akpakpa,2025,10,33.79981231689453,2
Warri South-West,Isaba,2025,10,402.63489583333336,15
Warri South-West,Madangho,2025,10,63.34168497721354,3
Warri South-West,Ogbe-Ijoh,2025,10,378.9204915364583,36
Warri South-West,Ogidigben,2025,10,110.33208465576172,4
Warri South-West,Okerenkoko,2025,10,281.89092339409723,36
Warri South-West,Oporozo,2025,10,124.42070007324219,16
Warri South-West,Orere,2025,10,272.6365855823864,11
Warri South-West,Ugborodo,2025,10,241.1485595703125,10
Warri South,Avenue,2025,10,381.11212158203125,2
Warri South,Bowen,2025,10,383.17138671875,2
Warri South,Ekurede,2025,10,377.798583984375,4
Warri South,Esisi,2025,10,376.8600158691406,4
Warri South,Igbudu,2025,10,379.447998046875,3
Warri South,Obodo,2025,10,382.5379638671875,16
Warri South,Ode-Itsekiri,2025,10,396.77216254340277,9
Warri South,Okere,2025,10,381.11212158203125,2
Warri South,Pessu,2025,10,383.17138671875,2
Warri South,Ubeji,2025,10,377.48514229910717,7
Bomadi,Akugbene 1,2025,11,225.17495727539062,2
Bomadi,Akugbene 2,2025,11,221.561767578125,1
Bomadi,Akugbene 3,2025,11,221.561767578125,1
Bomadi,Bomadi,2025,11,240.39241536458334,6
Bomadi,Ekaametagbene/Kalafio,2025,11,234.03983561197916,12
Bomadi,Esanma,2025,11,229.49537658691406,4
Bomadi,Kpakiama,2025,11,215.7227579752604,6
Bomadi,Ogbeinma/Okoloba,2025,11,218.1310017903646,3
Bomadi,Ogo/Eze,2025,11,229.9827880859375,2
Bomadi,Ogriagbene,2025,11,267.92822265625,6
Burutu,Bolou-Ndoro,2025,11,248.99806810461956,23
Burutu,Egodor,2025,11,242.19617417279412,17
Burutu,Eseinbiri,2025,11,253.9378995028409,11
Burutu,Kiagbodo,2025,11,229.27947998046875,3
Burutu,Ngbilebiri,2025,11,259.96002197265625,6
Burutu,Obetebe,2025,11,221.72607421875,29
Burutu,Ogulagha,2025,11,143.490390625,25
Burutu,Ojobo,2025,11,265.94329833984375,6
Burutu,Tamigbe,2025,11,278.99407958984375,6
Burutu,Torugbene,2025,11,264.13975016276044,6
Burutu,Tuomo,2025,11,276.272216796875,9
Patani,Abari,2025,11,195.7265869140625,5
Patani,Agoloma,2025,11,217.9566853841146,3
Patani,Buluangiama,2025,11,211.24095153808594,8
Patani,Odorubu,2025,11,212.87692260742188,8
Patani,Patani 2,2025,11,204.98007202148438,4
Patani,Patani 3,2025,11,203.39335123697916,6
Patani,Patani 4,2025,11,204.35836791992188,2
Patani,Patani 5,2025,11,210.89568219866072,7
Patani,Toruangiama,2025,11,224.20100911458334,3
Patani,Uduophori,2025,11,221.823828125,5
Warri South-West,Ajudaibo,2025,11,26.923452377319336,4
Warri South-West,Akpakpa,2025,11,18.116024017333984,2
Warri South-West,Isaba,2025,11,237.52399088541668,15
Warri South-West,Madangho,2025,11,32.01660919189453,3
Warri South-West,Ogbe-Ijoh,2025,11,221.05094401041666,36
Warri South-West,Ogidigben,2025,11,83.01014709472656,4
Warri South-West,Okerenkoko,2025,11,134.19613986545139,36
Warri South-West,Oporozo,2025,11,57.17825698852539,16
Warri South-West,Orere,2025,11,119.25787908380681,11
Warri South-West,Ugborodo,2025,11,129.3442626953125,10
Warri South,Avenue,2025,11,209.19512939453125,2
Warri South,Bowen,2025,11,209.4985809326172,2
Warri South,Ekurede,2025,11,201.19020080566406,4
Warri South,Esisi,2025,11,197.85775756835938,4
Warri South,Igbudu,2025,11,199.64558919270834,3
Warri South,Obodo,2025,11,214.3248291015625,16
Warri South,Ode-Itsekiri,2025,11,221.93162706163196,9
Warri South,Okere,2025,11,209.19512939453125,2
Warri South,Pessu,2025,11,209.4985809326172,2
Warri South,Ubeji,2025,11,205.37283761160714,7
Bomadi,Akugbene 1,2025,12,135.35614013671875,2
Bomadi,Akugbene 2,2025,12,125.9309310913086,1
Bomadi,Akugbene 3,2025,12,125.9309310913086,1
Bomadi,Bomadi,2025,12,136.38473510742188,6
Bomadi,Ekaametagbene/Kalafio,2025,12,133.04755655924478,12
Bomadi,Esanma,2025,12,138.69580078125,4
Bomadi,Kpakiama,2025,12,123.83642578125,6
Bomadi,Ogbeinma/Okoloba,2025,12,130.65787760416666,3
Bomadi,Ogo/Eze,2025,12,136.71336364746094,2
Bomadi,Ogriagbene,2025,12,148.25286865234375,6
Burutu,Bolou-Ndoro,2025,12,137.763427734375,23
Burutu,Egodor,2025,12,134.00644818474265,17
Burutu,Eseinbiri,2025,12,147.7686767578125,11
Burutu,Kiagbodo,2025,12,126.42899576822917,3
Burutu,Ngbilebiri,2025,12,148.0207722981771,6
Burutu,Obetebe,2025,12,120.94207974137932,29
Burutu,Ogulagha,2025,12,69.185234375,25
Burutu,Ojobo,2025,12,161.8076375325521,6
Burutu,Tamigbe,2025,12,166.4254353841146,6
Burutu,Torugbene,2025,12,162.90315755208334,6
Burutu,Tuomo,2025,12,161.69086371527777,9
Patani,Abari,2025,12,91.81776733398438,5
Patani,Agoloma,2025,12,127.04429117838542,3
Patani,Buluangiama,2025,12,131.16256713867188,8
Patani,Odorubu,2025,12,132.73226928710938,8
Patani,Patani 2,2025,12,106.98065185546875,4
Patani,Patani 3,2025,12,102.59951782226562,6
Patani,Patani 4,2025,12,111.2059326171875,2
Patani,Patani 5,2025,12,118.93026297433036,7
Patani,Toruangiama,2025,12,142.01350911458334,3
Patani,Uduophori,2025,12,137.9588134765625,5
Warri South-West,Ajudaibo,2025,12,13.413700103759766,4
Warri South-West,Akpakpa,2025,12,9.129110336303711,2
Warri South-West,Isaba,2025,12,123.28426920572916,15
Warri South-West,Madangho,2025,12,16.12702178955078,3
Warri South-West,Ogbe-Ijoh,2025,12,109.16439480251736,36
Warri South-West,Ogidigben,2025,12,37.248069763183594,4
Warri South-West,Okerenkoko,2025,12,60.914340549045136,36
Warri South-West,Oporozo,2025,12,30.035354614257812,16
Warri South-West,Orere,2025,12,54.98657781427557,11
Warri South-West,Ugborodo,2025,12,56.5771484375,10
Warri South,Avenue,2025,12,106.63138580322266,2
Warri South,Bowen,2025,12,113.78817749023438,2
Warri South,Ekurede,2025,12,103.29949951171875,4
Warri South,Esisi,2025,12,108.951416015625,4
Warri South,Igbudu,2025,12,110.01920572916667,3
Warri South,Obodo,2025,12,90.69471740722656,16
Warri South,Ode-Itsekiri,2025,12,109.31578233506944,9
Warri South,Okere,2025,12,106.63138580322266,2
Warri South,Pessu,2025,12,113.78817749023438,2
Warri South,Ubeji,2025,12,100.55460030691964,7
Bomadi,Akugbene 1,2026,1,33.17503356933594,2
Bomadi,Akugbene 2,2026,1,35.6409797668457,1
Bomadi,Akugbene 3,2026,1,35.6409797668457,1
Bomadi,Bomadi,2026,1,35.07648213704427,6
Bomadi,Ekaametagbene/Kalafio,2026,1,43.21981302897135,12
Bomadi,Esanma,2026,1,33.75222396850586,4
Bomadi,Kpakiama,2026,1,33.917894999186196,6
Bomadi,Ogbeinma/Okoloba,2026,1,33.26111348470052,3
Bomadi,Ogo/Eze,2026,1,29.632265090942383,2
Bomadi,Ogriagbene,2026,1,51.223653157552086,6
Burutu,Bolou-Ndoro,2026,1,57.4578857421875,23
Burutu,Egodor,2026,1,34.529214298023895,17
Burutu,Eseinbiri,2026,1,35.83225319602273,11
Burutu,Kiagbodo,2026,1,34.54464213053385,3
Burutu,Ngbilebiri,2026,1,33.723584493001304,6
Burutu,Obetebe,2026,1,42.439646753771555,29
Burutu,Ogulagha,2026,1,21.99340576171875,25
Burutu,Ojobo,2026,1,60.689412434895836,6
Burutu,Tamigbe,2026,1,49.23448181152344,6
Burutu,Torugbene,2026,1,59.023223876953125,6
Burutu,Tuomo,2026,1,40.858849419487846,9
Patani,Abari,2026,1,35.615576171875,5
Patani,Agoloma,2026,1,38.30396525065104,3
Patani,Buluangiama,2026,1,41.05804443359375,8
Patani,Odorubu,2026,1,39.97953414916992,8
Patani,Patani 2,2026,1,33.75751876831055,4
Patani,Patani 3,2026,1,34.44261678059896,6
Patani,Patani 4,2026,1,35.64509582519531,2
Patani,Patani 5,2026,1,37.476588657924104,7
Patani,Toruangiama,2026,1,43.47567240397135,3
Patani,Uduophori,2026,1,42.933346557617185,5
Warri South-West,Ajudaibo,2026,1,4.172672271728516,4
Warri South-West,Akpakpa,2026,1,2.7458393573760986,2
Warri South-West,Isaba,2026,1,30.887113444010417,15
Warri South-West,Madangho,2026,1,5.0671742757161455,3
Warri South-West,Ogbe-Ijoh,2026,1,31.49811469184028,36
Warri South-West,Ogidigben,2026,1,7.023218631744385,4
Warri South-West,Okerenkoko,2026,1,19.903888278537327,36
Warri South-West,Oporozo,2026,1,10.020332336425781,16
Warri South-West,Orere,2026,1,16.079290216619317,11
Warri South-West,Ugborodo,2026,1,13.179974365234376,10
Warri South,Avenue,2026,1,22.558666229248047,2
Warri South,Bowen,2026,1,25.41535186767578,2
Warri South,Ekurede,2026,1,22.645998001098633,4
Warri South,Esisi,2026,1,23.05158042907715,4
Warri South,Igbudu,2026,1,24.127146402994793,3
Warri South,Obodo,2026,1,25.419921875,16
Warri South,Ode-Itsekiri,2026,1,26.448833889431423,9
Warri South,Okere,2026,1,22.558666229248047,2
Warri South,Pessu,2026,1,25.41535186767578,2
Warri South,Ubeji,2026,1,22.276811872209823,7
Bomadi,Akugbene 1,2026,2,144.23281860351562,2
Bomadi,Akugbene 2,2026,2,143.80726623535156,1
Bomadi,Akugbene 3,2026,2,143.80726623535156,1
Bomadi,Bomadi,2026,2,140.97763061523438,6
Bomadi,Ekaametagbene/Kalafio,2026,2,150.50228881835938,12
Bomadi,Esanma,2026,2,143.38548278808594,4
Bomadi,Kpakiama,2026,2,135.2227986653646,6
Bomadi,Ogbeinma/Okoloba,2026,2,143.10638427734375,3
Bomadi,Ogo/Eze,2026,2,143.53651428222656,2
Bomadi,Ogriagbene,2026,2,156.15505981445312,6
Burutu,Bolou-Ndoro,2026,2,161.7919284986413,23
Burutu,Egodor,2026,2,141.19183708639707,17
Burutu,Eseinbiri,2026,2,145.4924982244318,11
Burutu,Kiagbodo,2026,2,130.2630818684896,3
Burutu,Ngbilebiri,2026,2,148.86959838867188,6
Burutu,Obetebe,2026,2,145.0492153825431,29
Burutu,Ogulagha,2026,2,82.199111328125,25
Burutu,Ojobo,2026,2,150.42694091796875,6
Burutu,Tamigbe,2026,2,150.7735392252604,6
Burutu,Torugbene,2026,2,153.33365885416666,6
Burutu,Tuomo,2026,2,145.74507649739584,9
Patani,Abari,2026,2,107.3376953125,5
Patani,Agoloma,2026,2,116.22988891601562,3
Patani,Buluangiama,2026,2,120.44038391113281,8
Patani,Odorubu,2026,2,131.6458282470703,8
Patani,Patani 2,2026,2,107.77354431152344,4
Patani,Patani 3,2026,2,108.28114827473958,6
Patani,Patani 4,2026,2,108.2935791015625,2
Patani,Patani 5,2026,2,111.50209263392857,7
Patani,Toruangiama,2026,2,124.28727213541667,3
Patani,Uduophori,2026,2,129.4412841796875,5
Warri South-West,Ajudaibo,2026,2,16.594219207763672,4
Warri South-West,Akpakpa,2026,2,10.987019538879395,2
Warri South-West,Isaba,2026,2,128.60132649739583,15
Warri South-West,Madangho,2026,2,20.003243764241535,3
Warri South-West,Ogbe-Ijoh,2026,2,121.85356987847223,36
Warri South-West,Ogidigben,2026,2,37.640140533447266,4
Warri South-West,Okerenkoko,2026,2,84.11614312065973,36
Warri South-West,Oporozo,2026,2,39.8336296081543,16
Warri South-West,Orere,2026,2,72.96002752130681,11
Warri South-West,Ugborodo,2026,2,68.27494506835937,10
Warri South,Avenue,2026,2,120.6004638671875,2
Warri South,Bowen,2026,2,116.08522033691406,2
Warri South,Ekurede,2026,2,117.77931213378906,4
Warri South,Esisi,2026,2,117.78280639648438,4
Warri South,Igbudu,2026,2,116.5218505859375,3
Warri South,Obodo,2026,2,113.65567016601562,16
Warri South,Ode-Itsekiri,2026,2,119.7867431640625,9
Warri South,Okere,2026,2,120.6004638671875,2
Warri South,Pessu,2026,2,116.08522033691406,2
Warri South,Ubeji,2026,2,116.79628208705357,7
Bomadi,Akugbene 1,2026,3,139.9362335205078,2
Bomadi,Akugbene 2,2026,3,138.79275512695312,1
Bomadi,Akugbene 3,2026,3,138.79275512695312,1
Bomadi,Bomadi,2026,3,152.5948282877604,6
Bomadi,Ekaametagbene/Kalafio,2026,3,137.83045450846353,12
Bomadi,Esanma,2026,3,143.2467041015625,4
Bomadi,Kpakiama,2026,3,143.93492635091147,6
Bomadi,Ogbeinma/Okoloba,2026,3,140.82361857096353,3
Bomadi,Ogo/Eze,2026,3,134.07742309570312,2
Bomadi,Ogriagbene,2026,3,140.2911173502604,6
Burutu,Bolou-Ndoro,2026,3,137.79768172554347,23
Burutu,Egodor,2026,3,138.84268727022058,17
Burutu,Eseinbiri,2026,3,144.84836647727272,11
Burutu,Kiagbodo,2026,3,133.3796183268229,3
Burutu,Ngbilebiri,2026,3,142.07610066731772,6
Burutu,Obetebe,2026,3,133.24750808189654,29
Burutu,Ogulagha,2026,3,81.16546875,25
Burutu,Ojobo,2026,3,138.9447224934896,6
Burutu,Tamigbe,2026,3,147.4840291341146,6
Burutu,Torugbene,2026,3,145.86666870117188,6
Burutu,Tuomo,2026,3,152.7210693359375,9
Patani,Abari,2026,3,120.539794921875,5
Patani,Agoloma,2026,3,135.17054239908853,3
Patani,Buluangiama,2026,3,133.5218048095703,8
Patani,Odorubu,2026,3,140.98361206054688,8
Patani,Patani 2,2026,3,124.4910888671875,4
Patani,Patani 3,2026,3,124.32356770833333,6
Patani,Patani 4,2026,3,127.52517700195312,2
Patani,Patani 5,2026,3,129.24297223772322,7
Patani,Toruangiama,2026,3,134.2466023763021,3
Patani,Uduophori,2026,3,139.014208984375,5
Warri South-West,Ajudaibo,2026,3,16.29936981201172,4
Warri South-West,Akpakpa,2026,3,11.027509689331055,2
Warri South-West,Isaba,2026,3,134.15719401041667,15
Warri South-West,Madangho,2026,3,19.59776433308919,3
Warri South-West,Ogbe-Ijoh,2026,3,124.71432834201389,36
Warri South-West,Ogidigben,2026,3,40.589603424072266,4
Warri South-West,Okerenkoko,2026,3,91.02596028645833,36
Warri South-West,Oporozo,2026,3,38.665565490722656,16
Warri South-West,Orere,2026,3,102.89488636363636,11
Warri South-West,Ugborodo,2026,3,84.6518798828125,10
Warri South,Avenue,2026,3,128.4189453125,2
Warri South,Bowen,2026,3,125.35456848144531,2
Warri South,Ekurede,2026,3,126.59489440917969,4
Warri South,Esisi,2026,3,125.00121307373047,4
Warri South,Igbudu,2026,3,124.80162556966145,3
Warri South,Obodo,2026,3,123.28611755371094,16
Warri South,Ode-Itsekiri,2026,3,128.74306911892361,9
Warri South,Okere,2026,3,128.4189453125,2
Warri South,Pessu,2026,3,125.35456848144531,2
Warri South,Ubeji,2026,3,125.05714634486607,7
Bomadi,Akugbene 1,2026,4,210.6463623046875,2
Bomadi,Akugbene 2,2026,4,206.62709045410156,1
Bomadi,Akugbene 3,2026,4,206.62709045410156,1
Bomadi,Bomadi,2026,4,200.24222819010416,6
Bomadi,Ekaametagbene/Kalafio,2026,4,218.9755859375,12
Bomadi,Esanma,2026,4,207.19244384765625,4
Bomadi,Kpakiama,2026,4,196.97090657552084,6
Bomadi,Ogbeinma/Okoloba,2026,4,207.2708740234375,3
Bomadi,Ogo/Eze,2026,4,214.28924560546875,2
Bomadi,Ogriagbene,2026,4,215.8859659830729,6
Burutu,Bolou-Ndoro,2026,4,226.74632727581522,23
Burutu,Egodor,2026,4,214.69350298713235,17
Burutu,Eseinbiri,2026,4,206.64561878551137,11
Burutu,Kiagbodo,2026,4,208.7857666015625,3
Burutu,Ngbilebiri,2026,4,215.54278564453125,6
Burutu,Obetebe,2026,4,213.2648336476293,29
Burutu,Ogulagha,2026,4,129.992216796875,25
Burutu,Ojobo,2026,4,201.33502197265625,6
Burutu,Tamigbe,2026,4,211.22894287109375,6
Burutu,Torugbene,2026,4,207.9680379231771,6
Burutu,Tuomo,2026,4,205.74107530381946,9
Patani,Abari,2026,4,209.6270751953125,5
Patani,Agoloma,2026,4,202.66984049479166,3
Patani,Buluangiama,2026,4,203.71653747558594,8
Patani,Odorubu,2026,4,201.2053680419922,8
Patani,Patani 2,2026,4,205.40769958496094,4
Patani,Patani 3,2026,4,208.06636555989584,6
Patani,Patani 4,2026,4,205.41595458984375,2
Patani,Patani 5,2026,4,204.31279645647322,7
Patani,Toruangiama,2026,4,201.74833170572916,3
Patani,Uduophori,2026,4,204.271484375,5
Warri South-West,Ajudaibo,2026,4,27.092742919921875,4
Warri South-West,Akpakpa,2026,4,18.415470123291016,2
Warri South-West,Isaba,2026,4,211.10768229166666,15
Warri South-West,Madangho,2026,4,32.73013559977213,3
Warri South-West,Ogbe-Ijoh,2026,4,200.09642198350696,36
Warri South-West,Ogidigben,2026,4,66.08887481689453,4
Warri South-West,Okerenkoko,2026,4,144.67027452256946,36
Warri South-West,Oporozo,2026,4,67.15524291992188,16
Warri South-West,Orere,2026,4,149.48970170454547,11
Warri South-West,Ugborodo,2026,4,136.00426025390624,10
Warri South,Avenue,2026,4,188.59104919433594,2
Warri South,Bowen,2026,4,192.98977661132812,2
Warri South,Ekurede,2026,4,191.34280395507812,4
Warri South,Esisi,2026,4,191.57191467285156,4
Warri South,Igbudu,2026,4,193.08768717447916,3
Warri South,Obodo,2026,4,202.8205108642578,16
Warri South,Ode-Itsekiri,2026,4,200.62688530815973,9
Warri South,Okere,2026,4,188.59104919433594,2
Warri South,Pessu,2026,4,192.98977661132812,2
Warri South,Ubeji,2026,4,194.52047293526786,7
