lganame,wardname,ym,year,month,no2_mol_m2,no2_umol_m2,no2_valid_pixels,rainfall_mm,rainfall_valid_pixels,t2m_mean,t2m_max,t2m_min,ts_mean,temp_n_days,flare_n_sites,flare_total_bcm_13yr,flare_max_site_bcm,flare_last_year_bcm,flare_operators,fac_total,fac_phc,fac_secondary,fac_tertiary,fac_public,fac_private,pop_total,pop_under5,fac_per_1k_pop,phc_per_1k_u5,rainfall_mm_lag1m,rainfall_mm_lag2m,rainfall_mm_lag3m,t2m_mean_lag1m,t2m_mean_lag2m,t2m_mean_lag3m,ndvi_annual,ndvi_monthly,ndvi,ndvi_source,t,no2_umol_m2_lag1,no2_umol_m2_lag2,no2_umol_m2_lag3,rainfall_mm_lag1,rainfall_mm_lag2,rainfall_mm_lag3,t2m_mean_lag1,t2m_mean_lag2,t2m_mean_lag3,ndvi_lag1,ndvi_lag2,ndvi_lag3,month_sin,month_cos,no2_umol_m2_t1,rainfall_mm_t1,t2m_mean_t1
Bomadi,Akugbene 1,2025-05,2025,5,1.7197529814438894e-05,17.197529814438894,2,212.60772705078125,2,26.71,31.96,24.0,26.78,31,0,0.0,0.0,0.0,,1,0,1,0,0,0,1848,288,0.54,0.0,,,,,,,,,,annual,24305,,,,,,,,,,,,,0.49999999999999994,-0.8660254037844387,4.649598395189969,337.35748291015625,26.05
Bomadi,Akugbene 1,2025-06,2025,6,4.649598395189969e-06,4.649598395189969,2,337.35748291015625,2,26.05,30.65,23.16,26.12,30,0,0.0,0.0,0.0,,1,0,1,0,0,0,1848,288,0.54,0.0,212.60772705078125,,,26.71,,,,,,annual,24306,17.197529814438894,,,212.60772705078125,,,26.71,,,,,,1.2246467991473532e-16,-1.0,9.932180546456948,267.2798156738281,24.93
Bomadi,Akugbene 1,2025-07,2025,7,9.932180546456948e-06,9.932180546456948,2,267.2798156738281,2,24.93,29.47,22.12,25.02,31,0,0.0,0.0,0.0,,1,0,1,0,0,0,1848,288,0.54,0.0,337.35748291015625,212.60772705078125,,26.05,26.71,,,,,annual,24307,4.649598395189969,17.197529814438894,,337.35748291015625,212.60772705078125,,26.05,26.71,,,,,-0.4999999999999997,-0.8660254037844388,12.86394035560079,188.51022338867188,24.67
Bomadi,Akugbene 1,2025-08,2025,8,1.286394035560079e-05,12.86394035560079,2,188.51022338867188,2,24.67,29.85,21.72,24.79,31,0,0.0,0.0,0.0,,1,0,1,0,0,0,1848,288,0.54,0.0,267.2798156738281,337.35748291015625,212.60772705078125,24.93,26.05,26.71,,,,annual,24308,9.932180546456948,4.649598395189969,17.197529814438894,267.2798156738281,337.35748291015625,212.60772705078125,24.93,26.05,26.71,,,,-0.8660254037844384,-0.5000000000000004,18.21745536290109,384.01556396484375,25.19
Bomadi,Akugbene 1,2025-09,2025,9,1.821745536290109e-05,18.21745536290109,2,384.01556396484375,2,25.19,30.78,22.28,25.29,30,0,0.0,0.0,0.0,,1,0,1,0,0,0,1848,288,0.54,0.0,188.51022338867188,267.2798156738281,337.35748291015625,24.67,24.93,26.05,,,,annual,24309,12.86394035560079,9.932180546456948,4.649598395189969,188.51022338867188,267.2798156738281,337.35748291015625,24.67,24.93,26.05,,,,-1.0,-1.8369701987210297e-16,13.041001693636645,360.6279296875,25.66
Bomadi,Akugbene 1,2025-10,2025,10,1.3041001693636645e-05,13.041001693636645,2,360.6279296875,2,25.66,31.23,22.4,25.72,31,0,0.0,0.0,0.0,,1,0,1,0,0,0,1848,288,0.54,0.0,384.01556396484375,188.51022338867188,267.2798156738281,25.19,24.67,24.93,,,,annual,24310,18.21745536290109,12.86394035560079,9.932180546456948,384.01556396484375,188.51022338867188,267.2798156738281,25.19,24.67,24.93,,,,-0.8660254037844386,0.5000000000000001,15.484893083339555,225.17495727539065,26.76
Bomadi,Akugbene 1,2025-11,2025,11,1.5484893083339557e-05,15.484893083339555,2,225.17495727539065,2,26.76,32.28,23.2,26.85,30,0,0.0,0.0,0.0,,1,0,1,0,0,0,1848,288,0.54,0.0,360.6279296875,384.01556396484375,188.51022338867188,25.66,25.19,24.67,,,,annual,24311,13.041001693636645,18.21745536290109,12.86394035560079,360.6279296875,384.01556396484375,188.51022338867188,25.66,25.19,24.67,,,,-0.5000000000000004,0.8660254037844384,31.059673347044736,135.35614013671875,26.67
Bomadi,Akugbene 1,2025-12,2025,12,3.1059673347044736e-05,31.059673347044736,2,135.35614013671875,2,26.67,32.28,23.6,26.75,31,0,0.0,0.0,0.0,,1,0,1,0,0,0,1848,288,0.54,0.0,225.17495727539065,360.6279296875,384.01556396484375,26.76,25.66,25.19,,,,annual,24312,15.484893083339555,13.041001693636645,18.21745536290109,225.17495727539065,360.6279296875,384.01556396484375,26.76,25.66,25.19,,,,-2.4492935982947064e-16,1.0,30.14012509083841,33.17503356933594,26.93
Bomadi,Akugbene 1,2026-01,2026,1,3.014012509083841e-05,30.14012509083841,2,33.17503356933594,2,26.93,32.79,22.84,26.96,31,0,0.0,0.0,0.0,,1,0,1,0,0,0,1848,288,0.54,0.0,135.35614013671875,225.17495727539065,360.6279296875,26.67,26.76,25.66,,,,annual,24313,31.059673347044736,15.484893083339555,13.041001693636645,135.35614013671875,225.17495727539065,360.6279296875,26.67,26.76,25.66,,,,0.49999999999999994,0.8660254037844387,24.209668481489643,144.23281860351562,27.03
Bomadi,Akugbene 1,2026-02,2026,2,2.4209668481489643e-05,24.209668481489643,2,144.23281860351562,2,27.03,34.25,23.16,27.04,28,0,0.0,0.0,0.0,,1,0,1,0,0,0,1848,288,0.54,0.0,33.17503356933594,135.35614013671875,225.17495727539065,26.93,26.67,26.76,,,,annual,24314,30.14012509083841,31.059673347044736,15.484893083339555,33.17503356933594,135.35614013671875,225.17495727539065,26.93,26.67,26.76,,,,0.8660254037844386,0.5000000000000001,29.72421862068586,139.9362335205078,27.49
Bomadi,Akugbene 1,2026-03,2026,3,2.972421862068586e-05,29.72421862068586,2,139.9362335205078,2,27.49,33.49,23.29,27.57,31,0,0.0,0.0,0.0,,1,0,1,0,0,0,1848,288,0.54,0.0,144.23281860351562,33.17503356933594,135.35614013671875,27.03,26.93,26.67,,,,annual,24315,24.209668481489643,30.14012509083841,31.059673347044736,144.23281860351562,33.17503356933594,135.35614013671875,27.03,26.93,26.67,,,,1.0,6.123233995736766e-17,17.83827792678494,210.6463623046875,27.4
Bomadi,Akugbene 1,2026-04,2026,4,1.783827792678494e-05,17.83827792678494,2,210.6463623046875,2,27.4,32.26,23.5,27.69,30,0,0.0,0.0,0.0,,1,0,1,0,0,0,1848,288,0.54,0.0,139.9362335205078,144.23281860351562,33.17503356933594,27.49,27.03,26.93,,,,annual,24316,29.72421862068586,24.209668481489643,30.14012509083841,139.9362335205078,144.23281860351562,33.17503356933594,27.49,27.03,26.93,,,,0.8660254037844387,-0.4999999999999998,,,
Bomadi,Akugbene 2,2025-05,2025,5,,,0,214.9990081787109,1,27.07,31.56,24.66,27.32,31,0,0.0,0.0,0.0,,0,0,0,0,0,0,0,0,0.0,0.0,,,,,,,,,,annual,24305,,,,,,,,,,,,,0.49999999999999994,-0.8660254037844387,,338.50054931640625,26.38
Bomadi,Akugbene 2,2025-06,2025,6,,,0,338.50054931640625,1,26.38,29.95,23.93,26.64,30,0,0.0,0.0,0.0,,0,0,0,0,0,0,0,0,0.0,0.0,214.9990081787109,,,27.07,,,,,,annual,24306,,,,214.9990081787109,,,27.07,,,,,,1.2246467991473532e-16,-1.0,,269.0050048828125,25.28
Bomadi,Akugbene 2,2025-07,2025,7,,,0,269.0050048828125,1,25.28,28.95,23.03,25.45,31,0,0.0,0.0,0.0,,0,0,0,0,0,0,0,0,0.0,0.0,338.50054931640625,214.9990081787109,,26.38,27.07,,,,,annual,24307,,,,338.50054931640625,214.9990081787109,,26.38,27.07,,,,,-0.4999999999999997,-0.8660254037844388,,190.53211975097656,24.88
Bomadi,Akugbene 2,2025-08,2025,8,,,0,190.53211975097656,1,24.88,28.59,22.5,25.14,31,0,0.0,0.0,0.0,,0,0,0,0,0,0,0,0,0.0,0.0,269.0050048828125,338.50054931640625,214.9990081787109,25.28,26.38,27.07,,,,annual,24308,,,,269.0050048828125,338.50054931640625,214.9990081787109,25.28,26.38,27.07,,,,-0.8660254037844384,-0.5000000000000004,,373.4741516113281,25.31
Bomadi,Akugbene 2,2025-09,2025,9,,,0,373.4741516113281,1,25.31,29.08,23.19,25.56,30,0,0.0,0.0,0.0,,0,0,0,0,0,0,0,0,0.0,0.0,190.53211975097656,269.0050048828125,338.50054931640625,24.88,25.28,26.38,,,,annual,24309,,,,190.53211975097656,269.0050048828125,338.50054931640625,24.88,25.28,26.38,,,,-1.0,-1.8369701987210297e-16,,358.1501159667969,25.65
Bomadi,Akugbene 2,2025-10,2025,10,,,0,358.1501159667969,1,25.65,29.96,23.2,25.92,31,0,0.0,0.0,0.0,,0,0,0,0,0,0,0,0,0.0,0.0,373.4741516113281,190.53211975097656,269.0050048828125,25.31,24.88,25.28,,,,annual,24310,,,,373.4741516113281,190.53211975097656,269.0050048828125,25.31,24.88,25.28,,,,-0.8660254037844386,0.5000000000000001,,221.561767578125,26.69
Bomadi,Akugbene 2,2025-11,2025,11,,,0,221.561767578125,1,26.69,31.29,23.88,27.1,30,0,0.0,0.0,0.0,,0,0,0,0,0,0,0,0,0.0,0.0,358.1501159667969,373.4741516113281,190.53211975097656,25.65,25.31,24.88,,,,annual,24311,,,,358.1501159667969,373.4741516113281,190.53211975097656,25.65,25.31,24.88,,,,-0.5000000000000004,0.8660254037844384,,125.9309310913086,26.73
Bomadi,Akugbene 2,2025-12,2025,12,,,0,125.9309310913086,1,26.73,30.72,24.28,27.01,31,0,0.0,0.0,0.0,,0,0,0,0,0,0,0,0,0.0,0.0,221.561767578125,358.1501159667969,373.4741516113281,26.69,25.65,25.31,,,,annual,24312,,,,221.561767578125,358.1501159667969,373.4741516113281,26.69,25.65,25.31,,,,-2.4492935982947064e-16,1.0,,35.6409797668457,27.17
Bomadi,Akugbene 2,2026-01,2026,1,,,0,35.6409797668457,1,27.17,32.11,24.41,27.4,31,0,0.0,0.0,0.0,,0,0,0,0,0,0,0,0,0.0,0.0,125.9309310913086,221.561767578125,358.1501159667969,26.73,26.69,25.65,,,,annual,24313,,,,125.9309310913086,221.561767578125,358.1501159667969,26.73,26.69,25.65,,,,0.49999999999999994,0.8660254037844387,,143.80726623535156,27.34
Bomadi,Akugbene 2,2026-02,2026,2,,,0,143.80726623535156,1,27.34,32.92,24.19,27.53,28,0,0.0,0.0,0.0,,0,0,0,0,0,0,0,0,0.0,0.0,35.6409797668457,125.9309310913086,221.561767578125,27.17,26.73,26.69,,,,annual,24314,,,,35.6409797668457,125.9309310913086,221.561767578125,27.17,26.73,26.69,,,,0.8660254037844386,0.5000000000000001,,138.79275512695312,27.68
Bomadi,Akugbene 2,2026-03,2026,3,,,0,138.79275512695312,1,27.68,32.21,24.53,27.97,31,0,0.0,0.0,0.0,,0,0,0,0,0,0,0,0,0.0,0.0,143.80726623535156,35.6409797668457,125.9309310913086,27.34,27.17,26.73,,,,annual,24315,,,,143.80726623535156,35.6409797668457,125.9309310913086,27.34,27.17,26.73,,,,1.0,6.123233995736766e-17,,206.6270904541016,27.61
Bomadi,Akugbene 2,2026-04,2026,4,,,0,206.6270904541016,1,27.61,31.96,24.28,27.81,30,0,0.0,0.0,0.0,,0,0,0,0,0,0,0,0,0.0,0.0,138.79275512695312,143.80726623535156,35.6409797668457,27.68,27.34,27.17,,,,annual,24316,,,,138.79275512695312,143.80726623535156,35.6409797668457,27.68,27.34,27.17,,,,0.8660254037844387,-0.4999999999999998,,,
Bomadi,Akugbene 3,2025-05,2025,5,,,0,214.9990081787109,1,27.07,31.56,24.66,27.32,31,0,0.0,0.0,0.0,,1,1,0,0,1,0,3533,551,0.28,1.81,,,,,,,,,,annual,24305,,,,,,,,,,,,,0.49999999999999994,-0.8660254037844387,,338.50054931640625,26.38
Bomadi,Akugbene 3,2025-06,2025,6,,,0,338.50054931640625,1,26.38,29.95,23.93,26.64,30,0,0.0,0.0,0.0,,1,1,0,0,1,0,3533,551,0.28,1.81,214.9990081787109,,,27.07,,,,,,annual,24306,,,,214.9990081787109,,,27.07,,,,,,1.2246467991473532e-16,-1.0,,269.0050048828125,25.28
Bomadi,Akugbene 3,2025-07,2025,7,,,0,269.0050048828125,1,25.28,28.95,23.03,25.45,31,0,0.0,0.0,0.0,,1,1,0,0,1,0,3533,551,0.28,1.81,338.50054931640625,214.9990081787109,,26.38,27.07,,,,,annual,24307,,,,338.50054931640625,214.9990081787109,,26.38,27.07,,,,,-0.4999999999999997,-0.8660254037844388,,190.53211975097656,24.88
Bomadi,Akugbene 3,2025-08,2025,8,,,0,190.53211975097656,1,24.88,28.59,22.5,25.14,31,0,0.0,0.0,0.0,,1,1,0,0,1,0,3533,551,0.28,1.81,269.0050048828125,338.50054931640625,214.9990081787109,25.28,26.38,27.07,,,,annual,24308,,,,269.0050048828125,338.50054931640625,214.9990081787109,25.28,26.38,27.07,,,,-0.8660254037844384,-0.5000000000000004,,373.4741516113281,25.31
Bomadi,Akugbene 3,2025-09,2025,9,,,0,373.4741516113281,1,25.31,29.08,23.19,25.56,30,0,0.0,0.0,0.0,,1,1,0,0,1,0,3533,551,0.28,1.81,190.53211975097656,269.0050048828125,338.50054931640625,24.88,25.28,26.38,,,,annual,24309,,,,190.53211975097656,269.0050048828125,338.50054931640625,24.88,25.28,26.38,,,,-1.0,-1.8369701987210297e-16,,358.1501159667969,25.65
Bomadi,Akugbene 3,2025-10,2025,10,,,0,358.1501159667969,1,25.65,29.96,23.2,25.92,31,0,0.0,0.0,0.0,,1,1,0,0,1,0,3533,551,0.28,1.81,373.4741516113281,190.53211975097656,269.0050048828125,25.31,24.88,25.28,,,,annual,24310,,,,373.4741516113281,190.53211975097656,269.0050048828125,25.31,24.88,25.28,,,,-0.8660254037844386,0.5000000000000001,,221.561767578125,26.69
Bomadi,Akugbene 3,2025-11,2025,11,,,0,221.561767578125,1,26.69,31.29,23.88,27.1,30,0,0.0,0.0,0.0,,1,1,0,0,1,0,3533,551,0.28,1.81,358.1501159667969,373.4741516113281,190.53211975097656,25.65,25.31,24.88,,,,annual,24311,,,,358.1501159667969,373.4741516113281,190.53211975097656,25.65,25.31,24.88,,,,-0.5000000000000004,0.8660254037844384,,125.9309310913086,26.73
Bomadi,Akugbene 3,2025-12,2025,12,,,0,125.9309310913086,1,26.73,30.72,24.28,27.01,31,0,0.0,0.0,0.0,,1,1,0,0,1,0,3533,551,0.28,1.81,221.561767578125,358.1501159667969,373.4741516113281,26.69,25.65,25.31,,,,annual,24312,,,,221.561767578125,358.1501159667969,373.4741516113281,26.69,25.65,25.31,,,,-2.4492935982947064e-16,1.0,,35.6409797668457,27.17
Bomadi,Akugbene 3,2026-01,2026,1,,,0,35.6409797668457,1,27.17,32.11,24.41,27.4,31,0,0.0,0.0,0.0,,1,1,0,0,1,0,3533,551,0.28,1.81,125.9309310913086,221.561767578125,358.1501159667969,26.73,26.69,25.65,,,,annual,24313,,,,125.9309310913086,221.561767578125,358.1501159667969,26.73,26.69,25.65,,,,0.49999999999999994,0.8660254037844387,,143.80726623535156,27.34
Bomadi,Akugbene 3,2026-02,2026,2,,,0,143.80726623535156,1,27.34,32.92,24.19,27.53,28,0,0.0,0.0,0.0,,1,1,0,0,1,0,3533,551,0.28,1.81,35.6409797668457,125.9309310913086,221.561767578125,27.17,26.73,26.69,,,,annual,24314,,,,35.6409797668457,125.9309310913086,221.561767578125,27.17,26.73,26.69,,,,0.8660254037844386,0.5000000000000001,,138.79275512695312,27.68
Bomadi,Akugbene 3,2026-03,2026,3,,,0,138.79275512695312,1,27.68,32.21,24.53,27.97,31,0,0.0,0.0,0.0,,1,1,0,0,1,0,3533,551,0.28,1.81,143.80726623535156,35.6409797668457,125.9309310913086,27.34,27.17,26.73,,,,annual,24315,,,,143.80726623535156,35.6409797668457,125.9309310913086,27.34,27.17,26.73,,,,1.0,6.123233995736766e-17,,206.6270904541016,27.61
Bomadi,Akugbene 3,2026-04,2026,4,,,0,206.6270904541016,1,27.61,31.96,24.28,27.81,30,0,0.0,0.0,0.0,,1,1,0,0,1,0,3533,551,0.28,1.81,138.79275512695312,143.80726623535156,35.6409797668457,27.68,27.34,27.17,,,,annual,24316,,,,138.79275512695312,143.80726623535156,35.6409797668457,27.68,27.34,27.17,,,,0.8660254037844387,-0.4999999999999998,,,
Bomadi,Bomadi,2025-05,2025,5,1.42733342727297e-05,14.2733342727297,1,217.0549112955729,6,27.07,31.56,24.66,27.32,31,0,0.0,0.0,0.0,,4,3,1,0,2,2,37392,5833,0.11,0.51,,,,,,,,,,annual,24305,,,,,,,,,,,,,0.49999999999999994,-0.8660254037844387,0.7507415489271807,352.2040608723958,26.38
Bomadi,Bomadi,2025-06,2025,6,7.507415489271807e-07,0.7507415489271807,1,352.2040608723958,6,26.38,29.95,23.93,26.64,30,0,0.0,0.0,0.0,,4,3,1,0,2,2,37392,5833,0.11,0.51,217.0549112955729,,,27.07,,,,,,annual,24306,14.2733342727297,,,217.0549112955729,,,27.07,,,,,,1.2246467991473532e-16,-1.0,11.522043678269256,269.9983317057292,25.28
Bomadi,Bomadi,2025-07,2025,7,1.1522043678269256e-05,11.522043678269256,1,269.9983317057292,6,25.28,28.95,23.03,25.45,31,0,0.0,0.0,0.0,,4,3,1,0,2,2,37392,5833,0.11,0.51,352.2040608723958,217.0549112955729,,26.38,27.07,,,,,annual,24307,0.7507415489271807,14.2733342727297,,352.2040608723958,217.0549112955729,,26.38,27.07,,,,,-0.4999999999999997,-0.8660254037844388,14.358402950165328,216.54913330078125,24.88
Bomadi,Bomadi,2025-08,2025,8,1.4358402950165328e-05,14.358402950165328,1,216.54913330078125,6,24.88,28.59,22.5,25.14,31,0,0.0,0.0,0.0,,4,3,1,0,2,2,37392,5833,0.11,0.51,269.9983317057292,352.2040608723958,217.0549112955729,25.28,26.38,27.07,,,,annual,24308,11.522043678269256,0.7507415489271807,14.2733342727297,269.9983317057292,352.2040608723958,217.0549112955729,25.28,26.38,27.07,,,,-0.8660254037844384,-0.5000000000000004,16.179064914467745,390.5998128255208,25.31
Bomadi,Bomadi,2025-09,2025,9,1.6179064914467745e-05,16.179064914467745,1,390.5998128255208,6,25.31,29.08,23.19,25.56,30,0,0.0,0.0,0.0,,4,3,1,0,2,2,37392,5833,0.11,0.51,216.54913330078125,269.9983317057292,352.2040608723958,24.88,25.28,26.38,,,,annual,24309,14.358402950165328,11.522043678269256,0.7507415489271807,216.54913330078125,269.9983317057292,352.2040608723958,24.88,25.28,26.38,,,,-1.0,-1.8369701987210297e-16,14.475734133156948,404.07080078125,25.65
Bomadi,Bomadi,2025-10,2025,10,1.4475734133156948e-05,14.475734133156948,1,404.07080078125,6,25.65,29.96,23.2,25.92,31,0,0.0,0.0,0.0,,4,3,1,0,2,2,37392,5833,0.11,0.51,390.5998128255208,216.54913330078125,269.9983317057292,25.31,24.88,25.28,,,,annual,24310,16.179064914467745,14.358402950165328,11.522043678269256,390.5998128255208,216.54913330078125,269.9983317057292,25.31,24.88,25.28,,,,-0.8660254037844386,0.5000000000000001,15.677849660278298,240.3924153645833,26.69
Bomadi,Bomadi,2025-11,2025,11,1.5677849660278298e-05,15.677849660278298,1,240.3924153645833,6,26.69,31.29,23.88,27.1,30,0,0.0,0.0,0.0,,4,3,1,0,2,2,37392,5833,0.11,0.51,404.07080078125,390.5998128255208,216.54913330078125,25.65,25.31,24.88,,,,annual,24311,14.475734133156948,16.179064914467745,14.358402950165328,404.07080078125,390.5998128255208,216.54913330078125,25.65,25.31,24.88,,,,-0.5000000000000004,0.8660254037844384,61.47883686935529,136.38473510742188,26.73
Bomadi,Bomadi,2025-12,2025,12,6.147883686935529e-05,61.47883686935529,1,136.38473510742188,6,26.73,30.72,24.28,27.01,31,0,0.0,0.0,0.0,,4,3,1,0,2,2,37392,5833,0.11,0.51,240.3924153645833,404.07080078125,390.5998128255208,26.69,25.65,25.31,,,,annual,24312,15.677849660278298,14.475734133156948,16.179064914467745,240.3924153645833,404.07080078125,390.5998128255208,26.69,25.65,25.31,,,,-2.4492935982947064e-16,1.0,28.693417334579863,35.07648213704427,27.17
Bomadi,Bomadi,2026-01,2026,1,2.8693417334579863e-05,28.693417334579863,1,35.07648213704427,6,27.17,32.11,24.41,27.4,31,0,0.0,0.0,0.0,,4,3,1,0,2,2,37392,5833,0.11,0.51,136.38473510742188,240.3924153645833,404.07080078125,26.73,26.69,25.65,,,,annual,24313,61.47883686935529,15.677849660278298,14.475734133156948,136.38473510742188,240.3924153645833,404.07080078125,26.73,26.69,25.65,,,,0.49999999999999994,0.8660254037844387,23.98914330115076,140.97763061523438,27.34
Bomadi,Bomadi,2026-02,2026,2,2.398914330115076e-05,23.98914330115076,1,140.97763061523438,6,27.34,32.92,24.19,27.53,28,0,0.0,0.0,0.0,,4,3,1,0,2,2,37392,5833,0.11,0.51,35.07648213704427,136.38473510742188,240.3924153645833,27.17,26.73,26.69,,,,annual,24314,28.693417334579863,61.47883686935529,15.677849660278298,35.07648213704427,136.38473510742188,240.3924153645833,27.17,26.73,26.69,,,,0.8660254037844386,0.5000000000000001,26.38330624904484,152.5948282877604,27.68
Bomadi,Bomadi,2026-03,2026,3,2.638330624904484e-05,26.38330624904484,1,152.5948282877604,6,27.68,32.21,24.53,27.97,31,0,0.0,0.0,0.0,,4,3,1,0,2,2,37392,5833,0.11,0.51,140.97763061523438,35.07648213704427,136.38473510742188,27.34,27.17,26.73,,,,annual,24315,23.98914330115076,28.693417334579863,61.47883686935529,140.97763061523438,35.07648213704427,136.38473510742188,27.34,27.17,26.73,,,,1.0,6.123233995736766e-17,18.934755644295365,200.24222819010416,27.61
Bomadi,Bomadi,2026-04,2026,4,1.8934755644295365e-05,18.934755644295365,1,200.24222819010416,6,27.61,31.96,24.28,27.81,30,0,0.0,0.0,0.0,,4,3,1,0,2,2,37392,5833,0.11,0.51,152.5948282877604,140.97763061523438,35.07648213704427,27.68,27.34,27.17,,,,annual,24316,26.38330624904484,23.98914330115076,28.693417334579863,152.5948282877604,140.97763061523438,35.07648213704427,27.68,27.34,27.17,,,,0.8660254037844387,-0.4999999999999998,,,
Bomadi,Ekaametagbene/Kalafio,2025-05,2025,5,1.600311807123944e-05,16.00311807123944,10,215.41349283854169,12,27.07,31.56,24.66,27.32,31,0,0.0,0.0,0.0,,3,3,0,0,0,0,3299,515,0.91,5.83,,,,,,,,,,annual,24305,,,,,,,,,,,,,0.49999999999999994,-0.8660254037844387,7.842585182515904,371.7725830078125,26.38
Bomadi,Ekaametagbene/Kalafio,2025-06,2025,6,7.842585182515904e-06,7.842585182515904,10,371.7725830078125,12,26.38,29.95,23.93,26.64,30,0,0.0,0.0,0.0,,3,3,0,0,0,0,3299,515,0.91,5.83,215.41349283854169,,,27.07,,,,,,annual,24306,16.00311807123944,,,215.41349283854169,,,27.07,,,,,,1.2246467991473532e-16,-1.0,10.668257891666144,344.0161539713542,25.28
Bomadi,Ekaametagbene/Kalafio,2025-07,2025,7,1.0668257891666144e-05,10.668257891666144,10,344.0161539713542,12,25.28,28.95,23.03,25.45,31,0,0.0,0.0,0.0,,3,3,0,0,0,0,3299,515,0.91,5.83,371.7725830078125,215.41349283854169,,26.38,27.07,,,,,annual,24307,7.842585182515904,16.00311807123944,,371.7725830078125,215.41349283854169,,26.38,27.07,,,,,-0.4999999999999997,-0.8660254037844388,12.76199473068118,195.1768798828125,24.88
Bomadi,Ekaametagbene/Kalafio,2025-08,2025,8,1.276199473068118e-05,12.76199473068118,10,195.1768798828125,12,24.88,28.59,22.5,25.14,31,0,0.0,0.0,0.0,,3,3,0,0,0,0,3299,515,0.91,5.83,344.0161539713542,371.7725830078125,215.41349283854169,25.28,26.38,27.07,,,,annual,24308,10.668257891666144,7.842585182515904,16.00311807123944,344.0161539713542,371.7725830078125,215.41349283854169,25.28,26.38,27.07,,,,-0.8660254037844384,-0.5000000000000004,13.08144273934886,437.82958984375,25.31
Bomadi,Ekaametagbene/Kalafio,2025-09,2025,9,1.308144273934886e-05,13.08144273934886,10,437.82958984375,12,25.31,29.08,23.19,25.56,30,0,0.0,0.0,0.0,,3,3,0,0,0,0,3299,515,0.91,5.83,195.1768798828125,344.0161539713542,371.7725830078125,24.88,25.28,26.38,,,,annual,24309,12.76199473068118,10.668257891666144,7.842585182515904,195.1768798828125,344.0161539713542,371.7725830078125,24.88,25.28,26.38,,,,-1.0,-1.8369701987210297e-16,15.213336155284196,412.05712890625,25.65
Bomadi,Ekaametagbene/Kalafio,2025-10,2025,10,1.5213336155284196e-05,15.213336155284196,10,412.05712890625,12,25.65,29.96,23.2,25.92,31,0,0.0,0.0,0.0,,3,3,0,0,0,0,3299,515,0.91,5.83,437.82958984375,195.1768798828125,344.0161539713542,25.31,24.88,25.28,,,,annual,24310,13.08144273934886,12.76199473068118,10.668257891666144,437.82958984375,195.1768798828125,344.0161539713542,25.31,24.88,25.28,,,,-0.8660254037844386,0.5000000000000001,13.393594417721031,234.0398356119792,26.69
Bomadi,Ekaametagbene/Kalafio,2025-11,2025,11,1.3393594417721034e-05,13.393594417721031,10,234.0398356119792,12,26.69,31.29,23.88,27.1,30,0,0.0,0.0,0.0,,3,3,0,0,0,0,3299,515,0.91,5.83,412.05712890625,437.82958984375,195.1768798828125,25.65,25.31,24.88,,,,annual,24311,15.213336155284196,13.08144273934886,12.76199473068118,412.05712890625,437.82958984375,195.1768798828125,25.65,25.31,24.88,,,,-0.5000000000000004,0.8660254037844384,29.10286129917949,133.04755655924478,26.73
Bomadi,Ekaametagbene/Kalafio,2025-12,2025,12,2.9102861299179493e-05,29.10286129917949,10,133.04755655924478,12,26.73,30.72,24.28,27.01,31,0,0.0,0.0,0.0,,3,3,0,0,0,0,3299,515,0.91,5.83,234.0398356119792,412.05712890625,437.82958984375,26.69,25.65,25.31,,,,annual,24312,13.393594417721031,15.213336155284196,13.08144273934886,234.0398356119792,412.05712890625,437.82958984375,26.69,25.65,25.31,,,,-2.4492935982947064e-16,1.0,28.80744577851146,43.21981302897135,27.17
Bomadi,Ekaametagbene/Kalafio,2026-01,2026,1,2.8807445778511463e-05,28.80744577851146,10,43.21981302897135,12,27.17,32.11,24.41,27.4,31,0,0.0,0.0,0.0,,3,3,0,0,0,0,3299,515,0.91,5.83,133.04755655924478,234.0398356119792,412.05712890625,26.73,26.69,25.65,,,,annual,24313,29.10286129917949,13.393594417721031,15.213336155284196,133.04755655924478,234.0398356119792,412.05712890625,26.73,26.69,25.65,,,,0.49999999999999994,0.8660254037844387,21.93836844526232,150.50228881835938,27.34
Bomadi,Ekaametagbene/Kalafio,2026-02,2026,2,2.1938368445262312e-05,21.93836844526232,10,150.50228881835938,12,27.34,32.92,24.19,27.53,28,0,0.0,0.0,0.0,,3,3,0,0,0,0,3299,515,0.91,5.83,43.21981302897135,133.04755655924478,234.0398356119792,27.17,26.73,26.69,,,,annual,24314,28.80744577851146,29.10286129917949,13.393594417721031,43.21981302897135,133.04755655924478,234.0398356119792,27.17,26.73,26.69,,,,0.8660254037844386,0.5000000000000001,17.16914412099868,137.83045450846353,27.68
Bomadi,Ekaametagbene/Kalafio,2026-03,2026,3,1.7169144120998682e-05,17.16914412099868,10,137.83045450846353,12,27.68,32.21,24.53,27.97,31,0,0.0,0.0,0.0,,3,3,0,0,0,0,3299,515,0.91,5.83,150.50228881835938,43.21981302897135,133.04755655924478,27.34,27.17,26.73,,,,annual,24315,21.93836844526232,28.80744577851146,29.10286129917949,150.50228881835938,43.21981302897135,133.04755655924478,27.34,27.17,26.73,,,,1.0,6.123233995736766e-17,15.879899729043244,218.9755859375,27.61
Bomadi,Ekaametagbene/Kalafio,2026-04,2026,4,1.5879899729043244e-05,15.879899729043244,10,218.9755859375,12,27.61,31.96,24.28,27.81,30,0,0.0,0.0,0.0,,3,3,0,0,0,0,3299,515,0.91,5.83,137.83045450846353,150.50228881835938,43.21981302897135,27.68,27.34,27.17,,,,annual,24316,17.16914412099868,21.93836844526232,28.80744577851146,137.83045450846353,150.50228881835938,43.21981302897135,27.68,27.34,27.17,,,,0.8660254037844387,-0.4999999999999998,,,
Bomadi,Esanma,2025-05,2025,5,1.791542672435753e-05,17.91542672435753,1,212.93453979492188,4,27.07,31.56,24.66,27.32,31,0,0.0,0.0,0.0,,1,1,0,0,1,0,5029,785,0.2,1.27,,,,,,,,,,annual,24305,,,,,,,,,,,,,0.49999999999999994,-0.8660254037844387,-1.759541532919684,345.9378967285156,26.38
Bomadi,Esanma,2025-06,2025,6,-1.759541532919684e-06,-1.759541532919684,1,345.9378967285156,4,26.38,29.95,23.93,26.64,30,0,0.0,0.0,0.0,,1,1,0,0,1,0,5029,785,0.2,1.27,212.93453979492188,,,27.07,,,,,,annual,24306,17.91542672435753,,,212.93453979492188,,,27.07,,,,,,1.2246467991473532e-16,-1.0,10.923774425464217,269.7745056152344,25.28
Bomadi,Esanma,2025-07,2025,7,1.0923774425464217e-05,10.923774425464217,1,269.7745056152344,4,25.28,28.95,23.03,25.45,31,0,0.0,0.0,0.0,,1,1,0,0,1,0,5029,785,0.2,1.27,345.9378967285156,212.93453979492188,,26.38,27.07,,,,,annual,24307,-1.759541532919684,17.91542672435753,,345.9378967285156,212.93453979492188,,26.38,27.07,,,,,-0.4999999999999997,-0.8660254037844388,13.388963452598546,194.6804351806641,24.88
Bomadi,Esanma,2025-08,2025,8,1.3388963452598546e-05,13.388963452598546,1,194.6804351806641,4,24.88,28.59,22.5,25.14,31,0,0.0,0.0,0.0,,1,1,0,0,1,0,5029,785,0.2,1.27,269.7745056152344,345.9378967285156,212.93453979492188,25.28,26.38,27.07,,,,annual,24308,10.923774425464217,-1.759541532919684,17.91542672435753,269.7745056152344,345.9378967285156,212.93453979492188,25.28,26.38,27.07,,,,-0.8660254037844384,-0.5000000000000004,12.979128769075032,388.5567321777344,25.31
Bomadi,Esanma,2025-09,2025,9,1.2979128769075032e-05,12.979128769075032,1,388.5567321777344,4,25.31,29.08,23.19,25.56,30,0,0.0,0.0,0.0,,1,1,0,0,1,0,5029,785,0.2,1.27,194.6804351806641,269.7745056152344,345.9378967285156,24.88,25.28,26.38,,,,annual,24309,13.388963452598546,10.923774425464217,-1.759541532919684,194.6804351806641,269.7745056152344,345.9378967285156,24.88,25.28,26.38,,,,-1.0,-1.8369701987210297e-16,13.8521190820029,374.1486206054688,25.65
Bomadi,Esanma,2025-10,2025,10,1.38521190820029e-05,13.8521190820029,1,374.1486206054688,4,25.65,29.96,23.2,25.92,31,0,0.0,0.0,0.0,,1,1,0,0,1,0,5029,785,0.2,1.27,388.5567321777344,194.6804351806641,269.7745056152344,25.31,24.88,25.28,,,,annual,24310,12.979128769075032,13.388963452598546,10.923774425464217,388.5567321777344,194.6804351806641,269.7745056152344,25.31,24.88,25.28,,,,-0.8660254037844386,0.5000000000000001,15.672196241212076,229.4953765869141,26.69
Bomadi,Esanma,2025-11,2025,11,1.5672196241212077e-05,15.672196241212076,1,229.4953765869141,4,26.69,31.29,23.88,27.1,30,0,0.0,0.0,0.0,,1,1,0,0,1,0,5029,785,0.2,1.27,374.1486206054688,388.5567321777344,194.6804351806641,25.65,25.31,24.88,,,,annual,24311,13.8521190820029,12.979128769075032,13.388963452598546,374.1486206054688,388.5567321777344,194.6804351806641,25.65,25.31,24.88,,,,-0.5000000000000004,0.8660254037844384,33.02580080344342,138.69580078125,26.73
Bomadi,Esanma,2025-12,2025,12,3.302580080344342e-05,33.02580080344342,1,138.69580078125,4,26.73,30.72,24.28,27.01,31,0,0.0,0.0,0.0,,1,1,0,0,1,0,5029,785,0.2,1.27,229.4953765869141,374.1486206054688,388.5567321777344,26.69,25.65,25.31,,,,annual,24312,15.672196241212076,13.8521190820029,12.979128769075032,229.4953765869141,374.1486206054688,388.5567321777344,26.69,25.65,25.31,,,,-2.4492935982947064e-16,1.0,31.747735192766413,33.75222396850586,27.17
Bomadi,Esanma,2026-01,2026,1,3.174773519276641e-05,31.747735192766413,1,33.75222396850586,4,27.17,32.11,24.41,27.4,31,0,0.0,0.0,0.0,,1,1,0,0,1,0,5029,785,0.2,1.27,138.69580078125,229.4953765869141,374.1486206054688,26.73,26.69,25.65,,,,annual,24313,33.02580080344342,15.672196241212076,13.8521190820029,138.69580078125,229.4953765869141,374.1486206054688,26.73,26.69,25.65,,,,0.49999999999999994,0.8660254037844387,20.969562683603726,143.38548278808594,27.34
Bomadi,Esanma,2026-02,2026,2,2.0969562683603726e-05,20.969562683603726,1,143.38548278808594,4,27.34,32.92,24.19,27.53,28,0,0.0,0.0,0.0,,1,1,0,0,1,0,5029,785,0.2,1.27,33.75222396850586,138.69580078125,229.4953765869141,27.17,26.73,26.69,,,,annual,24314,31.747735192766413,33.02580080344342,15.672196241212076,33.75222396850586,138.69580078125,229.4953765869141,27.17,26.73,26.69,,,,0.8660254037844386,0.5000000000000001,29.48494875454344,143.2467041015625,27.68
Bomadi,Esanma,2026-03,2026,3,2.948494875454344e-05,29.48494875454344,1,143.2467041015625,4,27.68,32.21,24.53,27.97,31,0,0.0,0.0,0.0,,1,1,0,0,1,0,5029,785,0.2,1.27,143.38548278808594,33.75222396850586,138.69580078125,27.34,27.17,26.73,,,,annual,24315,20.969562683603726,31.747735192766413,33.02580080344342,143.38548278808594,33.75222396850586,138.69580078125,27.34,27.17,26.73,,,,1.0,6.123233995736766e-17,14.298445421445647,207.19244384765625,27.61
Bomadi,Esanma,2026-04,2026,4,1.4298445421445647e-05,14.298445421445647,1,207.19244384765625,4,27.61,31.96,24.28,27.81,30,0,0.0,0.0,0.0,,1,1,0,0,1,0,5029,785,0.2,1.27,143.2467041015625,143.38548278808594,33.75222396850586,27.68,27.34,27.17,,,,annual,24316,29.48494875454344,20.969562683603726,31.747735192766413,143.2467041015625,143.38548278808594,33.75222396850586,27.68,27.34,27.17,,,,0.8660254037844387,-0.4999999999999998,,,
Bomadi,Kpakiama,2025-05,2025,5,1.343456582011034e-05,13.43456582011034,3,216.43438720703125,6,27.07,31.56,24.66,27.32,31,0,0.0,0.0,0.0,,4,3,1,0,1,1,18353,2863,0.22,1.05,,,,,,,,,,annual,24305,,,,,,,,,,,,,0.49999999999999994,-0.8660254037844387,5.944582881056704,349.4398600260417,26.38
Bomadi,Kpakiama,2025-06,2025,6,5.944582881056704e-06,5.944582881056704,3,349.4398600260417,6,26.38,29.95,23.93,26.64,30,0,0.0,0.0,0.0,,4,3,1,0,1,1,18353,2863,0.22,1.05,216.43438720703125,,,27.07,,,,,,annual,24306,13.43456582011034,,,216.43438720703125,,,27.07,,,,,,1.2246467991473532e-16,-1.0,11.837576797309644,255.2352905273437,25.28
Bomadi,Kpakiama,2025-07,2025,7,1.1837576797309644e-05,11.837576797309644,3,255.2352905273437,6,25.28,28.95,23.03,25.45,31,0,0.0,0.0,0.0,,4,3,1,0,1,1,18353,2863,0.22,1.05,349.4398600260417,216.43438720703125,,26.38,27.07,,,,,annual,24307,5.944582881056704,13.43456582011034,,349.4398600260417,216.43438720703125,,26.38,27.07,,,,,-0.4999999999999997,-0.8660254037844388,14.40639365076398,218.4263712565104,24.88
Bomadi,Kpakiama,2025-08,2025,8,1.440639365076398e-05,14.40639365076398,3,218.4263712565104,6,24.88,28.59,22.5,25.14,31,0,0.0,0.0,0.0,,4,3,1,0,1,1,18353,2863,0.22,1.05,255.2352905273437,349.4398600260417,216.43438720703125,25.28,26.38,27.07,,,,annual,24308,11.837576797309644,5.944582881056704,13.43456582011034,255.2352905273437,349.4398600260417,216.43438720703125,25.28,26.38,27.07,,,,-0.8660254037844384,-0.5000000000000004,16.26771215038995,377.1876220703125,25.31
Bomadi,Kpakiama,2025-09,2025,9,1.626771215038995e-05,16.26771215038995,3,377.1876220703125,6,25.31,29.08,23.19,25.56,30,0,0.0,0.0,0.0,,4,3,1,0,1,1,18353,2863,0.22,1.05,218.4263712565104,255.2352905273437,349.4398600260417,24.88,25.28,26.38,,,,annual,24309,14.40639365076398,11.837576797309644,5.944582881056704,218.4263712565104,255.2352905273437,349.4398600260417,24.88,25.28,26.38,,,,-1.0,-1.8369701987210297e-16,15.276309568434954,374.1997884114583,25.65
Bomadi,Kpakiama,2025-10,2025,10,1.5276309568434954e-05,15.276309568434954,3,374.1997884114583,6,25.65,29.96,23.2,25.92,31,0,0.0,0.0,0.0,,4,3,1,0,1,1,18353,2863,0.22,1.05,377.1876220703125,218.4263712565104,255.2352905273437,25.31,24.88,25.28,,,,annual,24310,16.26771215038995,14.40639365076398,11.837576797309644,377.1876220703125,218.4263712565104,255.2352905273437,25.31,24.88,25.28,,,,-0.8660254037844386,0.5000000000000001,18.51084501443741,215.7227579752604,26.69
Bomadi,Kpakiama,2025-11,2025,11,1.851084501443741e-05,18.51084501443741,3,215.7227579752604,6,26.69,31.29,23.88,27.1,30,0,0.0,0.0,0.0,,4,3,1,0,1,1,18353,2863,0.22,1.05,374.1997884114583,377.1876220703125,218.4263712565104,25.65,25.31,24.88,,,,annual,24311,15.276309568434954,16.26771215038995,14.40639365076398,374.1997884114583,377.1876220703125,218.4263712565104,25.65,25.31,24.88,,,,-0.5000000000000004,0.8660254037844384,52.92628581325213,123.83642578125,26.73
Bomadi,Kpakiama,2025-12,2025,12,5.292628581325213e-05,52.92628581325213,3,123.83642578125,6,26.73,30.72,24.28,27.01,31,0,0.0,0.0,0.0,,4,3,1,0,1,1,18353,2863,0.22,1.05,215.7227579752604,374.1997884114583,377.1876220703125,26.69,25.65,25.31,,,,annual,24312,18.51084501443741,15.276309568434954,16.26771215038995,215.7227579752604,374.1997884114583,377.1876220703125,26.69,25.65,25.31,,,,-2.4492935982947064e-16,1.0,29.37501994892955,33.9178949991862,27.17
Bomadi,Kpakiama,2026-01,2026,1,2.9375019948929548e-05,29.37501994892955,3,33.9178949991862,6,27.17,32.11,24.41,27.4,31,0,0.0,0.0,0.0,,4,3,1,0,1,1,18353,2863,0.22,1.05,123.83642578125,215.7227579752604,374.1997884114583,26.73,26.69,25.65,,,,annual,24313,52.92628581325213,18.51084501443741,15.276309568434954,123.83642578125,215.7227579752604,374.1997884114583,26.73,26.69,25.65,,,,0.49999999999999994,0.8660254037844387,15.1856875163503,135.2227986653646,27.34
Bomadi,Kpakiama,2026-02,2026,2,1.51856875163503e-05,15.1856875163503,3,135.2227986653646,6,27.34,32.92,24.19,27.53,28,0,0.0,0.0,0.0,,4,3,1,0,1,1,18353,2863,0.22,1.05,33.9178949991862,123.83642578125,215.7227579752604,27.17,26.73,26.69,,,,annual,24314,29.37501994892955,52.92628581325213,18.51084501443741,33.9178949991862,123.83642578125,215.7227579752604,27.17,26.73,26.69,,,,0.8660254037844386,0.5000000000000001,24.279695935547352,143.93492635091147,27.68
Bomadi,Kpakiama,2026-03,2026,3,2.4279695935547352e-05,24.279695935547352,3,143.93492635091147,6,27.68,32.21,24.53,27.97,31,0,0.0,0.0,0.0,,4,3,1,0,1,1,18353,2863,0.22,1.05,135.2227986653646,33.9178949991862,123.83642578125,27.34,27.17,26.73,,,,annual,24315,15.1856875163503,29.37501994892955,52.92628581325213,135.2227986653646,33.9178949991862,123.83642578125,27.34,27.17,26.73,,,,1.0,6.123233995736766e-17,23.036171720984083,196.97090657552084,27.61
Bomadi,Kpakiama,2026-04,2026,4,2.3036171720984083e-05,23.036171720984083,3,196.97090657552084,6,27.61,31.96,24.28,27.81,30,0,0.0,0.0,0.0,,4,3,1,0,1,1,18353,2863,0.22,1.05,143.93492635091147,135.2227986653646,33.9178949991862,27.68,27.34,27.17,,,,annual,24316,24.279695935547352,15.1856875163503,29.37501994892955,143.93492635091147,135.2227986653646,33.9178949991862,27.68,27.34,27.17,,,,0.8660254037844387,-0.4999999999999998,,,
Bomadi,Ogbeinma/Okoloba,2025-05,2025,5,1.169636470876867e-05,11.69636470876867,1,213.59562174479169,3,26.71,31.96,24.0,26.78,31,0,0.0,0.0,0.0,,3,3,0,0,2,0,3677,574,0.82,5.23,,,,,,,,,,annual,24305,,,,,,,,,,,,,0.49999999999999994,-0.8660254037844387,9.09406298887916,333.48512776692706,26.05
Bomadi,Ogbeinma/Okoloba,2025-06,2025,6,9.09406298887916e-06,9.09406298887916,1,333.48512776692706,3,26.05,30.65,23.16,26.12,30,0,0.0,0.0,0.0,,3,3,0,0,2,0,3677,574,0.82,5.23,213.59562174479169,,,26.71,,,,,,annual,24306,11.69636470876867,,,213.59562174479169,,,26.71,,,,,,1.2246467991473532e-16,-1.0,9.388434591528494,267.7306315104167,24.93
Bomadi,Ogbeinma/Okoloba,2025-07,2025,7,9.388434591528494e-06,9.388434591528494,1,267.7306315104167,3,24.93,29.47,22.12,25.02,31,0,0.0,0.0,0.0,,3,3,0,0,2,0,3677,574,0.82,5.23,333.48512776692706,213.59562174479169,,26.05,26.71,,,,,annual,24307,9.09406298887916,11.69636470876867,,333.48512776692706,213.59562174479169,,26.05,26.71,,,,,-0.4999999999999997,-0.8660254037844388,13.595908967545256,187.2367553710937,24.67
Bomadi,Ogbeinma/Okoloba,2025-08,2025,8,1.3595908967545256e-05,13.595908967545256,1,187.2367553710937,3,24.67,29.85,21.72,24.79,31,0,0.0,0.0,0.0,,3,3,0,0,2,0,3677,574,0.82,5.23,267.7306315104167,333.48512776692706,213.59562174479169,24.93,26.05,26.71,,,,annual,24308,9.388434591528494,9.09406298887916,11.69636470876867,267.7306315104167,333.48512776692706,213.59562174479169,24.93,26.05,26.71,,,,-0.8660254037844384,-0.5000000000000004,16.986738046398386,383.1661783854167,25.19
Bomadi,Ogbeinma/Okoloba,2025-09,2025,9,1.6986738046398386e-05,16.986738046398386,1,383.1661783854167,3,25.19,30.78,22.28,25.29,30,0,0.0,0.0,0.0,,3,3,0,0,2,0,3677,574,0.82,5.23,187.2367553710937,267.7306315104167,333.48512776692706,24.67,24.93,26.05,,,,annual,24309,13.595908967545256,9.388434591528494,9.09406298887916,187.2367553710937,267.7306315104167,333.48512776692706,24.67,24.93,26.05,,,,-1.0,-1.8369701987210297e-16,18.371752958046272,374.8374837239583,25.66
Bomadi,Ogbeinma/Okoloba,2025-10,2025,10,1.8371752958046272e-05,18.371752958046272,1,374.8374837239583,3,25.66,31.23,22.4,25.72,31,0,0.0,0.0,0.0,,3,3,0,0,2,0,3677,574,0.82,5.23,383.1661783854167,187.2367553710937,267.7306315104167,25.19,24.67,24.93,,,,annual,24310,16.986738046398386,13.595908967545256,9.388434591528494,383.1661783854167,187.2367553710937,267.7306315104167,25.19,24.67,24.93,,,,-0.8660254037844386,0.5000000000000001,14.195785297488328,218.1310017903646,26.76
Bomadi,Ogbeinma/Okoloba,2025-11,2025,11,1.4195785297488328e-05,14.195785297488328,1,218.1310017903646,3,26.76,32.28,23.2,26.85,30,0,0.0,0.0,0.0,,3,3,0,0,2,0,3677,574,0.82,5.23,374.8374837239583,383.1661783854167,187.2367553710937,25.66,25.19,24.67,,,,annual,24311,18.371752958046272,16.986738046398386,13.595908967545256,374.8374837239583,383.1661783854167,187.2367553710937,25.66,25.19,24.67,,,,-0.5000000000000004,0.8660254037844384,30.046054234844632,130.65787760416666,26.67
Bomadi,Ogbeinma/Okoloba,2025-12,2025,12,3.0046054234844632e-05,30.046054234844632,1,130.65787760416666,3,26.67,32.28,23.6,26.75,31,0,0.0,0.0,0.0,,3,3,0,0,2,0,3677,574,0.82,5.23,218.1310017903646,374.8374837239583,383.1661783854167,26.76,25.66,25.19,,,,annual,24312,14.195785297488328,18.371752958046272,16.986738046398386,218.1310017903646,374.8374837239583,383.1661783854167,26.76,25.66,25.19,,,,-2.4492935982947064e-16,1.0,29.9296880257316,33.26111348470052,26.93
Bomadi,Ogbeinma/Okoloba,2026-01,2026,1,2.99296880257316e-05,29.9296880257316,1,33.26111348470052,3,26.93,32.79,22.84,26.96,31,0,0.0,0.0,0.0,,3,3,0,0,2,0,3677,574,0.82,5.23,130.65787760416666,218.1310017903646,374.8374837239583,26.67,26.76,25.66,,,,annual,24313,30.046054234844632,14.195785297488328,18.371752958046272,130.65787760416666,218.1310017903646,374.8374837239583,26.67,26.76,25.66,,,,0.49999999999999994,0.8660254037844387,25.950630515581,143.10638427734375,27.03
Bomadi,Ogbeinma/Okoloba,2026-02,2026,2,2.5950630515581e-05,25.950630515581,1,143.10638427734375,3,27.03,34.25,23.16,27.04,28,0,0.0,0.0,0.0,,3,3,0,0,2,0,3677,574,0.82,5.23,33.26111348470052,130.65787760416666,218.1310017903646,26.93,26.67,26.76,,,,annual,24314,29.9296880257316,30.046054234844632,14.195785297488328,33.26111348470052,130.65787760416666,218.1310017903646,26.93,26.67,26.76,,,,0.8660254037844386,0.5000000000000001,24.128759832819924,140.82361857096353,27.49
Bomadi,Ogbeinma/Okoloba,2026-03,2026,3,2.4128759832819924e-05,24.128759832819924,1,140.82361857096353,3,27.49,33.49,23.29,27.57,31,0,0.0,0.0,0.0,,3,3,0,0,2,0,3677,574,0.82,5.23,143.10638427734375,33.26111348470052,130.65787760416666,27.03,26.93,26.67,,,,annual,24315,25.950630515581,29.9296880257316,30.046054234844632,143.10638427734375,33.26111348470052,130.65787760416666,27.03,26.93,26.67,,,,1.0,6.123233995736766e-17,16.61101123318076,207.2708740234375,27.4
Bomadi,Ogbeinma/Okoloba,2026-04,2026,4,1.661101123318076e-05,16.61101123318076,1,207.2708740234375,3,27.4,32.26,23.5,27.69,30,0,0.0,0.0,0.0,,3,3,0,0,2,0,3677,574,0.82,5.23,140.82361857096353,143.10638427734375,33.26111348470052,27.49,27.03,26.93,,,,annual,24316,24.128759832819924,25.950630515581,29.9296880257316,140.82361857096353,143.10638427734375,33.26111348470052,27.49,27.03,26.93,,,,0.8660254037844387,-0.4999999999999998,,,
Bomadi,Ogo/Eze,2025-05,2025,5,1.921843795571476e-05,19.21843795571476,1,210.5385131835937,2,26.71,31.96,24.0,26.78,31,0,0.0,0.0,0.0,,2,2,0,0,1,0,3569,557,0.56,3.59,,,,,,,,,,annual,24305,,,,,,,,,,,,,0.49999999999999994,-0.8660254037844387,10.490871318324936,317.21142578125,26.05
Bomadi,Ogo/Eze,2025-06,2025,6,1.0490871318324936e-05,10.490871318324936,1,317.21142578125,2,26.05,30.65,23.16,26.12,30,0,0.0,0.0,0.0,,2,2,0,0,1,0,3569,557,0.56,3.59,210.5385131835937,,,26.71,,,,,,annual,24306,19.21843795571476,,,210.5385131835937,,,26.71,,,,,,1.2246467991473532e-16,-1.0,9.920365300786216,266.7439880371094,24.93
Bomadi,Ogo/Eze,2025-07,2025,7,9.920365300786216e-06,9.920365300786216,1,266.7439880371094,2,24.93,29.47,22.12,25.02,31,0,0.0,0.0,0.0,,2,2,0,0,1,0,3569,557,0.56,3.59,317.21142578125,210.5385131835937,,26.05,26.71,,,,,annual,24307,10.490871318324936,19.21843795571476,,317.21142578125,210.5385131835937,,26.05,26.71,,,,,-0.4999999999999997,-0.8660254037844388,12.839623195759486,168.63558959960938,24.67
Bomadi,Ogo/Eze,2025-08,2025,8,1.2839623195759486e-05,12.839623195759486,1,168.63558959960938,2,24.67,29.85,21.72,24.79,31,0,0.0,0.0,0.0,,2,2,0,0,1,0,3569,557,0.56,3.59,266.7439880371094,317.21142578125,210.5385131835937,24.93,26.05,26.71,,,,annual,24308,9.920365300786216,10.490871318324936,19.21843795571476,266.7439880371094,317.21142578125,210.5385131835937,24.93,26.05,26.71,,,,-0.8660254037844384,-0.5000000000000004,18.169836039305665,393.9334716796875,25.19
Bomadi,Ogo/Eze,2025-09,2025,9,1.8169836039305665e-05,18.169836039305665,1,393.9334716796875,2,25.19,30.78,22.28,25.29,30,0,0.0,0.0,0.0,,2,2,0,0,1,0,3569,557,0.56,3.59,168.63558959960938,266.7439880371094,317.21142578125,24.67,24.93,26.05,,,,annual,24309,12.839623195759486,9.920365300786216,10.490871318324936,168.63558959960938,266.7439880371094,317.21142578125,24.67,24.93,26.05,,,,-1.0,-1.8369701987210297e-16,16.83088339632377,384.3564758300781,25.66
Bomadi,Ogo/Eze,2025-10,2025,10,1.683088339632377e-05,16.83088339632377,1,384.3564758300781,2,25.66,31.23,22.4,25.72,31,0,0.0,0.0,0.0,,2,2,0,0,1,0,3569,557,0.56,3.59,393.9334716796875,168.63558959960938,266.7439880371094,25.19,24.67,24.93,,,,annual,24310,18.169836039305665,12.839623195759486,9.920365300786216,393.9334716796875,168.63558959960938,266.7439880371094,25.19,24.67,24.93,,,,-0.8660254037844386,0.5000000000000001,15.897167031653224,229.9827880859375,26.76
Bomadi,Ogo/Eze,2025-11,2025,11,1.5897167031653225e-05,15.897167031653224,1,229.9827880859375,2,26.76,32.28,23.2,26.85,30,0,0.0,0.0,0.0,,2,2,0,0,1,0,3569,557,0.56,3.59,384.3564758300781,393.9334716796875,168.63558959960938,25.66,25.19,24.67,,,,annual,24311,16.83088339632377,18.169836039305665,12.839623195759486,384.3564758300781,393.9334716796875,168.63558959960938,25.66,25.19,24.67,,,,-0.5000000000000004,0.8660254037844384,34.260330721735954,136.71336364746094,26.67
Bomadi,Ogo/Eze,2025-12,2025,12,3.4260330721735954e-05,34.260330721735954,1,136.71336364746094,2,26.67,32.28,23.6,26.75,31,0,0.0,0.0,0.0,,2,2,0,0,1,0,3569,557,0.56,3.59,229.9827880859375,384.3564758300781,393.9334716796875,26.76,25.66,25.19,,,,annual,24312,15.897167031653224,16.83088339632377,18.169836039305665,229.9827880859375,384.3564758300781,393.9334716796875,26.76,25.66,25.19,,,,-2.4492935982947064e-16,1.0,30.016117307241075,29.632265090942383,26.93
Bomadi,Ogo/Eze,2026-01,2026,1,3.0016117307241075e-05,30.016117307241075,1,29.632265090942383,2,26.93,32.79,22.84,26.96,31,0,0.0,0.0,0.0,,2,2,0,0,1,0,3569,557,0.56,3.59,136.71336364746094,229.9827880859375,384.3564758300781,26.67,26.76,25.66,,,,annual,24313,34.260330721735954,15.897167031653224,16.83088339632377,136.71336364746094,229.9827880859375,384.3564758300781,26.67,26.76,25.66,,,,0.49999999999999994,0.8660254037844387,26.3528145296732,143.53651428222656,27.03
Bomadi,Ogo/Eze,2026-02,2026,2,2.63528145296732e-05,26.3528145296732,1,143.53651428222656,2,27.03,34.25,23.16,27.04,28,0,0.0,0.0,0.0,,2,2,0,0,1,0,3569,557,0.56,3.59,29.632265090942383,136.71336364746094,229.9827880859375,26.93,26.67,26.76,,,,annual,24314,30.016117307241075,34.260330721735954,15.897167031653224,29.632265090942383,136.71336364746094,229.9827880859375,26.93,26.67,26.76,,,,0.8660254037844386,0.5000000000000001,27.237831091042608,134.07742309570312,27.49
Bomadi,Ogo/Eze,2026-03,2026,3,2.7237831091042608e-05,27.237831091042608,1,134.07742309570312,2,27.49,33.49,23.29,27.57,31,0,0.0,0.0,0.0,,2,2,0,0,1,0,3569,557,0.56,3.59,143.53651428222656,29.632265090942383,136.71336364746094,27.03,26.93,26.67,,,,annual,24315,26.3528145296732,30.016117307241075,34.260330721735954,143.53651428222656,29.632265090942383,136.71336364746094,27.03,26.93,26.67,,,,1.0,6.123233995736766e-17,14.237586583476514,214.28924560546875,27.4
Bomadi,Ogo/Eze,2026-04,2026,4,1.4237586583476514e-05,14.237586583476514,1,214.28924560546875,2,27.4,32.26,23.5,27.69,30,0,0.0,0.0,0.0,,2,2,0,0,1,0,3569,557,0.56,3.59,134.07742309570312,143.53651428222656,29.632265090942383,27.49,27.03,26.93,,,,annual,24316,27.237831091042608,26.3528145296732,30.016117307241075,134.07742309570312,143.53651428222656,29.632265090942383,27.49,27.03,26.93,,,,0.8660254037844387,-0.4999999999999998,,,
Bomadi,Ogriagbene,2025-05,2025,5,1.713251185719855e-05,17.13251185719855,2,215.7428181966146,6,27.07,31.56,24.66,27.32,31,0,0.0,0.0,0.0,,2,1,1,0,1,0,3127,488,0.64,2.05,,,,,,,,,,annual,24305,,,,,,,,,,,,,0.49999999999999994,-0.8660254037844387,9.093659173231572,378.374267578125,26.38
Bomadi,Ogriagbene,2025-06,2025,6,9.093659173231572e-06,9.093659173231572,2,378.374267578125,6,26.38,29.95,23.93,26.64,30,0,0.0,0.0,0.0,,2,1,1,0,1,0,3127,488,0.64,2.05,215.7428181966146,,,27.07,,,,,,annual,24306,17.13251185719855,,,215.7428181966146,,,27.07,,,,,,1.2246467991473532e-16,-1.0,10.745944564405365,347.3939615885417,25.28
Bomadi,Ogriagbene,2025-07,2025,7,1.0745944564405365e-05,10.745944564405365,2,347.3939615885417,6,25.28,28.95,23.03,25.45,31,0,0.0,0.0,0.0,,2,1,1,0,1,0,3127,488,0.64,2.05,378.374267578125,215.7428181966146,,26.38,27.07,,,,,annual,24307,9.093659173231572,17.13251185719855,,378.374267578125,215.7428181966146,,26.38,27.07,,,,,-0.4999999999999997,-0.8660254037844388,12.635240636882372,211.8030802408854,24.88
Bomadi,Ogriagbene,2025-08,2025,8,1.2635240636882372e-05,12.635240636882372,2,211.8030802408854,6,24.88,28.59,22.5,25.14,31,0,0.0,0.0,0.0,,2,1,1,0,1,0,3127,488,0.64,2.05,347.3939615885417,378.374267578125,215.7428181966146,25.28,26.38,27.07,,,,annual,24308,10.745944564405365,9.093659173231572,17.13251185719855,347.3939615885417,378.374267578125,215.7428181966146,25.28,26.38,27.07,,,,-0.8660254037844384,-0.5000000000000004,13.357503121369518,438.8587646484375,25.31
Bomadi,Ogriagbene,2025-09,2025,9,1.3357503121369518e-05,13.357503121369518,2,438.8587646484375,6,25.31,29.08,23.19,25.56,30,0,0.0,0.0,0.0,,2,1,1,0,1,0,3127,488,0.64,2.05,211.8030802408854,347.3939615885417,378.374267578125,24.88,25.28,26.38,,,,annual,24309,12.635240636882372,10.745944564405365,9.093659173231572,211.8030802408854,347.3939615885417,378.374267578125,24.88,25.28,26.38,,,,-1.0,-1.8369701987210297e-16,10.343580470362213,443.436279296875,25.65
Bomadi,Ogriagbene,2025-10,2025,10,1.0343580470362213e-05,10.343580470362213,2,443.436279296875,6,25.65,29.96,23.2,25.92,31,0,0.0,0.0,0.0,,2,1,1,0,1,0,3127,488,0.64,2.05,438.8587646484375,211.8030802408854,347.3939615885417,25.31,24.88,25.28,,,,annual,24310,13.357503121369518,12.635240636882372,10.745944564405365,438.8587646484375,211.8030802408854,347.3939615885417,25.31,24.88,25.28,,,,-0.8660254037844386,0.5000000000000001,13.937322364654392,267.92822265625,26.69
Bomadi,Ogriagbene,2025-11,2025,11,1.3937322364654392e-05,13.937322364654392,2,267.92822265625,6,26.69,31.29,23.88,27.1,30,0,0.0,0.0,0.0,,2,1,1,0,1,0,3127,488,0.64,2.05,443.436279296875,438.8587646484375,211.8030802408854,25.65,25.31,24.88,,,,annual,24311,10.343580470362213,13.357503121369518,12.635240636882372,443.436279296875,438.8587646484375,211.8030802408854,25.65,25.31,24.88,,,,-0.5000000000000004,0.8660254037844384,29.78360134875402,148.25286865234375,26.73
Bomadi,Ogriagbene,2025-12,2025,12,2.978360134875402e-05,29.78360134875402,2,148.25286865234375,6,26.73,30.72,24.28,27.01,31,0,0.0,0.0,0.0,,2,1,1,0,1,0,3127,488,0.64,2.05,267.92822265625,443.436279296875,438.8587646484375,26.69,25.65,25.31,,,,annual,24312,13.937322364654392,10.343580470362213,13.357503121369518,267.92822265625,443.436279296875,438.8587646484375,26.69,25.65,25.31,,,,-2.4492935982947064e-16,1.0,29.690902010770515,51.223653157552086,27.17
Bomadi,Ogriagbene,2026-01,2026,1,2.9690902010770515e-05,29.690902010770515,2,51.223653157552086,6,27.17,32.11,24.41,27.4,31,0,0.0,0.0,0.0,,2,1,1,0,1,0,3127,488,0.64,2.05,148.25286865234375,267.92822265625,443.436279296875,26.73,26.69,25.65,,,,annual,24313,29.78360134875402,13.937322364654392,10.343580470362213,148.25286865234375,267.92822265625,443.436279296875,26.73,26.69,25.65,,,,0.49999999999999994,0.8660254037844387,22.21714566985611,156.15505981445312,27.34
Bomadi,Ogriagbene,2026-02,2026,2,2.221714566985611e-05,22.21714566985611,2,156.15505981445312,6,27.34,32.92,24.19,27.53,28,0,0.0,0.0,0.0,,2,1,1,0,1,0,3127,488,0.64,2.05,51.223653157552086,148.25286865234375,267.92822265625,27.17,26.73,26.69,,,,annual,24314,29.690902010770515,29.78360134875402,13.937322364654392,51.223653157552086,148.25286865234375,267.92822265625,27.17,26.73,26.69,,,,0.8660254037844386,0.5000000000000001,22.47031807200983,140.2911173502604,27.68
Bomadi,Ogriagbene,2026-03,2026,3,2.247031807200983e-05,22.47031807200983,2,140.2911173502604,6,27.68,32.21,24.53,27.97,31,0,0.0,0.0,0.0,,2,1,1,0,1,0,3127,488,0.64,2.05,156.15505981445312,51.223653157552086,148.25286865234375,27.34,27.17,26.73,,,,annual,24315,22.21714566985611,29.690902010770515,29.78360134875402,156.15505981445312,51.223653157552086,148.25286865234375,27.34,27.17,26.73,,,,1.0,6.123233995736766e-17,17.911053873831406,215.8859659830729,27.61
Bomadi,Ogriagbene,2026-04,2026,4,1.7911053873831406e-05,17.911053873831406,2,215.8859659830729,6,27.61,31.96,24.28,27.81,30,0,0.0,0.0,0.0,,2,1,1,0,1,0,3127,488,0.64,2.05,140.2911173502604,156.15505981445312,51.223653157552086,27.68,27.34,27.17,,,,annual,24316,22.47031807200983,22.21714566985611,29.690902010770515,140.2911173502604,156.15505981445312,51.223653157552086,27.68,27.34,27.17,,,,0.8660254037844387,-0.4999999999999998,,,
Burutu,Bolou-Ndoro,2025-05,2025,5,1.5776706277392805e-05,15.776706277392805,24,219.7544157608696,23,27.07,31.56,24.66,27.32,31,0,0.0,0.0,0.0,,2,2,0,0,2,0,8587,1340,0.23,1.49,,,,,,,,,,annual,24305,,,,,,,,,,,,,0.49999999999999994,-0.8660254037844387,7.791608368279412,403.7810801630435,26.38
Burutu,Bolou-Ndoro,2025-06,2025,6,7.791608368279412e-06,7.791608368279412,24,403.7810801630435,23,26.38,29.95,23.93,26.64,30,0,0.0,0.0,0.0,,2,2,0,0,2,0,8587,1340,0.23,1.49,219.7544157608696,,,27.07,,,,,,annual,24306,15.776706277392805,,,219.7544157608696,,,27.07,,,,,,1.2246467991473532e-16,-1.0,10.237725897847364,429.63412873641306,25.28
Burutu,Bolou-Ndoro,2025-07,2025,7,1.0237725897847364e-05,10.237725897847364,24,429.63412873641306,23,25.28,28.95,23.03,25.45,31,0,0.0,0.0,0.0,,2,2,0,0,2,0,8587,1340,0.23,1.49,403.7810801630435,219.7544157608696,,26.38,27.07,,,,,annual,24307,7.791608368279412,15.776706277392805,,403.7810801630435,219.7544157608696,,26.38,27.07,,,,,-0.4999999999999997,-0.8660254037844388,12.66547527241831,191.61472486413044,24.88
Burutu,Bolou-Ndoro,2025-08,2025,8,1.266547527241831e-05,12.66547527241831,24,191.61472486413044,23,24.88,28.59,22.5,25.14,31,0,0.0,0.0,0.0,,2,2,0,0,2,0,8587,1340,0.23,1.49,429.63412873641306,403.7810801630435,219.7544157608696,25.28,26.38,27.07,,,,annual,24308,10.237725897847364,7.791608368279412,15.776706277392805,429.63412873641306,403.7810801630435,219.7544157608696,25.28,26.38,27.07,,,,-0.8660254037844384,-0.5000000000000004,11.081681198750934,464.6856742527174,25.31
Burutu,Bolou-Ndoro,2025-09,2025,9,1.1081681198750934e-05,11.081681198750934,24,464.6856742527174,23,25.31,29.08,23.19,25.56,30,0,0.0,0.0,0.0,,2,2,0,0,2,0,8587,1340,0.23,1.49,191.61472486413044,429.63412873641306,403.7810801630435,24.88,25.28,26.38,,,,annual,24309,12.66547527241831,10.237725897847364,7.791608368279412,191.61472486413044,429.63412873641306,403.7810801630435,24.88,25.28,26.38,,,,-1.0,-1.8369701987210297e-16,10.159507534505488,436.9364809782609,25.65
Burutu,Bolou-Ndoro,2025-10,2025,10,1.0159507534505488e-05,10.159507534505488,24,436.9364809782609,23,25.65,29.96,23.2,25.92,31,0,0.0,0.0,0.0,,2,2,0,0,2,0,8587,1340,0.23,1.49,464.6856742527174,191.61472486413044,429.63412873641306,25.31,24.88,25.28,,,,annual,24310,11.081681198750934,12.66547527241831,10.237725897847364,464.6856742527174,191.61472486413044,429.63412873641306,25.31,24.88,25.28,,,,-0.8660254037844386,0.5000000000000001,12.106870902546992,248.9980681046196,26.69
Burutu,Bolou-Ndoro,2025-11,2025,11,1.2106870902546992e-05,12.106870902546992,24,248.9980681046196,23,26.69,31.29,23.88,27.1,30,0,0.0,0.0,0.0,,2,2,0,0,2,0,8587,1340,0.23,1.49,436.9364809782609,464.6856742527174,191.61472486413044,25.65,25.31,24.88,,,,annual,24311,10.159507534505488,11.081681198750934,12.66547527241831,436.9364809782609,464.6856742527174,191.61472486413044,25.65,25.31,24.88,,,,-0.5000000000000004,0.8660254037844384,27.879893120067816,137.763427734375,26.73
Burutu,Bolou-Ndoro,2025-12,2025,12,2.7879893120067816e-05,27.879893120067816,24,137.763427734375,23,26.73,30.72,24.28,27.01,31,0,0.0,0.0,0.0,,2,2,0,0,2,0,8587,1340,0.23,1.49,248.9980681046196,436.9364809782609,464.6856742527174,26.69,25.65,25.31,,,,annual,24312,12.106870902546992,10.159507534505488,11.081681198750934,248.9980681046196,436.9364809782609,464.6856742527174,26.69,25.65,25.31,,,,-2.4492935982947064e-16,1.0,29.55408611645301,57.4578857421875,27.17
Burutu,Bolou-Ndoro,2026-01,2026,1,2.955408611645301e-05,29.55408611645301,24,57.4578857421875,23,27.17,32.11,24.41,27.4,31,0,0.0,0.0,0.0,,2,2,0,0,2,0,8587,1340,0.23,1.49,137.763427734375,248.9980681046196,436.9364809782609,26.73,26.69,25.65,,,,annual,24313,27.879893120067816,12.106870902546992,10.159507534505488,137.763427734375,248.9980681046196,436.9364809782609,26.73,26.69,25.65,,,,0.49999999999999994,0.8660254037844387,21.397366557115067,161.7919284986413,27.34
Burutu,Bolou-Ndoro,2026-02,2026,2,2.1397366557115067e-05,21.397366557115067,24,161.7919284986413,23,27.34,32.92,24.19,27.53,28,0,0.0,0.0,0.0,,2,2,0,0,2,0,8587,1340,0.23,1.49,57.4578857421875,137.763427734375,248.9980681046196,27.17,26.73,26.69,,,,annual,24314,29.55408611645301,27.879893120067816,12.106870902546992,57.4578857421875,137.763427734375,248.9980681046196,27.17,26.73,26.69,,,,0.8660254037844386,0.5000000000000001,21.717343770433217,137.79768172554347,27.68
Burutu,Bolou-Ndoro,2026-03,2026,3,2.1717343770433217e-05,21.717343770433217,24,137.79768172554347,23,27.68,32.21,24.53,27.97,31,0,0.0,0.0,0.0,,2,2,0,0,2,0,8587,1340,0.23,1.49,161.7919284986413,57.4578857421875,137.763427734375,27.34,27.17,26.73,,,,annual,24315,21.397366557115067,29.55408611645301,27.879893120067816,161.7919284986413,57.4578857421875,137.763427734375,27.34,27.17,26.73,,,,1.0,6.123233995736766e-17,16.06393076751071,226.7463272758152,27.61
Burutu,Bolou-Ndoro,2026-04,2026,4,1.606393076751071e-05,16.06393076751071,24,226.7463272758152,23,27.61,31.96,24.28,27.81,30,0,0.0,0.0,0.0,,2,2,0,0,2,0,8587,1340,0.23,1.49,137.79768172554347,161.7919284986413,57.4578857421875,27.68,27.34,27.17,,,,annual,24316,21.717343770433217,21.397366557115067,29.55408611645301,137.79768172554347,161.7919284986413,57.4578857421875,27.68,27.34,27.17,,,,0.8660254037844387,-0.4999999999999998,,,
Burutu,Egodor,2025-05,2025,5,1.3852600074772323e-05,13.852600074772322,14,216.0395220588236,17,26.71,31.96,24.0,26.78,31,0,0.0,0.0,0.0,,5,5,0,0,2,0,11283,1760,0.44,2.84,,,,,,,0.4905902292933399,0.6793340979916898,0.6793340979916898,monthly,24305,,,,,,,,,,,,,0.49999999999999994,-0.8660254037844387,14.130534379676517,346.8681640625,26.05
Burutu,Egodor,2025-06,2025,6,1.4130534379676516e-05,14.130534379676517,14,346.8681640625,17,26.05,30.65,23.16,26.12,30,0,0.0,0.0,0.0,,5,5,0,0,2,0,11283,1760,0.44,2.84,216.0395220588236,,,26.71,,,0.4905902292933399,0.6150494219628985,0.6150494219628985,monthly,24306,13.852600074772322,,,216.0395220588236,,,26.71,,,0.6793340979916898,,,1.2246467991473532e-16,-1.0,12.449234158598951,331.41368910845586,24.93
Burutu,Egodor,2025-07,2025,7,1.2449234158598951e-05,12.449234158598951,14,331.41368910845586,17,24.93,29.47,22.12,25.02,31,0,0.0,0.0,0.0,,5,5,0,0,2,0,11283,1760,0.44,2.84,346.8681640625,216.0395220588236,,26.05,26.71,,0.4905902292933399,,0.4905902292933399,annual,24307,14.130534379676517,13.852600074772322,,346.8681640625,216.0395220588236,,26.05,26.71,,0.6150494219628985,0.6793340979916898,,-0.4999999999999997,-0.8660254037844388,13.784133313622856,175.3053768382353,24.67
Burutu,Egodor,2025-08,2025,8,1.3784133313622855e-05,13.784133313622856,14,175.3053768382353,17,24.67,29.85,21.72,24.79,31,0,0.0,0.0,0.0,,5,5,0,0,2,0,11283,1760,0.44,2.84,331.41368910845586,346.8681640625,216.0395220588236,24.93,26.05,26.71,0.4905902292933399,,0.4905902292933399,annual,24308,12.449234158598951,14.130534379676517,13.852600074772322,331.41368910845586,346.8681640625,216.0395220588236,24.93,26.05,26.71,0.4905902292933399,0.6150494219628985,0.6793340979916898,-0.8660254037844384,-0.5000000000000004,17.360597017354202,423.9910386029412,25.19
Burutu,Egodor,2025-09,2025,9,1.73605970173542e-05,17.360597017354202,14,423.9910386029412,17,25.19,30.78,22.28,25.29,30,0,0.0,0.0,0.0,,5,5,0,0,2,0,11283,1760,0.44,2.84,175.3053768382353,331.41368910845586,346.8681640625,24.67,24.93,26.05,0.4905902292933399,,0.4905902292933399,annual,24309,13.784133313622856,12.449234158598951,14.130534379676517,175.3053768382353,331.41368910845586,346.8681640625,24.67,24.93,26.05,0.4905902292933399,0.4905902292933399,0.6150494219628985,-1.0,-1.8369701987210297e-16,16.4105388518822,403.37132352941177,25.66
Burutu,Egodor,2025-10,2025,10,1.64105388518822e-05,16.4105388518822,14,403.37132352941177,17,25.66,31.23,22.4,25.72,31,0,0.0,0.0,0.0,,5,5,0,0,2,0,11283,1760,0.44,2.84,423.9910386029412,175.3053768382353,331.41368910845586,25.19,24.67,24.93,0.4905902292933399,,0.4905902292933399,annual,24310,17.360597017354202,13.784133313622856,12.449234158598951,423.9910386029412,175.3053768382353,331.41368910845586,25.19,24.67,24.93,0.4905902292933399,0.4905902292933399,0.4905902292933399,-0.8660254037844386,0.5000000000000001,19.850386057182085,242.1961741727941,26.76
Burutu,Egodor,2025-11,2025,11,1.9850386057182084e-05,19.850386057182085,14,242.1961741727941,17,26.76,32.28,23.2,26.85,30,0,0.0,0.0,0.0,,5,5,0,0,2,0,11283,1760,0.44,2.84,403.37132352941177,423.9910386029412,175.3053768382353,25.66,25.19,24.67,0.4905902292933399,,0.4905902292933399,annual,24311,16.4105388518822,17.360597017354202,13.784133313622856,403.37132352941177,423.9910386029412,175.3053768382353,25.66,25.19,24.67,0.4905902292933399,0.4905902292933399,0.4905902292933399,-0.5000000000000004,0.8660254037844384,31.104806112125523,134.00644818474265,26.67
Burutu,Egodor,2025-12,2025,12,3.110480611212552e-05,31.104806112125523,14,134.00644818474265,17,26.67,32.28,23.6,26.75,31,0,0.0,0.0,0.0,,5,5,0,0,2,0,11283,1760,0.44,2.84,242.1961741727941,403.37132352941177,423.9910386029412,26.76,25.66,25.19,0.4905902292933399,,0.4905902292933399,annual,24312,19.850386057182085,16.4105388518822,17.360597017354202,242.1961741727941,403.37132352941177,423.9910386029412,26.76,25.66,25.19,0.4905902292933399,0.4905902292933399,0.4905902292933399,-2.4492935982947064e-16,1.0,30.0737821297454,34.529214298023895,26.93
Burutu,Egodor,2026-01,2026,1,3.00737821297454e-05,30.0737821297454,14,34.529214298023895,17,26.93,32.79,22.84,26.96,31,0,0.0,0.0,0.0,,5,5,0,0,2,0,11283,1760,0.44,2.84,134.00644818474265,242.1961741727941,403.37132352941177,26.67,26.76,25.66,0.4905902292933399,,0.4905902292933399,annual,24313,31.104806112125523,19.850386057182085,16.4105388518822,134.00644818474265,242.1961741727941,403.37132352941177,26.67,26.76,25.66,0.4905902292933399,0.4905902292933399,0.4905902292933399,0.49999999999999994,0.8660254037844387,26.744341344705653,141.19183708639707,27.03
Burutu,Egodor,2026-02,2026,2,2.674434134470565e-05,26.744341344705653,14,141.19183708639707,17,27.03,34.25,23.16,27.04,28,0,0.0,0.0,0.0,,5,5,0,0,2,0,11283,1760,0.44,2.84,34.529214298023895,134.00644818474265,242.1961741727941,26.93,26.67,26.76,0.4905902292933399,,0.4905902292933399,annual,24314,30.0737821297454,31.104806112125523,19.850386057182085,34.529214298023895,134.00644818474265,242.1961741727941,26.93,26.67,26.76,0.4905902292933399,0.4905902292933399,0.4905902292933399,0.8660254037844386,0.5000000000000001,26.5534784245704,138.84268727022058,27.49
Burutu,Egodor,2026-03,2026,3,2.655347842457039e-05,26.5534784245704,14,138.84268727022058,17,27.49,33.49,23.29,27.57,31,0,0.0,0.0,0.0,,5,5,0,0,2,0,11283,1760,0.44,2.84,141.19183708639707,34.529214298023895,134.00644818474265,27.03,26.93,26.67,0.4905902292933399,,0.4905902292933399,annual,24315,26.744341344705653,30.0737821297454,31.104806112125523,141.19183708639707,34.529214298023895,134.00644818474265,27.03,26.93,26.67,0.4905902292933399,0.4905902292933399,0.4905902292933399,1.0,6.123233995736766e-17,22.582761760401937,214.69350298713235,27.4
Burutu,Egodor,2026-04,2026,4,2.2582761760401938e-05,22.582761760401937,14,214.69350298713235,17,27.4,32.26,23.5,27.69,30,0,0.0,0.0,0.0,,5,5,0,0,2,0,11283,1760,0.44,2.84,138.84268727022058,141.19183708639707,34.529214298023895,27.49,27.03,26.93,0.4905902292933399,0.7371800588276571,0.7371800588276571,monthly,24316,26.5534784245704,26.744341344705653,30.0737821297454,138.84268727022058,141.19183708639707,34.529214298023895,27.49,27.03,26.93,0.4905902292933399,0.4905902292933399,0.4905902292933399,0.8660254037844387,-0.4999999999999998,,,
Burutu,Eseinbiri,2025-05,2025,5,1.5767549484735355e-05,15.767549484735357,8,215.3610174005682,11,27.07,31.56,24.66,27.32,31,0,0.0,0.0,0.0,,4,4,0,0,2,1,16667,2600,0.24,1.54,,,,,,,,,,annual,24305,,,,,,,,,,,,,0.49999999999999994,-0.8660254037844387,0.0830384578875964,362.5971013849432,26.38
Burutu,Eseinbiri,2025-06,2025,6,8.303845788759645e-08,0.0830384578875964,8,362.5971013849432,11,26.38,29.95,23.93,26.64,30,0,0.0,0.0,0.0,,4,4,0,0,2,1,16667,2600,0.24,1.54,215.3610174005682,,,27.07,,,,,,annual,24306,15.767549484735357,,,215.3610174005682,,,27.07,,,,,,1.2246467991473532e-16,-1.0,11.047470252378844,290.85764382102275,25.28
Burutu,Eseinbiri,2025-07,2025,7,1.1047470252378844e-05,11.047470252378844,8,290.85764382102275,11,25.28,28.95,23.03,25.45,31,0,0.0,0.0,0.0,,4,4,0,0,2,1,16667,2600,0.24,1.54,362.5971013849432,215.3610174005682,,26.38,27.07,,,,,annual,24307,0.0830384578875964,15.767549484735357,,362.5971013849432,215.3610174005682,,26.38,27.07,,,,,-0.4999999999999997,-0.8660254037844388,13.567015230364632,206.3274591619318,24.88
Burutu,Eseinbiri,2025-08,2025,8,1.3567015230364632e-05,13.567015230364632,8,206.3274591619318,11,24.88,28.59,22.5,25.14,31,0,0.0,0.0,0.0,,4,4,0,0,2,1,16667,2600,0.24,1.54,290.85764382102275,362.5971013849432,215.3610174005682,25.28,26.38,27.07,,,,annual,24308,11.047470252378844,0.0830384578875964,15.767549484735357,290.85764382102275,362.5971013849432,215.3610174005682,25.28,26.38,27.07,,,,-0.8660254037844384,-0.5000000000000004,14.667446521343663,409.2027254971591,25.31
Burutu,Eseinbiri,2025-09,2025,9,1.4667446521343663e-05,14.667446521343663,8,409.2027254971591,11,25.31,29.08,23.19,25.56,30,0,0.0,0.0,0.0,,4,4,0,0,2,1,16667,2600,0.24,1.54,206.3274591619318,290.85764382102275,362.5971013849432,24.88,25.28,26.38,,,,annual,24309,13.567015230364632,11.047470252378844,0.0830384578875964,206.3274591619318,290.85764382102275,362.5971013849432,24.88,25.28,26.38,,,,-1.0,-1.8369701987210297e-16,9.364129255118314,412.0184659090909,25.65
Burutu,Eseinbiri,2025-10,2025,10,9.364129255118314e-06,9.364129255118314,8,412.0184659090909,11,25.65,29.96,23.2,25.92,31,0,0.0,0.0,0.0,,4,4,0,0,2,1,16667,2600,0.24,1.54,409.2027254971591,206.3274591619318,290.85764382102275,25.31,24.88,25.28,,,,annual,24310,14.667446521343663,13.567015230364632,11.047470252378844,409.2027254971591,206.3274591619318,290.85764382102275,25.31,24.88,25.28,,,,-0.8660254037844386,0.5000000000000001,14.560679119313136,253.9378995028409,26.69
Burutu,Eseinbiri,2025-11,2025,11,1.4560679119313136e-05,14.560679119313136,8,253.9378995028409,11,26.69,31.29,23.88,27.1,30,0,0.0,0.0,0.0,,4,4,0,0,2,1,16667,2600,0.24,1.54,412.0184659090909,409.2027254971591,206.3274591619318,25.65,25.31,24.88,,,,annual,24311,9.364129255118314,14.667446521343663,13.567015230364632,412.0184659090909,409.2027254971591,206.3274591619318,25.65,25.31,24.88,,,,-0.5000000000000004,0.8660254037844384,29.42140963568817,147.7686767578125,26.73
Burutu,Eseinbiri,2025-12,2025,12,2.942140963568817e-05,29.42140963568817,8,147.7686767578125,11,26.73,30.72,24.28,27.01,31,0,0.0,0.0,0.0,,4,4,0,0,2,1,16667,2600,0.24,1.54,253.9378995028409,412.0184659090909,409.2027254971591,26.69,25.65,25.31,,,,annual,24312,14.560679119313136,9.364129255118314,14.667446521343663,253.9378995028409,412.0184659090909,409.2027254971591,26.69,25.65,25.31,,,,-2.4492935982947064e-16,1.0,29.75952156702988,35.83225319602273,27.17
Burutu,Eseinbiri,2026-01,2026,1,2.975952156702988e-05,29.75952156702988,8,35.83225319602273,11,27.17,32.11,24.41,27.4,31,0,0.0,0.0,0.0,,4,4,0,0,2,1,16667,2600,0.24,1.54,147.7686767578125,253.9378995028409,412.0184659090909,26.73,26.69,25.65,,,,annual,24313,29.42140963568817,14.560679119313136,9.364129255118314,147.7686767578125,253.9378995028409,412.0184659090909,26.73,26.69,25.65,,,,0.49999999999999994,0.8660254037844387,20.450979718589224,145.4924982244318,27.34
Burutu,Eseinbiri,2026-02,2026,2,2.0450979718589224e-05,20.450979718589224,8,145.4924982244318,11,27.34,32.92,24.19,27.53,28,0,0.0,0.0,0.0,,4,4,0,0,2,1,16667,2600,0.24,1.54,35.83225319602273,147.7686767578125,253.9378995028409,27.17,26.73,26.69,,,,annual,24314,29.75952156702988,29.42140963568817,14.560679119313136,35.83225319602273,147.7686767578125,253.9378995028409,27.17,26.73,26.69,,,,0.8660254037844386,0.5000000000000001,25.4403603321407,144.84836647727272,27.68
Burutu,Eseinbiri,2026-03,2026,3,2.54403603321407e-05,25.4403603321407,8,144.84836647727272,11,27.68,32.21,24.53,27.97,31,0,0.0,0.0,0.0,,4,4,0,0,2,1,16667,2600,0.24,1.54,145.4924982244318,35.83225319602273,147.7686767578125,27.34,27.17,26.73,,,,annual,24315,20.450979718589224,29.75952156702988,29.42140963568817,145.4924982244318,35.83225319602273,147.7686767578125,27.34,27.17,26.73,,,,1.0,6.123233995736766e-17,17.452015526941977,206.64561878551137,27.61
Burutu,Eseinbiri,2026-04,2026,4,1.7452015526941977e-05,17.452015526941977,8,206.64561878551137,11,27.61,31.96,24.28,27.81,30,0,0.0,0.0,0.0,,4,4,0,0,2,1,16667,2600,0.24,1.54,144.84836647727272,145.4924982244318,35.83225319602273,27.68,27.34,27.17,,,,annual,24316,25.4403603321407,20.450979718589224,29.75952156702988,144.84836647727272,145.4924982244318,35.83225319602273,27.68,27.34,27.17,,,,0.8660254037844387,-0.4999999999999998,,,
Burutu,Kiagbodo,2025-05,2025,5,1.5152108971960844e-05,15.152108971960844,1,217.3182576497396,3,26.71,31.96,24.0,26.78,31,0,0.0,0.0,0.0,,3,2,1,0,0,0,15754,2458,0.19,0.81,,,,,,,,,,annual,24305,,,,,,,,,,,,,0.49999999999999994,-0.8660254037844387,11.351820830896033,293.85089111328125,26.05
Burutu,Kiagbodo,2025-06,2025,6,1.1351820830896033e-05,11.351820830896033,1,293.85089111328125,3,26.05,30.65,23.16,26.12,30,0,0.0,0.0,0.0,,3,2,1,0,0,0,15754,2458,0.19,0.81,217.3182576497396,,,26.71,,,,,,annual,24306,15.152108971960844,,,217.3182576497396,,,26.71,,,,,,1.2246467991473532e-16,-1.0,14.037680557521526,268.93483479817706,24.93
Burutu,Kiagbodo,2025-07,2025,7,1.4037680557521526e-05,14.037680557521526,1,268.93483479817706,3,24.93,29.47,22.12,25.02,31,0,0.0,0.0,0.0,,3,2,1,0,0,0,15754,2458,0.19,0.81,293.85089111328125,217.3182576497396,,26.05,26.71,,,,,annual,24307,11.351820830896033,15.152108971960844,,293.85089111328125,217.3182576497396,,26.05,26.71,,,,,-0.4999999999999997,-0.8660254037844388,15.6807745952392,158.3679402669271,24.67
Burutu,Kiagbodo,2025-08,2025,8,1.56807745952392e-05,15.6807745952392,1,158.3679402669271,3,24.67,29.85,21.72,24.79,31,0,0.0,0.0,0.0,,3,2,1,0,0,0,15754,2458,0.19,0.81,268.93483479817706,293.85089111328125,217.3182576497396,24.93,26.05,26.71,,,,annual,24308,14.037680557521526,11.351820830896033,15.152108971960844,268.93483479817706,293.85089111328125,217.3182576497396,24.93,26.05,26.71,,,,-0.8660254037844384,-0.5000000000000004,19.33876228576992,361.8148600260417,25.19
Burutu,Kiagbodo,2025-09,2025,9,1.933876228576992e-05,19.33876228576992,1,361.8148600260417,3,25.19,30.78,22.28,25.29,30,0,0.0,0.0,0.0,,3,2,1,0,0,0,15754,2458,0.19,0.81,158.3679402669271,268.93483479817706,293.85089111328125,24.67,24.93,26.05,,,,annual,24309,15.6807745952392,14.037680557521526,11.351820830896033,158.3679402669271,268.93483479817706,293.85089111328125,24.67,24.93,26.05,,,,-1.0,-1.8369701987210297e-16,15.776255168020723,373.7830403645833,25.66
Burutu,Kiagbodo,2025-10,2025,10,1.5776255168020725e-05,15.776255168020723,1,373.7830403645833,3,25.66,31.23,22.4,25.72,31,0,0.0,0.0,0.0,,3,2,1,0,0,0,15754,2458,0.19,0.81,361.8148600260417,158.3679402669271,268.93483479817706,25.19,24.67,24.93,,,,annual,24310,19.33876228576992,15.6807745952392,14.037680557521526,361.8148600260417,158.3679402669271,268.93483479817706,25.19,24.67,24.93,,,,-0.8660254037844386,0.5000000000000001,17.936677977559157,229.27947998046875,26.76
Burutu,Kiagbodo,2025-11,2025,11,1.7936677977559157e-05,17.936677977559157,1,229.27947998046875,3,26.76,32.28,23.2,26.85,30,0,0.0,0.0,0.0,,3,2,1,0,0,0,15754,2458,0.19,0.81,373.7830403645833,361.8148600260417,158.3679402669271,25.66,25.19,24.67,,,,annual,24311,15.776255168020723,19.33876228576992,15.6807745952392,373.7830403645833,361.8148600260417,158.3679402669271,25.66,25.19,24.67,,,,-0.5000000000000004,0.8660254037844384,30.13394052686636,126.42899576822916,26.67
Burutu,Kiagbodo,2025-12,2025,12,3.013394052686636e-05,30.13394052686636,1,126.42899576822916,3,26.67,32.28,23.6,26.75,31,0,0.0,0.0,0.0,,3,2,1,0,0,0,15754,2458,0.19,0.81,229.27947998046875,373.7830403645833,361.8148600260417,26.76,25.66,25.19,,,,annual,24312,17.936677977559157,15.776255168020723,19.33876228576992,229.27947998046875,373.7830403645833,361.8148600260417,26.76,25.66,25.19,,,,-2.4492935982947064e-16,1.0,31.057814339874312,34.54464213053385,26.93
Burutu,Kiagbodo,2026-01,2026,1,3.105781433987431e-05,31.057814339874312,1,34.54464213053385,3,26.93,32.79,22.84,26.96,31,0,0.0,0.0,0.0,,3,2,1,0,0,0,15754,2458,0.19,0.81,126.42899576822916,229.27947998046875,373.7830403645833,26.67,26.76,25.66,,,,annual,24313,30.13394052686636,17.936677977559157,15.776255168020723,126.42899576822916,229.27947998046875,373.7830403645833,26.67,26.76,25.66,,,,0.49999999999999994,0.8660254037844387,28.00775291689206,130.2630818684896,27.03
Burutu,Kiagbodo,2026-02,2026,2,2.800775291689206e-05,28.00775291689206,1,130.2630818684896,3,27.03,34.25,23.16,27.04,28,0,0.0,0.0,0.0,,3,2,1,0,0,0,15754,2458,0.19,0.81,34.54464213053385,126.42899576822916,229.27947998046875,26.93,26.67,26.76,,,,annual,24314,31.057814339874312,30.13394052686636,17.936677977559157,34.54464213053385,126.42899576822916,229.27947998046875,26.93,26.67,26.76,,,,0.8660254037844386,0.5000000000000001,24.220924387918785,133.3796183268229,27.49
Burutu,Kiagbodo,2026-03,2026,3,2.4220924387918785e-05,24.220924387918785,1,133.3796183268229,3,27.49,33.49,23.29,27.57,31,0,0.0,0.0,0.0,,3,2,1,0,0,0,15754,2458,0.19,0.81,130.2630818684896,34.54464213053385,126.42899576822916,27.03,26.93,26.67,,,,annual,24315,28.00775291689206,31.057814339874312,30.13394052686636,130.2630818684896,34.54464213053385,126.42899576822916,27.03,26.93,26.67,,,,1.0,6.123233995736766e-17,22.31198050139937,208.7857666015625,27.4
Burutu,Kiagbodo,2026-04,2026,4,2.231198050139937e-05,22.31198050139937,1,208.7857666015625,3,27.4,32.26,23.5,27.69,30,0,0.0,0.0,0.0,,3,2,1,0,0,0,15754,2458,0.19,0.81,133.3796183268229,130.2630818684896,34.54464213053385,27.49,27.03,26.93,,,,annual,24316,24.220924387918785,28.00775291689206,31.057814339874312,133.3796183268229,130.2630818684896,34.54464213053385,27.49,27.03,26.93,,,,0.8660254037844387,-0.4999999999999998,,,
Burutu,Ngbilebiri,2025-05,2025,5,1.4361988481444618e-05,14.361988481444618,3,216.5750935872396,6,26.71,31.96,24.0,26.78,31,0,0.0,0.0,0.0,,2,2,0,0,0,0,3090,482,0.65,4.15,,,,,,,,0.665813711335619,0.665813711335619,monthly,24305,,,,,,,,,,,,,0.49999999999999994,-0.8660254037844387,11.85047707015959,349.2353108723958,26.05
Burutu,Ngbilebiri,2025-06,2025,6,1.185047707015959e-05,11.85047707015959,3,349.2353108723958,6,26.05,30.65,23.16,26.12,30,0,0.0,0.0,0.0,,2,2,0,0,0,0,3090,482,0.65,4.15,216.5750935872396,,,26.71,,,,0.745958131525014,0.745958131525014,monthly,24306,14.361988481444618,,,216.5750935872396,,,26.71,,,0.665813711335619,,,1.2246467991473532e-16,-1.0,10.957413905998692,321.3612467447917,24.93
Burutu,Ngbilebiri,2025-07,2025,7,1.0957413905998692e-05,10.957413905998692,3,321.3612467447917,6,24.93,29.47,22.12,25.02,31,0,0.0,0.0,0.0,,2,2,0,0,0,0,3090,482,0.65,4.15,349.2353108723958,216.5750935872396,,26.05,26.71,,,,,annual,24307,11.85047707015959,14.361988481444618,,349.2353108723958,216.5750935872396,,26.05,26.71,,0.745958131525014,0.665813711335619,,-0.4999999999999997,-0.8660254037844388,14.410815007674197,183.8318684895833,24.67
Burutu,Ngbilebiri,2025-08,2025,8,1.4410815007674197e-05,14.410815007674197,3,183.8318684895833,6,24.67,29.85,21.72,24.79,31,0,0.0,0.0,0.0,,2,2,0,0,0,0,3090,482,0.65,4.15,321.3612467447917,349.2353108723958,216.5750935872396,24.93,26.05,26.71,,,,annual,24308,10.957413905998692,11.85047707015959,14.361988481444618,321.3612467447917,349.2353108723958,216.5750935872396,24.93,26.05,26.71,,0.745958131525014,0.665813711335619,-0.8660254037844384,-0.5000000000000004,16.59761134457464,421.7237141927083,25.19
Burutu,Ngbilebiri,2025-09,2025,9,1.659761134457464e-05,16.59761134457464,3,421.7237141927083,6,25.19,30.78,22.28,25.29,30,0,0.0,0.0,0.0,,2,2,0,0,0,0,3090,482,0.65,4.15,183.8318684895833,321.3612467447917,349.2353108723958,24.67,24.93,26.05,,,,annual,24309,14.410815007674197,10.957413905998692,11.85047707015959,183.8318684895833,321.3612467447917,349.2353108723958,24.67,24.93,26.05,,,0.745958131525014,-1.0,-1.8369701987210297e-16,12.081212238020576,409.1886800130208,25.66
Burutu,Ngbilebiri,2025-10,2025,10,1.2081212238020576e-05,12.081212238020576,3,409.1886800130208,6,25.66,31.23,22.4,25.72,31,0,0.0,0.0,0.0,,2,2,0,0,0,0,3090,482,0.65,4.15,421.7237141927083,183.8318684895833,321.3612467447917,25.19,24.67,24.93,,,,annual,24310,16.59761134457464,14.410815007674197,10.957413905998692,421.7237141927083,183.8318684895833,321.3612467447917,25.19,24.67,24.93,,,,-0.8660254037844386,0.5000000000000001,13.56929715257138,259.96002197265625,26.76
Burutu,Ngbilebiri,2025-11,2025,11,1.356929715257138e-05,13.56929715257138,3,259.96002197265625,6,26.76,32.28,23.2,26.85,30,0,0.0,0.0,0.0,,2,2,0,0,0,0,3090,482,0.65,4.15,409.1886800130208,421.7237141927083,183.8318684895833,25.66,25.19,24.67,,,,annual,24311,12.081212238020576,16.59761134457464,14.410815007674197,409.1886800130208,421.7237141927083,183.8318684895833,25.66,25.19,24.67,,,,-0.5000000000000004,0.8660254037844384,29.515576898120344,148.0207722981771,26.67
Burutu,Ngbilebiri,2025-12,2025,12,2.9515576898120344e-05,29.515576898120344,3,148.0207722981771,6,26.67,32.28,23.6,26.75,31,0,0.0,0.0,0.0,,2,2,0,0,0,0,3090,482,0.65,4.15,259.96002197265625,409.1886800130208,421.7237141927083,26.76,25.66,25.19,,,,annual,24312,13.56929715257138,12.081212238020576,16.59761134457464,259.96002197265625,409.1886800130208,421.7237141927083,26.76,25.66,25.19,,,,-2.4492935982947064e-16,1.0,26.89614484552294,33.723584493001304,26.93
Burutu,Ngbilebiri,2026-01,2026,1,2.689614484552294e-05,26.89614484552294,3,33.723584493001304,6,26.93,32.79,22.84,26.96,31,0,0.0,0.0,0.0,,2,2,0,0,0,0,3090,482,0.65,4.15,148.0207722981771,259.96002197265625,409.1886800130208,26.67,26.76,25.66,,,,annual,24313,29.515576898120344,13.56929715257138,12.081212238020576,148.0207722981771,259.96002197265625,409.1886800130208,26.67,26.76,25.66,,,,0.49999999999999994,0.8660254037844387,27.2465452629452,148.86959838867188,27.03
Burutu,Ngbilebiri,2026-02,2026,2,2.72465452629452e-05,27.2465452629452,3,148.86959838867188,6,27.03,34.25,23.16,27.04,28,0,0.0,0.0,0.0,,2,2,0,0,0,0,3090,482,0.65,4.15,33.723584493001304,148.0207722981771,259.96002197265625,26.93,26.67,26.76,,,,annual,24314,26.89614484552294,29.515576898120344,13.56929715257138,33.723584493001304,148.0207722981771,259.96002197265625,26.93,26.67,26.76,,,,0.8660254037844386,0.5000000000000001,23.658583813812584,142.07610066731772,27.49
Burutu,Ngbilebiri,2026-03,2026,3,2.3658583813812584e-05,23.658583813812584,3,142.07610066731772,6,27.49,33.49,23.29,27.57,31,0,0.0,0.0,0.0,,2,2,0,0,0,0,3090,482,0.65,4.15,148.86959838867188,33.723584493001304,148.0207722981771,27.03,26.93,26.67,,,,annual,24315,27.2465452629452,26.89614484552294,29.515576898120344,148.86959838867188,33.723584493001304,148.0207722981771,27.03,26.93,26.67,,,,1.0,6.123233995736766e-17,20.93467628583312,215.54278564453125,27.4
Burutu,Ngbilebiri,2026-04,2026,4,2.093467628583312e-05,20.93467628583312,3,215.54278564453125,6,27.4,32.26,23.5,27.69,30,0,0.0,0.0,0.0,,2,2,0,0,0,0,3090,482,0.65,4.15,142.07610066731772,148.86959838867188,33.723584493001304,27.49,27.03,26.93,,,,annual,24316,23.658583813812584,27.2465452629452,26.89614484552294,142.07610066731772,148.86959838867188,33.723584493001304,27.49,27.03,26.93,,,,0.8660254037844387,-0.4999999999999998,,,
Burutu,Obetebe,2025-05,2025,5,1.2741446530876252e-05,12.741446530876251,26,207.44204606681035,29,26.71,31.96,24.0,26.78,31,0,0.0,0.0,0.0,,5,4,1,0,3,1,8856,1382,0.56,2.89,,,,,,,,0.6608320352288642,0.6608320352288642,monthly,24305,,,,,,,,,,,,,0.49999999999999994,-0.8660254037844387,11.729405601867116,356.96753771551727,26.05
Burutu,Obetebe,2025-06,2025,6,1.1729405601867116e-05,11.729405601867116,26,356.96753771551727,29,26.05,30.65,23.16,26.12,30,0,0.0,0.0,0.0,,5,4,1,0,3,1,8856,1382,0.56,2.89,207.44204606681035,,,26.71,,,,0.5542711830664601,0.5542711830664601,monthly,24306,12.741446530876251,,,207.44204606681035,,,26.71,,,0.6608320352288642,,,1.2246467991473532e-16,-1.0,10.523767112037884,372.69925242456895,24.93
Burutu,Obetebe,2025-07,2025,7,1.0523767112037884e-05,10.523767112037884,26,372.69925242456895,29,24.93,29.47,22.12,25.02,31,0,0.0,0.0,0.0,,5,4,1,0,3,1,8856,1382,0.56,2.89,356.96753771551727,207.44204606681035,,26.05,26.71,,,,,annual,24307,11.729405601867116,12.741446530876251,,356.96753771551727,207.44204606681035,,26.05,26.71,,0.5542711830664601,0.6608320352288642,,-0.4999999999999997,-0.8660254037844388,12.865701976876991,153.77121497844828,24.67
Burutu,Obetebe,2025-08,2025,8,1.2865701976876992e-05,12.865701976876991,26,153.77121497844828,29,24.67,29.85,21.72,24.79,31,0,0.0,0.0,0.0,,5,4,1,0,3,1,8856,1382,0.56,2.89,372.69925242456895,356.96753771551727,207.44204606681035,24.93,26.05,26.71,,,,annual,24308,10.523767112037884,11.729405601867116,12.741446530876251,372.69925242456895,356.96753771551727,207.44204606681035,24.93,26.05,26.71,,0.5542711830664601,0.6608320352288642,-0.8660254037844384,-0.5000000000000004,11.991260600133012,438.11547009698273,25.19
Burutu,Obetebe,2025-09,2025,9,1.1991260600133011e-05,11.991260600133012,26,438.11547009698273,29,25.19,30.78,22.28,25.29,30,0,0.0,0.0,0.0,,5,4,1,0,3,1,8856,1382,0.56,2.89,153.77121497844828,372.69925242456895,356.96753771551727,24.67,24.93,26.05,,,,annual,24309,12.865701976876991,10.523767112037884,11.729405601867116,153.77121497844828,372.69925242456895,356.96753771551727,24.67,24.93,26.05,,,0.5542711830664601,-1.0,-1.8369701987210297e-16,12.31981710029336,391.73656384698273,25.66
Burutu,Obetebe,2025-10,2025,10,1.231981710029336e-05,12.31981710029336,26,391.73656384698273,29,25.66,31.23,22.4,25.72,31,0,0.0,0.0,0.0,,5,4,1,0,3,1,8856,1382,0.56,2.89,438.11547009698273,153.77121497844828,372.69925242456895,25.19,24.67,24.93,,,,annual,24310,11.991260600133012,12.865701976876991,10.523767112037884,438.11547009698273,153.77121497844828,372.69925242456895,25.19,24.67,24.93,,,,-0.8660254037844386,0.5000000000000001,15.88066851791854,221.72607421875,26.76
Burutu,Obetebe,2025-11,2025,11,1.588066851791854e-05,15.88066851791854,26,221.72607421875,29,26.76,32.28,23.2,26.85,30,0,0.0,0.0,0.0,,5,4,1,0,3,1,8856,1382,0.56,2.89,391.73656384698273,438.11547009698273,153.77121497844828,25.66,25.19,24.67,,,,annual,24311,12.31981710029336,11.991260600133012,12.865701976876991,391.73656384698273,438.11547009698273,153.77121497844828,25.66,25.19,24.67,,,,-0.5000000000000004,0.8660254037844384,27.589757407370666,120.94207974137932,26.67
Burutu,Obetebe,2025-12,2025,12,2.7589757407370667e-05,27.589757407370666,26,120.94207974137932,29,26.67,32.28,23.6,26.75,31,0,0.0,0.0,0.0,,5,4,1,0,3,1,8856,1382,0.56,2.89,221.72607421875,391.73656384698273,438.11547009698273,26.76,25.66,25.19,,,,annual,24312,15.88066851791854,12.31981710029336,11.991260600133012,221.72607421875,391.73656384698273,438.11547009698273,26.76,25.66,25.19,,,,-2.4492935982947064e-16,1.0,29.722463715678224,42.43964675377156,26.93
Burutu,Obetebe,2026-01,2026,1,2.9722463715678223e-05,29.722463715678224,26,42.43964675377156,29,26.93,32.79,22.84,26.96,31,0,0.0,0.0,0.0,,5,4,1,0,3,1,8856,1382,0.56,2.89,120.94207974137932,221.72607421875,391.73656384698273,26.67,26.76,25.66,,,,annual,24313,27.589757407370666,15.88066851791854,12.31981710029336,120.94207974137932,221.72607421875,391.73656384698273,26.67,26.76,25.66,,,,0.49999999999999994,0.8660254037844387,22.64590987649101,145.0492153825431,27.03
Burutu,Obetebe,2026-02,2026,2,2.2645909876491016e-05,22.64590987649101,26,145.0492153825431,29,27.03,34.25,23.16,27.04,28,0,0.0,0.0,0.0,,5,4,1,0,3,1,8856,1382,0.56,2.89,42.43964675377156,120.94207974137932,221.72607421875,26.93,26.67,26.76,,,,annual,24314,29.722463715678224,27.589757407370666,15.88066851791854,42.43964675377156,120.94207974137932,221.72607421875,26.93,26.67,26.76,,,,0.8660254037844386,0.5000000000000001,21.00841643718573,133.24750808189654,27.49
Burutu,Obetebe,2026-03,2026,3,2.100841643718573e-05,21.00841643718573,26,133.24750808189654,29,27.49,33.49,23.29,27.57,31,0,0.0,0.0,0.0,,5,4,1,0,3,1,8856,1382,0.56,2.89,145.0492153825431,42.43964675377156,120.94207974137932,27.03,26.93,26.67,,,,annual,24315,22.64590987649101,29.722463715678224,27.589757407370666,145.0492153825431,42.43964675377156,120.94207974137932,27.03,26.93,26.67,,,,1.0,6.123233995736766e-17,18.635545319949205,213.2648336476293,27.4
Burutu,Obetebe,2026-04,2026,4,1.8635545319949204e-05,18.635545319949205,26,213.2648336476293,29,27.4,32.26,23.5,27.69,30,0,0.0,0.0,0.0,,5,4,1,0,3,1,8856,1382,0.56,2.89,133.24750808189654,145.0492153825431,42.43964675377156,27.49,27.03,26.93,,,,annual,24316,21.00841643718573,22.64590987649101,29.722463715678224,133.24750808189654,145.0492153825431,42.43964675377156,27.49,27.03,26.93,,,,0.8660254037844387,-0.4999999999999998,,,
Burutu,Ogulagha,2025-05,2025,5,1.7090401983026554e-05,17.090401983026556,27,130.71255859375,25,26.71,31.96,24.0,26.78,31,38,0.241696686,0.044981598,0.16671307,"Shell, Sinopec Group",7,5,2,0,2,1,31889,4975,0.22,1.01,,,,,,,-0.2211971998024544,0.0955893766565464,0.0955893766565464,monthly,24305,,,,,,,,,,,,,0.49999999999999994,-0.8660254037844387,11.381795586742184,210.538515625,26.05
Burutu,Ogulagha,2025-06,2025,6,1.1381795586742184e-05,11.381795586742184,27,210.538515625,25,26.05,30.65,23.16,26.12,30,38,0.241696686,0.044981598,0.16671307,"Shell, Sinopec Group",7,5,2,0,2,1,31889,4975,0.22,1.01,130.71255859375,,,26.71,,,-0.2211971998024544,0.5782848146012386,0.5782848146012386,monthly,24306,17.090401983026556,,,130.71255859375,,,26.71,,,0.0955893766565464,,,1.2246467991473532e-16,-1.0,9.93126930013575,194.39619140625,24.93
Burutu,Ogulagha,2025-07,2025,7,9.93126930013575e-06,9.93126930013575,27,194.39619140625,25,24.93,29.47,22.12,25.02,31,38,0.241696686,0.044981598,0.16671307,"Shell, Sinopec Group",7,5,2,0,2,1,31889,4975,0.22,1.01,210.538515625,130.71255859375,,26.05,26.71,,-0.2211971998024544,,-0.2211971998024544,annual,24307,11.381795586742184,17.090401983026556,,210.538515625,130.71255859375,,26.05,26.71,,0.5782848146012386,0.0955893766565464,,-0.4999999999999997,-0.8660254037844388,12.95294215971673,66.6637890625,24.67
Burutu,Ogulagha,2025-08,2025,8,1.295294215971673e-05,12.95294215971673,27,66.6637890625,25,24.67,29.85,21.72,24.79,31,38,0.241696686,0.044981598,0.16671307,"Shell, Sinopec Group",7,5,2,0,2,1,31889,4975,0.22,1.01,194.39619140625,210.538515625,130.71255859375,24.93,26.05,26.71,-0.2211971998024544,,-0.2211971998024544,annual,24308,9.93126930013575,11.381795586742184,17.090401983026556,194.39619140625,210.538515625,130.71255859375,24.93,26.05,26.71,-0.2211971998024544,0.5782848146012386,0.0955893766565464,-0.8660254037844384,-0.5000000000000004,11.36882174587636,225.21359375,25.19
Burutu,Ogulagha,2025-09,2025,9,1.136882174587636e-05,11.36882174587636,27,225.21359375,25,25.19,30.78,22.28,25.29,30,38,0.241696686,0.044981598,0.16671307,"Shell, Sinopec Group",7,5,2,0,2,1,31889,4975,0.22,1.01,66.6637890625,194.39619140625,210.538515625,24.67,24.93,26.05,-0.2211971998024544,,-0.2211971998024544,annual,24309,12.95294215971673,9.93126930013575,11.381795586742184,66.6637890625,194.39619140625,210.538515625,24.67,24.93,26.05,-0.2211971998024544,-0.2211971998024544,0.5782848146012386,-1.0,-1.8369701987210297e-16,11.082473469691145,222.3599609375,25.66
Burutu,Ogulagha,2025-10,2025,10,1.1082473469691144e-05,11.082473469691145,27,222.3599609375,25,25.66,31.23,22.4,25.72,31,38,0.241696686,0.044981598,0.16671307,"Shell, Sinopec Group",7,5,2,0,2,1,31889,4975,0.22,1.01,225.21359375,66.6637890625,194.39619140625,25.19,24.67,24.93,-0.2211971998024544,,-0.2211971998024544,annual,24310,11.36882174587636,12.95294215971673,9.93126930013575,225.21359375,66.6637890625,194.39619140625,25.19,24.67,24.93,-0.2211971998024544,-0.2211971998024544,-0.2211971998024544,-0.8660254037844386,0.5000000000000001,14.268313491441036,143.490390625,26.76
Burutu,Ogulagha,2025-11,2025,11,1.4268313491441034e-05,14.268313491441036,27,143.490390625,25,26.76,32.28,23.2,26.85,30,38,0.241696686,0.044981598,0.16671307,"Shell, Sinopec Group",7,5,2,0,2,1,31889,4975,0.22,1.01,222.3599609375,225.21359375,66.6637890625,25.66,25.19,24.67,-0.2211971998024544,,-0.2211971998024544,annual,24311,11.082473469691145,11.36882174587636,12.95294215971673,222.3599609375,225.21359375,66.6637890625,25.66,25.19,24.67,-0.2211971998024544,-0.2211971998024544,-0.2211971998024544,-0.5000000000000004,0.8660254037844384,25.50505774302615,69.185234375,26.67
Burutu,Ogulagha,2025-12,2025,12,2.550505774302615e-05,25.50505774302615,27,69.185234375,25,26.67,32.28,23.6,26.75,31,38,0.241696686,0.044981598,0.16671307,"Shell, Sinopec Group",7,5,2,0,2,1,31889,4975,0.22,1.01,143.490390625,222.3599609375,225.21359375,26.76,25.66,25.19,-0.2211971998024544,,-0.2211971998024544,annual,24312,14.268313491441036,11.082473469691145,11.36882174587636,143.490390625,222.3599609375,225.21359375,26.76,25.66,25.19,-0.2211971998024544,-0.2211971998024544,-0.2211971998024544,-2.4492935982947064e-16,1.0,25.98220103040889,21.99340576171875,26.93
Burutu,Ogulagha,2026-01,2026,1,2.5982201030408896e-05,25.98220103040889,27,21.99340576171875,25,26.93,32.79,22.84,26.96,31,38,0.241696686,0.044981598,0.16671307,"Shell, Sinopec Group",7,5,2,0,2,1,31889,4975,0.22,1.01,69.185234375,143.490390625,222.3599609375,26.67,26.76,25.66,-0.2211971998024544,,-0.2211971998024544,annual,24313,25.50505774302615,14.268313491441036,11.082473469691145,69.185234375,143.490390625,222.3599609375,26.67,26.76,25.66,-0.2211971998024544,-0.2211971998024544,-0.2211971998024544,0.49999999999999994,0.8660254037844387,22.34074701037672,82.199111328125,27.03
Burutu,Ogulagha,2026-02,2026,2,2.234074701037672e-05,22.34074701037672,27,82.199111328125,25,27.03,34.25,23.16,27.04,28,38,0.241696686,0.044981598,0.16671307,"Shell, Sinopec Group",7,5,2,0,2,1,31889,4975,0.22,1.01,21.99340576171875,69.185234375,143.490390625,26.93,26.67,26.76,-0.2211971998024544,,-0.2211971998024544,annual,24314,25.98220103040889,25.50505774302615,14.268313491441036,21.99340576171875,69.185234375,143.490390625,26.93,26.67,26.76,-0.2211971998024544,-0.2211971998024544,-0.2211971998024544,0.8660254037844386,0.5000000000000001,21.781630089713467,81.16546875,27.49
Burutu,Ogulagha,2026-03,2026,3,2.1781630089713468e-05,21.781630089713467,27,81.16546875,25,27.49,33.49,23.29,27.57,31,38,0.241696686,0.044981598,0.16671307,"Shell, Sinopec Group",7,5,2,0,2,1,31889,4975,0.22,1.01,82.199111328125,21.99340576171875,69.185234375,27.03,26.93,26.67,-0.2211971998024544,,-0.2211971998024544,annual,24315,22.34074701037672,25.98220103040889,25.50505774302615,82.199111328125,21.99340576171875,69.185234375,27.03,26.93,26.67,-0.2211971998024544,-0.2211971998024544,-0.2211971998024544,1.0,6.123233995736766e-17,15.570995553086204,129.992216796875,27.4
Burutu,Ogulagha,2026-04,2026,4,1.5570995553086202e-05,15.570995553086204,27,129.992216796875,25,27.4,32.26,23.5,27.69,30,38,0.241696686,0.044981598,0.16671307,"Shell, Sinopec Group",7,5,2,0,2,1,31889,4975,0.22,1.01,81.16546875,82.199111328125,21.99340576171875,27.49,27.03,26.93,-0.2211971998024544,0.0034966786963522,0.0034966786963522,monthly,24316,21.781630089713467,22.34074701037672,25.98220103040889,81.16546875,82.199111328125,21.99340576171875,27.49,27.03,26.93,-0.2211971998024544,-0.2211971998024544,-0.2211971998024544,0.8660254037844387,-0.4999999999999998,,,
Burutu,Ojobo,2025-05,2025,5,1.457688631489873e-05,14.57688631489873,2,210.6258341471354,6,27.07,31.56,24.66,27.32,31,0,0.0,0.0,0.0,,2,1,1,0,2,0,11105,1732,0.18,0.58,,,,,,,,,,annual,24305,,,,,,,,,,,,,0.49999999999999994,-0.8660254037844387,11.089152394561095,389.517333984375,26.38
Burutu,Ojobo,2025-06,2025,6,1.1089152394561095e-05,11.089152394561095,2,389.517333984375,6,26.38,29.95,23.93,26.64,30,0,0.0,0.0,0.0,,2,1,1,0,2,0,11105,1732,0.18,0.58,210.6258341471354,,,27.07,,,,,,annual,24306,14.57688631489873,,,210.6258341471354,,,27.07,,,,,,1.2246467991473532e-16,-1.0,11.38378502218984,386.634521484375,25.28
Burutu,Ojobo,2025-07,2025,7,1.138378502218984e-05,11.38378502218984,2,386.634521484375,6,25.28,28.95,23.03,25.45,31,0,0.0,0.0,0.0,,2,1,1,0,2,0,11105,1732,0.18,0.58,389.517333984375,210.6258341471354,,26.38,27.07,,,,,annual,24307,11.089152394561095,14.57688631489873,,389.517333984375,210.6258341471354,,26.38,27.07,,,,,-0.4999999999999997,-0.8660254037844388,13.357943316805176,212.6517333984375,24.88
Burutu,Ojobo,2025-08,2025,8,1.3357943316805176e-05,13.357943316805176,2,212.6517333984375,6,24.88,28.59,22.5,25.14,31,0,0.0,0.0,0.0,,2,1,1,0,2,0,11105,1732,0.18,0.58,386.634521484375,389.517333984375,210.6258341471354,25.28,26.38,27.07,,,,annual,24308,11.38378502218984,11.089152394561095,14.57688631489873,386.634521484375,389.517333984375,210.6258341471354,25.28,26.38,27.07,,,,-0.8660254037844384,-0.5000000000000004,10.890347766689956,417.2123209635417,25.31
Burutu,Ojobo,2025-09,2025,9,1.0890347766689956e-05,10.890347766689956,2,417.2123209635417,6,25.31,29.08,23.19,25.56,30,0,0.0,0.0,0.0,,2,1,1,0,2,0,11105,1732,0.18,0.58,212.6517333984375,386.634521484375,389.517333984375,24.88,25.28,26.38,,,,annual,24309,13.357943316805176,11.38378502218984,11.089152394561095,212.6517333984375,386.634521484375,389.517333984375,24.88,25.28,26.38,,,,-1.0,-1.8369701987210297e-16,10.48968442773912,431.6646321614583,25.65
Burutu,Ojobo,2025-10,2025,10,1.048968442773912e-05,10.48968442773912,2,431.6646321614583,6,25.65,29.96,23.2,25.92,31,0,0.0,0.0,0.0,,2,1,1,0,2,0,11105,1732,0.18,0.58,417.2123209635417,212.6517333984375,386.634521484375,25.31,24.88,25.28,,,,annual,24310,10.890347766689956,13.357943316805176,11.38378502218984,417.2123209635417,212.6517333984375,386.634521484375,25.31,24.88,25.28,,,,-0.8660254037844386,0.5000000000000001,13.760782167082652,265.9432983398437,26.69
Burutu,Ojobo,2025-11,2025,11,1.3760782167082652e-05,13.760782167082652,2,265.9432983398437,6,26.69,31.29,23.88,27.1,30,0,0.0,0.0,0.0,,2,1,1,0,2,0,11105,1732,0.18,0.58,431.6646321614583,417.2123209635417,212.6517333984375,25.65,25.31,24.88,,,,annual,24311,10.48968442773912,10.890347766689956,13.357943316805176,431.6646321614583,417.2123209635417,212.6517333984375,25.65,25.31,24.88,,,,-0.5000000000000004,0.8660254037844384,30.63127223867923,161.8076375325521,26.73
Burutu,Ojobo,2025-12,2025,12,3.063127223867923e-05,30.63127223867923,2,161.8076375325521,6,26.73,30.72,24.28,27.01,31,0,0.0,0.0,0.0,,2,1,1,0,2,0,11105,1732,0.18,0.58,265.9432983398437,431.6646321614583,417.2123209635417,26.69,25.65,25.31,,,,annual,24312,13.760782167082652,10.48968442773912,10.890347766689956,265.9432983398437,431.6646321614583,417.2123209635417,26.69,25.65,25.31,,,,-2.4492935982947064e-16,1.0,27.9279520327691,60.68941243489584,27.17
Burutu,Ojobo,2026-01,2026,1,2.79279520327691e-05,27.9279520327691,2,60.68941243489584,6,27.17,32.11,24.41,27.4,31,0,0.0,0.0,0.0,,2,1,1,0,2,0,11105,1732,0.18,0.58,161.8076375325521,265.9432983398437,431.6646321614583,26.73,26.69,25.65,,,,annual,24313,30.63127223867923,13.760782167082652,10.48968442773912,161.8076375325521,265.9432983398437,431.6646321614583,26.73,26.69,25.65,,,,0.49999999999999994,0.8660254037844387,21.844825823791325,150.42694091796875,27.34
Burutu,Ojobo,2026-02,2026,2,2.1844825823791325e-05,21.844825823791325,2,150.42694091796875,6,27.34,32.92,24.19,27.53,28,0,0.0,0.0,0.0,,2,1,1,0,2,0,11105,1732,0.18,0.58,60.68941243489584,161.8076375325521,265.9432983398437,27.17,26.73,26.69,,,,annual,24314,27.9279520327691,30.63127223867923,13.760782167082652,60.68941243489584,161.8076375325521,265.9432983398437,27.17,26.73,26.69,,,,0.8660254037844386,0.5000000000000001,15.80980278959032,138.9447224934896,27.68
Burutu,Ojobo,2026-03,2026,3,1.580980278959032e-05,15.80980278959032,2,138.9447224934896,6,27.68,32.21,24.53,27.97,31,0,0.0,0.0,0.0,,2,1,1,0,2,0,11105,1732,0.18,0.58,150.42694091796875,60.68941243489584,161.8076375325521,27.34,27.17,26.73,,,,annual,24315,21.844825823791325,27.9279520327691,30.63127223867923,150.42694091796875,60.68941243489584,161.8076375325521,27.34,27.17,26.73,,,,1.0,6.123233995736766e-17,14.97773155278992,201.33502197265625,27.61
Burutu,Ojobo,2026-04,2026,4,1.497773155278992e-05,14.97773155278992,2,201.33502197265625,6,27.61,31.96,24.28,27.81,30,0,0.0,0.0,0.0,,2,1,1,0,2,0,11105,1732,0.18,0.58,138.9447224934896,150.42694091796875,60.68941243489584,27.68,27.34,27.17,,,,annual,24316,15.80980278959032,21.844825823791325,27.9279520327691,138.9447224934896,150.42694091796875,60.68941243489584,27.68,27.34,27.17,,,,0.8660254037844387,-0.4999999999999998,,,
Burutu,Tamigbe,2025-05,2025,5,1.6062920622061938e-05,16.062920622061938,4,215.9195556640625,6,27.07,31.56,24.66,27.32,31,0,0.0,0.0,0.0,,1,1,0,0,1,0,9662,1507,0.1,0.66,,,,,,,,,,annual,24305,,,,,,,,,,,,,0.49999999999999994,-0.8660254037844387,10.696272511268036,369.2258707682292,26.38
Burutu,Tamigbe,2025-06,2025,6,1.0696272511268036e-05,10.696272511268036,4,369.2258707682292,6,26.38,29.95,23.93,26.64,30,0,0.0,0.0,0.0,,1,1,0,0,1,0,9662,1507,0.1,0.66,215.9195556640625,,,27.07,,,,,,annual,24306,16.062920622061938,,,215.9195556640625,,,27.07,,,,,,1.2246467991473532e-16,-1.0,11.166726835654115,320.5121459960937,25.28
Burutu,Tamigbe,2025-07,2025,7,1.1166726835654115e-05,11.166726835654115,4,320.5121459960937,6,25.28,28.95,23.03,25.45,31,0,0.0,0.0,0.0,,1,1,0,0,1,0,9662,1507,0.1,0.66,369.2258707682292,215.9195556640625,,26.38,27.07,,,,,annual,24307,10.696272511268036,16.062920622061938,,369.2258707682292,215.9195556640625,,26.38,27.07,,,,,-0.4999999999999997,-0.8660254037844388,12.818929462810049,209.44828287760416,24.88
Burutu,Tamigbe,2025-08,2025,8,1.2818929462810049e-05,12.818929462810049,4,209.44828287760416,6,24.88,28.59,22.5,25.14,31,0,0.0,0.0,0.0,,1,1,0,0,1,0,9662,1507,0.1,0.66,320.5121459960937,369.2258707682292,215.9195556640625,25.28,26.38,27.07,,,,annual,24308,11.166726835654115,10.696272511268036,16.062920622061938,320.5121459960937,369.2258707682292,215.9195556640625,25.28,26.38,27.07,,,,-0.8660254037844384,-0.5000000000000004,14.987085705797654,421.6261393229167,25.31
Burutu,Tamigbe,2025-09,2025,9,1.4987085705797654e-05,14.987085705797654,4,421.6261393229167,6,25.31,29.08,23.19,25.56,30,0,0.0,0.0,0.0,,1,1,0,0,1,0,9662,1507,0.1,0.66,209.44828287760416,320.5121459960937,369.2258707682292,24.88,25.28,26.38,,,,annual,24309,12.818929462810049,11.166726835654115,10.696272511268036,209.44828287760416,320.5121459960937,369.2258707682292,24.88,25.28,26.38,,,,-1.0,-1.8369701987210297e-16,9.624250196793582,443.8410237630208,25.65
Burutu,Tamigbe,2025-10,2025,10,9.624250196793582e-06,9.624250196793582,4,443.8410237630208,6,25.65,29.96,23.2,25.92,31,0,0.0,0.0,0.0,,1,1,0,0,1,0,9662,1507,0.1,0.66,421.6261393229167,209.44828287760416,320.5121459960937,25.31,24.88,25.28,,,,annual,24310,14.987085705797654,12.818929462810049,11.166726835654115,421.6261393229167,209.44828287760416,320.5121459960937,25.31,24.88,25.28,,,,-0.8660254037844386,0.5000000000000001,12.392983990139328,278.9940795898437,26.69
Burutu,Tamigbe,2025-11,2025,11,1.2392983990139328e-05,12.392983990139328,4,278.9940795898437,6,26.69,31.29,23.88,27.1,30,0,0.0,0.0,0.0,,1,1,0,0,1,0,9662,1507,0.1,0.66,443.8410237630208,421.6261393229167,209.44828287760416,25.65,25.31,24.88,,,,annual,24311,9.624250196793582,14.987085705797654,12.818929462810049,443.8410237630208,421.6261393229167,209.44828287760416,25.65,25.31,24.88,,,,-0.5000000000000004,0.8660254037844384,29.776350856991485,166.4254353841146,26.73
Burutu,Tamigbe,2025-12,2025,12,2.9776350856991485e-05,29.776350856991485,4,166.4254353841146,6,26.73,30.72,24.28,27.01,31,0,0.0,0.0,0.0,,1,1,0,0,1,0,9662,1507,0.1,0.66,278.9940795898437,443.8410237630208,421.6261393229167,26.69,25.65,25.31,,,,annual,24312,12.392983990139328,9.624250196793582,14.987085705797654,278.9940795898437,443.8410237630208,421.6261393229167,26.69,25.65,25.31,,,,-2.4492935982947064e-16,1.0,24.85342520230916,49.23448181152344,27.17
Burutu,Tamigbe,2026-01,2026,1,2.485342520230916e-05,24.85342520230916,4,49.23448181152344,6,27.17,32.11,24.41,27.4,31,0,0.0,0.0,0.0,,1,1,0,0,1,0,9662,1507,0.1,0.66,166.4254353841146,278.9940795898437,443.8410237630208,26.73,26.69,25.65,,,,annual,24313,29.776350856991485,12.392983990139328,9.624250196793582,166.4254353841146,278.9940795898437,443.8410237630208,26.73,26.69,25.65,,,,0.49999999999999994,0.8660254037844387,17.719255993142724,150.7735392252604,27.34
Burutu,Tamigbe,2026-02,2026,2,1.7719255993142724e-05,17.719255993142724,4,150.7735392252604,6,27.34,32.92,24.19,27.53,28,0,0.0,0.0,0.0,,1,1,0,0,1,0,9662,1507,0.1,0.66,49.23448181152344,166.4254353841146,278.9940795898437,27.17,26.73,26.69,,,,annual,24314,24.85342520230916,29.776350856991485,12.392983990139328,49.23448181152344,166.4254353841146,278.9940795898437,27.17,26.73,26.69,,,,0.8660254037844386,0.5000000000000001,24.626013328088447,147.4840291341146,27.68
Burutu,Tamigbe,2026-03,2026,3,2.4626013328088447e-05,24.626013328088447,4,147.4840291341146,6,27.68,32.21,24.53,27.97,31,0,0.0,0.0,0.0,,1,1,0,0,1,0,9662,1507,0.1,0.66,150.7735392252604,49.23448181152344,166.4254353841146,27.34,27.17,26.73,,,,annual,24315,17.719255993142724,24.85342520230916,29.776350856991485,150.7735392252604,49.23448181152344,166.4254353841146,27.34,27.17,26.73,,,,1.0,6.123233995736766e-17,19.00012648548,211.2289428710937,27.61
Burutu,Tamigbe,2026-04,2026,4,1.900012648548e-05,19.00012648548,4,211.2289428710937,6,27.61,31.96,24.28,27.81,30,0,0.0,0.0,0.0,,1,1,0,0,1,0,9662,1507,0.1,0.66,147.4840291341146,150.7735392252604,49.23448181152344,27.68,27.34,27.17,,,,annual,24316,24.626013328088447,17.719255993142724,24.85342520230916,147.4840291341146,150.7735392252604,49.23448181152344,27.68,27.34,27.17,,,,0.8660254037844387,-0.4999999999999998,,,
Burutu,Torugbene,2025-05,2025,5,1.259676537301857e-05,12.59676537301857,2,214.7156168619792,6,27.07,31.56,24.66,27.32,31,0,0.0,0.0,0.0,,3,3,0,0,1,0,4619,721,0.65,4.16,,,,,,,,,,annual,24305,,,,,,,,,,,,,0.49999999999999994,-0.8660254037844387,13.040836165600922,379.5582275390625,26.38
Burutu,Torugbene,2025-06,2025,6,1.3040836165600922e-05,13.040836165600922,2,379.5582275390625,6,26.38,29.95,23.93,26.64,30,0,0.0,0.0,0.0,,3,3,0,0,1,0,4619,721,0.65,4.16,214.7156168619792,,,27.07,,,,,,annual,24306,12.59676537301857,,,214.7156168619792,,,27.07,,,,,,1.2246467991473532e-16,-1.0,11.357987204974052,356.863037109375,25.28
Burutu,Torugbene,2025-07,2025,7,1.1357987204974052e-05,11.357987204974052,2,356.863037109375,6,25.28,28.95,23.03,25.45,31,0,0.0,0.0,0.0,,3,3,0,0,1,0,4619,721,0.65,4.16,379.5582275390625,214.7156168619792,,26.38,27.07,,,,,annual,24307,13.040836165600922,12.59676537301857,,379.5582275390625,214.7156168619792,,26.38,27.07,,,,,-0.4999999999999997,-0.8660254037844388,13.67278218822321,213.6256103515625,24.88
Burutu,Torugbene,2025-08,2025,8,1.367278218822321e-05,13.67278218822321,2,213.6256103515625,6,24.88,28.59,22.5,25.14,31,0,0.0,0.0,0.0,,3,3,0,0,1,0,4619,721,0.65,4.16,356.863037109375,379.5582275390625,214.7156168619792,25.28,26.38,27.07,,,,annual,24308,11.357987204974052,13.040836165600922,12.59676537301857,356.863037109375,379.5582275390625,214.7156168619792,25.28,26.38,27.07,,,,-0.8660254037844384,-0.5000000000000004,14.524974176310934,421.113525390625,25.31
Burutu,Torugbene,2025-09,2025,9,1.4524974176310934e-05,14.524974176310934,2,421.113525390625,6,25.31,29.08,23.19,25.56,30,0,0.0,0.0,0.0,,3,3,0,0,1,0,4619,721,0.65,4.16,213.6256103515625,356.863037109375,379.5582275390625,24.88,25.28,26.38,,,,annual,24309,13.67278218822321,11.357987204974052,13.040836165600922,213.6256103515625,356.863037109375,379.5582275390625,24.88,25.28,26.38,,,,-1.0,-1.8369701987210297e-16,8.58029397932114,445.7032877604167,25.65
Burutu,Torugbene,2025-10,2025,10,8.58029397932114e-06,8.58029397932114,2,445.7032877604167,6,25.65,29.96,23.2,25.92,31,0,0.0,0.0,0.0,,3,3,0,0,1,0,4619,721,0.65,4.16,421.113525390625,213.6256103515625,356.863037109375,25.31,24.88,25.28,,,,annual,24310,14.524974176310934,13.67278218822321,11.357987204974052,421.113525390625,213.6256103515625,356.863037109375,25.31,24.88,25.28,,,,-0.8660254037844386,0.5000000000000001,16.513487935299054,264.13975016276044,26.69
Burutu,Torugbene,2025-11,2025,11,1.6513487935299054e-05,16.513487935299054,2,264.13975016276044,6,26.69,31.29,23.88,27.1,30,0,0.0,0.0,0.0,,3,3,0,0,1,0,4619,721,0.65,4.16,445.7032877604167,421.113525390625,213.6256103515625,25.65,25.31,24.88,,,,annual,24311,8.58029397932114,14.524974176310934,13.67278218822321,445.7032877604167,421.113525390625,213.6256103515625,25.65,25.31,24.88,,,,-0.5000000000000004,0.8660254037844384,26.937239454127848,162.90315755208334,26.73
Burutu,Torugbene,2025-12,2025,12,2.6937239454127848e-05,26.937239454127848,2,162.90315755208334,6,26.73,30.72,24.28,27.01,31,0,0.0,0.0,0.0,,3,3,0,0,1,0,4619,721,0.65,4.16,264.13975016276044,445.7032877604167,421.113525390625,26.69,25.65,25.31,,,,annual,24312,16.513487935299054,8.58029397932114,14.524974176310934,264.13975016276044,445.7032877604167,421.113525390625,26.69,25.65,25.31,,,,-2.4492935982947064e-16,1.0,34.35124017414637,59.023223876953125,27.17
Burutu,Torugbene,2026-01,2026,1,3.435124017414637e-05,34.35124017414637,2,59.023223876953125,6,27.17,32.11,24.41,27.4,31,0,0.0,0.0,0.0,,3,3,0,0,1,0,4619,721,0.65,4.16,162.90315755208334,264.13975016276044,445.7032877604167,26.73,26.69,25.65,,,,annual,24313,26.937239454127848,16.513487935299054,8.58029397932114,162.90315755208334,264.13975016276044,445.7032877604167,26.73,26.69,25.65,,,,0.49999999999999994,0.8660254037844387,20.61638224404305,153.33365885416666,27.34
Burutu,Torugbene,2026-02,2026,2,2.061638224404305e-05,20.61638224404305,2,153.33365885416666,6,27.34,32.92,24.19,27.53,28,0,0.0,0.0,0.0,,3,3,0,0,1,0,4619,721,0.65,4.16,59.023223876953125,162.90315755208334,264.13975016276044,27.17,26.73,26.69,,,,annual,24314,34.35124017414637,26.937239454127848,16.513487935299054,59.023223876953125,162.90315755208334,264.13975016276044,27.17,26.73,26.69,,,,0.8660254037844386,0.5000000000000001,25.4922233580146,145.86666870117188,27.68
Burutu,Torugbene,2026-03,2026,3,2.54922233580146e-05,25.4922233580146,2,145.86666870117188,6,27.68,32.21,24.53,27.97,31,0,0.0,0.0,0.0,,3,3,0,0,1,0,4619,721,0.65,4.16,153.33365885416666,59.023223876953125,162.90315755208334,27.34,27.17,26.73,,,,annual,24315,20.61638224404305,34.35124017414637,26.937239454127848,153.33365885416666,59.023223876953125,162.90315755208334,27.34,27.17,26.73,,,,1.0,6.123233995736766e-17,16.4517987286672,207.9680379231771,27.61
Burutu,Torugbene,2026-04,2026,4,1.64517987286672e-05,16.4517987286672,2,207.9680379231771,6,27.61,31.96,24.28,27.81,30,0,0.0,0.0,0.0,,3,3,0,0,1,0,4619,721,0.65,4.16,145.86666870117188,153.33365885416666,59.023223876953125,27.68,27.34,27.17,,,,annual,24316,25.4922233580146,20.61638224404305,34.35124017414637,145.86666870117188,153.33365885416666,59.023223876953125,27.68,27.34,27.17,,,,0.8660254037844387,-0.4999999999999998,,,
Burutu,Tuomo,2025-05,2025,5,1.4588694284611847e-05,14.588694284611847,4,215.82770453559027,9,27.07,31.56,24.66,27.32,31,0,0.0,0.0,0.0,,3,3,0,0,3,0,15353,2395,0.2,1.25,,,,,,,,,,annual,24305,,,,,,,,,,,,,0.49999999999999994,-0.8660254037844387,4.781731604452944,355.35340711805554,26.38
Burutu,Tuomo,2025-06,2025,6,4.781731604452944e-06,4.781731604452944,4,355.35340711805554,9,26.38,29.95,23.93,26.64,30,0,0.0,0.0,0.0,,3,3,0,0,3,0,15353,2395,0.2,1.25,215.82770453559027,,,27.07,,,,,,annual,24306,14.588694284611847,,,215.82770453559027,,,27.07,,,,,,1.2246467991473532e-16,-1.0,11.599461686273573,299.64629448784723,25.28
Burutu,Tuomo,2025-07,2025,7,1.1599461686273573e-05,11.599461686273573,4,299.64629448784723,9,25.28,28.95,23.03,25.45,31,0,0.0,0.0,0.0,,3,3,0,0,3,0,15353,2395,0.2,1.25,355.35340711805554,215.82770453559027,,26.38,27.07,,,,,annual,24307,4.781731604452944,14.588694284611847,,355.35340711805554,215.82770453559027,,26.38,27.07,,,,,-0.4999999999999997,-0.8660254037844388,13.5853633764782,211.2704128689236,24.88
Burutu,Tuomo,2025-08,2025,8,1.35853633764782e-05,13.5853633764782,4,211.2704128689236,9,24.88,28.59,22.5,25.14,31,0,0.0,0.0,0.0,,3,3,0,0,3,0,15353,2395,0.2,1.25,299.64629448784723,355.35340711805554,215.82770453559027,25.28,26.38,27.07,,,,annual,24308,11.599461686273573,4.781731604452944,14.588694284611847,299.64629448784723,355.35340711805554,215.82770453559027,25.28,26.38,27.07,,,,-0.8660254037844384,-0.5000000000000004,15.745352357043885,403.18804253472223,25.31
Burutu,Tuomo,2025-09,2025,9,1.5745352357043885e-05,15.745352357043885,4,403.18804253472223,9,25.31,29.08,23.19,25.56,30,0,0.0,0.0,0.0,,3,3,0,0,3,0,15353,2395,0.2,1.25,211.2704128689236,299.64629448784723,355.35340711805554,24.88,25.28,26.38,,,,annual,24309,13.5853633764782,11.599461686273573,4.781731604452944,211.2704128689236,299.64629448784723,355.35340711805554,24.88,25.28,26.38,,,,-1.0,-1.8369701987210297e-16,11.576632459764369,431.51513671875,25.65
Burutu,Tuomo,2025-10,2025,10,1.1576632459764369e-05,11.576632459764369,4,431.51513671875,9,25.65,29.96,23.2,25.92,31,0,0.0,0.0,0.0,,3,3,0,0,3,0,15353,2395,0.2,1.25,403.18804253472223,211.2704128689236,299.64629448784723,25.31,24.88,25.28,,,,annual,24310,15.745352357043885,13.5853633764782,11.599461686273573,403.18804253472223,211.2704128689236,299.64629448784723,25.31,24.88,25.28,,,,-0.8660254037844386,0.5000000000000001,14.809332242293747,276.272216796875,26.69
Burutu,Tuomo,2025-11,2025,11,1.4809332242293747e-05,14.809332242293747,4,276.272216796875,9,26.69,31.29,23.88,27.1,30,0,0.0,0.0,0.0,,3,3,0,0,3,0,15353,2395,0.2,1.25,431.51513671875,403.18804253472223,211.2704128689236,25.65,25.31,24.88,,,,annual,24311,11.576632459764369,15.745352357043885,13.5853633764782,431.51513671875,403.18804253472223,211.2704128689236,25.65,25.31,24.88,,,,-0.5000000000000004,0.8660254037844384,31.96168108843267,161.69086371527777,26.73
Burutu,Tuomo,2025-12,2025,12,3.196168108843267e-05,31.96168108843267,4,161.69086371527777,9,26.73,30.72,24.28,27.01,31,0,0.0,0.0,0.0,,3,3,0,0,3,0,15353,2395,0.2,1.25,276.272216796875,431.51513671875,403.18804253472223,26.69,25.65,25.31,,,,annual,24312,14.809332242293747,11.576632459764369,15.745352357043885,276.272216796875,431.51513671875,403.18804253472223,26.69,25.65,25.31,,,,-2.4492935982947064e-16,1.0,25.857563741737977,40.858849419487846,27.17
Burutu,Tuomo,2026-01,2026,1,2.5857563741737977e-05,25.857563741737977,4,40.858849419487846,9,27.17,32.11,24.41,27.4,31,0,0.0,0.0,0.0,,3,3,0,0,3,0,15353,2395,0.2,1.25,161.69086371527777,276.272216796875,431.51513671875,26.73,26.69,25.65,,,,annual,24313,31.96168108843267,14.809332242293747,11.576632459764369,161.69086371527777,276.272216796875,431.51513671875,26.73,26.69,25.65,,,,0.49999999999999994,0.8660254037844387,19.338109268574044,145.74507649739584,27.34
Burutu,Tuomo,2026-02,2026,2,1.9338109268574044e-05,19.338109268574044,4,145.74507649739584,9,27.34,32.92,24.19,27.53,28,0,0.0,0.0,0.0,,3,3,0,0,3,0,15353,2395,0.2,1.25,40.858849419487846,161.69086371527777,276.272216796875,27.17,26.73,26.69,,,,annual,24314,25.857563741737977,31.96168108843267,14.809332242293747,40.858849419487846,161.69086371527777,276.272216796875,27.17,26.73,26.69,,,,0.8660254037844386,0.5000000000000001,30.159930247464217,152.7210693359375,27.68
Burutu,Tuomo,2026-03,2026,3,3.0159930247464217e-05,30.159930247464217,4,152.7210693359375,9,27.68,32.21,24.53,27.97,31,0,0.0,0.0,0.0,,3,3,0,0,3,0,15353,2395,0.2,1.25,145.74507649739584,40.858849419487846,161.69086371527777,27.34,27.17,26.73,,,,annual,24315,19.338109268574044,25.857563741737977,31.96168108843267,145.74507649739584,40.858849419487846,161.69086371527777,27.34,27.17,26.73,,,,1.0,6.123233995736766e-17,16.612586478004232,205.74107530381943,27.61
Burutu,Tuomo,2026-04,2026,4,1.6612586478004232e-05,16.612586478004232,4,205.74107530381943,9,27.61,31.96,24.28,27.81,30,0,0.0,0.0,0.0,,3,3,0,0,3,0,15353,2395,0.2,1.25,152.7210693359375,145.74507649739584,40.858849419487846,27.68,27.34,27.17,,,,annual,24316,30.159930247464217,19.338109268574044,25.857563741737977,152.7210693359375,145.74507649739584,40.858849419487846,27.68,27.34,27.17,,,,0.8660254037844387,-0.4999999999999998,,,
Patani,Abari,2025-05,2025,5,1.9647530280053616e-05,19.647530280053616,2,207.3489501953125,5,27.26,34.44,23.09,27.38,31,0,0.0,0.0,0.0,,1,1,0,0,1,0,4520,705,0.22,1.42,,,,,,,,,,annual,24305,,,,,,,,,,,,,0.49999999999999994,-0.8660254037844387,12.22521677846089,317.378466796875,26.57
Patani,Abari,2025-06,2025,6,1.222521677846089e-05,12.22521677846089,2,317.378466796875,5,26.57,34.63,23.18,26.68,30,0,0.0,0.0,0.0,,1,1,0,0,1,0,4520,705,0.22,1.42,207.3489501953125,,,27.26,,,,,,annual,24306,19.647530280053616,,,207.3489501953125,,,27.26,,,,,,1.2246467991473532e-16,-1.0,14.557874237652868,249.5978759765625,25.22
Patani,Abari,2025-07,2025,7,1.4557874237652868e-05,14.557874237652868,2,249.5978759765625,5,25.22,31.3,21.89,25.37,31,0,0.0,0.0,0.0,,1,1,0,0,1,0,4520,705,0.22,1.42,317.378466796875,207.3489501953125,,26.57,27.26,,,,,annual,24307,12.22521677846089,19.647530280053616,,317.378466796875,207.3489501953125,,26.57,27.26,,,,,-0.4999999999999997,-0.8660254037844388,18.07724402169697,216.54775390625,25.08
Patani,Abari,2025-08,2025,8,1.807724402169697e-05,18.07724402169697,2,216.54775390625,5,25.08,31.82,21.32,25.27,31,0,0.0,0.0,0.0,,1,1,0,0,1,0,4520,705,0.22,1.42,249.5978759765625,317.378466796875,207.3489501953125,25.22,26.57,27.26,,,,annual,24308,14.557874237652868,12.22521677846089,19.647530280053616,249.5978759765625,317.378466796875,207.3489501953125,25.22,26.57,27.26,,,,-0.8660254037844384,-0.5000000000000004,22.953139705350623,351.919921875,25.59
Patani,Abari,2025-09,2025,9,2.2953139705350623e-05,22.953139705350623,2,351.919921875,5,25.59,32.53,22.08,25.75,30,0,0.0,0.0,0.0,,1,1,0,0,1,0,4520,705,0.22,1.42,216.54775390625,249.5978759765625,317.378466796875,25.08,25.22,26.57,,,,annual,24309,18.07724402169697,14.557874237652868,12.22521677846089,216.54775390625,249.5978759765625,317.378466796875,25.08,25.22,26.57,,,,-1.0,-1.8369701987210297e-16,18.00734389689751,363.0802734375,26.21
Patani,Abari,2025-10,2025,10,1.800734389689751e-05,18.00734389689751,2,363.0802734375,5,26.21,34.45,22.15,26.29,31,0,0.0,0.0,0.0,,1,1,0,0,1,0,4520,705,0.22,1.42,351.919921875,216.54775390625,249.5978759765625,25.59,25.08,25.22,,,,annual,24310,22.953139705350623,18.07724402169697,14.557874237652868,351.919921875,216.54775390625,249.5978759765625,25.59,25.08,25.22,,,,-0.8660254037844386,0.5000000000000001,18.923978132079355,195.7265869140625,27.27
Patani,Abari,2025-11,2025,11,1.8923978132079355e-05,18.923978132079355,2,195.7265869140625,5,27.27,33.72,22.84,27.32,30,0,0.0,0.0,0.0,,1,1,0,0,1,0,4520,705,0.22,1.42,363.0802734375,351.919921875,216.54775390625,26.21,25.59,25.08,,,,annual,24311,18.00734389689751,22.953139705350623,18.07724402169697,363.0802734375,351.919921875,216.54775390625,26.21,25.59,25.08,,,,-0.5000000000000004,0.8660254037844384,30.65339842578396,91.81776733398438,27.23
Patani,Abari,2025-12,2025,12,3.065339842578396e-05,30.65339842578396,2,91.81776733398438,5,27.23,34.01,23.04,27.32,31,0,0.0,0.0,0.0,,1,1,0,0,1,0,4520,705,0.22,1.42,195.7265869140625,363.0802734375,351.919921875,27.27,26.21,25.59,,,,annual,24312,18.923978132079355,18.00734389689751,22.953139705350623,195.7265869140625,363.0802734375,351.919921875,27.27,26.21,25.59,,,,-2.4492935982947064e-16,1.0,28.333972295513377,35.615576171875,27.07
Patani,Abari,2026-01,2026,1,2.8333972295513377e-05,28.333972295513377,2,35.615576171875,5,27.07,33.73,22.2,27.08,31,0,0.0,0.0,0.0,,1,1,0,0,1,0,4520,705,0.22,1.42,91.81776733398438,195.7265869140625,363.0802734375,27.23,27.27,26.21,,,,annual,24313,30.65339842578396,18.923978132079355,18.00734389689751,91.81776733398438,195.7265869140625,363.0802734375,27.23,27.27,26.21,,,,0.49999999999999994,0.8660254037844387,23.271093596122228,107.3376953125,27.29
Patani,Abari,2026-02,2026,2,2.3271093596122228e-05,23.271093596122228,2,107.3376953125,5,27.29,35.89,22.23,27.34,28,0,0.0,0.0,0.0,,1,1,0,0,1,0,4520,705,0.22,1.42,35.615576171875,91.81776733398438,195.7265869140625,27.07,27.23,27.27,,,,annual,24314,28.333972295513377,30.65339842578396,18.923978132079355,35.615576171875,91.81776733398438,195.7265869140625,27.07,27.23,27.27,,,,0.8660254037844386,0.5000000000000001,26.097553927684203,120.539794921875,27.89
Patani,Abari,2026-03,2026,3,2.6097553927684203e-05,26.097553927684203,2,120.539794921875,5,27.89,34.98,22.14,28.06,31,0,0.0,0.0,0.0,,1,1,0,0,1,0,4520,705,0.22,1.42,107.3376953125,35.615576171875,91.81776733398438,27.29,27.07,27.23,,,,annual,24315,23.271093596122228,28.333972295513377,30.65339842578396,107.3376953125,35.615576171875,91.81776733398438,27.29,27.07,27.23,,,,1.0,6.123233995736766e-17,27.40827767411247,209.6270751953125,27.18
Patani,Abari,2026-04,2026,4,2.740827767411247e-05,27.40827767411247,2,209.6270751953125,5,27.18,32.64,23.12,27.35,30,0,0.0,0.0,0.0,,1,1,0,0,1,0,4520,705,0.22,1.42,120.539794921875,107.3376953125,35.615576171875,27.89,27.29,27.07,,,,annual,24316,26.097553927684203,23.271093596122228,28.333972295513377,120.539794921875,107.3376953125,35.615576171875,27.89,27.29,27.07,,,,0.8660254037844387,-0.4999999999999998,,,
Patani,Agoloma,2025-05,2025,5,1.7767040844773874e-05,17.767040844773874,1,212.6692911783854,3,26.87,32.16,23.85,27.1,31,0,0.0,0.0,0.0,,1,1,0,0,1,0,8591,1340,0.12,0.75,,,,,,,,,,annual,24305,,,,,,,,,,,,,0.49999999999999994,-0.8660254037844387,13.113882232573816,338.6870524088542,26.3
Patani,Agoloma,2025-06,2025,6,1.3113882232573816e-05,13.113882232573816,1,338.6870524088542,3,26.3,31.35,23.27,26.57,30,0,0.0,0.0,0.0,,1,1,0,0,1,0,8591,1340,0.12,0.75,212.6692911783854,,,26.87,,,,,,annual,24306,17.767040844773874,,,212.6692911783854,,,26.87,,,,,,1.2246467991473532e-16,-1.0,12.028594028379302,282.1689046223958,25.12
Patani,Agoloma,2025-07,2025,7,1.2028594028379302e-05,12.028594028379302,1,282.1689046223958,3,25.12,29.94,22.03,25.39,31,0,0.0,0.0,0.0,,1,1,0,0,1,0,8591,1340,0.12,0.75,338.6870524088542,212.6692911783854,,26.3,26.87,,,,,annual,24307,13.113882232573816,17.767040844773874,,338.6870524088542,212.6692911783854,,26.3,26.87,,,,,-0.4999999999999997,-0.8660254037844388,15.168972822721116,236.3109334309896,24.84
Patani,Agoloma,2025-08,2025,8,1.5168972822721116e-05,15.168972822721116,1,236.3109334309896,3,24.84,29.99,21.62,25.24,31,0,0.0,0.0,0.0,,1,1,0,0,1,0,8591,1340,0.12,0.75,282.1689046223958,338.6870524088542,212.6692911783854,25.12,26.3,26.87,,,,annual,24308,12.028594028379302,13.113882232573816,17.767040844773874,282.1689046223958,338.6870524088542,212.6692911783854,25.12,26.3,26.87,,,,-0.8660254037844384,-0.5000000000000004,20.03864210564643,366.3101399739583,25.29
Patani,Agoloma,2025-09,2025,9,2.003864210564643e-05,20.03864210564643,1,366.3101399739583,3,25.29,30.73,22.44,25.61,30,0,0.0,0.0,0.0,,1,1,0,0,1,0,8591,1340,0.12,0.75,236.3109334309896,282.1689046223958,338.6870524088542,24.84,25.12,26.3,,,,annual,24309,15.168972822721116,12.028594028379302,13.113882232573816,236.3109334309896,282.1689046223958,338.6870524088542,24.84,25.12,26.3,,,,-1.0,-1.8369701987210297e-16,18.80338095361367,363.4595540364583,25.71
Patani,Agoloma,2025-10,2025,10,1.880338095361367e-05,18.80338095361367,1,363.4595540364583,3,25.71,31.39,22.44,25.97,31,0,0.0,0.0,0.0,,1,1,0,0,1,0,8591,1340,0.12,0.75,366.3101399739583,236.3109334309896,282.1689046223958,25.29,24.84,25.12,,,,annual,24310,20.03864210564643,15.168972822721116,12.028594028379302,366.3101399739583,236.3109334309896,282.1689046223958,25.29,24.84,25.12,,,,-0.8660254037844386,0.5000000000000001,18.192555216955952,217.9566853841146,26.89
Patani,Agoloma,2025-11,2025,11,1.8192555216955952e-05,18.192555216955952,1,217.9566853841146,3,26.89,32.09,23.44,27.27,30,0,0.0,0.0,0.0,,1,1,0,0,1,0,8591,1340,0.12,0.75,363.4595540364583,366.3101399739583,236.3109334309896,25.71,25.29,24.84,,,,annual,24311,18.80338095361367,20.03864210564643,15.168972822721116,363.4595540364583,366.3101399739583,236.3109334309896,25.71,25.29,24.84,,,,-0.5000000000000004,0.8660254037844384,45.34714389592409,127.04429117838542,26.76
Patani,Agoloma,2025-12,2025,12,4.534714389592409e-05,45.34714389592409,1,127.04429117838542,3,26.76,32.36,23.55,27.05,31,0,0.0,0.0,0.0,,1,1,0,0,1,0,8591,1340,0.12,0.75,217.9566853841146,363.4595540364583,366.3101399739583,26.89,25.71,25.29,,,,annual,24312,18.192555216955952,18.80338095361367,20.03864210564643,217.9566853841146,363.4595540364583,366.3101399739583,26.89,25.71,25.29,,,,-2.4492935982947064e-16,1.0,28.724485673592422,38.30396525065104,27.0
Patani,Agoloma,2026-01,2026,1,2.8724485673592422e-05,28.724485673592422,1,38.30396525065104,3,27.0,32.49,23.19,27.17,31,0,0.0,0.0,0.0,,1,1,0,0,1,0,8591,1340,0.12,0.75,127.04429117838542,217.9566853841146,363.4595540364583,26.76,26.89,25.71,,,,annual,24313,45.34714389592409,18.192555216955952,18.80338095361367,127.04429117838542,217.9566853841146,363.4595540364583,26.76,26.89,25.71,,,,0.49999999999999994,0.8660254037844387,24.97792593203485,116.22988891601562,27.18
Patani,Agoloma,2026-02,2026,2,2.497792593203485e-05,24.97792593203485,1,116.22988891601562,3,27.18,34.28,23.27,27.38,28,0,0.0,0.0,0.0,,1,1,0,0,1,0,8591,1340,0.12,0.75,38.30396525065104,127.04429117838542,217.9566853841146,27.0,26.76,26.89,,,,annual,24314,28.724485673592422,45.34714389592409,18.192555216955952,38.30396525065104,127.04429117838542,217.9566853841146,27.0,26.76,26.89,,,,0.8660254037844386,0.5000000000000001,26.059866286232136,135.17054239908853,27.42
Patani,Agoloma,2026-03,2026,3,2.6059866286232136e-05,26.059866286232136,1,135.17054239908853,3,27.42,33.13,23.2,27.73,31,0,0.0,0.0,0.0,,1,1,0,0,1,0,8591,1340,0.12,0.75,116.22988891601562,38.30396525065104,127.04429117838542,27.18,27.0,26.76,,,,annual,24315,24.97792593203485,28.724485673592422,45.34714389592409,116.22988891601562,38.30396525065104,127.04429117838542,27.18,27.0,26.76,,,,1.0,6.123233995736766e-17,27.966651032329537,202.66984049479169,26.99
Patani,Agoloma,2026-04,2026,4,2.7966651032329537e-05,27.966651032329537,1,202.66984049479169,3,26.99,32.26,23.52,27.11,30,0,0.0,0.0,0.0,,1,1,0,0,1,0,8591,1340,0.12,0.75,135.17054239908853,116.22988891601562,38.30396525065104,27.42,27.18,27.0,,,,annual,24316,26.059866286232136,24.97792593203485,28.724485673592422,135.17054239908853,116.22988891601562,38.30396525065104,27.42,27.18,27.0,,,,0.8660254037844387,-0.4999999999999998,,,
Patani,Buluangiama,2025-05,2025,5,1.426619419362396e-05,14.26619419362396,5,213.253173828125,8,26.87,32.16,23.85,27.1,31,0,0.0,0.0,0.0,,2,2,0,0,2,0,6626,1034,0.3,1.93,,,,,,,,,,annual,24305,,,,,,,,,,,,,0.49999999999999994,-0.8660254037844387,14.29420372005552,336.0896911621094,26.3
Patani,Buluangiama,2025-06,2025,6,1.429420372005552e-05,14.29420372005552,5,336.0896911621094,8,26.3,31.35,23.27,26.57,30,0,0.0,0.0,0.0,,2,2,0,0,2,0,6626,1034,0.3,1.93,213.253173828125,,,26.87,,,,,,annual,24306,14.26619419362396,,,213.253173828125,,,26.87,,,,,,1.2246467991473532e-16,-1.0,11.724638170562685,272.0213317871094,25.12
Patani,Buluangiama,2025-07,2025,7,1.1724638170562685e-05,11.724638170562685,5,272.0213317871094,8,25.12,29.94,22.03,25.39,31,0,0.0,0.0,0.0,,2,2,0,0,2,0,6626,1034,0.3,1.93,336.0896911621094,213.253173828125,,26.3,26.87,,,,,annual,24307,14.29420372005552,14.26619419362396,,336.0896911621094,213.253173828125,,26.3,26.87,,,,,-0.4999999999999997,-0.8660254037844388,14.45933885406703,226.7646942138672,24.84
Patani,Buluangiama,2025-08,2025,8,1.4459338854067029e-05,14.45933885406703,5,226.7646942138672,8,24.84,29.99,21.62,25.24,31,0,0.0,0.0,0.0,,2,2,0,0,2,0,6626,1034,0.3,1.93,272.0213317871094,336.0896911621094,213.253173828125,25.12,26.3,26.87,,,,annual,24308,11.724638170562685,14.29420372005552,14.26619419362396,272.0213317871094,336.0896911621094,213.253173828125,25.12,26.3,26.87,,,,-0.8660254037844384,-0.5000000000000004,18.218447803519663,366.9771118164063,25.29
Patani,Buluangiama,2025-09,2025,9,1.8218447803519666e-05,18.218447803519663,5,366.9771118164063,8,25.29,30.73,22.44,25.61,30,0,0.0,0.0,0.0,,2,2,0,0,2,0,6626,1034,0.3,1.93,226.7646942138672,272.0213317871094,336.0896911621094,24.84,25.12,26.3,,,,annual,24309,14.45933885406703,11.724638170562685,14.29420372005552,226.7646942138672,272.0213317871094,336.0896911621094,24.84,25.12,26.3,,,,-1.0,-1.8369701987210297e-16,16.33678621146828,362.646240234375,25.71
Patani,Buluangiama,2025-10,2025,10,1.6336786211468278e-05,16.33678621146828,5,362.646240234375,8,25.71,31.39,22.44,25.97,31,0,0.0,0.0,0.0,,2,2,0,0,2,0,6626,1034,0.3,1.93,366.9771118164063,226.7646942138672,272.0213317871094,25.29,24.84,25.12,,,,annual,24310,18.218447803519663,14.45933885406703,11.724638170562685,366.9771118164063,226.7646942138672,272.0213317871094,25.29,24.84,25.12,,,,-0.8660254037844386,0.5000000000000001,18.76652822829783,211.240951538086,26.89
Patani,Buluangiama,2025-11,2025,11,1.876652822829783e-05,18.76652822829783,5,211.240951538086,8,26.89,32.09,23.44,27.27,30,0,0.0,0.0,0.0,,2,2,0,0,2,0,6626,1034,0.3,1.93,362.646240234375,366.9771118164063,226.7646942138672,25.71,25.29,24.84,,,,annual,24311,16.33678621146828,18.218447803519663,14.45933885406703,362.646240234375,366.9771118164063,226.7646942138672,25.71,25.29,24.84,,,,-0.5000000000000004,0.8660254037844384,50.93468935228884,131.16256713867188,26.76
Patani,Buluangiama,2025-12,2025,12,5.0934689352288845e-05,50.93468935228884,5,131.16256713867188,8,26.76,32.36,23.55,27.05,31,0,0.0,0.0,0.0,,2,2,0,0,2,0,6626,1034,0.3,1.93,211.240951538086,362.646240234375,366.9771118164063,26.89,25.71,25.29,,,,annual,24312,18.76652822829783,16.33678621146828,18.218447803519663,211.240951538086,362.646240234375,366.9771118164063,26.89,25.71,25.29,,,,-2.4492935982947064e-16,1.0,27.60862116701901,41.05804443359375,27.0
Patani,Buluangiama,2026-01,2026,1,2.760862116701901e-05,27.60862116701901,5,41.05804443359375,8,27.0,32.49,23.19,27.17,31,0,0.0,0.0,0.0,,2,2,0,0,2,0,6626,1034,0.3,1.93,131.16256713867188,211.240951538086,362.646240234375,26.76,26.89,25.71,,,,annual,24313,50.93468935228884,18.76652822829783,16.33678621146828,131.16256713867188,211.240951538086,362.646240234375,26.76,26.89,25.71,,,,0.49999999999999994,0.8660254037844387,23.888846044428647,120.4403839111328,27.18
Patani,Buluangiama,2026-02,2026,2,2.3888846044428647e-05,23.888846044428647,5,120.4403839111328,8,27.18,34.28,23.27,27.38,28,0,0.0,0.0,0.0,,2,2,0,0,2,0,6626,1034,0.3,1.93,41.05804443359375,131.16256713867188,211.240951538086,27.0,26.76,26.89,,,,annual,24314,27.60862116701901,50.93468935228884,18.76652822829783,41.05804443359375,131.16256713867188,211.240951538086,27.0,26.76,26.89,,,,0.8660254037844386,0.5000000000000001,25.6842642556876,133.5218048095703,27.42
Patani,Buluangiama,2026-03,2026,3,2.56842642556876e-05,25.6842642556876,5,133.5218048095703,8,27.42,33.13,23.2,27.73,31,0,0.0,0.0,0.0,,2,2,0,0,2,0,6626,1034,0.3,1.93,120.4403839111328,41.05804443359375,131.16256713867188,27.18,27.0,26.76,,,,annual,24315,23.888846044428647,27.60862116701901,50.93468935228884,120.4403839111328,41.05804443359375,131.16256713867188,27.18,27.0,26.76,,,,1.0,6.123233995736766e-17,29.31758644990623,203.716537475586,26.99
Patani,Buluangiama,2026-04,2026,4,2.931758644990623e-05,29.31758644990623,5,203.716537475586,8,26.99,32.26,23.52,27.11,30,0,0.0,0.0,0.0,,2,2,0,0,2,0,6626,1034,0.3,1.93,133.5218048095703,120.4403839111328,41.05804443359375,27.42,27.18,27.0,,,,annual,24316,25.6842642556876,23.888846044428647,27.60862116701901,133.5218048095703,120.4403839111328,41.05804443359375,27.42,27.18,27.0,,,,0.8660254037844387,-0.4999999999999998,,,
Patani,Odorubu,2025-05,2025,5,1.5727311256341638e-05,15.727311256341638,5,215.79791259765625,8,26.87,32.16,23.85,27.1,31,0,0.0,0.0,0.0,,5,5,0,0,3,1,16785,2618,0.3,1.91,,,,,,,,,,annual,24305,,,,,,,,,,,,,0.49999999999999994,-0.8660254037844387,11.587891640374435,333.6556701660156,26.3
Patani,Odorubu,2025-06,2025,6,1.1587891640374437e-05,11.587891640374435,5,333.6556701660156,8,26.3,31.35,23.27,26.57,30,0,0.0,0.0,0.0,,5,5,0,0,3,1,16785,2618,0.3,1.91,215.79791259765625,,,26.87,,,,,,annual,24306,15.727311256341638,,,215.79791259765625,,,26.87,,,,,,1.2246467991473532e-16,-1.0,11.29131196648814,262.6210021972656,25.12
Patani,Odorubu,2025-07,2025,7,1.129131196648814e-05,11.29131196648814,5,262.6210021972656,8,25.12,29.94,22.03,25.39,31,0,0.0,0.0,0.0,,5,5,0,0,3,1,16785,2618,0.3,1.91,333.6556701660156,215.79791259765625,,26.3,26.87,,,,,annual,24307,11.587891640374435,15.727311256341638,,333.6556701660156,215.79791259765625,,26.3,26.87,,,,,-0.4999999999999997,-0.8660254037844388,14.339144399855286,221.8922271728516,24.84
Patani,Odorubu,2025-08,2025,8,1.4339144399855286e-05,14.339144399855286,5,221.8922271728516,8,24.84,29.99,21.62,25.24,31,0,0.0,0.0,0.0,,5,5,0,0,3,1,16785,2618,0.3,1.91,262.6210021972656,333.6556701660156,215.79791259765625,25.12,26.3,26.87,,,,annual,24308,11.29131196648814,11.587891640374435,15.727311256341638,262.6210021972656,333.6556701660156,215.79791259765625,25.12,26.3,26.87,,,,-0.8660254037844384,-0.5000000000000004,18.032181833405048,372.482666015625,25.29
Patani,Odorubu,2025-09,2025,9,1.803218183340505e-05,18.032181833405048,5,372.482666015625,8,25.29,30.73,22.44,25.61,30,0,0.0,0.0,0.0,,5,5,0,0,3,1,16785,2618,0.3,1.91,221.8922271728516,262.6210021972656,333.6556701660156,24.84,25.12,26.3,,,,annual,24309,14.339144399855286,11.29131196648814,11.587891640374435,221.8922271728516,262.6210021972656,333.6556701660156,24.84,25.12,26.3,,,,-1.0,-1.8369701987210297e-16,13.830079114995897,377.18310546875,25.71
Patani,Odorubu,2025-10,2025,10,1.3830079114995896e-05,13.830079114995897,5,377.18310546875,8,25.71,31.39,22.44,25.97,31,0,0.0,0.0,0.0,,5,5,0,0,3,1,16785,2618,0.3,1.91,372.482666015625,221.8922271728516,262.6210021972656,25.29,24.84,25.12,,,,annual,24310,18.032181833405048,14.339144399855286,11.29131196648814,372.482666015625,221.8922271728516,262.6210021972656,25.29,24.84,25.12,,,,-0.8660254037844386,0.5000000000000001,18.61477503553033,212.87692260742188,26.89
Patani,Odorubu,2025-11,2025,11,1.861477503553033e-05,18.61477503553033,5,212.87692260742188,8,26.89,32.09,23.44,27.27,30,0,0.0,0.0,0.0,,5,5,0,0,3,1,16785,2618,0.3,1.91,377.18310546875,372.482666015625,221.8922271728516,25.71,25.29,24.84,,,,annual,24311,13.830079114995897,18.032181833405048,14.339144399855286,377.18310546875,372.482666015625,221.8922271728516,25.71,25.29,24.84,,,,-0.5000000000000004,0.8660254037844384,62.05668323673308,132.73226928710938,26.76
Patani,Odorubu,2025-12,2025,12,6.205668323673308e-05,62.05668323673308,5,132.73226928710938,8,26.76,32.36,23.55,27.05,31,0,0.0,0.0,0.0,,5,5,0,0,3,1,16785,2618,0.3,1.91,212.87692260742188,377.18310546875,372.482666015625,26.89,25.71,25.29,,,,annual,24312,18.61477503553033,13.830079114995897,18.032181833405048,212.87692260742188,377.18310546875,372.482666015625,26.89,25.71,25.29,,,,-2.4492935982947064e-16,1.0,26.98246680665761,39.97953414916992,27.0
Patani,Odorubu,2026-01,2026,1,2.698246680665761e-05,26.98246680665761,5,39.97953414916992,8,27.0,32.49,23.19,27.17,31,0,0.0,0.0,0.0,,5,5,0,0,3,1,16785,2618,0.3,1.91,132.73226928710938,212.87692260742188,377.18310546875,26.76,26.89,25.71,,,,annual,24313,62.05668323673308,18.61477503553033,13.830079114995897,132.73226928710938,212.87692260742188,377.18310546875,26.76,26.89,25.71,,,,0.49999999999999994,0.8660254037844387,22.3374881898053,131.6458282470703,27.18
Patani,Odorubu,2026-02,2026,2,2.23374881898053e-05,22.3374881898053,5,131.6458282470703,8,27.18,34.28,23.27,27.38,28,0,0.0,0.0,0.0,,5,5,0,0,3,1,16785,2618,0.3,1.91,39.97953414916992,132.73226928710938,212.87692260742188,27.0,26.76,26.89,,,,annual,24314,26.98246680665761,62.05668323673308,18.61477503553033,39.97953414916992,132.73226928710938,212.87692260742188,27.0,26.76,26.89,,,,0.8660254037844386,0.5000000000000001,20.779580518137667,140.98361206054688,27.42
Patani,Odorubu,2026-03,2026,3,2.0779580518137666e-05,20.779580518137667,5,140.98361206054688,8,27.42,33.13,23.2,27.73,31,0,0.0,0.0,0.0,,5,5,0,0,3,1,16785,2618,0.3,1.91,131.6458282470703,39.97953414916992,132.73226928710938,27.18,27.0,26.76,,,,annual,24315,22.3374881898053,26.98246680665761,62.05668323673308,131.6458282470703,39.97953414916992,132.73226928710938,27.18,27.0,26.76,,,,1.0,6.123233995736766e-17,22.53650309285149,201.2053680419922,26.99
Patani,Odorubu,2026-04,2026,4,2.253650309285149e-05,22.53650309285149,5,201.2053680419922,8,26.99,32.26,23.52,27.11,30,0,0.0,0.0,0.0,,5,5,0,0,3,1,16785,2618,0.3,1.91,140.98361206054688,131.6458282470703,39.97953414916992,27.42,27.18,27.0,,,,annual,24316,20.779580518137667,22.3374881898053,26.98246680665761,140.98361206054688,131.6458282470703,39.97953414916992,27.42,27.18,27.0,,,,0.8660254037844387,-0.4999999999999998,,,
Patani,Patani 2,2025-05,2025,5,,,0,207.7410888671875,4,26.87,32.16,23.85,27.1,31,0,0.0,0.0,0.0,,0,0,0,0,0,0,13233,2064,0.0,0.0,,,,,,,,,,annual,24305,,,,,,,,,,,,,0.49999999999999994,-0.8660254037844387,,329.3305358886719,26.3
Patani,Patani 2,2025-06,2025,6,,,0,329.3305358886719,4,26.3,31.35,23.27,26.57,30,0,0.0,0.0,0.0,,0,0,0,0,0,0,13233,2064,0.0,0.0,207.7410888671875,,,26.87,,,,,,annual,24306,,,,207.7410888671875,,,26.87,,,,,,1.2246467991473532e-16,-1.0,,254.48110961914065,25.12
Patani,Patani 2,2025-07,2025,7,,,0,254.48110961914065,4,25.12,29.94,22.03,25.39,31,0,0.0,0.0,0.0,,0,0,0,0,0,0,13233,2064,0.0,0.0,329.3305358886719,207.7410888671875,,26.3,26.87,,,,,annual,24307,,,,329.3305358886719,207.7410888671875,,26.3,26.87,,,,,-0.4999999999999997,-0.8660254037844388,,225.80142211914065,24.84
Patani,Patani 2,2025-08,2025,8,,,0,225.80142211914065,4,24.84,29.99,21.62,25.24,31,0,0.0,0.0,0.0,,0,0,0,0,0,0,13233,2064,0.0,0.0,254.48110961914065,329.3305358886719,207.7410888671875,25.12,26.3,26.87,,,,annual,24308,,,,254.48110961914065,329.3305358886719,207.7410888671875,25.12,26.3,26.87,,,,-0.8660254037844384,-0.5000000000000004,,356.060302734375,25.29
Patani,Patani 2,2025-09,2025,9,,,0,356.060302734375,4,25.29,30.73,22.44,25.61,30,0,0.0,0.0,0.0,,0,0,0,0,0,0,13233,2064,0.0,0.0,225.80142211914065,254.48110961914065,329.3305358886719,24.84,25.12,26.3,,,,annual,24309,,,,225.80142211914065,254.48110961914065,329.3305358886719,24.84,25.12,26.3,,,,-1.0,-1.8369701987210297e-16,,340.3663330078125,25.71
Patani,Patani 2,2025-10,2025,10,,,0,340.3663330078125,4,25.71,31.39,22.44,25.97,31,0,0.0,0.0,0.0,,0,0,0,0,0,0,13233,2064,0.0,0.0,356.060302734375,225.80142211914065,254.48110961914065,25.29,24.84,25.12,,,,annual,24310,,,,356.060302734375,225.80142211914065,254.48110961914065,25.29,24.84,25.12,,,,-0.8660254037844386,0.5000000000000001,,204.9800720214844,26.89
Patani,Patani 2,2025-11,2025,11,,,0,204.9800720214844,4,26.89,32.09,23.44,27.27,30,0,0.0,0.0,0.0,,0,0,0,0,0,0,13233,2064,0.0,0.0,340.3663330078125,356.060302734375,225.80142211914065,25.71,25.29,24.84,,,,annual,24311,,,,340.3663330078125,356.060302734375,225.80142211914065,25.71,25.29,24.84,,,,-0.5000000000000004,0.8660254037844384,,106.98065185546876,26.76
Patani,Patani 2,2025-12,2025,12,,,0,106.98065185546876,4,26.76,32.36,23.55,27.05,31,0,0.0,0.0,0.0,,0,0,0,0,0,0,13233,2064,0.0,0.0,204.9800720214844,340.3663330078125,356.060302734375,26.89,25.71,25.29,,,,annual,24312,,,,204.9800720214844,340.3663330078125,356.060302734375,26.89,25.71,25.29,,,,-2.4492935982947064e-16,1.0,,33.75751876831055,27.0
Patani,Patani 2,2026-01,2026,1,,,0,33.75751876831055,4,27.0,32.49,23.19,27.17,31,0,0.0,0.0,0.0,,0,0,0,0,0,0,13233,2064,0.0,0.0,106.98065185546876,204.9800720214844,340.3663330078125,26.76,26.89,25.71,,,,annual,24313,,,,106.98065185546876,204.9800720214844,340.3663330078125,26.76,26.89,25.71,,,,0.49999999999999994,0.8660254037844387,,107.77354431152344,27.18
Patani,Patani 2,2026-02,2026,2,,,0,107.77354431152344,4,27.18,34.28,23.27,27.38,28,0,0.0,0.0,0.0,,0,0,0,0,0,0,13233,2064,0.0,0.0,33.75751876831055,106.98065185546876,204.9800720214844,27.0,26.76,26.89,,,,annual,24314,,,,33.75751876831055,106.98065185546876,204.9800720214844,27.0,26.76,26.89,,,,0.8660254037844386,0.5000000000000001,,124.4910888671875,27.42
Patani,Patani 2,2026-03,2026,3,,,0,124.4910888671875,4,27.42,33.13,23.2,27.73,31,0,0.0,0.0,0.0,,0,0,0,0,0,0,13233,2064,0.0,0.0,107.77354431152344,33.75751876831055,106.98065185546876,27.18,27.0,26.76,,,,annual,24315,,,,107.77354431152344,33.75751876831055,106.98065185546876,27.18,27.0,26.76,,,,1.0,6.123233995736766e-17,,205.4076995849609,26.99
Patani,Patani 2,2026-04,2026,4,,,0,205.4076995849609,4,26.99,32.26,23.52,27.11,30,0,0.0,0.0,0.0,,0,0,0,0,0,0,13233,2064,0.0,0.0,124.4910888671875,107.77354431152344,33.75751876831055,27.42,27.18,27.0,,,,annual,24316,,,,124.4910888671875,107.77354431152344,33.75751876831055,27.42,27.18,27.0,,,,0.8660254037844387,-0.4999999999999998,,,
Patani,Patani 3,2025-05,2025,5,,,0,208.5365193684896,6,26.87,32.16,23.85,27.1,31,0,0.0,0.0,0.0,,3,2,1,0,2,1,8884,1386,0.34,1.44,,,,,,,,,,annual,24305,,,,,,,,,,,,,0.49999999999999994,-0.8660254037844387,,332.6564534505208,26.3
Patani,Patani 3,2025-06,2025,6,,,0,332.6564534505208,6,26.3,31.35,23.27,26.57,30,0,0.0,0.0,0.0,,3,2,1,0,2,1,8884,1386,0.34,1.44,208.5365193684896,,,26.87,,,,,,annual,24306,,,,208.5365193684896,,,26.87,,,,,,1.2246467991473532e-16,-1.0,,255.7931111653646,25.12
Patani,Patani 3,2025-07,2025,7,,,0,255.7931111653646,6,25.12,29.94,22.03,25.39,31,0,0.0,0.0,0.0,,3,2,1,0,2,1,8884,1386,0.34,1.44,332.6564534505208,208.5365193684896,,26.3,26.87,,,,,annual,24307,,,,332.6564534505208,208.5365193684896,,26.3,26.87,,,,,-0.4999999999999997,-0.8660254037844388,,226.9034423828125,24.84
Patani,Patani 3,2025-08,2025,8,,,0,226.9034423828125,6,24.84,29.99,21.62,25.24,31,0,0.0,0.0,0.0,,3,2,1,0,2,1,8884,1386,0.34,1.44,255.7931111653646,332.6564534505208,208.5365193684896,25.12,26.3,26.87,,,,annual,24308,,,,255.7931111653646,332.6564534505208,208.5365193684896,25.12,26.3,26.87,,,,-0.8660254037844384,-0.5000000000000004,,354.5674641927083,25.29
Patani,Patani 3,2025-09,2025,9,,,0,354.5674641927083,6,25.29,30.73,22.44,25.61,30,0,0.0,0.0,0.0,,3,2,1,0,2,1,8884,1386,0.34,1.44,226.9034423828125,255.7931111653646,332.6564534505208,24.84,25.12,26.3,,,,annual,24309,,,,226.9034423828125,255.7931111653646,332.6564534505208,24.84,25.12,26.3,,,,-1.0,-1.8369701987210297e-16,,345.8709716796875,25.71
Patani,Patani 3,2025-10,2025,10,,,0,345.8709716796875,6,25.71,31.39,22.44,25.97,31,0,0.0,0.0,0.0,,3,2,1,0,2,1,8884,1386,0.34,1.44,354.5674641927083,226.9034423828125,255.7931111653646,25.29,24.84,25.12,,,,annual,24310,,,,354.5674641927083,226.9034423828125,255.7931111653646,25.29,24.84,25.12,,,,-0.8660254037844386,0.5000000000000001,,203.3933512369792,26.89
Patani,Patani 3,2025-11,2025,11,,,0,203.3933512369792,6,26.89,32.09,23.44,27.27,30,0,0.0,0.0,0.0,,3,2,1,0,2,1,8884,1386,0.34,1.44,345.8709716796875,354.5674641927083,226.9034423828125,25.71,25.29,24.84,,,,annual,24311,,,,345.8709716796875,354.5674641927083,226.9034423828125,25.71,25.29,24.84,,,,-0.5000000000000004,0.8660254037844384,,102.59951782226562,26.76
Patani,Patani 3,2025-12,2025,12,,,0,102.59951782226562,6,26.76,32.36,23.55,27.05,31,0,0.0,0.0,0.0,,3,2,1,0,2,1,8884,1386,0.34,1.44,203.3933512369792,345.8709716796875,354.5674641927083,26.89,25.71,25.29,,,,annual,24312,,,,203.3933512369792,345.8709716796875,354.5674641927083,26.89,25.71,25.29,,,,-2.4492935982947064e-16,1.0,,34.44261678059896,27.0
Patani,Patani 3,2026-01,2026,1,,,0,34.44261678059896,6,27.0,32.49,23.19,27.17,31,0,0.0,0.0,0.0,,3,2,1,0,2,1,8884,1386,0.34,1.44,102.59951782226562,203.3933512369792,345.8709716796875,26.76,26.89,25.71,,,,annual,24313,,,,102.59951782226562,203.3933512369792,345.8709716796875,26.76,26.89,25.71,,,,0.49999999999999994,0.8660254037844387,,108.28114827473958,27.18
Patani,Patani 3,2026-02,2026,2,,,0,108.28114827473958,6,27.18,34.28,23.27,27.38,28,0,0.0,0.0,0.0,,3,2,1,0,2,1,8884,1386,0.34,1.44,34.44261678059896,102.59951782226562,203.3933512369792,27.0,26.76,26.89,,,,annual,24314,,,,34.44261678059896,102.59951782226562,203.3933512369792,27.0,26.76,26.89,,,,0.8660254037844386,0.5000000000000001,,124.32356770833331,27.42
Patani,Patani 3,2026-03,2026,3,,,0,124.32356770833331,6,27.42,33.13,23.2,27.73,31,0,0.0,0.0,0.0,,3,2,1,0,2,1,8884,1386,0.34,1.44,108.28114827473958,34.44261678059896,102.59951782226562,27.18,27.0,26.76,,,,annual,24315,,,,108.28114827473958,34.44261678059896,102.59951782226562,27.18,27.0,26.76,,,,1.0,6.123233995736766e-17,,208.06636555989584,26.99
Patani,Patani 3,2026-04,2026,4,,,0,208.06636555989584,6,26.99,32.26,23.52,27.11,30,0,0.0,0.0,0.0,,3,2,1,0,2,1,8884,1386,0.34,1.44,124.32356770833331,108.28114827473958,34.44261678059896,27.42,27.18,27.0,,,,annual,24316,,,,124.32356770833331,108.28114827473958,34.44261678059896,27.42,27.18,27.0,,,,0.8660254037844387,-0.4999999999999998,,,
Patani,Patani 4,2025-05,2025,5,,,0,208.85501098632807,2,26.87,32.16,23.85,27.1,31,0,0.0,0.0,0.0,,3,3,0,0,3,0,11652,1818,0.26,1.65,,,,,,,,,,annual,24305,,,,,,,,,,,,,0.49999999999999994,-0.8660254037844387,,328.8348999023437,26.3
Patani,Patani 4,2025-06,2025,6,,,0,328.8348999023437,2,26.3,31.35,23.27,26.57,30,0,0.0,0.0,0.0,,3,3,0,0,3,0,11652,1818,0.26,1.65,208.85501098632807,,,26.87,,,,,,annual,24306,,,,208.85501098632807,,,26.87,,,,,,1.2246467991473532e-16,-1.0,,259.1488342285156,25.12
Patani,Patani 4,2025-07,2025,7,,,0,259.1488342285156,2,25.12,29.94,22.03,25.39,31,0,0.0,0.0,0.0,,3,3,0,0,3,0,11652,1818,0.26,1.65,328.8348999023437,208.85501098632807,,26.3,26.87,,,,,annual,24307,,,,328.8348999023437,208.85501098632807,,26.3,26.87,,,,,-0.4999999999999997,-0.8660254037844388,,225.2654724121093,24.84
Patani,Patani 4,2025-08,2025,8,,,0,225.2654724121093,2,24.84,29.99,21.62,25.24,31,0,0.0,0.0,0.0,,3,3,0,0,3,0,11652,1818,0.26,1.65,259.1488342285156,328.8348999023437,208.85501098632807,25.12,26.3,26.87,,,,annual,24308,,,,259.1488342285156,328.8348999023437,208.85501098632807,25.12,26.3,26.87,,,,-0.8660254037844384,-0.5000000000000004,,363.463623046875,25.29
Patani,Patani 4,2025-09,2025,9,,,0,363.463623046875,2,25.29,30.73,22.44,25.61,30,0,0.0,0.0,0.0,,3,3,0,0,3,0,11652,1818,0.26,1.65,225.2654724121093,259.1488342285156,328.8348999023437,24.84,25.12,26.3,,,,annual,24309,,,,225.2654724121093,259.1488342285156,328.8348999023437,24.84,25.12,26.3,,,,-1.0,-1.8369701987210297e-16,,344.25421142578125,25.71
Patani,Patani 4,2025-10,2025,10,,,0,344.25421142578125,2,25.71,31.39,22.44,25.97,31,0,0.0,0.0,0.0,,3,3,0,0,3,0,11652,1818,0.26,1.65,363.463623046875,225.2654724121093,259.1488342285156,25.29,24.84,25.12,,,,annual,24310,,,,363.463623046875,225.2654724121093,259.1488342285156,25.29,24.84,25.12,,,,-0.8660254037844386,0.5000000000000001,,204.35836791992188,26.89
Patani,Patani 4,2025-11,2025,11,,,0,204.35836791992188,2,26.89,32.09,23.44,27.27,30,0,0.0,0.0,0.0,,3,3,0,0,3,0,11652,1818,0.26,1.65,344.25421142578125,363.463623046875,225.2654724121093,25.71,25.29,24.84,,,,annual,24311,,,,344.25421142578125,363.463623046875,225.2654724121093,25.71,25.29,24.84,,,,-0.5000000000000004,0.8660254037844384,,111.2059326171875,26.76
Patani,Patani 4,2025-12,2025,12,,,0,111.2059326171875,2,26.76,32.36,23.55,27.05,31,0,0.0,0.0,0.0,,3,3,0,0,3,0,11652,1818,0.26,1.65,204.35836791992188,344.25421142578125,363.463623046875,26.89,25.71,25.29,,,,annual,24312,,,,204.35836791992188,344.25421142578125,363.463623046875,26.89,25.71,25.29,,,,-2.4492935982947064e-16,1.0,,35.64509582519531,27.0
Patani,Patani 4,2026-01,2026,1,,,0,35.64509582519531,2,27.0,32.49,23.19,27.17,31,0,0.0,0.0,0.0,,3,3,0,0,3,0,11652,1818,0.26,1.65,111.2059326171875,204.35836791992188,344.25421142578125,26.76,26.89,25.71,,,,annual,24313,,,,111.2059326171875,204.35836791992188,344.25421142578125,26.76,26.89,25.71,,,,0.49999999999999994,0.8660254037844387,,108.2935791015625,27.18
Patani,Patani 4,2026-02,2026,2,,,0,108.2935791015625,2,27.18,34.28,23.27,27.38,28,0,0.0,0.0,0.0,,3,3,0,0,3,0,11652,1818,0.26,1.65,35.64509582519531,111.2059326171875,204.35836791992188,27.0,26.76,26.89,,,,annual,24314,,,,35.64509582519531,111.2059326171875,204.35836791992188,27.0,26.76,26.89,,,,0.8660254037844386,0.5000000000000001,,127.52517700195312,27.42
Patani,Patani 4,2026-03,2026,3,,,0,127.52517700195312,2,27.42,33.13,23.2,27.73,31,0,0.0,0.0,0.0,,3,3,0,0,3,0,11652,1818,0.26,1.65,108.2935791015625,35.64509582519531,111.2059326171875,27.18,27.0,26.76,,,,annual,24315,,,,108.2935791015625,35.64509582519531,111.2059326171875,27.18,27.0,26.76,,,,1.0,6.123233995736766e-17,,205.4159545898437,26.99
Patani,Patani 4,2026-04,2026,4,,,0,205.4159545898437,2,26.99,32.26,23.52,27.11,30,0,0.0,0.0,0.0,,3,3,0,0,3,0,11652,1818,0.26,1.65,127.52517700195312,108.2935791015625,35.64509582519531,27.42,27.18,27.0,,,,annual,24316,,,,127.52517700195312,108.2935791015625,35.64509582519531,27.42,27.18,27.0,,,,0.8660254037844387,-0.4999999999999998,,,
Patani,Patani 5,2025-05,2025,5,1.6099191270768642e-05,16.099191270768642,2,209.9847935267857,7,26.87,32.16,23.85,27.1,31,0,0.0,0.0,0.0,,1,1,0,0,0,0,14362,2240,0.07,0.45,,,,,,,,,,annual,24305,,,,,,,,,,,,,0.49999999999999994,-0.8660254037844387,14.784543964196928,338.9232700892857,26.3
Patani,Patani 5,2025-06,2025,6,1.4784543964196928e-05,14.784543964196928,2,338.9232700892857,7,26.3,31.35,23.27,26.57,30,0,0.0,0.0,0.0,,1,1,0,0,0,0,14362,2240,0.07,0.45,209.9847935267857,,,26.87,,,,,,annual,24306,16.099191270768642,,,209.9847935267857,,,26.87,,,,,,1.2246467991473532e-16,-1.0,12.200865967315622,267.7371303013393,25.12
Patani,Patani 5,2025-07,2025,7,1.2200865967315622e-05,12.200865967315622,2,267.7371303013393,7,25.12,29.94,22.03,25.39,31,0,0.0,0.0,0.0,,1,1,0,0,0,0,14362,2240,0.07,0.45,338.9232700892857,209.9847935267857,,26.3,26.87,,,,,annual,24307,14.784543964196928,16.099191270768642,,338.9232700892857,209.9847935267857,,26.3,26.87,,,,,-0.4999999999999997,-0.8660254037844388,15.815829101484267,227.6630161830357,24.84
Patani,Patani 5,2025-08,2025,8,1.581582910148427e-05,15.815829101484267,2,227.6630161830357,7,24.84,29.99,21.62,25.24,31,0,0.0,0.0,0.0,,1,1,0,0,0,0,14362,2240,0.07,0.45,267.7371303013393,338.9232700892857,209.9847935267857,25.12,26.3,26.87,,,,annual,24308,12.200865967315622,14.784543964196928,16.099191270768642,267.7371303013393,338.9232700892857,209.9847935267857,25.12,26.3,26.87,,,,-0.8660254037844384,-0.5000000000000004,20.17477891058661,358.12220982142856,25.29
Patani,Patani 5,2025-09,2025,9,2.017477891058661e-05,20.17477891058661,2,358.12220982142856,7,25.29,30.73,22.44,25.61,30,0,0.0,0.0,0.0,,1,1,0,0,0,0,14362,2240,0.07,0.45,227.6630161830357,267.7371303013393,338.9232700892857,24.84,25.12,26.3,,,,annual,24309,15.815829101484267,12.200865967315622,14.784543964196928,227.6630161830357,267.7371303013393,338.9232700892857,24.84,25.12,26.3,,,,-1.0,-1.8369701987210297e-16,15.627294487785548,345.1414271763393,25.71
Patani,Patani 5,2025-10,2025,10,1.5627294487785548e-05,15.627294487785548,2,345.1414271763393,7,25.71,31.39,22.44,25.97,31,0,0.0,0.0,0.0,,1,1,0,0,0,0,14362,2240,0.07,0.45,358.12220982142856,227.6630161830357,267.7371303013393,25.29,24.84,25.12,,,,annual,24310,20.17477891058661,15.815829101484267,12.200865967315622,358.12220982142856,227.6630161830357,267.7371303013393,25.29,24.84,25.12,,,,-0.8660254037844386,0.5000000000000001,21.12523725372739,210.89568219866072,26.89
Patani,Patani 5,2025-11,2025,11,2.112523725372739e-05,21.12523725372739,2,210.89568219866072,7,26.89,32.09,23.44,27.27,30,0,0.0,0.0,0.0,,1,1,0,0,0,0,14362,2240,0.07,0.45,345.1414271763393,358.12220982142856,227.6630161830357,25.71,25.29,24.84,,,,annual,24311,15.627294487785548,20.17477891058661,15.815829101484267,345.1414271763393,358.12220982142856,227.6630161830357,25.71,25.29,24.84,,,,-0.5000000000000004,0.8660254037844384,48.92624565400183,118.93026297433036,26.76
Patani,Patani 5,2025-12,2025,12,4.892624565400183e-05,48.92624565400183,2,118.93026297433036,7,26.76,32.36,23.55,27.05,31,0,0.0,0.0,0.0,,1,1,0,0,0,0,14362,2240,0.07,0.45,210.89568219866072,345.1414271763393,358.12220982142856,26.89,25.71,25.29,,,,annual,24312,21.12523725372739,15.627294487785548,20.17477891058661,210.89568219866072,345.1414271763393,358.12220982142856,26.89,25.71,25.29,,,,-2.4492935982947064e-16,1.0,27.790105377789587,37.4765886579241,27.0
Patani,Patani 5,2026-01,2026,1,2.7790105377789587e-05,27.790105377789587,2,37.4765886579241,7,27.0,32.49,23.19,27.17,31,0,0.0,0.0,0.0,,1,1,0,0,0,0,14362,2240,0.07,0.45,118.93026297433036,210.89568219866072,345.1414271763393,26.76,26.89,25.71,,,,annual,24313,48.92624565400183,21.12523725372739,15.627294487785548,118.93026297433036,210.89568219866072,345.1414271763393,26.76,26.89,25.71,,,,0.49999999999999994,0.8660254037844387,22.106900360086,111.50209263392856,27.18
Patani,Patani 5,2026-02,2026,2,2.2106900360086e-05,22.106900360086,2,111.50209263392856,7,27.18,34.28,23.27,27.38,28,0,0.0,0.0,0.0,,1,1,0,0,0,0,14362,2240,0.07,0.45,37.4765886579241,118.93026297433036,210.89568219866072,27.0,26.76,26.89,,,,annual,24314,27.790105377789587,48.92624565400183,21.12523725372739,37.4765886579241,118.93026297433036,210.89568219866072,27.0,26.76,26.89,,,,0.8660254037844386,0.5000000000000001,24.4456732616527,129.24297223772322,27.42
Patani,Patani 5,2026-03,2026,3,2.44456732616527e-05,24.4456732616527,2,129.24297223772322,7,27.42,33.13,23.2,27.73,31,0,0.0,0.0,0.0,,1,1,0,0,0,0,14362,2240,0.07,0.45,111.50209263392856,37.4765886579241,118.93026297433036,27.18,27.0,26.76,,,,annual,24315,22.106900360086,27.790105377789587,48.92624565400183,111.50209263392856,37.4765886579241,118.93026297433036,27.18,27.0,26.76,,,,1.0,6.123233995736766e-17,27.71754225250333,204.3127964564732,26.99
Patani,Patani 5,2026-04,2026,4,2.771754225250333e-05,27.71754225250333,2,204.3127964564732,7,26.99,32.26,23.52,27.11,30,0,0.0,0.0,0.0,,1,1,0,0,0,0,14362,2240,0.07,0.45,129.24297223772322,111.50209263392856,37.4765886579241,27.42,27.18,27.0,,,,annual,24316,24.4456732616527,22.106900360086,27.790105377789587,129.24297223772322,111.50209263392856,37.4765886579241,27.42,27.18,27.0,,,,0.8660254037844387,-0.4999999999999998,,,
Patani,Toruangiama,2025-05,2025,5,1.521714511909522e-05,15.21714511909522,1,215.9212239583333,3,26.87,32.16,23.85,27.1,31,0,0.0,0.0,0.0,,1,1,0,0,1,0,3954,617,0.25,1.62,,,,,,,,,,annual,24305,,,,,,,,,,,,,0.49999999999999994,-0.8660254037844387,13.010900147492066,339.03354899088544,26.3
Patani,Toruangiama,2025-06,2025,6,1.3010900147492066e-05,13.010900147492066,1,339.03354899088544,3,26.3,31.35,23.27,26.57,30,0,0.0,0.0,0.0,,1,1,0,0,1,0,3954,617,0.25,1.62,215.9212239583333,,,26.87,,,,,,annual,24306,15.21714511909522,,,215.9212239583333,,,26.87,,,,,,1.2246467991473532e-16,-1.0,11.950020962103736,289.3108317057292,25.12
Patani,Toruangiama,2025-07,2025,7,1.1950020962103736e-05,11.950020962103736,1,289.3108317057292,3,25.12,29.94,22.03,25.39,31,0,0.0,0.0,0.0,,1,1,0,0,1,0,3954,617,0.25,1.62,339.03354899088544,215.9212239583333,,26.3,26.87,,,,,annual,24307,13.010900147492066,15.21714511909522,,339.03354899088544,215.9212239583333,,26.3,26.87,,,,,-0.4999999999999997,-0.8660254037844388,15.440011338796468,229.89373779296875,24.84
Patani,Toruangiama,2025-08,2025,8,1.5440011338796467e-05,15.440011338796468,1,229.89373779296875,3,24.84,29.99,21.62,25.24,31,0,0.0,0.0,0.0,,1,1,0,0,1,0,3954,617,0.25,1.62,289.3108317057292,339.03354899088544,215.9212239583333,25.12,26.3,26.87,,,,annual,24308,11.950020962103736,13.010900147492066,15.21714511909522,289.3108317057292,339.03354899088544,215.9212239583333,25.12,26.3,26.87,,,,-0.8660254037844384,-0.5000000000000004,17.597481928532943,373.5558675130208,25.29
Patani,Toruangiama,2025-09,2025,9,1.7597481928532943e-05,17.597481928532943,1,373.5558675130208,3,25.29,30.73,22.44,25.61,30,0,0.0,0.0,0.0,,1,1,0,0,1,0,3954,617,0.25,1.62,229.89373779296875,289.3108317057292,339.03354899088544,24.84,25.12,26.3,,,,annual,24309,15.440011338796468,11.950020962103736,13.010900147492066,229.89373779296875,289.3108317057292,339.03354899088544,24.84,25.12,26.3,,,,-1.0,-1.8369701987210297e-16,15.220105524349492,377.5958658854167,25.71
Patani,Toruangiama,2025-10,2025,10,1.5220105524349492e-05,15.220105524349492,1,377.5958658854167,3,25.71,31.39,22.44,25.97,31,0,0.0,0.0,0.0,,1,1,0,0,1,0,3954,617,0.25,1.62,373.5558675130208,229.89373779296875,289.3108317057292,25.29,24.84,25.12,,,,annual,24310,17.597481928532943,15.440011338796468,11.950020962103736,373.5558675130208,229.89373779296875,289.3108317057292,25.29,24.84,25.12,,,,-0.8660254037844386,0.5000000000000001,14.794921298744155,224.2010091145833,26.89
Patani,Toruangiama,2025-11,2025,11,1.4794921298744155e-05,14.794921298744155,1,224.2010091145833,3,26.89,32.09,23.44,27.27,30,0,0.0,0.0,0.0,,1,1,0,0,1,0,3954,617,0.25,1.62,377.5958658854167,373.5558675130208,229.89373779296875,25.71,25.29,24.84,,,,annual,24311,15.220105524349492,17.597481928532943,15.440011338796468,377.5958658854167,373.5558675130208,229.89373779296875,25.71,25.29,24.84,,,,-0.5000000000000004,0.8660254037844384,49.42393570672721,142.01350911458334,26.76
Patani,Toruangiama,2025-12,2025,12,4.942393570672721e-05,49.42393570672721,1,142.01350911458334,3,26.76,32.36,23.55,27.05,31,0,0.0,0.0,0.0,,1,1,0,0,1,0,3954,617,0.25,1.62,224.2010091145833,377.5958658854167,373.5558675130208,26.89,25.71,25.29,,,,annual,24312,14.794921298744155,15.220105524349492,17.597481928532943,224.2010091145833,377.5958658854167,373.5558675130208,26.89,25.71,25.29,,,,-2.4492935982947064e-16,1.0,29.85281389555894,43.47567240397135,27.0
Patani,Toruangiama,2026-01,2026,1,2.985281389555894e-05,29.85281389555894,1,43.47567240397135,3,27.0,32.49,23.19,27.17,31,0,0.0,0.0,0.0,,1,1,0,0,1,0,3954,617,0.25,1.62,142.01350911458334,224.2010091145833,377.5958658854167,26.76,26.89,25.71,,,,annual,24313,49.42393570672721,14.794921298744155,15.220105524349492,142.01350911458334,224.2010091145833,377.5958658854167,26.76,26.89,25.71,,,,0.49999999999999994,0.8660254037844387,25.95695696072653,124.28727213541669,27.18
Patani,Toruangiama,2026-02,2026,2,2.595695696072653e-05,25.95695696072653,1,124.28727213541669,3,27.18,34.28,23.27,27.38,28,0,0.0,0.0,0.0,,1,1,0,0,1,0,3954,617,0.25,1.62,43.47567240397135,142.01350911458334,224.2010091145833,27.0,26.76,26.89,,,,annual,24314,29.85281389555894,49.42393570672721,14.794921298744155,43.47567240397135,142.01350911458334,224.2010091145833,27.0,26.76,26.89,,,,0.8660254037844386,0.5000000000000001,28.333026421023533,134.2466023763021,27.42
Patani,Toruangiama,2026-03,2026,3,2.8333026421023533e-05,28.333026421023533,1,134.2466023763021,3,27.42,33.13,23.2,27.73,31,0,0.0,0.0,0.0,,1,1,0,0,1,0,3954,617,0.25,1.62,124.28727213541669,43.47567240397135,142.01350911458334,27.18,27.0,26.76,,,,annual,24315,25.95695696072653,29.85281389555894,49.42393570672721,124.28727213541669,43.47567240397135,142.01350911458334,27.18,27.0,26.76,,,,1.0,6.123233995736766e-17,27.261105060460977,201.7483317057292,26.99
Patani,Toruangiama,2026-04,2026,4,2.7261105060460977e-05,27.261105060460977,1,201.7483317057292,3,26.99,32.26,23.52,27.11,30,0,0.0,0.0,0.0,,1,1,0,0,1,0,3954,617,0.25,1.62,134.2466023763021,124.28727213541669,43.47567240397135,27.42,27.18,27.0,,,,annual,24316,28.333026421023533,25.95695696072653,29.85281389555894,134.2466023763021,124.28727213541669,43.47567240397135,27.42,27.18,27.0,,,,0.8660254037844387,-0.4999999999999998,,,
Patani,Uduophori,2025-05,2025,5,1.5330795577028766e-05,15.330795577028766,2,218.15947265625,5,26.87,32.16,23.85,27.1,31,0,0.0,0.0,0.0,,1,1,0,0,1,0,11089,1730,0.09,0.58,,,,,,,,,,annual,24305,,,,,,,,,,,,,0.49999999999999994,-0.8660254037844387,12.77221781492699,327.4927001953125,26.3
Patani,Uduophori,2025-06,2025,6,1.277221781492699e-05,12.77221781492699,2,327.4927001953125,5,26.3,31.35,23.27,26.57,30,0,0.0,0.0,0.0,,1,1,0,0,1,0,11089,1730,0.09,0.58,218.15947265625,,,26.87,,,,,,annual,24306,15.330795577028766,,,218.15947265625,,,26.87,,,,,,1.2246467991473532e-16,-1.0,11.299302968836855,273.336572265625,25.12
Patani,Uduophori,2025-07,2025,7,1.1299302968836857e-05,11.299302968836855,2,273.336572265625,5,25.12,29.94,22.03,25.39,31,0,0.0,0.0,0.0,,1,1,0,0,1,0,11089,1730,0.09,0.58,327.4927001953125,218.15947265625,,26.3,26.87,,,,,annual,24307,12.77221781492699,15.330795577028766,,327.4927001953125,218.15947265625,,26.3,26.87,,,,,-0.4999999999999997,-0.8660254037844388,13.695409506908618,220.382666015625,24.84
Patani,Uduophori,2025-08,2025,8,1.3695409506908618e-05,13.695409506908618,2,220.382666015625,5,24.84,29.99,21.62,25.24,31,0,0.0,0.0,0.0,,1,1,0,0,1,0,11089,1730,0.09,0.58,273.336572265625,327.4927001953125,218.15947265625,25.12,26.3,26.87,,,,annual,24308,11.299302968836855,12.77221781492699,15.330795577028766,273.336572265625,327.4927001953125,218.15947265625,25.12,26.3,26.87,,,,-0.8660254037844384,-0.5000000000000004,17.7330948645249,371.28466796875,25.29
Patani,Uduophori,2025-09,2025,9,1.77330948645249e-05,17.7330948645249,2,371.28466796875,5,25.29,30.73,22.44,25.61,30,0,0.0,0.0,0.0,,1,1,0,0,1,0,11089,1730,0.09,0.58,220.382666015625,273.336572265625,327.4927001953125,24.84,25.12,26.3,,,,annual,24309,13.695409506908618,11.299302968836855,12.77221781492699,220.382666015625,273.336572265625,327.4927001953125,24.84,25.12,26.3,,,,-1.0,-1.8369701987210297e-16,13.029008187004363,376.07021484375,25.71
Patani,Uduophori,2025-10,2025,10,1.3029008187004363e-05,13.029008187004363,2,376.07021484375,5,25.71,31.39,22.44,25.97,31,0,0.0,0.0,0.0,,1,1,0,0,1,0,11089,1730,0.09,0.58,371.28466796875,220.382666015625,273.336572265625,25.29,24.84,25.12,,,,annual,24310,17.7330948645249,13.695409506908618,11.299302968836855,371.28466796875,220.382666015625,273.336572265625,25.29,24.84,25.12,,,,-0.8660254037844386,0.5000000000000001,16.92079968051985,221.823828125,26.89
Patani,Uduophori,2025-11,2025,11,1.692079968051985e-05,16.92079968051985,2,221.823828125,5,26.89,32.09,23.44,27.27,30,0,0.0,0.0,0.0,,1,1,0,0,1,0,11089,1730,0.09,0.58,376.07021484375,371.28466796875,220.382666015625,25.71,25.29,24.84,,,,annual,24311,13.029008187004363,17.7330948645249,13.695409506908618,376.07021484375,371.28466796875,220.382666015625,25.71,25.29,24.84,,,,-0.5000000000000004,0.8660254037844384,61.00885366322473,137.9588134765625,26.76
Patani,Uduophori,2025-12,2025,12,6.100885366322473e-05,61.00885366322473,2,137.9588134765625,5,26.76,32.36,23.55,27.05,31,0,0.0,0.0,0.0,,1,1,0,0,1,0,11089,1730,0.09,0.58,221.823828125,376.07021484375,371.28466796875,26.89,25.71,25.29,,,,annual,24312,16.92079968051985,13.029008187004363,17.7330948645249,221.823828125,376.07021484375,371.28466796875,26.89,25.71,25.29,,,,-2.4492935982947064e-16,1.0,25.859018933260813,42.93334655761719,27.0
Patani,Uduophori,2026-01,2026,1,2.5859018933260813e-05,25.859018933260813,2,42.93334655761719,5,27.0,32.49,23.19,27.17,31,0,0.0,0.0,0.0,,1,1,0,0,1,0,11089,1730,0.09,0.58,137.9588134765625,221.823828125,376.07021484375,26.76,26.89,25.71,,,,annual,24313,61.00885366322473,16.92079968051985,13.029008187004363,137.9588134765625,221.823828125,376.07021484375,26.76,26.89,25.71,,,,0.49999999999999994,0.8660254037844387,25.30958954594098,129.4412841796875,27.18
Patani,Uduophori,2026-02,2026,2,2.530958954594098e-05,25.30958954594098,2,129.4412841796875,5,27.18,34.28,23.27,27.38,28,0,0.0,0.0,0.0,,1,1,0,0,1,0,11089,1730,0.09,0.58,42.93334655761719,137.9588134765625,221.823828125,27.0,26.76,26.89,,,,annual,24314,25.859018933260813,61.00885366322473,16.92079968051985,42.93334655761719,137.9588134765625,221.823828125,27.0,26.76,26.89,,,,0.8660254037844386,0.5000000000000001,21.14532071573194,139.014208984375,27.42
Patani,Uduophori,2026-03,2026,3,2.114532071573194e-05,21.14532071573194,2,139.014208984375,5,27.42,33.13,23.2,27.73,31,0,0.0,0.0,0.0,,1,1,0,0,1,0,11089,1730,0.09,0.58,129.4412841796875,42.93334655761719,137.9588134765625,27.18,27.0,26.76,,,,annual,24315,25.30958954594098,25.859018933260813,61.00885366322473,129.4412841796875,42.93334655761719,137.9588134765625,27.18,27.0,26.76,,,,1.0,6.123233995736766e-17,21.03194674418773,204.271484375,26.99
Patani,Uduophori,2026-04,2026,4,2.103194674418773e-05,21.03194674418773,2,204.271484375,5,26.99,32.26,23.52,27.11,30,0,0.0,0.0,0.0,,1,1,0,0,1,0,11089,1730,0.09,0.58,139.014208984375,129.4412841796875,42.93334655761719,27.42,27.18,27.0,,,,annual,24316,21.14532071573194,25.30958954594098,25.859018933260813,139.014208984375,129.4412841796875,42.93334655761719,27.42,27.18,27.0,,,,0.8660254037844387,-0.4999999999999998,,,
Warri South,Avenue,2025-05,2025,5,,,0,189.5541534423828,2,26.71,31.96,24.0,26.78,31,0,0.0,0.0,0.0,,7,7,0,0,1,4,23961,3738,0.29,1.87,,,,,,,0.6022781120551811,0.7106849224458185,0.7106849224458185,monthly,24305,,,,,,,,,,,,,0.49999999999999994,-0.8660254037844387,,280.0701904296875,26.05
Warri South,Avenue,2025-06,2025,6,,,0,280.0701904296875,2,26.05,30.65,23.16,26.12,30,0,0.0,0.0,0.0,,7,7,0,0,1,4,23961,3738,0.29,1.87,189.5541534423828,,,26.71,,,0.6022781120551811,0.7085897109087775,0.7085897109087775,monthly,24306,,,,189.5541534423828,,,26.71,,,0.7106849224458185,,,1.2246467991473532e-16,-1.0,,348.10662841796875,24.93
Warri South,Avenue,2025-07,2025,7,,,0,348.10662841796875,2,24.93,29.47,22.12,25.02,31,0,0.0,0.0,0.0,,7,7,0,0,1,4,23961,3738,0.29,1.87,280.0701904296875,189.5541534423828,,26.05,26.71,,0.6022781120551811,,0.6022781120551811,annual,24307,,,,280.0701904296875,189.5541534423828,,26.05,26.71,,0.7085897109087775,0.7106849224458185,,-0.4999999999999997,-0.8660254037844388,,172.716552734375,24.67
Warri South,Avenue,2025-08,2025,8,,,0,172.716552734375,2,24.67,29.85,21.72,24.79,31,0,0.0,0.0,0.0,,7,7,0,0,1,4,23961,3738,0.29,1.87,348.10662841796875,280.0701904296875,189.5541534423828,24.93,26.05,26.71,0.6022781120551811,,0.6022781120551811,annual,24308,,,,348.10662841796875,280.0701904296875,189.5541534423828,24.93,26.05,26.71,0.6022781120551811,0.7085897109087775,0.7106849224458185,-0.8660254037844384,-0.5000000000000004,,385.24029541015625,25.19
Warri South,Avenue,2025-09,2025,9,,,0,385.24029541015625,2,25.19,30.78,22.28,25.29,30,0,0.0,0.0,0.0,,7,7,0,0,1,4,23961,3738,0.29,1.87,172.716552734375,348.10662841796875,280.0701904296875,24.67,24.93,26.05,0.6022781120551811,,0.6022781120551811,annual,24309,,,,172.716552734375,348.10662841796875,280.0701904296875,24.67,24.93,26.05,0.6022781120551811,0.6022781120551811,0.7085897109087775,-1.0,-1.8369701987210297e-16,,381.1121215820313,25.66
Warri South,Avenue,2025-10,2025,10,,,0,381.1121215820313,2,25.66,31.23,22.4,25.72,31,0,0.0,0.0,0.0,,7,7,0,0,1,4,23961,3738,0.29,1.87,385.24029541015625,172.716552734375,348.10662841796875,25.19,24.67,24.93,0.6022781120551811,,0.6022781120551811,annual,24310,,,,385.24029541015625,172.716552734375,348.10662841796875,25.19,24.67,24.93,0.6022781120551811,0.6022781120551811,0.6022781120551811,-0.8660254037844386,0.5000000000000001,,209.19512939453125,26.76
Warri South,Avenue,2025-11,2025,11,,,0,209.19512939453125,2,26.76,32.28,23.2,26.85,30,0,0.0,0.0,0.0,,7,7,0,0,1,4,23961,3738,0.29,1.87,381.1121215820313,385.24029541015625,172.716552734375,25.66,25.19,24.67,0.6022781120551811,,0.6022781120551811,annual,24311,,,,381.1121215820313,385.24029541015625,172.716552734375,25.66,25.19,24.67,0.6022781120551811,0.6022781120551811,0.6022781120551811,-0.5000000000000004,0.8660254037844384,,106.63138580322266,26.67
Warri South,Avenue,2025-12,2025,12,,,0,106.63138580322266,2,26.67,32.28,23.6,26.75,31,0,0.0,0.0,0.0,,7,7,0,0,1,4,23961,3738,0.29,1.87,209.19512939453125,381.1121215820313,385.24029541015625,26.76,25.66,25.19,0.6022781120551811,,0.6022781120551811,annual,24312,,,,209.19512939453125,381.1121215820313,385.24029541015625,26.76,25.66,25.19,0.6022781120551811,0.6022781120551811,0.6022781120551811,-2.4492935982947064e-16,1.0,,22.558666229248047,26.93
Warri South,Avenue,2026-01,2026,1,,,0,22.558666229248047,2,26.93,32.79,22.84,26.96,31,0,0.0,0.0,0.0,,7,7,0,0,1,4,23961,3738,0.29,1.87,106.63138580322266,209.19512939453125,381.1121215820313,26.67,26.76,25.66,0.6022781120551811,,0.6022781120551811,annual,24313,,,,106.63138580322266,209.19512939453125,381.1121215820313,26.67,26.76,25.66,0.6022781120551811,0.6022781120551811,0.6022781120551811,0.49999999999999994,0.8660254037844387,,120.6004638671875,27.03
Warri South,Avenue,2026-02,2026,2,,,0,120.6004638671875,2,27.03,34.25,23.16,27.04,28,0,0.0,0.0,0.0,,7,7,0,0,1,4,23961,3738,0.29,1.87,22.558666229248047,106.63138580322266,209.19512939453125,26.93,26.67,26.76,0.6022781120551811,,0.6022781120551811,annual,24314,,,,22.558666229248047,106.63138580322266,209.19512939453125,26.93,26.67,26.76,0.6022781120551811,0.6022781120551811,0.6022781120551811,0.8660254037844386,0.5000000000000001,,128.4189453125,27.49
Warri South,Avenue,2026-03,2026,3,,,0,128.4189453125,2,27.49,33.49,23.29,27.57,31,0,0.0,0.0,0.0,,7,7,0,0,1,4,23961,3738,0.29,1.87,120.6004638671875,22.558666229248047,106.63138580322266,27.03,26.93,26.67,0.6022781120551811,,0.6022781120551811,annual,24315,,,,120.6004638671875,22.558666229248047,106.63138580322266,27.03,26.93,26.67,0.6022781120551811,0.6022781120551811,0.6022781120551811,1.0,6.123233995736766e-17,,188.591049194336,27.4
Warri South,Avenue,2026-04,2026,4,,,0,188.591049194336,2,27.4,32.26,23.5,27.69,30,0,0.0,0.0,0.0,,7,7,0,0,1,4,23961,3738,0.29,1.87,128.4189453125,120.6004638671875,22.558666229248047,27.49,27.03,26.93,0.6022781120551811,0.8119782355138127,0.8119782355138127,monthly,24316,,,,128.4189453125,120.6004638671875,22.558666229248047,27.49,27.03,26.93,0.6022781120551811,0.6022781120551811,0.6022781120551811,0.8660254037844387,-0.4999999999999998,,,
Warri South,Bowen,2025-05,2025,5,,,0,192.8863220214844,2,26.71,31.96,24.0,26.78,31,0,0.0,0.0,0.0,,5,4,0,1,0,2,0,0,0.0,0.0,,,,,,,0.6430069708055065,0.715658768363621,0.715658768363621,monthly,24305,,,,,,,,,,,,,0.49999999999999994,-0.8660254037844387,,288.9009094238281,26.05
Warri South,Bowen,2025-06,2025,6,,,0,288.9009094238281,2,26.05,30.65,23.16,26.12,30,0,0.0,0.0,0.0,,5,4,0,1,0,2,0,0,0.0,0.0,192.8863220214844,,,26.71,,,0.6430069708055065,,0.6430069708055065,annual,24306,,,,192.8863220214844,,,26.71,,,0.715658768363621,,,1.2246467991473532e-16,-1.0,,336.4606018066406,24.93
Warri South,Bowen,2025-07,2025,7,,,0,336.4606018066406,2,24.93,29.47,22.12,25.02,31,0,0.0,0.0,0.0,,5,4,0,1,0,2,0,0,0.0,0.0,288.9009094238281,192.8863220214844,,26.05,26.71,,0.6430069708055065,,0.6430069708055065,annual,24307,,,,288.9009094238281,192.8863220214844,,26.05,26.71,,0.6430069708055065,0.715658768363621,,-0.4999999999999997,-0.8660254037844388,,183.21694946289065,24.67
Warri South,Bowen,2025-08,2025,8,,,0,183.21694946289065,2,24.67,29.85,21.72,24.79,31,0,0.0,0.0,0.0,,5,4,0,1,0,2,0,0,0.0,0.0,336.4606018066406,288.9009094238281,192.8863220214844,24.93,26.05,26.71,0.6430069708055065,,0.6430069708055065,annual,24308,,,,336.4606018066406,288.9009094238281,192.8863220214844,24.93,26.05,26.71,0.6430069708055065,0.6430069708055065,0.715658768363621,-0.8660254037844384,-0.5000000000000004,,382.9371643066406,25.19
Warri South,Bowen,2025-09,2025,9,,,0,382.9371643066406,2,25.19,30.78,22.28,25.29,30,0,0.0,0.0,0.0,,5,4,0,1,0,2,0,0,0.0,0.0,183.21694946289065,336.4606018066406,288.9009094238281,24.67,24.93,26.05,0.6430069708055065,,0.6430069708055065,annual,24309,,,,183.21694946289065,336.4606018066406,288.9009094238281,24.67,24.93,26.05,0.6430069708055065,0.6430069708055065,0.6430069708055065,-1.0,-1.8369701987210297e-16,,383.17138671875,25.66
Warri South,Bowen,2025-10,2025,10,,,0,383.17138671875,2,25.66,31.23,22.4,25.72,31,0,0.0,0.0,0.0,,5,4,0,1,0,2,0,0,0.0,0.0,382.9371643066406,183.21694946289065,336.4606018066406,25.19,24.67,24.93,0.6430069708055065,,0.6430069708055065,annual,24310,,,,382.9371643066406,183.21694946289065,336.4606018066406,25.19,24.67,24.93,0.6430069708055065,0.6430069708055065,0.6430069708055065,-0.8660254037844386,0.5000000000000001,,209.4985809326172,26.76
Warri South,Bowen,2025-11,2025,11,,,0,209.4985809326172,2,26.76,32.28,23.2,26.85,30,0,0.0,0.0,0.0,,5,4,0,1,0,2,0,0,0.0,0.0,383.17138671875,382.9371643066406,183.21694946289065,25.66,25.19,24.67,0.6430069708055065,,0.6430069708055065,annual,24311,,,,383.17138671875,382.9371643066406,183.21694946289065,25.66,25.19,24.67,0.6430069708055065,0.6430069708055065,0.6430069708055065,-0.5000000000000004,0.8660254037844384,,113.78817749023438,26.67
Warri South,Bowen,2025-12,2025,12,,,0,113.78817749023438,2,26.67,32.28,23.6,26.75,31,0,0.0,0.0,0.0,,5,4,0,1,0,2,0,0,0.0,0.0,209.4985809326172,383.17138671875,382.9371643066406,26.76,25.66,25.19,0.6430069708055065,,0.6430069708055065,annual,24312,,,,209.4985809326172,383.17138671875,382.9371643066406,26.76,25.66,25.19,0.6430069708055065,0.6430069708055065,0.6430069708055065,-2.4492935982947064e-16,1.0,,25.41535186767578,26.93
Warri South,Bowen,2026-01,2026,1,,,0,25.41535186767578,2,26.93,32.79,22.84,26.96,31,0,0.0,0.0,0.0,,5,4,0,1,0,2,0,0,0.0,0.0,113.78817749023438,209.4985809326172,383.17138671875,26.67,26.76,25.66,0.6430069708055065,,0.6430069708055065,annual,24313,,,,113.78817749023438,209.4985809326172,383.17138671875,26.67,26.76,25.66,0.6430069708055065,0.6430069708055065,0.6430069708055065,0.49999999999999994,0.8660254037844387,,116.08522033691406,27.03
Warri South,Bowen,2026-02,2026,2,,,0,116.08522033691406,2,27.03,34.25,23.16,27.04,28,0,0.0,0.0,0.0,,5,4,0,1,0,2,0,0,0.0,0.0,25.41535186767578,113.78817749023438,209.4985809326172,26.93,26.67,26.76,0.6430069708055065,,0.6430069708055065,annual,24314,,,,25.41535186767578,113.78817749023438,209.4985809326172,26.93,26.67,26.76,0.6430069708055065,0.6430069708055065,0.6430069708055065,0.8660254037844386,0.5000000000000001,,125.35456848144533,27.49
Warri South,Bowen,2026-03,2026,3,,,0,125.35456848144533,2,27.49,33.49,23.29,27.57,31,0,0.0,0.0,0.0,,5,4,0,1,0,2,0,0,0.0,0.0,116.08522033691406,25.41535186767578,113.78817749023438,27.03,26.93,26.67,0.6430069708055065,,0.6430069708055065,annual,24315,,,,116.08522033691406,25.41535186767578,113.78817749023438,27.03,26.93,26.67,0.6430069708055065,0.6430069708055065,0.6430069708055065,1.0,6.123233995736766e-17,,192.98977661132807,27.4
Warri South,Bowen,2026-04,2026,4,,,0,192.98977661132807,2,27.4,32.26,23.5,27.69,30,0,0.0,0.0,0.0,,5,4,0,1,0,2,0,0,0.0,0.0,125.35456848144533,116.08522033691406,25.41535186767578,27.49,27.03,26.93,0.6430069708055065,0.8412151336669922,0.8412151336669922,monthly,24316,,,,125.35456848144533,116.08522033691406,25.41535186767578,27.49,27.03,26.93,0.6430069708055065,0.6430069708055065,0.6430069708055065,0.8660254037844387,-0.4999999999999998,,,
Warri South,Ekurede,2025-05,2025,5,2.481072260707151e-05,24.81072260707151,1,191.1578369140625,4,26.71,31.96,24.0,26.78,31,0,0.0,0.0,0.0,,12,11,0,1,4,6,78506,12247,0.15,0.9,,,,,,,0.554306148558624,0.7017512919739907,0.7017512919739907,monthly,24305,,,,,,,,,,,,,0.49999999999999994,-0.8660254037844387,19.634710042737424,295.5311889648437,26.05
Warri South,Ekurede,2025-06,2025,6,1.9634710042737424e-05,19.634710042737424,1,295.5311889648437,4,26.05,30.65,23.16,26.12,30,0,0.0,0.0,0.0,,12,11,0,1,4,6,78506,12247,0.15,0.9,191.1578369140625,,,26.71,,,0.554306148558624,0.7240736670978057,0.7240736670978057,monthly,24306,24.81072260707151,,,191.1578369140625,,,26.71,,,0.7017512919739907,,,1.2246467991473532e-16,-1.0,14.911488506186288,352.6967163085937,24.93
Warri South,Ekurede,2025-07,2025,7,1.4911488506186288e-05,14.911488506186288,1,352.6967163085937,4,24.93,29.47,22.12,25.02,31,0,0.0,0.0,0.0,,12,11,0,1,4,6,78506,12247,0.15,0.9,295.5311889648437,191.1578369140625,,26.05,26.71,,0.554306148558624,,0.554306148558624,annual,24307,19.634710042737424,24.81072260707151,,295.5311889648437,191.1578369140625,,26.05,26.71,,0.7240736670978057,0.7017512919739907,,-0.4999999999999997,-0.8660254037844388,16.100409993669018,168.28187561035156,24.67
Warri South,Ekurede,2025-08,2025,8,1.6100409993669018e-05,16.100409993669018,1,168.28187561035156,4,24.67,29.85,21.72,24.79,31,0,0.0,0.0,0.0,,12,11,0,1,4,6,78506,12247,0.15,0.9,352.6967163085937,295.5311889648437,191.1578369140625,24.93,26.05,26.71,0.554306148558624,,0.554306148558624,annual,24308,14.911488506186288,19.634710042737424,24.81072260707151,352.6967163085937,295.5311889648437,191.1578369140625,24.93,26.05,26.71,0.554306148558624,0.7240736670978057,0.7017512919739907,-0.8660254037844384,-0.5000000000000004,24.307923013111576,385.3800048828125,25.19
Warri South,Ekurede,2025-09,2025,9,2.4307923013111576e-05,24.307923013111576,1,385.3800048828125,4,25.19,30.78,22.28,25.29,30,0,0.0,0.0,0.0,,12,11,0,1,4,6,78506,12247,0.15,0.9,168.28187561035156,352.6967163085937,295.5311889648437,24.67,24.93,26.05,0.554306148558624,,0.554306148558624,annual,24309,16.100409993669018,14.911488506186288,19.634710042737424,168.28187561035156,352.6967163085937,295.5311889648437,24.67,24.93,26.05,0.554306148558624,0.554306148558624,0.7240736670978057,-1.0,-1.8369701987210297e-16,30.236533348215744,377.798583984375,25.66
Warri South,Ekurede,2025-10,2025,10,3.0236533348215744e-05,30.236533348215744,1,377.798583984375,4,25.66,31.23,22.4,25.72,31,0,0.0,0.0,0.0,,12,11,0,1,4,6,78506,12247,0.15,0.9,385.3800048828125,168.28187561035156,352.6967163085937,25.19,24.67,24.93,0.554306148558624,,0.554306148558624,annual,24310,24.307923013111576,16.100409993669018,14.911488506186288,385.3800048828125,168.28187561035156,352.6967163085937,25.19,24.67,24.93,0.554306148558624,0.554306148558624,0.554306148558624,-0.8660254037844386,0.5000000000000001,28.36625935742632,201.1902008056641,26.76
Warri South,Ekurede,2025-11,2025,11,2.836625935742632e-05,28.36625935742632,1,201.1902008056641,4,26.76,32.28,23.2,26.85,30,0,0.0,0.0,0.0,,12,11,0,1,4,6,78506,12247,0.15,0.9,377.798583984375,385.3800048828125,168.28187561035156,25.66,25.19,24.67,0.554306148558624,,0.554306148558624,annual,24311,30.236533348215744,24.307923013111576,16.100409993669018,377.798583984375,385.3800048828125,168.28187561035156,25.66,25.19,24.67,0.554306148558624,0.554306148558624,0.554306148558624,-0.5000000000000004,0.8660254037844384,40.31574644614011,103.29949951171876,26.67
Warri South,Ekurede,2025-12,2025,12,4.031574644614011e-05,40.31574644614011,1,103.29949951171876,4,26.67,32.28,23.6,26.75,31,0,0.0,0.0,0.0,,12,11,0,1,4,6,78506,12247,0.15,0.9,201.1902008056641,377.798583984375,385.3800048828125,26.76,25.66,25.19,0.554306148558624,,0.554306148558624,annual,24312,28.36625935742632,30.236533348215744,24.307923013111576,201.1902008056641,377.798583984375,385.3800048828125,26.76,25.66,25.19,0.554306148558624,0.554306148558624,0.554306148558624,-2.4492935982947064e-16,1.0,41.47040817770176,22.64599800109864,26.93
Warri South,Ekurede,2026-01,2026,1,4.147040817770176e-05,41.47040817770176,1,22.64599800109864,4,26.93,32.79,22.84,26.96,31,0,0.0,0.0,0.0,,12,11,0,1,4,6,78506,12247,0.15,0.9,103.29949951171876,201.1902008056641,377.798583984375,26.67,26.76,25.66,0.554306148558624,,0.554306148558624,annual,24313,40.31574644614011,28.36625935742632,30.236533348215744,103.29949951171876,201.1902008056641,377.798583984375,26.67,26.76,25.66,0.554306148558624,0.554306148558624,0.554306148558624,0.49999999999999994,0.8660254037844387,39.16254354408011,117.77931213378906,27.03
Warri South,Ekurede,2026-02,2026,2,3.916254354408011e-05,39.16254354408011,1,117.77931213378906,4,27.03,34.25,23.16,27.04,28,0,0.0,0.0,0.0,,12,11,0,1,4,6,78506,12247,0.15,0.9,22.64599800109864,103.29949951171876,201.1902008056641,26.93,26.67,26.76,0.554306148558624,,0.554306148558624,annual,24314,41.47040817770176,40.31574644614011,28.36625935742632,22.64599800109864,103.29949951171876,201.1902008056641,26.93,26.67,26.76,0.554306148558624,0.554306148558624,0.554306148558624,0.8660254037844386,0.5000000000000001,35.241024306742474,126.59489440917967,27.49
Warri South,Ekurede,2026-03,2026,3,3.5241024306742474e-05,35.241024306742474,1,126.59489440917967,4,27.49,33.49,23.29,27.57,31,0,0.0,0.0,0.0,,12,11,0,1,4,6,78506,12247,0.15,0.9,117.77931213378906,22.64599800109864,103.29949951171876,27.03,26.93,26.67,0.554306148558624,,0.554306148558624,annual,24315,39.16254354408011,41.47040817770176,40.31574644614011,117.77931213378906,22.64599800109864,103.29949951171876,27.03,26.93,26.67,0.554306148558624,0.554306148558624,0.554306148558624,1.0,6.123233995736766e-17,33.318265195703134,191.34280395507807,27.4
Warri South,Ekurede,2026-04,2026,4,3.3318265195703134e-05,33.318265195703134,1,191.34280395507807,4,27.4,32.26,23.5,27.69,30,0,0.0,0.0,0.0,,12,11,0,1,4,6,78506,12247,0.15,0.9,126.59489440917967,117.77931213378906,22.64599800109864,27.49,27.03,26.93,0.554306148558624,0.8244419401941087,0.8244419401941087,monthly,24316,35.241024306742474,39.16254354408011,41.47040817770176,126.59489440917967,117.77931213378906,22.64599800109864,27.49,27.03,26.93,0.554306148558624,0.554306148558624,0.554306148558624,0.8660254037844387,-0.4999999999999998,,,
Warri South,Esisi,2025-05,2025,5,,,0,188.960693359375,4,26.71,31.96,24.0,26.78,31,0,0.0,0.0,0.0,,11,11,0,0,0,8,14375,2242,0.77,4.91,,,,,,,0.5990583069470464,0.6980768309699165,0.6980768309699165,monthly,24305,,,,,,,,,,,,,0.49999999999999994,-0.8660254037844387,,271.67431640625,26.05
Warri South,Esisi,2025-06,2025,6,,,0,271.67431640625,4,26.05,30.65,23.16,26.12,30,0,0.0,0.0,0.0,,11,11,0,0,0,8,14375,2242,0.77,4.91,188.960693359375,,,26.71,,,0.5990583069470464,,0.5990583069470464,annual,24306,,,,188.960693359375,,,26.71,,,0.6980768309699165,,,1.2246467991473532e-16,-1.0,,324.54473876953125,24.93
Warri South,Esisi,2025-07,2025,7,,,0,324.54473876953125,4,24.93,29.47,22.12,25.02,31,0,0.0,0.0,0.0,,11,11,0,0,0,8,14375,2242,0.77,4.91,271.67431640625,188.960693359375,,26.05,26.71,,0.5990583069470464,,0.5990583069470464,annual,24307,,,,271.67431640625,188.960693359375,,26.05,26.71,,0.5990583069470464,0.6980768309699165,,-0.4999999999999997,-0.8660254037844388,,170.2278289794922,24.67
Warri South,Esisi,2025-08,2025,8,,,0,170.2278289794922,4,24.67,29.85,21.72,24.79,31,0,0.0,0.0,0.0,,11,11,0,0,0,8,14375,2242,0.77,4.91,324.54473876953125,271.67431640625,188.960693359375,24.93,26.05,26.71,0.5990583069470464,,0.5990583069470464,annual,24308,,,,324.54473876953125,271.67431640625,188.960693359375,24.93,26.05,26.71,0.5990583069470464,0.5990583069470464,0.6980768309699165,-0.8660254037844384,-0.5000000000000004,,369.203125,25.19
Warri South,Esisi,2025-09,2025,9,,,0,369.203125,4,25.19,30.78,22.28,25.29,30,0,0.0,0.0,0.0,,11,11,0,0,0,8,14375,2242,0.77,4.91,170.2278289794922,324.54473876953125,271.67431640625,24.67,24.93,26.05,0.5990583069470464,,0.5990583069470464,annual,24309,,,,170.2278289794922,324.54473876953125,271.67431640625,24.67,24.93,26.05,0.5990583069470464,0.5990583069470464,0.5990583069470464,-1.0,-1.8369701987210297e-16,,376.8600158691406,25.66
Warri South,Esisi,2025-10,2025,10,,,0,376.8600158691406,4,25.66,31.23,22.4,25.72,31,0,0.0,0.0,0.0,,11,11,0,0,0,8,14375,2242,0.77,4.91,369.203125,170.2278289794922,324.54473876953125,25.19,24.67,24.93,0.5990583069470464,,0.5990583069470464,annual,24310,,,,369.203125,170.2278289794922,324.54473876953125,25.19,24.67,24.93,0.5990583069470464,0.5990583069470464,0.5990583069470464,-0.8660254037844386,0.5000000000000001,,197.8577575683593,26.76
Warri South,Esisi,2025-11,2025,11,,,0,197.8577575683593,4,26.76,32.28,23.2,26.85,30,0,0.0,0.0,0.0,,11,11,0,0,0,8,14375,2242,0.77,4.91,376.8600158691406,369.203125,170.2278289794922,25.66,25.19,24.67,0.5990583069470464,,0.5990583069470464,annual,24311,,,,376.8600158691406,369.203125,170.2278289794922,25.66,25.19,24.67,0.5990583069470464,0.5990583069470464,0.5990583069470464,-0.5000000000000004,0.8660254037844384,,108.951416015625,26.67
Warri South,Esisi,2025-12,2025,12,,,0,108.951416015625,4,26.67,32.28,23.6,26.75,31,0,0.0,0.0,0.0,,11,11,0,0,0,8,14375,2242,0.77,4.91,197.8577575683593,376.8600158691406,369.203125,26.76,25.66,25.19,0.5990583069470464,,0.5990583069470464,annual,24312,,,,197.8577575683593,376.8600158691406,369.203125,26.76,25.66,25.19,0.5990583069470464,0.5990583069470464,0.5990583069470464,-2.4492935982947064e-16,1.0,,23.05158042907715,26.93
Warri South,Esisi,2026-01,2026,1,,,0,23.05158042907715,4,26.93,32.79,22.84,26.96,31,0,0.0,0.0,0.0,,11,11,0,0,0,8,14375,2242,0.77,4.91,108.951416015625,197.8577575683593,376.8600158691406,26.67,26.76,25.66,0.5990583069470464,,0.5990583069470464,annual,24313,,,,108.951416015625,197.8577575683593,376.8600158691406,26.67,26.76,25.66,0.5990583069470464,0.5990583069470464,0.5990583069470464,0.49999999999999994,0.8660254037844387,,117.78280639648438,27.03
Warri South,Esisi,2026-02,2026,2,,,0,117.78280639648438,4,27.03,34.25,23.16,27.04,28,0,0.0,0.0,0.0,,11,11,0,0,0,8,14375,2242,0.77,4.91,23.05158042907715,108.951416015625,197.8577575683593,26.93,26.67,26.76,0.5990583069470464,,0.5990583069470464,annual,24314,,,,23.05158042907715,108.951416015625,197.8577575683593,26.93,26.67,26.76,0.5990583069470464,0.5990583069470464,0.5990583069470464,0.8660254037844386,0.5000000000000001,,125.00121307373048,27.49
Warri South,Esisi,2026-03,2026,3,,,0,125.00121307373048,4,27.49,33.49,23.29,27.57,31,0,0.0,0.0,0.0,,11,11,0,0,0,8,14375,2242,0.77,4.91,117.78280639648438,23.05158042907715,108.951416015625,27.03,26.93,26.67,0.5990583069470464,,0.5990583069470464,annual,24315,,,,117.78280639648438,23.05158042907715,108.951416015625,27.03,26.93,26.67,0.5990583069470464,0.5990583069470464,0.5990583069470464,1.0,6.123233995736766e-17,,191.5719146728516,27.4
Warri South,Esisi,2026-04,2026,4,,,0,191.5719146728516,4,27.4,32.26,23.5,27.69,30,0,0.0,0.0,0.0,,11,11,0,0,0,8,14375,2242,0.77,4.91,125.00121307373048,117.78280639648438,23.05158042907715,27.49,27.03,26.93,0.5990583069470464,0.8315464454361156,0.8315464454361156,monthly,24316,,,,125.00121307373048,117.78280639648438,23.05158042907715,27.49,27.03,26.93,0.5990583069470464,0.5990583069470464,0.5990583069470464,0.8660254037844387,-0.4999999999999998,,,
Warri South,Igbudu,2025-05,2025,5,,,0,190.7703450520833,3,26.71,31.96,24.0,26.78,31,0,0.0,0.0,0.0,,14,14,0,0,1,9,49836,7774,0.28,1.8,,,,,,,0.5788116455078125,0.4321188765965151,0.4321188765965151,monthly,24305,,,,,,,,,,,,,0.49999999999999994,-0.8660254037844387,,277.7065836588542,26.05
Warri South,Igbudu,2025-06,2025,6,,,0,277.7065836588542,3,26.05,30.65,23.16,26.12,30,0,0.0,0.0,0.0,,14,14,0,0,1,9,49836,7774,0.28,1.8,190.7703450520833,,,26.71,,,0.5788116455078125,,0.5788116455078125,annual,24306,,,,190.7703450520833,,,26.71,,,0.4321188765965151,,,1.2246467991473532e-16,-1.0,,320.6959635416667,24.93
Warri South,Igbudu,2025-07,2025,7,,,0,320.6959635416667,3,24.93,29.47,22.12,25.02,31,0,0.0,0.0,0.0,,14,14,0,0,1,9,49836,7774,0.28,1.8,277.7065836588542,190.7703450520833,,26.05,26.71,,0.5788116455078125,,0.5788116455078125,annual,24307,,,,277.7065836588542,190.7703450520833,,26.05,26.71,,0.5788116455078125,0.4321188765965151,,-0.4999999999999997,-0.8660254037844388,,174.6322224934896,24.67
Warri South,Igbudu,2025-08,2025,8,,,0,174.6322224934896,3,24.67,29.85,21.72,24.79,31,0,0.0,0.0,0.0,,14,14,0,0,1,9,49836,7774,0.28,1.8,320.6959635416667,277.7065836588542,190.7703450520833,24.93,26.05,26.71,0.5788116455078125,,0.5788116455078125,annual,24308,,,,320.6959635416667,277.7065836588542,190.7703450520833,24.93,26.05,26.71,0.5788116455078125,0.5788116455078125,0.4321188765965151,-0.8660254037844384,-0.5000000000000004,,367.7123209635417,25.19
Warri South,Igbudu,2025-09,2025,9,,,0,367.7123209635417,3,25.19,30.78,22.28,25.29,30,0,0.0,0.0,0.0,,14,14,0,0,1,9,49836,7774,0.28,1.8,174.6322224934896,320.6959635416667,277.7065836588542,24.67,24.93,26.05,0.5788116455078125,,0.5788116455078125,annual,24309,,,,174.6322224934896,320.6959635416667,277.7065836588542,24.67,24.93,26.05,0.5788116455078125,0.5788116455078125,0.5788116455078125,-1.0,-1.8369701987210297e-16,,379.447998046875,25.66
Warri South,Igbudu,2025-10,2025,10,,,0,379.447998046875,3,25.66,31.23,22.4,25.72,31,0,0.0,0.0,0.0,,14,14,0,0,1,9,49836,7774,0.28,1.8,367.7123209635417,174.6322224934896,320.6959635416667,25.19,24.67,24.93,0.5788116455078125,,0.5788116455078125,annual,24310,,,,367.7123209635417,174.6322224934896,320.6959635416667,25.19,24.67,24.93,0.5788116455078125,0.5788116455078125,0.5788116455078125,-0.8660254037844386,0.5000000000000001,,199.6455891927084,26.76
Warri South,Igbudu,2025-11,2025,11,,,0,199.6455891927084,3,26.76,32.28,23.2,26.85,30,0,0.0,0.0,0.0,,14,14,0,0,1,9,49836,7774,0.28,1.8,379.447998046875,367.7123209635417,174.6322224934896,25.66,25.19,24.67,0.5788116455078125,,0.5788116455078125,annual,24311,,,,379.447998046875,367.7123209635417,174.6322224934896,25.66,25.19,24.67,0.5788116455078125,0.5788116455078125,0.5788116455078125,-0.5000000000000004,0.8660254037844384,,110.01920572916669,26.67
Warri South,Igbudu,2025-12,2025,12,,,0,110.01920572916669,3,26.67,32.28,23.6,26.75,31,0,0.0,0.0,0.0,,14,14,0,0,1,9,49836,7774,0.28,1.8,199.6455891927084,379.447998046875,367.7123209635417,26.76,25.66,25.19,0.5788116455078125,,0.5788116455078125,annual,24312,,,,199.6455891927084,379.447998046875,367.7123209635417,26.76,25.66,25.19,0.5788116455078125,0.5788116455078125,0.5788116455078125,-2.4492935982947064e-16,1.0,,24.1271464029948,26.93
Warri South,Igbudu,2026-01,2026,1,,,0,24.1271464029948,3,26.93,32.79,22.84,26.96,31,0,0.0,0.0,0.0,,14,14,0,0,1,9,49836,7774,0.28,1.8,110.01920572916669,199.6455891927084,379.447998046875,26.67,26.76,25.66,0.5788116455078125,,0.5788116455078125,annual,24313,,,,110.01920572916669,199.6455891927084,379.447998046875,26.67,26.76,25.66,0.5788116455078125,0.5788116455078125,0.5788116455078125,0.49999999999999994,0.8660254037844387,,116.5218505859375,27.03
Warri South,Igbudu,2026-02,2026,2,,,0,116.5218505859375,3,27.03,34.25,23.16,27.04,28,0,0.0,0.0,0.0,,14,14,0,0,1,9,49836,7774,0.28,1.8,24.1271464029948,110.01920572916669,199.6455891927084,26.93,26.67,26.76,0.5788116455078125,,0.5788116455078125,annual,24314,,,,24.1271464029948,110.01920572916669,199.6455891927084,26.93,26.67,26.76,0.5788116455078125,0.5788116455078125,0.5788116455078125,0.8660254037844386,0.5000000000000001,,124.80162556966144,27.49
Warri South,Igbudu,2026-03,2026,3,,,0,124.80162556966144,3,27.49,33.49,23.29,27.57,31,0,0.0,0.0,0.0,,14,14,0,0,1,9,49836,7774,0.28,1.8,116.5218505859375,24.1271464029948,110.01920572916669,27.03,26.93,26.67,0.5788116455078125,,0.5788116455078125,annual,24315,,,,116.5218505859375,24.1271464029948,110.01920572916669,27.03,26.93,26.67,0.5788116455078125,0.5788116455078125,0.5788116455078125,1.0,6.123233995736766e-17,,193.0876871744792,27.4
Warri South,Igbudu,2026-04,2026,4,,,0,193.0876871744792,3,27.4,32.26,23.5,27.69,30,0,0.0,0.0,0.0,,14,14,0,0,1,9,49836,7774,0.28,1.8,124.80162556966144,116.5218505859375,24.1271464029948,27.49,27.03,26.93,0.5788116455078125,0.8314794114798554,0.8314794114798554,monthly,24316,,,,124.80162556966144,116.5218505859375,24.1271464029948,27.49,27.03,26.93,0.5788116455078125,0.5788116455078125,0.5788116455078125,0.8660254037844387,-0.4999999999999998,,,
Warri South,Obodo,2025-05,2025,5,1.924214302562177e-05,19.24214302562177,17,201.8816680908203,16,26.71,31.96,24.0,26.78,31,1,0.000993394,0.000993394,0.000993394,ConOil,3,2,1,0,3,0,4367,681,0.69,2.94,,,,,,,0.5310099408288736,0.6276726524056861,0.6276726524056861,monthly,24305,,,,,,,,,,,,,0.49999999999999994,-0.8660254037844387,14.64421717066537,363.9452819824219,26.05
Warri South,Obodo,2025-06,2025,6,1.464421717066537e-05,14.64421717066537,17,363.9452819824219,16,26.05,30.65,23.16,26.12,30,1,0.000993394,0.000993394,0.000993394,ConOil,3,2,1,0,3,0,4367,681,0.69,2.94,201.8816680908203,,,26.71,,,0.5310099408288736,0.6160562181917847,0.6160562181917847,monthly,24306,19.24214302562177,,,201.8816680908203,,,26.71,,,0.6276726524056861,,,1.2246467991473532e-16,-1.0,11.837302522240751,363.4797058105469,24.93
Warri South,Obodo,2025-07,2025,7,1.1837302522240754e-05,11.837302522240751,17,363.4797058105469,16,24.93,29.47,22.12,25.02,31,1,0.000993394,0.000993394,0.000993394,ConOil,3,2,1,0,3,0,4367,681,0.69,2.94,363.9452819824219,201.8816680908203,,26.05,26.71,,0.5310099408288736,,0.5310099408288736,annual,24307,14.64421717066537,19.24214302562177,,363.9452819824219,201.8816680908203,,26.05,26.71,,0.6160562181917847,0.6276726524056861,,-0.4999999999999997,-0.8660254037844388,14.282694524701904,132.37713623046875,24.67
Warri South,Obodo,2025-08,2025,8,1.4282694524701905e-05,14.282694524701904,17,132.37713623046875,16,24.67,29.85,21.72,24.79,31,1,0.000993394,0.000993394,0.000993394,ConOil,3,2,1,0,3,0,4367,681,0.69,2.94,363.4797058105469,363.9452819824219,201.8816680908203,24.93,26.05,26.71,0.5310099408288736,,0.5310099408288736,annual,24308,11.837302522240751,14.64421717066537,19.24214302562177,363.4797058105469,363.9452819824219,201.8816680908203,24.93,26.05,26.71,0.5310099408288736,0.6160562181917847,0.6276726524056861,-0.8660254037844384,-0.5000000000000004,17.09113541223547,400.8245239257813,25.19
Warri South,Obodo,2025-09,2025,9,1.709113541223547e-05,17.09113541223547,17,400.8245239257813,16,25.19,30.78,22.28,25.29,30,1,0.000993394,0.000993394,0.000993394,ConOil,3,2,1,0,3,0,4367,681,0.69,2.94,132.37713623046875,363.4797058105469,363.9452819824219,24.67,24.93,26.05,0.5310099408288736,,0.5310099408288736,annual,24309,14.282694524701904,11.837302522240751,14.64421717066537,132.37713623046875,363.4797058105469,363.9452819824219,24.67,24.93,26.05,0.5310099408288736,0.5310099408288736,0.6160562181917847,-1.0,-1.8369701987210297e-16,20.137809983947697,382.5379638671875,25.66
Warri South,Obodo,2025-10,2025,10,2.01378099839477e-05,20.137809983947697,17,382.5379638671875,16,25.66,31.23,22.4,25.72,31,1,0.000993394,0.000993394,0.000993394,ConOil,3,2,1,0,3,0,4367,681,0.69,2.94,400.8245239257813,132.37713623046875,363.4797058105469,25.19,24.67,24.93,0.5310099408288736,,0.5310099408288736,annual,24310,17.09113541223547,14.282694524701904,11.837302522240751,400.8245239257813,132.37713623046875,363.4797058105469,25.19,24.67,24.93,0.5310099408288736,0.5310099408288736,0.5310099408288736,-0.8660254037844386,0.5000000000000001,16.963232637328257,214.3248291015625,26.76
Warri South,Obodo,2025-11,2025,11,1.696323263732826e-05,16.963232637328257,17,214.3248291015625,16,26.76,32.28,23.2,26.85,30,1,0.000993394,0.000993394,0.000993394,ConOil,3,2,1,0,3,0,4367,681,0.69,2.94,382.5379638671875,400.8245239257813,132.37713623046875,25.66,25.19,24.67,0.5310099408288736,,0.5310099408288736,annual,24311,20.137809983947697,17.09113541223547,14.282694524701904,382.5379638671875,400.8245239257813,132.37713623046875,25.66,25.19,24.67,0.5310099408288736,0.5310099408288736,0.5310099408288736,-0.5000000000000004,0.8660254037844384,26.451928801286748,90.69471740722656,26.67
Warri South,Obodo,2025-12,2025,12,2.6451928801286747e-05,26.451928801286748,17,90.69471740722656,16,26.67,32.28,23.6,26.75,31,1,0.000993394,0.000993394,0.000993394,ConOil,3,2,1,0,3,0,4367,681,0.69,2.94,214.3248291015625,382.5379638671875,400.8245239257813,26.76,25.66,25.19,0.5310099408288736,,0.5310099408288736,annual,24312,16.963232637328257,20.137809983947697,17.09113541223547,214.3248291015625,382.5379638671875,400.8245239257813,26.76,25.66,25.19,0.5310099408288736,0.5310099408288736,0.5310099408288736,-2.4492935982947064e-16,1.0,26.85281865791801,25.419921875,26.93
Warri South,Obodo,2026-01,2026,1,2.6852818657918013e-05,26.85281865791801,17,25.419921875,16,26.93,32.79,22.84,26.96,31,1,0.000993394,0.000993394,0.000993394,ConOil,3,2,1,0,3,0,4367,681,0.69,2.94,90.69471740722656,214.3248291015625,382.5379638671875,26.67,26.76,25.66,0.5310099408288736,,0.5310099408288736,annual,24313,26.451928801286748,16.963232637328257,20.137809983947697,90.69471740722656,214.3248291015625,382.5379638671875,26.67,26.76,25.66,0.5310099408288736,0.5310099408288736,0.5310099408288736,0.49999999999999994,0.8660254037844387,25.26136813685298,113.65567016601562,27.03
Warri South,Obodo,2026-02,2026,2,2.526136813685298e-05,25.26136813685298,17,113.65567016601562,16,27.03,34.25,23.16,27.04,28,1,0.000993394,0.000993394,0.000993394,ConOil,3,2,1,0,3,0,4367,681,0.69,2.94,25.419921875,90.69471740722656,214.3248291015625,26.93,26.67,26.76,0.5310099408288736,,0.5310099408288736,annual,24314,26.85281865791801,26.451928801286748,16.963232637328257,25.419921875,90.69471740722656,214.3248291015625,26.93,26.67,26.76,0.5310099408288736,0.5310099408288736,0.5310099408288736,0.8660254037844386,0.5000000000000001,23.81332246038844,123.28611755371094,27.49
Warri South,Obodo,2026-03,2026,3,2.381332246038844e-05,23.81332246038844,17,123.28611755371094,16,27.49,33.49,23.29,27.57,31,1,0.000993394,0.000993394,0.000993394,ConOil,3,2,1,0,3,0,4367,681,0.69,2.94,113.65567016601562,25.419921875,90.69471740722656,27.03,26.93,26.67,0.5310099408288736,,0.5310099408288736,annual,24315,25.26136813685298,26.85281865791801,26.451928801286748,113.65567016601562,25.419921875,90.69471740722656,27.03,26.93,26.67,0.5310099408288736,0.5310099408288736,0.5310099408288736,1.0,6.123233995736766e-17,23.44212364679312,202.8205108642578,27.4
Warri South,Obodo,2026-04,2026,4,2.344212364679312e-05,23.44212364679312,17,202.8205108642578,16,27.4,32.26,23.5,27.69,30,1,0.000993394,0.000993394,0.000993394,ConOil,3,2,1,0,3,0,4367,681,0.69,2.94,123.28611755371094,113.65567016601562,25.419921875,27.49,27.03,26.93,0.5310099408288736,0.7125259738312312,0.7125259738312312,monthly,24316,23.81332246038844,25.26136813685298,26.85281865791801,123.28611755371094,113.65567016601562,25.419921875,27.49,27.03,26.93,0.5310099408288736,0.5310099408288736,0.5310099408288736,0.8660254037844387,-0.4999999999999998,,,
Warri South,Ode-Itsekiri,2025-05,2025,5,2.252444877134015e-05,22.52444877134015,6,201.44184027777777,9,26.71,31.96,24.0,26.78,31,0,0.0,0.0,0.0,,2,1,1,0,2,0,5002,780,0.4,1.28,,,,,,,0.5551763763002698,0.6812520945596199,0.6812520945596199,monthly,24305,,,,,,,,,,,,,0.49999999999999994,-0.8660254037844387,19.845363567583263,342.3456759982639,26.05
Warri South,Ode-Itsekiri,2025-06,2025,6,1.9845363567583263e-05,19.845363567583263,6,342.3456759982639,9,26.05,30.65,23.16,26.12,30,0,0.0,0.0,0.0,,2,1,1,0,2,0,5002,780,0.4,1.28,201.44184027777777,,,26.71,,,0.5551763763002698,0.6016600716391974,0.6016600716391974,monthly,24306,22.52444877134015,,,201.44184027777777,,,26.71,,,0.6812520945596199,,,1.2246467991473532e-16,-1.0,12.125839324047169,378.6986219618056,24.93
Warri South,Ode-Itsekiri,2025-07,2025,7,1.2125839324047169e-05,12.125839324047169,6,378.6986219618056,9,24.93,29.47,22.12,25.02,31,0,0.0,0.0,0.0,,2,1,1,0,2,0,5002,780,0.4,1.28,342.3456759982639,201.44184027777777,,26.05,26.71,,0.5551763763002698,,0.5551763763002698,annual,24307,19.845363567583263,22.52444877134015,,342.3456759982639,201.44184027777777,,26.05,26.71,,0.6016600716391974,0.6812520945596199,,-0.4999999999999997,-0.8660254037844388,14.618717007882273,166.4755859375,24.67
Warri South,Ode-Itsekiri,2025-08,2025,8,1.4618717007882273e-05,14.618717007882273,6,166.4755859375,9,24.67,29.85,21.72,24.79,31,0,0.0,0.0,0.0,,2,1,1,0,2,0,5002,780,0.4,1.28,378.6986219618056,342.3456759982639,201.44184027777777,24.93,26.05,26.71,0.5551763763002698,,0.5551763763002698,annual,24308,12.125839324047169,19.845363567583263,22.52444877134015,378.6986219618056,342.3456759982639,201.44184027777777,24.93,26.05,26.71,0.5551763763002698,0.6016600716391974,0.6812520945596199,-0.8660254037844384,-0.5000000000000004,21.02285604147861,413.39317491319446,25.19
Warri South,Ode-Itsekiri,2025-09,2025,9,2.102285604147861e-05,21.02285604147861,6,413.39317491319446,9,25.19,30.78,22.28,25.29,30,0,0.0,0.0,0.0,,2,1,1,0,2,0,5002,780,0.4,1.28,166.4755859375,378.6986219618056,342.3456759982639,24.67,24.93,26.05,0.5551763763002698,,0.5551763763002698,annual,24309,14.618717007882273,12.125839324047169,19.845363567583263,166.4755859375,378.6986219618056,342.3456759982639,24.67,24.93,26.05,0.5551763763002698,0.5551763763002698,0.6016600716391974,-1.0,-1.8369701987210297e-16,24.50231598534932,396.7721625434028,25.66
Warri South,Ode-Itsekiri,2025-10,2025,10,2.450231598534932e-05,24.50231598534932,6,396.7721625434028,9,25.66,31.23,22.4,25.72,31,0,0.0,0.0,0.0,,2,1,1,0,2,0,5002,780,0.4,1.28,413.39317491319446,166.4755859375,378.6986219618056,25.19,24.67,24.93,0.5551763763002698,,0.5551763763002698,annual,24310,21.02285604147861,14.618717007882273,12.125839324047169,413.39317491319446,166.4755859375,378.6986219618056,25.19,24.67,24.93,0.5551763763002698,0.5551763763002698,0.5551763763002698,-0.8660254037844386,0.5000000000000001,25.588536421613146,221.931627061632,26.76
Warri South,Ode-Itsekiri,2025-11,2025,11,2.5588536421613142e-05,25.588536421613146,6,221.931627061632,9,26.76,32.28,23.2,26.85,30,0,0.0,0.0,0.0,,2,1,1,0,2,0,5002,780,0.4,1.28,396.7721625434028,413.39317491319446,166.4755859375,25.66,25.19,24.67,0.5551763763002698,,0.5551763763002698,annual,24311,24.50231598534932,21.02285604147861,14.618717007882273,396.7721625434028,413.39317491319446,166.4755859375,25.66,25.19,24.67,0.5551763763002698,0.5551763763002698,0.5551763763002698,-0.5000000000000004,0.8660254037844384,30.74720734730363,109.31578233506944,26.67
Warri South,Ode-Itsekiri,2025-12,2025,12,3.074720734730363e-05,30.74720734730363,6,109.31578233506944,9,26.67,32.28,23.6,26.75,31,0,0.0,0.0,0.0,,2,1,1,0,2,0,5002,780,0.4,1.28,221.931627061632,396.7721625434028,413.39317491319446,26.76,25.66,25.19,0.5551763763002698,,0.5551763763002698,annual,24312,25.588536421613146,24.50231598534932,21.02285604147861,221.931627061632,396.7721625434028,413.39317491319446,26.76,25.66,25.19,0.5551763763002698,0.5551763763002698,0.5551763763002698,-2.4492935982947064e-16,1.0,31.984699793004744,26.448833889431423,26.93
Warri South,Ode-Itsekiri,2026-01,2026,1,3.1984699793004744e-05,31.984699793004744,6,26.448833889431423,9,26.93,32.79,22.84,26.96,31,0,0.0,0.0,0.0,,2,1,1,0,2,0,5002,780,0.4,1.28,109.31578233506944,221.931627061632,396.7721625434028,26.67,26.76,25.66,0.5551763763002698,,0.5551763763002698,annual,24313,30.74720734730363,25.588536421613146,24.50231598534932,109.31578233506944,221.931627061632,396.7721625434028,26.67,26.76,25.66,0.5551763763002698,0.5551763763002698,0.5551763763002698,0.49999999999999994,0.8660254037844387,31.086189361910023,119.7867431640625,27.03
Warri South,Ode-Itsekiri,2026-02,2026,2,3.108618936191002e-05,31.086189361910023,6,119.7867431640625,9,27.03,34.25,23.16,27.04,28,0,0.0,0.0,0.0,,2,1,1,0,2,0,5002,780,0.4,1.28,26.448833889431423,109.31578233506944,221.931627061632,26.93,26.67,26.76,0.5551763763002698,,0.5551763763002698,annual,24314,31.984699793004744,30.74720734730363,25.588536421613146,26.448833889431423,109.31578233506944,221.931627061632,26.93,26.67,26.76,0.5551763763002698,0.5551763763002698,0.5551763763002698,0.8660254037844386,0.5000000000000001,27.564215997699648,128.7430691189236,27.49
Warri South,Ode-Itsekiri,2026-03,2026,3,2.7564215997699648e-05,27.564215997699648,6,128.7430691189236,9,27.49,33.49,23.29,27.57,31,0,0.0,0.0,0.0,,2,1,1,0,2,0,5002,780,0.4,1.28,119.7867431640625,26.448833889431423,109.31578233506944,27.03,26.93,26.67,0.5551763763002698,,0.5551763763002698,annual,24315,31.086189361910023,31.984699793004744,30.74720734730363,119.7867431640625,26.448833889431423,109.31578233506944,27.03,26.93,26.67,0.5551763763002698,0.5551763763002698,0.5551763763002698,1.0,6.123233995736766e-17,27.15218336864685,200.62688530815973,27.4
Warri South,Ode-Itsekiri,2026-04,2026,4,2.715218336864685e-05,27.15218336864685,6,200.62688530815973,9,27.4,32.26,23.5,27.69,30,0,0.0,0.0,0.0,,2,1,1,0,2,0,5002,780,0.4,1.28,128.7430691189236,119.7867431640625,26.448833889431423,27.49,27.03,26.93,0.5551763763002698,0.8109437705217074,0.8109437705217074,monthly,24316,27.564215997699648,31.086189361910023,31.984699793004744,128.7430691189236,119.7867431640625,26.448833889431423,27.49,27.03,26.93,0.5551763763002698,0.5551763763002698,0.5551763763002698,0.8660254037844387,-0.4999999999999998,,,
Warri South,Okere,2025-05,2025,5,,,0,189.5541534423828,2,26.71,31.96,24.0,26.78,31,0,0.0,0.0,0.0,,13,10,3,0,5,6,59337,9257,0.22,1.08,,,,,,,0.6070097303882087,0.5438390713985836,0.5438390713985836,monthly,24305,,,,,,,,,,,,,0.49999999999999994,-0.8660254037844387,,280.0701904296875,26.05
Warri South,Okere,2025-06,2025,6,,,0,280.0701904296875,2,26.05,30.65,23.16,26.12,30,0,0.0,0.0,0.0,,13,10,3,0,5,6,59337,9257,0.22,1.08,189.5541534423828,,,26.71,,,0.6070097303882087,0.6595914286951865,0.6595914286951865,monthly,24306,,,,189.5541534423828,,,26.71,,,0.5438390713985836,,,1.2246467991473532e-16,-1.0,,348.10662841796875,24.93
Warri South,Okere,2025-07,2025,7,,,0,348.10662841796875,2,24.93,29.47,22.12,25.02,31,0,0.0,0.0,0.0,,13,10,3,0,5,6,59337,9257,0.22,1.08,280.0701904296875,189.5541534423828,,26.05,26.71,,0.6070097303882087,,0.6070097303882087,annual,24307,,,,280.0701904296875,189.5541534423828,,26.05,26.71,,0.6595914286951865,0.5438390713985836,,-0.4999999999999997,-0.8660254037844388,,172.716552734375,24.67
Warri South,Okere,2025-08,2025,8,,,0,172.716552734375,2,24.67,29.85,21.72,24.79,31,0,0.0,0.0,0.0,,13,10,3,0,5,6,59337,9257,0.22,1.08,348.10662841796875,280.0701904296875,189.5541534423828,24.93,26.05,26.71,0.6070097303882087,,0.6070097303882087,annual,24308,,,,348.10662841796875,280.0701904296875,189.5541534423828,24.93,26.05,26.71,0.6070097303882087,0.6595914286951865,0.5438390713985836,-0.8660254037844384,-0.5000000000000004,,385.24029541015625,25.19
Warri South,Okere,2025-09,2025,9,,,0,385.24029541015625,2,25.19,30.78,22.28,25.29,30,0,0.0,0.0,0.0,,13,10,3,0,5,6,59337,9257,0.22,1.08,172.716552734375,348.10662841796875,280.0701904296875,24.67,24.93,26.05,0.6070097303882087,,0.6070097303882087,annual,24309,,,,172.716552734375,348.10662841796875,280.0701904296875,24.67,24.93,26.05,0.6070097303882087,0.6070097303882087,0.6595914286951865,-1.0,-1.8369701987210297e-16,,381.1121215820313,25.66
Warri South,Okere,2025-10,2025,10,,,0,381.1121215820313,2,25.66,31.23,22.4,25.72,31,0,0.0,0.0,0.0,,13,10,3,0,5,6,59337,9257,0.22,1.08,385.24029541015625,172.716552734375,348.10662841796875,25.19,24.67,24.93,0.6070097303882087,,0.6070097303882087,annual,24310,,,,385.24029541015625,172.716552734375,348.10662841796875,25.19,24.67,24.93,0.6070097303882087,0.6070097303882087,0.6070097303882087,-0.8660254037844386,0.5000000000000001,,209.19512939453125,26.76
Warri South,Okere,2025-11,2025,11,,,0,209.19512939453125,2,26.76,32.28,23.2,26.85,30,0,0.0,0.0,0.0,,13,10,3,0,5,6,59337,9257,0.22,1.08,381.1121215820313,385.24029541015625,172.716552734375,25.66,25.19,24.67,0.6070097303882087,,0.6070097303882087,annual,24311,,,,381.1121215820313,385.24029541015625,172.716552734375,25.66,25.19,24.67,0.6070097303882087,0.6070097303882087,0.6070097303882087,-0.5000000000000004,0.8660254037844384,,106.63138580322266,26.67
Warri South,Okere,2025-12,2025,12,,,0,106.63138580322266,2,26.67,32.28,23.6,26.75,31,0,0.0,0.0,0.0,,13,10,3,0,5,6,59337,9257,0.22,1.08,209.19512939453125,381.1121215820313,385.24029541015625,26.76,25.66,25.19,0.6070097303882087,,0.6070097303882087,annual,24312,,,,209.19512939453125,381.1121215820313,385.24029541015625,26.76,25.66,25.19,0.6070097303882087,0.6070097303882087,0.6070097303882087,-2.4492935982947064e-16,1.0,,22.558666229248047,26.93
Warri South,Okere,2026-01,2026,1,,,0,22.558666229248047,2,26.93,32.79,22.84,26.96,31,0,0.0,0.0,0.0,,13,10,3,0,5,6,59337,9257,0.22,1.08,106.63138580322266,209.19512939453125,381.1121215820313,26.67,26.76,25.66,0.6070097303882087,,0.6070097303882087,annual,24313,,,,106.63138580322266,209.19512939453125,381.1121215820313,26.67,26.76,25.66,0.6070097303882087,0.6070097303882087,0.6070097303882087,0.49999999999999994,0.8660254037844387,,120.6004638671875,27.03
Warri South,Okere,2026-02,2026,2,,,0,120.6004638671875,2,27.03,34.25,23.16,27.04,28,0,0.0,0.0,0.0,,13,10,3,0,5,6,59337,9257,0.22,1.08,22.558666229248047,106.63138580322266,209.19512939453125,26.93,26.67,26.76,0.6070097303882087,,0.6070097303882087,annual,24314,,,,22.558666229248047,106.63138580322266,209.19512939453125,26.93,26.67,26.76,0.6070097303882087,0.6070097303882087,0.6070097303882087,0.8660254037844386,0.5000000000000001,,128.4189453125,27.49
Warri South,Okere,2026-03,2026,3,,,0,128.4189453125,2,27.49,33.49,23.29,27.57,31,0,0.0,0.0,0.0,,13,10,3,0,5,6,59337,9257,0.22,1.08,120.6004638671875,22.558666229248047,106.63138580322266,27.03,26.93,26.67,0.6070097303882087,,0.6070097303882087,annual,24315,,,,120.6004638671875,22.558666229248047,106.63138580322266,27.03,26.93,26.67,0.6070097303882087,0.6070097303882087,0.6070097303882087,1.0,6.123233995736766e-17,,188.591049194336,27.4
Warri South,Okere,2026-04,2026,4,,,0,188.591049194336,2,27.4,32.26,23.5,27.69,30,0,0.0,0.0,0.0,,13,10,3,0,5,6,59337,9257,0.22,1.08,128.4189453125,120.6004638671875,22.558666229248047,27.49,27.03,26.93,0.6070097303882087,0.8320471044775244,0.8320471044775244,monthly,24316,,,,128.4189453125,120.6004638671875,22.558666229248047,27.49,27.03,26.93,0.6070097303882087,0.6070097303882087,0.6070097303882087,0.8660254037844387,-0.4999999999999998,,,
Warri South,Pessu,2025-05,2025,5,2.694761860766448e-05,26.94761860766448,1,192.8863220214844,2,26.71,31.96,24.0,26.78,31,0,0.0,0.0,0.0,,4,4,0,0,1,0,31169,4862,0.13,0.82,,,,,,,0.5780640632875504,0.5356003924113948,0.5356003924113948,monthly,24305,,,,,,,,,,,,,0.49999999999999994,-0.8660254037844387,23.42860534554348,288.9009094238281,26.05
Warri South,Pessu,2025-06,2025,6,2.342860534554348e-05,23.42860534554348,1,288.9009094238281,2,26.05,30.65,23.16,26.12,30,0,0.0,0.0,0.0,,4,4,0,0,1,0,31169,4862,0.13,0.82,192.8863220214844,,,26.71,,,0.5780640632875504,,0.5780640632875504,annual,24306,26.94761860766448,,,192.8863220214844,,,26.71,,,0.5356003924113948,,,1.2246467991473532e-16,-1.0,13.205595678300597,336.4606018066406,24.93
Warri South,Pessu,2025-07,2025,7,1.3205595678300597e-05,13.205595678300597,1,336.4606018066406,2,24.93,29.47,22.12,25.02,31,0,0.0,0.0,0.0,,4,4,0,0,1,0,31169,4862,0.13,0.82,288.9009094238281,192.8863220214844,,26.05,26.71,,0.5780640632875504,,0.5780640632875504,annual,24307,23.42860534554348,26.94761860766448,,288.9009094238281,192.8863220214844,,26.05,26.71,,0.5780640632875504,0.5356003924113948,,-0.4999999999999997,-0.8660254037844388,15.126573089219164,183.21694946289065,24.67
Warri South,Pessu,2025-08,2025,8,1.5126573089219164e-05,15.126573089219164,1,183.21694946289065,2,24.67,29.85,21.72,24.79,31,0,0.0,0.0,0.0,,4,4,0,0,1,0,31169,4862,0.13,0.82,336.4606018066406,288.9009094238281,192.8863220214844,24.93,26.05,26.71,0.5780640632875504,,0.5780640632875504,annual,24308,13.205595678300597,23.42860534554348,26.94761860766448,336.4606018066406,288.9009094238281,192.8863220214844,24.93,26.05,26.71,0.5780640632875504,0.5780640632875504,0.5356003924113948,-0.8660254037844384,-0.5000000000000004,26.833866286324337,382.9371643066406,25.19
Warri South,Pessu,2025-09,2025,9,2.6833866286324337e-05,26.833866286324337,1,382.9371643066406,2,25.19,30.78,22.28,25.29,30,0,0.0,0.0,0.0,,4,4,0,0,1,0,31169,4862,0.13,0.82,183.21694946289065,336.4606018066406,288.9009094238281,24.67,24.93,26.05,0.5780640632875504,,0.5780640632875504,annual,24309,15.126573089219164,13.205595678300597,23.42860534554348,183.21694946289065,336.4606018066406,288.9009094238281,24.67,24.93,26.05,0.5780640632875504,0.5780640632875504,0.5780640632875504,-1.0,-1.8369701987210297e-16,28.800932341255248,383.17138671875,25.66
Warri South,Pessu,2025-10,2025,10,2.8800932341255248e-05,28.800932341255248,1,383.17138671875,2,25.66,31.23,22.4,25.72,31,0,0.0,0.0,0.0,,4,4,0,0,1,0,31169,4862,0.13,0.82,382.9371643066406,183.21694946289065,336.4606018066406,25.19,24.67,24.93,0.5780640632875504,,0.5780640632875504,annual,24310,26.833866286324337,15.126573089219164,13.205595678300597,382.9371643066406,183.21694946289065,336.4606018066406,25.19,24.67,24.93,0.5780640632875504,0.5780640632875504,0.5780640632875504,-0.8660254037844386,0.5000000000000001,32.420091883977875,209.4985809326172,26.76
Warri South,Pessu,2025-11,2025,11,3.2420091883977875e-05,32.420091883977875,1,209.4985809326172,2,26.76,32.28,23.2,26.85,30,0,0.0,0.0,0.0,,4,4,0,0,1,0,31169,4862,0.13,0.82,383.17138671875,382.9371643066406,183.21694946289065,25.66,25.19,24.67,0.5780640632875504,,0.5780640632875504,annual,24311,28.800932341255248,26.833866286324337,15.126573089219164,383.17138671875,382.9371643066406,183.21694946289065,25.66,25.19,24.67,0.5780640632875504,0.5780640632875504,0.5780640632875504,-0.5000000000000004,0.8660254037844384,40.70071736350656,113.78817749023438,26.67
Warri South,Pessu,2025-12,2025,12,4.070071736350656e-05,40.70071736350656,1,113.78817749023438,2,26.67,32.28,23.6,26.75,31,0,0.0,0.0,0.0,,4,4,0,0,1,0,31169,4862,0.13,0.82,209.4985809326172,383.17138671875,382.9371643066406,26.76,25.66,25.19,0.5780640632875504,,0.5780640632875504,annual,24312,32.420091883977875,28.800932341255248,26.833866286324337,209.4985809326172,383.17138671875,382.9371643066406,26.76,25.66,25.19,0.5780640632875504,0.5780640632875504,0.5780640632875504,-2.4492935982947064e-16,1.0,41.50360837229528,25.41535186767578,26.93
Warri South,Pessu,2026-01,2026,1,4.150360837229528e-05,41.50360837229528,1,25.41535186767578,2,26.93,32.79,22.84,26.96,31,0,0.0,0.0,0.0,,4,4,0,0,1,0,31169,4862,0.13,0.82,113.78817749023438,209.4985809326172,383.17138671875,26.67,26.76,25.66,0.5780640632875504,,0.5780640632875504,annual,24313,40.70071736350656,32.420091883977875,28.800932341255248,113.78817749023438,209.4985809326172,383.17138671875,26.67,26.76,25.66,0.5780640632875504,0.5780640632875504,0.5780640632875504,0.49999999999999994,0.8660254037844387,43.69710950413719,116.08522033691406,27.03
Warri South,Pessu,2026-02,2026,2,4.369710950413719e-05,43.69710950413719,1,116.08522033691406,2,27.03,34.25,23.16,27.04,28,0,0.0,0.0,0.0,,4,4,0,0,1,0,31169,4862,0.13,0.82,25.41535186767578,113.78817749023438,209.4985809326172,26.93,26.67,26.76,0.5780640632875504,,0.5780640632875504,annual,24314,41.50360837229528,40.70071736350656,32.420091883977875,25.41535186767578,113.78817749023438,209.4985809326172,26.93,26.67,26.76,0.5780640632875504,0.5780640632875504,0.5780640632875504,0.8660254037844386,0.5000000000000001,35.938101063948125,125.35456848144533,27.49
Warri South,Pessu,2026-03,2026,3,3.5938101063948125e-05,35.938101063948125,1,125.35456848144533,2,27.49,33.49,23.29,27.57,31,0,0.0,0.0,0.0,,4,4,0,0,1,0,31169,4862,0.13,0.82,116.08522033691406,25.41535186767578,113.78817749023438,27.03,26.93,26.67,0.5780640632875504,,0.5780640632875504,annual,24315,43.69710950413719,41.50360837229528,40.70071736350656,116.08522033691406,25.41535186767578,113.78817749023438,27.03,26.93,26.67,0.5780640632875504,0.5780640632875504,0.5780640632875504,1.0,6.123233995736766e-17,35.40307079674676,192.98977661132807,27.4
Warri South,Pessu,2026-04,2026,4,3.540307079674676e-05,35.40307079674676,1,192.98977661132807,2,27.4,32.26,23.5,27.69,30,0,0.0,0.0,0.0,,4,4,0,0,1,0,31169,4862,0.13,0.82,125.35456848144533,116.08522033691406,25.41535186767578,27.49,27.03,26.93,0.5780640632875504,0.8256906320382883,0.8256906320382883,monthly,24316,35.938101063948125,43.69710950413719,41.50360837229528,125.35456848144533,116.08522033691406,25.41535186767578,27.49,27.03,26.93,0.5780640632875504,0.5780640632875504,0.5780640632875504,0.8660254037844387,-0.4999999999999998,,,
Warri South,Ubeji,2025-05,2025,5,2.538837725296617e-05,25.38837725296617,3,189.87388392857144,7,26.71,31.96,24.0,26.78,31,0,0.0,0.0,0.0,,6,6,0,0,3,2,66118,10314,0.09,0.58,,,,,,,0.581257144387385,0.5887170347750889,0.5887170347750889,monthly,24305,,,,,,,,,,,,,0.49999999999999994,-0.8660254037844387,16.9019476743415,313.3526088169643,26.05
Warri South,Ubeji,2025-06,2025,6,1.69019476743415e-05,16.9019476743415,3,313.3526088169643,7,26.05,30.65,23.16,26.12,30,0,0.0,0.0,0.0,,6,6,0,0,3,2,66118,10314,0.09,0.58,189.87388392857144,,,26.71,,,0.581257144387385,0.592098169493259,0.592098169493259,monthly,24306,25.38837725296617,,,189.87388392857144,,,26.71,,,0.5887170347750889,,,1.2246467991473532e-16,-1.0,13.276396202854812,353.5417829241072,24.93
Warri South,Ubeji,2025-07,2025,7,1.3276396202854812e-05,13.276396202854812,3,353.5417829241072,7,24.93,29.47,22.12,25.02,31,0,0.0,0.0,0.0,,6,6,0,0,3,2,66118,10314,0.09,0.58,313.3526088169643,189.87388392857144,,26.05,26.71,,0.581257144387385,,0.581257144387385,annual,24307,16.9019476743415,25.38837725296617,,313.3526088169643,189.87388392857144,,26.05,26.71,,0.592098169493259,0.5887170347750889,,-0.4999999999999997,-0.8660254037844388,14.438607953100776,154.20110212053572,24.67
Warri South,Ubeji,2025-08,2025,8,1.4438607953100776e-05,14.438607953100776,3,154.20110212053572,7,24.67,29.85,21.72,24.79,31,0,0.0,0.0,0.0,,6,6,0,0,3,2,66118,10314,0.09,0.58,353.5417829241072,313.3526088169643,189.87388392857144,24.93,26.05,26.71,0.581257144387385,,0.581257144387385,annual,24308,13.276396202854812,16.9019476743415,25.38837725296617,353.5417829241072,313.3526088169643,189.87388392857144,24.93,26.05,26.71,0.581257144387385,0.592098169493259,0.5887170347750889,-0.8660254037844384,-0.5000000000000004,23.851345758885145,396.2413853236607,25.19
Warri South,Ubeji,2025-09,2025,9,2.3851345758885145e-05,23.851345758885145,3,396.2413853236607,7,25.19,30.78,22.28,25.29,30,0,0.0,0.0,0.0,,6,6,0,0,3,2,66118,10314,0.09,0.58,154.20110212053572,353.5417829241072,313.3526088169643,24.67,24.93,26.05,0.581257144387385,,0.581257144387385,annual,24309,14.438607953100776,13.276396202854812,16.9019476743415,154.20110212053572,353.5417829241072,313.3526088169643,24.67,24.93,26.05,0.581257144387385,0.581257144387385,0.592098169493259,-1.0,-1.8369701987210297e-16,23.4795588767156,377.4851422991072,25.66
Warri South,Ubeji,2025-10,2025,10,2.34795588767156e-05,23.4795588767156,3,377.4851422991072,7,25.66,31.23,22.4,25.72,31,0,0.0,0.0,0.0,,6,6,0,0,3,2,66118,10314,0.09,0.58,396.2413853236607,154.20110212053572,353.5417829241072,25.19,24.67,24.93,0.581257144387385,,0.581257144387385,annual,24310,23.851345758885145,14.438607953100776,13.276396202854812,396.2413853236607,154.20110212053572,353.5417829241072,25.19,24.67,24.93,0.581257144387385,0.581257144387385,0.581257144387385,-0.8660254037844386,0.5000000000000001,15.948239403466385,205.3728376116072,26.76
Warri South,Ubeji,2025-11,2025,11,1.5948239403466385e-05,15.948239403466385,3,205.3728376116072,7,26.76,32.28,23.2,26.85,30,0,0.0,0.0,0.0,,6,6,0,0,3,2,66118,10314,0.09,0.58,377.4851422991072,396.2413853236607,154.20110212053572,25.66,25.19,24.67,0.581257144387385,,0.581257144387385,annual,24311,23.4795588767156,23.851345758885145,14.438607953100776,377.4851422991072,396.2413853236607,154.20110212053572,25.66,25.19,24.67,0.581257144387385,0.581257144387385,0.581257144387385,-0.5000000000000004,0.8660254037844384,32.992655178532004,100.55460030691964,26.67
Warri South,Ubeji,2025-12,2025,12,3.2992655178532004e-05,32.992655178532004,3,100.55460030691964,7,26.67,32.28,23.6,26.75,31,0,0.0,0.0,0.0,,6,6,0,0,3,2,66118,10314,0.09,0.58,205.3728376116072,377.4851422991072,396.2413853236607,26.76,25.66,25.19,0.581257144387385,,0.581257144387385,annual,24312,15.948239403466385,23.4795588767156,23.851345758885145,205.3728376116072,377.4851422991072,396.2413853236607,26.76,25.66,25.19,0.581257144387385,0.581257144387385,0.581257144387385,-2.4492935982947064e-16,1.0,29.34911753982305,22.276811872209823,26.93
Warri South,Ubeji,2026-01,2026,1,2.934911753982305e-05,29.34911753982305,3,22.276811872209823,7,26.93,32.79,22.84,26.96,31,0,0.0,0.0,0.0,,6,6,0,0,3,2,66118,10314,0.09,0.58,100.55460030691964,205.3728376116072,377.4851422991072,26.67,26.76,25.66,0.581257144387385,,0.581257144387385,annual,24313,32.992655178532004,15.948239403466385,23.4795588767156,100.55460030691964,205.3728376116072,377.4851422991072,26.67,26.76,25.66,0.581257144387385,0.581257144387385,0.581257144387385,0.49999999999999994,0.8660254037844387,30.22544115083292,116.79628208705356,27.03
Warri South,Ubeji,2026-02,2026,2,3.022544115083292e-05,30.22544115083292,3,116.79628208705356,7,27.03,34.25,23.16,27.04,28,0,0.0,0.0,0.0,,6,6,0,0,3,2,66118,10314,0.09,0.58,22.276811872209823,100.55460030691964,205.3728376116072,26.93,26.67,26.76,0.581257144387385,,0.581257144387385,annual,24314,29.34911753982305,32.992655178532004,15.948239403466385,22.276811872209823,100.55460030691964,205.3728376116072,26.93,26.67,26.76,0.581257144387385,0.581257144387385,0.581257144387385,0.8660254037844386,0.5000000000000001,28.063640153656404,125.05714634486608,27.49
Warri South,Ubeji,2026-03,2026,3,2.8063640153656404e-05,28.063640153656404,3,125.05714634486608,7,27.49,33.49,23.29,27.57,31,0,0.0,0.0,0.0,,6,6,0,0,3,2,66118,10314,0.09,0.58,116.79628208705356,22.276811872209823,100.55460030691964,27.03,26.93,26.67,0.581257144387385,,0.581257144387385,annual,24315,30.22544115083292,29.34911753982305,32.992655178532004,116.79628208705356,22.276811872209823,100.55460030691964,27.03,26.93,26.67,0.581257144387385,0.581257144387385,0.581257144387385,1.0,6.123233995736766e-17,27.2075606820484,194.52047293526783,27.4
Warri South,Ubeji,2026-04,2026,4,2.72075606820484e-05,27.2075606820484,3,194.52047293526783,7,27.4,32.26,23.5,27.69,30,0,0.0,0.0,0.0,,6,6,0,0,3,2,66118,10314,0.09,0.58,125.05714634486608,116.79628208705356,22.276811872209823,27.49,27.03,26.93,0.581257144387385,0.7609413617558565,0.7609413617558565,monthly,24316,28.063640153656404,30.22544115083292,29.34911753982305,125.05714634486608,116.79628208705356,22.276811872209823,27.49,27.03,26.93,0.581257144387385,0.581257144387385,0.581257144387385,0.8660254037844387,-0.4999999999999998,,,
Warri South-West,Ajudaibo,2025-05,2025,5,1.5429290215251967e-05,15.429290215251967,1,36.187232971191406,4,27.95,29.82,26.39,28.83,31,3,0.008369597,0.008369597,0.008369597,Shell,1,1,0,0,1,0,280,44,3.57,22.73,,,,,,,-0.1848566036413211,-0.1232890017205776,-0.1232890017205776,monthly,24305,,,,,,,,,,,,,0.49999999999999994,-0.8660254037844387,14.320607988338452,57.4633903503418,27.18
Warri South-West,Ajudaibo,2025-06,2025,6,1.4320607988338452e-05,14.320607988338452,1,57.4633903503418,4,27.18,28.64,25.82,28.1,30,3,0.008369597,0.008369597,0.008369597,Shell,1,1,0,0,1,0,280,44,3.57,22.73,36.187232971191406,,,27.95,,,-0.1848566036413211,0.1348500516679552,0.1348500516679552,monthly,24306,15.429290215251967,,,36.187232971191406,,,27.95,,,-0.1232890017205776,,,1.2246467991473532e-16,-1.0,12.12636379932519,50.16352081298828,25.95
Warri South-West,Ajudaibo,2025-07,2025,7,1.212636379932519e-05,12.12636379932519,1,50.16352081298828,4,25.95,27.37,24.94,26.58,31,3,0.008369597,0.008369597,0.008369597,Shell,1,1,0,0,1,0,280,44,3.57,22.73,57.4633903503418,36.187232971191406,,27.18,27.95,,-0.1848566036413211,,-0.1848566036413211,annual,24307,14.320607988338452,15.429290215251967,,57.4633903503418,36.187232971191406,,27.18,27.95,,0.1348500516679552,-0.1232890017205776,,-0.4999999999999997,-0.8660254037844388,14.975165868236218,14.043818473815918,25.33
Warri South-West,Ajudaibo,2025-08,2025,8,1.4975165868236218e-05,14.975165868236218,1,14.043818473815918,4,25.33,26.64,24.62,25.89,31,3,0.008369597,0.008369597,0.008369597,Shell,1,1,0,0,1,0,280,44,3.57,22.73,50.16352081298828,57.4633903503418,36.187232971191406,25.95,27.18,27.95,-0.1848566036413211,,-0.1848566036413211,annual,24308,12.12636379932519,14.320607988338452,15.429290215251967,50.16352081298828,57.4633903503418,36.187232971191406,25.95,27.18,27.95,-0.1848566036413211,0.1348500516679552,-0.1232890017205776,-0.8660254037844384,-0.5000000000000004,11.157513654325156,56.03560256958008,25.89
Warri South-West,Ajudaibo,2025-09,2025,9,1.1157513654325156e-05,11.157513654325156,1,56.03560256958008,4,25.89,27.34,24.85,26.4,30,3,0.008369597,0.008369597,0.008369597,Shell,1,1,0,0,1,0,280,44,3.57,22.73,14.043818473815918,50.16352081298828,57.4633903503418,25.33,25.95,27.18,-0.1848566036413211,,-0.1848566036413211,annual,24309,14.975165868236218,12.12636379932519,14.320607988338452,14.043818473815918,50.16352081298828,57.4633903503418,25.33,25.95,27.18,-0.1848566036413211,-0.1848566036413211,0.1348500516679552,-1.0,-1.8369701987210297e-16,14.534741239913274,52.336517333984375,26.36
Warri South-West,Ajudaibo,2025-10,2025,10,1.4534741239913274e-05,14.534741239913274,1,52.336517333984375,4,26.36,28.27,24.83,27.28,31,3,0.008369597,0.008369597,0.008369597,Shell,1,1,0,0,1,0,280,44,3.57,22.73,56.03560256958008,14.043818473815918,50.16352081298828,25.89,25.33,25.95,-0.1848566036413211,,-0.1848566036413211,annual,24310,11.157513654325156,14.975165868236218,12.12636379932519,56.03560256958008,14.043818473815918,50.16352081298828,25.89,25.33,25.95,-0.1848566036413211,-0.1848566036413211,-0.1848566036413211,-0.8660254037844386,0.5000000000000001,15.308305592043324,26.923452377319336,27.29
Warri South-West,Ajudaibo,2025-11,2025,11,1.5308305592043325e-05,15.308305592043324,1,26.923452377319336,4,27.29,29.37,25.96,28.39,30,3,0.008369597,0.008369597,0.008369597,Shell,1,1,0,0,1,0,280,44,3.57,22.73,52.336517333984375,56.03560256958008,14.043818473815918,26.36,25.89,25.33,-0.1848566036413211,,-0.1848566036413211,annual,24311,14.534741239913274,11.157513654325156,14.975165868236218,52.336517333984375,56.03560256958008,14.043818473815918,26.36,25.89,25.33,-0.1848566036413211,-0.1848566036413211,-0.1848566036413211,-0.5000000000000004,0.8660254037844384,27.702235456672497,13.413700103759766,27.58
Warri South-West,Ajudaibo,2025-12,2025,12,2.7702235456672497e-05,27.702235456672497,1,13.413700103759766,4,27.58,29.44,26.6,28.56,31,3,0.008369597,0.008369597,0.008369597,Shell,1,1,0,0,1,0,280,44,3.57,22.73,26.923452377319336,52.336517333984375,56.03560256958008,27.29,26.36,25.89,-0.1848566036413211,,-0.1848566036413211,annual,24312,15.308305592043324,14.534741239913274,11.157513654325156,26.923452377319336,52.336517333984375,56.03560256958008,27.29,26.36,25.89,-0.1848566036413211,-0.1848566036413211,-0.1848566036413211,-2.4492935982947064e-16,1.0,27.96743683575187,4.172672271728516,27.93
Warri South-West,Ajudaibo,2026-01,2026,1,2.796743683575187e-05,27.96743683575187,1,4.172672271728516,4,27.93,30.14,26.86,28.58,31,3,0.008369597,0.008369597,0.008369597,Shell,1,1,0,0,1,0,280,44,3.57,22.73,13.413700103759766,26.923452377319336,52.336517333984375,27.58,27.29,26.36,-0.1848566036413211,,-0.1848566036413211,annual,24313,27.702235456672497,15.308305592043324,14.534741239913274,13.413700103759766,26.923452377319336,52.336517333984375,27.58,27.29,26.36,-0.1848566036413211,-0.1848566036413211,-0.1848566036413211,0.49999999999999994,0.8660254037844387,22.89186704729218,16.594219207763672,28.11
Warri South-West,Ajudaibo,2026-02,2026,2,2.289186704729218e-05,22.89186704729218,1,16.594219207763672,4,28.11,30.46,26.76,28.63,28,3,0.008369597,0.008369597,0.008369597,Shell,1,1,0,0,1,0,280,44,3.57,22.73,4.172672271728516,13.413700103759766,26.923452377319336,27.93,27.58,27.29,-0.1848566036413211,,-0.1848566036413211,annual,24314,27.96743683575187,27.702235456672497,15.308305592043324,4.172672271728516,13.413700103759766,26.923452377319336,27.93,27.58,27.29,-0.1848566036413211,-0.1848566036413211,-0.1848566036413211,0.8660254037844386,0.5000000000000001,22.813946998212487,16.29936981201172,28.47
Warri South-West,Ajudaibo,2026-03,2026,3,2.2813946998212487e-05,22.813946998212487,1,16.29936981201172,4,28.47,30.03,26.32,29.2,31,3,0.008369597,0.008369597,0.008369597,Shell,1,1,0,0,1,0,280,44,3.57,22.73,16.594219207763672,4.172672271728516,13.413700103759766,28.11,27.93,27.58,-0.1848566036413211,,-0.1848566036413211,annual,24315,22.89186704729218,27.96743683575187,27.702235456672497,16.594219207763672,4.172672271728516,13.413700103759766,28.11,27.93,27.58,-0.1848566036413211,-0.1848566036413211,-0.1848566036413211,1.0,6.123233995736766e-17,28.98248385463376,27.092742919921875,28.7
Warri South-West,Ajudaibo,2026-04,2026,4,2.898248385463376e-05,28.98248385463376,1,27.092742919921875,4,28.7,30.44,26.75,29.34,30,3,0.008369597,0.008369597,0.008369597,Shell,1,1,0,0,1,0,280,44,3.57,22.73,16.29936981201172,16.594219207763672,4.172672271728516,28.47,28.11,27.93,-0.1848566036413211,-0.1025633759550995,-0.1025633759550995,monthly,24316,22.813946998212487,22.89186704729218,27.96743683575187,16.29936981201172,16.594219207763672,4.172672271728516,28.47,28.11,27.93,-0.1848566036413211,-0.1848566036413211,-0.1848566036413211,0.8660254037844387,-0.4999999999999998,,,
Warri South-West,Akpakpa,2025-05,2025,5,,,0,23.82886505126953,2,27.95,29.82,26.39,28.83,31,0,0.0,0.0,0.0,,0,0,0,0,0,0,657,102,0.0,0.0,,,,,,,-0.1775243539349297,-0.0749237986289307,-0.0749237986289307,monthly,24305,,,,,,,,,,,,,0.49999999999999994,-0.8660254037844387,,37.96538925170898,27.18
Warri South-West,Akpakpa,2025-06,2025,6,,,0,37.96538925170898,2,27.18,28.64,25.82,28.1,30,0,0.0,0.0,0.0,,0,0,0,0,0,0,657,102,0.0,0.0,23.82886505126953,,,27.95,,,-0.1775243539349297,0.2673677113663226,0.2673677113663226,monthly,24306,,,,23.82886505126953,,,27.95,,,-0.0749237986289307,,,1.2246467991473532e-16,-1.0,,33.80772399902344,25.95
Warri South-West,Akpakpa,2025-07,2025,7,,,0,33.80772399902344,2,25.95,27.37,24.94,26.58,31,0,0.0,0.0,0.0,,0,0,0,0,0,0,657,102,0.0,0.0,37.96538925170898,23.82886505126953,,27.18,27.95,,-0.1775243539349297,,-0.1775243539349297,annual,24307,,,,37.96538925170898,23.82886505126953,,27.18,27.95,,0.2673677113663226,-0.0749237986289307,,-0.4999999999999997,-0.8660254037844388,,9.883413314819336,25.33
Warri South-West,Akpakpa,2025-08,2025,8,,,0,9.883413314819336,2,25.33,26.64,24.62,25.89,31,0,0.0,0.0,0.0,,0,0,0,0,0,0,657,102,0.0,0.0,33.80772399902344,37.96538925170898,23.82886505126953,25.95,27.18,27.95,-0.1775243539349297,,-0.1775243539349297,annual,24308,,,,33.80772399902344,37.96538925170898,23.82886505126953,25.95,27.18,27.95,-0.1775243539349297,0.2673677113663226,-0.0749237986289307,-0.8660254037844384,-0.5000000000000004,,36.19159698486328,25.89
Warri South-West,Akpakpa,2025-09,2025,9,,,0,36.19159698486328,2,25.89,27.34,24.85,26.4,30,0,0.0,0.0,0.0,,0,0,0,0,0,0,657,102,0.0,0.0,9.883413314819336,33.80772399902344,37.96538925170898,25.33,25.95,27.18,-0.1775243539349297,,-0.1775243539349297,annual,24309,,,,9.883413314819336,33.80772399902344,37.96538925170898,25.33,25.95,27.18,-0.1775243539349297,-0.1775243539349297,0.2673677113663226,-1.0,-1.8369701987210297e-16,,33.79981231689453,26.36
Warri South-West,Akpakpa,2025-10,2025,10,,,0,33.79981231689453,2,26.36,28.27,24.83,27.28,31,0,0.0,0.0,0.0,,0,0,0,0,0,0,657,102,0.0,0.0,36.19159698486328,9.883413314819336,33.80772399902344,25.89,25.33,25.95,-0.1775243539349297,,-0.1775243539349297,annual,24310,,,,36.19159698486328,9.883413314819336,33.80772399902344,25.89,25.33,25.95,-0.1775243539349297,-0.1775243539349297,-0.1775243539349297,-0.8660254037844386,0.5000000000000001,,18.116024017333984,27.29
Warri South-West,Akpakpa,2025-11,2025,11,,,0,18.116024017333984,2,27.29,29.37,25.96,28.39,30,0,0.0,0.0,0.0,,0,0,0,0,0,0,657,102,0.0,0.0,33.79981231689453,36.19159698486328,9.883413314819336,26.36,25.89,25.33,-0.1775243539349297,,-0.1775243539349297,annual,24311,,,,33.79981231689453,36.19159698486328,9.883413314819336,26.36,25.89,25.33,-0.1775243539349297,-0.1775243539349297,-0.1775243539349297,-0.5000000000000004,0.8660254037844384,,9.129110336303713,27.58
Warri South-West,Akpakpa,2025-12,2025,12,,,0,9.129110336303713,2,27.58,29.44,26.6,28.56,31,0,0.0,0.0,0.0,,0,0,0,0,0,0,657,102,0.0,0.0,18.116024017333984,33.79981231689453,36.19159698486328,27.29,26.36,25.89,-0.1775243539349297,,-0.1775243539349297,annual,24312,,,,18.116024017333984,33.79981231689453,36.19159698486328,27.29,26.36,25.89,-0.1775243539349297,-0.1775243539349297,-0.1775243539349297,-2.4492935982947064e-16,1.0,,2.745839357376098,27.93
Warri South-West,Akpakpa,2026-01,2026,1,,,0,2.745839357376098,2,27.93,30.14,26.86,28.58,31,0,0.0,0.0,0.0,,0,0,0,0,0,0,657,102,0.0,0.0,9.129110336303713,18.116024017333984,33.79981231689453,27.58,27.29,26.36,-0.1775243539349297,,-0.1775243539349297,annual,24313,,,,9.129110336303713,18.116024017333984,33.79981231689453,27.58,27.29,26.36,-0.1775243539349297,-0.1775243539349297,-0.1775243539349297,0.49999999999999994,0.8660254037844387,,10.987019538879396,28.11
Warri South-West,Akpakpa,2026-02,2026,2,,,0,10.987019538879396,2,28.11,30.46,26.76,28.63,28,0,0.0,0.0,0.0,,0,0,0,0,0,0,657,102,0.0,0.0,2.745839357376098,9.129110336303713,18.116024017333984,27.93,27.58,27.29,-0.1775243539349297,,-0.1775243539349297,annual,24314,,,,2.745839357376098,9.129110336303713,18.116024017333984,27.93,27.58,27.29,-0.1775243539349297,-0.1775243539349297,-0.1775243539349297,0.8660254037844386,0.5000000000000001,,11.027509689331056,28.47
Warri South-West,Akpakpa,2026-03,2026,3,,,0,11.027509689331056,2,28.47,30.03,26.32,29.2,31,0,0.0,0.0,0.0,,0,0,0,0,0,0,657,102,0.0,0.0,10.987019538879396,2.745839357376098,9.129110336303713,28.11,27.93,27.58,-0.1775243539349297,,-0.1775243539349297,annual,24315,,,,10.987019538879396,2.745839357376098,9.129110336303713,28.11,27.93,27.58,-0.1775243539349297,-0.1775243539349297,-0.1775243539349297,1.0,6.123233995736766e-17,,18.415470123291016,28.7
Warri South-West,Akpakpa,2026-04,2026,4,,,0,18.415470123291016,2,28.7,30.44,26.75,29.34,30,0,0.0,0.0,0.0,,0,0,0,0,0,0,657,102,0.0,0.0,11.027509689331056,10.987019538879396,2.745839357376098,28.47,28.11,27.93,-0.1775243539349297,0.170361685245595,0.170361685245595,monthly,24316,,,,11.027509689331056,10.987019538879396,2.745839357376098,28.47,28.11,27.93,-0.1775243539349297,-0.1775243539349297,-0.1775243539349297,0.8660254037844387,-0.4999999999999998,,,
Warri South-West,Isaba,2025-05,2025,5,1.6876228983164765e-05,16.876228983164765,8,211.926806640625,15,26.71,31.96,24.0,26.78,31,0,0.0,0.0,0.0,,1,1,0,0,1,0,2358,368,0.42,2.72,,,,,,,0.5001379625780935,0.6847759901031606,0.6847759901031606,monthly,24305,,,,,,,,,,,,,0.49999999999999994,-0.8660254037844387,16.599105947534554,360.5287760416667,26.05
Warri South-West,Isaba,2025-06,2025,6,1.6599105947534554e-05,16.599105947534554,8,360.5287760416667,15,26.05,30.65,23.16,26.12,30,0,0.0,0.0,0.0,,1,1,0,0,1,0,2358,368,0.42,2.72,211.926806640625,,,26.71,,,0.5001379625780935,0.6038253734476792,0.6038253734476792,monthly,24306,16.876228983164765,,,211.926806640625,,,26.71,,,0.6847759901031606,,,1.2246467991473532e-16,-1.0,12.226831131556535,375.3370768229167,24.93
Warri South-West,Isaba,2025-07,2025,7,1.2226831131556535e-05,12.226831131556535,8,375.3370768229167,15,24.93,29.47,22.12,25.02,31,0,0.0,0.0,0.0,,1,1,0,0,1,0,2358,368,0.42,2.72,360.5287760416667,211.926806640625,,26.05,26.71,,0.5001379625780935,,0.5001379625780935,annual,24307,16.599105947534554,16.876228983164765,,360.5287760416667,211.926806640625,,26.05,26.71,,0.6038253734476792,0.6847759901031606,,-0.4999999999999997,-0.8660254037844388,14.114607438386884,170.52652994791666,24.67
Warri South-West,Isaba,2025-08,2025,8,1.4114607438386884e-05,14.114607438386884,8,170.52652994791666,15,24.67,29.85,21.72,24.79,31,0,0.0,0.0,0.0,,1,1,0,0,1,0,2358,368,0.42,2.72,375.3370768229167,360.5287760416667,211.926806640625,24.93,26.05,26.71,0.5001379625780935,,0.5001379625780935,annual,24308,12.226831131556535,16.599105947534554,16.876228983164765,375.3370768229167,360.5287760416667,211.926806640625,24.93,26.05,26.71,0.5001379625780935,0.6038253734476792,0.6847759901031606,-0.8660254037844384,-0.5000000000000004,18.859653209801763,431.3966471354167,25.19
Warri South-West,Isaba,2025-09,2025,9,1.8859653209801763e-05,18.859653209801763,8,431.3966471354167,15,25.19,30.78,22.28,25.29,30,0,0.0,0.0,0.0,,1,1,0,0,1,0,2358,368,0.42,2.72,170.52652994791666,375.3370768229167,360.5287760416667,24.67,24.93,26.05,0.5001379625780935,,0.5001379625780935,annual,24309,14.114607438386884,12.226831131556535,16.599105947534554,170.52652994791666,375.3370768229167,360.5287760416667,24.67,24.93,26.05,0.5001379625780935,0.5001379625780935,0.6038253734476792,-1.0,-1.8369701987210297e-16,20.10627576964908,402.63489583333336,25.66
Warri South-West,Isaba,2025-10,2025,10,2.010627576964908e-05,20.10627576964908,8,402.63489583333336,15,25.66,31.23,22.4,25.72,31,0,0.0,0.0,0.0,,1,1,0,0,1,0,2358,368,0.42,2.72,431.3966471354167,170.52652994791666,375.3370768229167,25.19,24.67,24.93,0.5001379625780935,,0.5001379625780935,annual,24310,18.859653209801763,14.114607438386884,12.226831131556535,431.3966471354167,170.52652994791666,375.3370768229167,25.19,24.67,24.93,0.5001379625780935,0.5001379625780935,0.5001379625780935,-0.8660254037844386,0.5000000000000001,21.477782865986228,237.52399088541668,26.76
Warri South-West,Isaba,2025-11,2025,11,2.1477782865986228e-05,21.477782865986228,8,237.52399088541668,15,26.76,32.28,23.2,26.85,30,0,0.0,0.0,0.0,,1,1,0,0,1,0,2358,368,0.42,2.72,402.63489583333336,431.3966471354167,170.52652994791666,25.66,25.19,24.67,0.5001379625780935,,0.5001379625780935,annual,24311,20.10627576964908,18.859653209801763,14.114607438386884,402.63489583333336,431.3966471354167,170.52652994791666,25.66,25.19,24.67,0.5001379625780935,0.5001379625780935,0.5001379625780935,-0.5000000000000004,0.8660254037844384,28.69318996090442,123.28426920572916,26.67
Warri South-West,Isaba,2025-12,2025,12,2.869318996090442e-05,28.69318996090442,8,123.28426920572916,15,26.67,32.28,23.6,26.75,31,0,0.0,0.0,0.0,,1,1,0,0,1,0,2358,368,0.42,2.72,237.52399088541668,402.63489583333336,431.3966471354167,26.76,25.66,25.19,0.5001379625780935,,0.5001379625780935,annual,24312,21.477782865986228,20.10627576964908,18.859653209801763,237.52399088541668,402.63489583333336,431.3966471354167,26.76,25.66,25.19,0.5001379625780935,0.5001379625780935,0.5001379625780935,-2.4492935982947064e-16,1.0,29.973702112329192,30.887113444010417,26.93
Warri South-West,Isaba,2026-01,2026,1,2.9973702112329192e-05,29.973702112329192,8,30.887113444010417,15,26.93,32.79,22.84,26.96,31,0,0.0,0.0,0.0,,1,1,0,0,1,0,2358,368,0.42,2.72,123.28426920572916,237.52399088541668,402.63489583333336,26.67,26.76,25.66,0.5001379625780935,,0.5001379625780935,annual,24313,28.69318996090442,21.477782865986228,20.10627576964908,123.28426920572916,237.52399088541668,402.63489583333336,26.67,26.76,25.66,0.5001379625780935,0.5001379625780935,0.5001379625780935,0.49999999999999994,0.8660254037844387,28.38561704265885,128.60132649739583,27.03
Warri South-West,Isaba,2026-02,2026,2,2.838561704265885e-05,28.38561704265885,8,128.60132649739583,15,27.03,34.25,23.16,27.04,28,0,0.0,0.0,0.0,,1,1,0,0,1,0,2358,368,0.42,2.72,30.887113444010417,123.28426920572916,237.52399088541668,26.93,26.67,26.76,0.5001379625780935,,0.5001379625780935,annual,24314,29.973702112329192,28.69318996090442,21.477782865986228,30.887113444010417,123.28426920572916,237.52399088541668,26.93,26.67,26.76,0.5001379625780935,0.5001379625780935,0.5001379625780935,0.8660254037844386,0.5000000000000001,26.50526221259497,134.15719401041667,27.49
Warri South-West,Isaba,2026-03,2026,3,2.650526221259497e-05,26.50526221259497,8,134.15719401041667,15,27.49,33.49,23.29,27.57,31,0,0.0,0.0,0.0,,1,1,0,0,1,0,2358,368,0.42,2.72,128.60132649739583,30.887113444010417,123.28426920572916,27.03,26.93,26.67,0.5001379625780935,,0.5001379625780935,annual,24315,28.38561704265885,29.973702112329192,28.69318996090442,128.60132649739583,30.887113444010417,123.28426920572916,27.03,26.93,26.67,0.5001379625780935,0.5001379625780935,0.5001379625780935,1.0,6.123233995736766e-17,23.58465462748427,211.10768229166663,27.4
Warri South-West,Isaba,2026-04,2026,4,2.358465462748427e-05,23.58465462748427,8,211.10768229166663,15,27.4,32.26,23.5,27.69,30,0,0.0,0.0,0.0,,1,1,0,0,1,0,2358,368,0.42,2.72,134.15719401041667,128.60132649739583,30.887113444010417,27.49,27.03,26.93,0.5001379625780935,0.7443273833647815,0.7443273833647815,monthly,24316,26.50526221259497,28.38561704265885,29.973702112329192,134.15719401041667,128.60132649739583,30.887113444010417,27.49,27.03,26.93,0.5001379625780935,0.5001379625780935,0.5001379625780935,0.8660254037844387,-0.4999999999999998,,,
Warri South-West,Madangho,2025-05,2025,5,,,0,44.08674112955729,3,27.95,29.82,26.39,28.83,31,0,0.0,0.0,0.0,,1,1,0,0,1,0,538,84,1.86,11.9,,,,,,,-0.1836332296713804,-0.1250707163955226,-0.1250707163955226,monthly,24305,,,,,,,,,,,,,0.49999999999999994,-0.8660254037844387,,69.48908996582031,27.18
Warri South-West,Madangho,2025-06,2025,6,,,0,69.48908996582031,3,27.18,28.64,25.82,28.1,30,0,0.0,0.0,0.0,,1,1,0,0,1,0,538,84,1.86,11.9,44.08674112955729,,,27.95,,,-0.1836332296713804,0.336436927318573,0.336436927318573,monthly,24306,,,,44.08674112955729,,,27.95,,,-0.1250707163955226,,,1.2246467991473532e-16,-1.0,,61.74644978841146,25.95
Warri South-West,Madangho,2025-07,2025,7,,,0,61.74644978841146,3,25.95,27.37,24.94,26.58,31,0,0.0,0.0,0.0,,1,1,0,0,1,0,538,84,1.86,11.9,69.48908996582031,44.08674112955729,,27.18,27.95,,-0.1836332296713804,,-0.1836332296713804,annual,24307,,,,69.48908996582031,44.08674112955729,,27.18,27.95,,0.336436927318573,-0.1250707163955226,,-0.4999999999999997,-0.8660254037844388,,16.93844731648763,25.33
Warri South-West,Madangho,2025-08,2025,8,,,0,16.93844731648763,3,25.33,26.64,24.62,25.89,31,0,0.0,0.0,0.0,,1,1,0,0,1,0,538,84,1.86,11.9,61.74644978841146,69.48908996582031,44.08674112955729,25.95,27.18,27.95,-0.1836332296713804,,-0.1836332296713804,annual,24308,,,,61.74644978841146,69.48908996582031,44.08674112955729,25.95,27.18,27.95,-0.1836332296713804,0.336436927318573,-0.1250707163955226,-0.8660254037844384,-0.5000000000000004,,67.98856608072917,25.89
Warri South-West,Madangho,2025-09,2025,9,,,0,67.98856608072917,3,25.89,27.34,24.85,26.4,30,0,0.0,0.0,0.0,,1,1,0,0,1,0,538,84,1.86,11.9,16.93844731648763,61.74644978841146,69.48908996582031,25.33,25.95,27.18,-0.1836332296713804,,-0.1836332296713804,annual,24309,,,,16.93844731648763,61.74644978841146,69.48908996582031,25.33,25.95,27.18,-0.1836332296713804,-0.1836332296713804,0.336436927318573,-1.0,-1.8369701987210297e-16,,63.34168497721354,26.36
Warri South-West,Madangho,2025-10,2025,10,,,0,63.34168497721354,3,26.36,28.27,24.83,27.28,31,0,0.0,0.0,0.0,,1,1,0,0,1,0,538,84,1.86,11.9,67.98856608072917,16.93844731648763,61.74644978841146,25.89,25.33,25.95,-0.1836332296713804,,-0.1836332296713804,annual,24310,,,,67.98856608072917,16.93844731648763,61.74644978841146,25.89,25.33,25.95,-0.1836332296713804,-0.1836332296713804,-0.1836332296713804,-0.8660254037844386,0.5000000000000001,,32.01660919189453,27.29
Warri South-West,Madangho,2025-11,2025,11,,,0,32.01660919189453,3,27.29,29.37,25.96,28.39,30,0,0.0,0.0,0.0,,1,1,0,0,1,0,538,84,1.86,11.9,63.34168497721354,67.98856608072917,16.93844731648763,26.36,25.89,25.33,-0.1836332296713804,,-0.1836332296713804,annual,24311,,,,63.34168497721354,67.98856608072917,16.93844731648763,26.36,25.89,25.33,-0.1836332296713804,-0.1836332296713804,-0.1836332296713804,-0.5000000000000004,0.8660254037844384,,16.12702178955078,27.58
Warri South-West,Madangho,2025-12,2025,12,,,0,16.12702178955078,3,27.58,29.44,26.6,28.56,31,0,0.0,0.0,0.0,,1,1,0,0,1,0,538,84,1.86,11.9,32.01660919189453,63.34168497721354,67.98856608072917,27.29,26.36,25.89,-0.1836332296713804,,-0.1836332296713804,annual,24312,,,,32.01660919189453,63.34168497721354,67.98856608072917,27.29,26.36,25.89,-0.1836332296713804,-0.1836332296713804,-0.1836332296713804,-2.4492935982947064e-16,1.0,,5.0671742757161455,27.93
Warri South-West,Madangho,2026-01,2026,1,,,0,5.0671742757161455,3,27.93,30.14,26.86,28.58,31,0,0.0,0.0,0.0,,1,1,0,0,1,0,538,84,1.86,11.9,16.12702178955078,32.01660919189453,63.34168497721354,27.58,27.29,26.36,-0.1836332296713804,,-0.1836332296713804,annual,24313,,,,16.12702178955078,32.01660919189453,63.34168497721354,27.58,27.29,26.36,-0.1836332296713804,-0.1836332296713804,-0.1836332296713804,0.49999999999999994,0.8660254037844387,,20.00324376424153,28.11
Warri South-West,Madangho,2026-02,2026,2,,,0,20.00324376424153,3,28.11,30.46,26.76,28.63,28,0,0.0,0.0,0.0,,1,1,0,0,1,0,538,84,1.86,11.9,5.0671742757161455,16.12702178955078,32.01660919189453,27.93,27.58,27.29,-0.1836332296713804,,-0.1836332296713804,annual,24314,,,,5.0671742757161455,16.12702178955078,32.01660919189453,27.93,27.58,27.29,-0.1836332296713804,-0.1836332296713804,-0.1836332296713804,0.8660254037844386,0.5000000000000001,,19.59776433308919,28.47
Warri South-West,Madangho,2026-03,2026,3,,,0,19.59776433308919,3,28.47,30.03,26.32,29.2,31,0,0.0,0.0,0.0,,1,1,0,0,1,0,538,84,1.86,11.9,20.00324376424153,5.0671742757161455,16.12702178955078,28.11,27.93,27.58,-0.1836332296713804,,-0.1836332296713804,annual,24315,,,,20.00324376424153,5.0671742757161455,16.12702178955078,28.11,27.93,27.58,-0.1836332296713804,-0.1836332296713804,-0.1836332296713804,1.0,6.123233995736766e-17,,32.73013559977213,28.7
Warri South-West,Madangho,2026-04,2026,4,,,0,32.73013559977213,3,28.7,30.44,26.75,29.34,30,0,0.0,0.0,0.0,,1,1,0,0,1,0,538,84,1.86,11.9,19.59776433308919,20.00324376424153,5.0671742757161455,28.47,28.11,27.93,-0.1836332296713804,0.1524705019864169,0.1524705019864169,monthly,24316,,,,19.59776433308919,20.00324376424153,5.0671742757161455,28.47,28.11,27.93,-0.1836332296713804,-0.1836332296713804,-0.1836332296713804,0.8660254037844387,-0.4999999999999998,,,
Warri South-West,Ogbe-Ijoh,2025-05,2025,5,1.756224810378626e-05,17.56224810378626,32,203.86372884114584,36,26.71,31.96,24.0,26.78,31,26,1.140323966,0.1644119809999999,1.06475531,"NEPL, Neconde Energy",6,4,2,0,4,0,16088,2510,0.37,1.59,,,,,,,0.5168187083523361,0.5994173921475845,0.5994173921475845,monthly,24305,,,,,,,,,,,,,0.49999999999999994,-0.8660254037844387,14.910459867678584,373.9892849392361,26.05
Warri South-West,Ogbe-Ijoh,2025-06,2025,6,1.4910459867678584e-05,14.910459867678584,32,373.9892849392361,36,26.05,30.65,23.16,26.12,30,26,1.140323966,0.1644119809999999,1.06475531,"NEPL, Neconde Energy",6,4,2,0,4,0,16088,2510,0.37,1.59,203.86372884114584,,,26.71,,,0.5168187083523361,0.5322644326526205,0.5322644326526205,monthly,24306,17.56224810378626,,,203.86372884114584,,,26.71,,,0.5994173921475845,,,1.2246467991473532e-16,-1.0,11.727424862328917,379.9247233072917,24.93
Warri South-West,Ogbe-Ijoh,2025-07,2025,7,1.1727424862328917e-05,11.727424862328917,32,379.9247233072917,36,24.93,29.47,22.12,25.02,31,26,1.140323966,0.1644119809999999,1.06475531,"NEPL, Neconde Energy",6,4,2,0,4,0,16088,2510,0.37,1.59,373.9892849392361,203.86372884114584,,26.05,26.71,,0.5168187083523361,,0.5168187083523361,annual,24307,14.910459867678584,17.56224810378626,,373.9892849392361,203.86372884114584,,26.05,26.71,,0.5322644326526205,0.5994173921475845,,-0.4999999999999997,-0.8660254037844388,13.740151189267635,138.93751356336804,24.67
Warri South-West,Ogbe-Ijoh,2025-08,2025,8,1.3740151189267635e-05,13.740151189267635,32,138.93751356336804,36,24.67,29.85,21.72,24.79,31,26,1.140323966,0.1644119809999999,1.06475531,"NEPL, Neconde Energy",6,4,2,0,4,0,16088,2510,0.37,1.59,379.9247233072917,373.9892849392361,203.86372884114584,24.93,26.05,26.71,0.5168187083523361,,0.5168187083523361,annual,24308,11.727424862328917,14.910459867678584,17.56224810378626,379.9247233072917,373.9892849392361,203.86372884114584,24.93,26.05,26.71,0.5168187083523361,0.5322644326526205,0.5994173921475845,-0.8660254037844384,-0.5000000000000004,15.944373444654047,414.18120659722223,25.19
Warri South-West,Ogbe-Ijoh,2025-09,2025,9,1.5944373444654047e-05,15.944373444654047,32,414.18120659722223,36,25.19,30.78,22.28,25.29,30,26,1.140323966,0.1644119809999999,1.06475531,"NEPL, Neconde Energy",6,4,2,0,4,0,16088,2510,0.37,1.59,138.93751356336804,379.9247233072917,373.9892849392361,24.67,24.93,26.05,0.5168187083523361,,0.5168187083523361,annual,24309,13.740151189267635,11.727424862328917,14.910459867678584,138.93751356336804,379.9247233072917,373.9892849392361,24.67,24.93,26.05,0.5168187083523361,0.5168187083523361,0.5322644326526205,-1.0,-1.8369701987210297e-16,17.699450836516917,378.9204915364583,25.66
Warri South-West,Ogbe-Ijoh,2025-10,2025,10,1.7699450836516917e-05,17.699450836516917,32,378.9204915364583,36,25.66,31.23,22.4,25.72,31,26,1.140323966,0.1644119809999999,1.06475531,"NEPL, Neconde Energy",6,4,2,0,4,0,16088,2510,0.37,1.59,414.18120659722223,138.93751356336804,379.9247233072917,25.19,24.67,24.93,0.5168187083523361,,0.5168187083523361,annual,24310,15.944373444654047,13.740151189267635,11.727424862328917,414.18120659722223,138.93751356336804,379.9247233072917,25.19,24.67,24.93,0.5168187083523361,0.5168187083523361,0.5168187083523361,-0.8660254037844386,0.5000000000000001,17.954760551219806,221.05094401041663,26.76
Warri South-West,Ogbe-Ijoh,2025-11,2025,11,1.7954760551219806e-05,17.954760551219806,32,221.05094401041663,36,26.76,32.28,23.2,26.85,30,26,1.140323966,0.1644119809999999,1.06475531,"NEPL, Neconde Energy",6,4,2,0,4,0,16088,2510,0.37,1.59,378.9204915364583,414.18120659722223,138.93751356336804,25.66,25.19,24.67,0.5168187083523361,,0.5168187083523361,annual,24311,17.699450836516917,15.944373444654047,13.740151189267635,378.9204915364583,414.18120659722223,138.93751356336804,25.66,25.19,24.67,0.5168187083523361,0.5168187083523361,0.5168187083523361,-0.5000000000000004,0.8660254037844384,27.216667149332352,109.16439480251736,26.67
Warri South-West,Ogbe-Ijoh,2025-12,2025,12,2.7216667149332352e-05,27.216667149332352,32,109.16439480251736,36,26.67,32.28,23.6,26.75,31,26,1.140323966,0.1644119809999999,1.06475531,"NEPL, Neconde Energy",6,4,2,0,4,0,16088,2510,0.37,1.59,221.05094401041663,378.9204915364583,414.18120659722223,26.76,25.66,25.19,0.5168187083523361,,0.5168187083523361,annual,24312,17.954760551219806,17.699450836516917,15.944373444654047,221.05094401041663,378.9204915364583,414.18120659722223,26.76,25.66,25.19,0.5168187083523361,0.5168187083523361,0.5168187083523361,-2.4492935982947064e-16,1.0,28.56415812857449,31.49811469184028,26.93
Warri South-West,Ogbe-Ijoh,2026-01,2026,1,2.856415812857449e-05,28.56415812857449,32,31.49811469184028,36,26.93,32.79,22.84,26.96,31,26,1.140323966,0.1644119809999999,1.06475531,"NEPL, Neconde Energy",6,4,2,0,4,0,16088,2510,0.37,1.59,109.16439480251736,221.05094401041663,378.9204915364583,26.67,26.76,25.66,0.5168187083523361,,0.5168187083523361,annual,24313,27.216667149332352,17.954760551219806,17.699450836516917,109.16439480251736,221.05094401041663,378.9204915364583,26.67,26.76,25.66,0.5168187083523361,0.5168187083523361,0.5168187083523361,0.49999999999999994,0.8660254037844387,26.743964554043487,121.85356987847224,27.03
Warri South-West,Ogbe-Ijoh,2026-02,2026,2,2.6743964554043487e-05,26.743964554043487,32,121.85356987847224,36,27.03,34.25,23.16,27.04,28,26,1.140323966,0.1644119809999999,1.06475531,"NEPL, Neconde Energy",6,4,2,0,4,0,16088,2510,0.37,1.59,31.49811469184028,109.16439480251736,221.05094401041663,26.93,26.67,26.76,0.5168187083523361,,0.5168187083523361,annual,24314,28.56415812857449,27.216667149332352,17.954760551219806,31.49811469184028,109.16439480251736,221.05094401041663,26.93,26.67,26.76,0.5168187083523361,0.5168187083523361,0.5168187083523361,0.8660254037844386,0.5000000000000001,24.31255779811181,124.71432834201389,27.49
Warri South-West,Ogbe-Ijoh,2026-03,2026,3,2.431255779811181e-05,24.31255779811181,32,124.71432834201389,36,27.49,33.49,23.29,27.57,31,26,1.140323966,0.1644119809999999,1.06475531,"NEPL, Neconde Energy",6,4,2,0,4,0,16088,2510,0.37,1.59,121.85356987847224,31.49811469184028,109.16439480251736,27.03,26.93,26.67,0.5168187083523361,,0.5168187083523361,annual,24315,26.743964554043487,28.56415812857449,27.216667149332352,121.85356987847224,31.49811469184028,109.16439480251736,27.03,26.93,26.67,0.5168187083523361,0.5168187083523361,0.5168187083523361,1.0,6.123233995736766e-17,20.933088308083825,200.09642198350696,27.4
Warri South-West,Ogbe-Ijoh,2026-04,2026,4,2.0933088308083825e-05,20.933088308083825,32,200.09642198350696,36,27.4,32.26,23.5,27.69,30,26,1.140323966,0.1644119809999999,1.06475531,"NEPL, Neconde Energy",6,4,2,0,4,0,16088,2510,0.37,1.59,124.71432834201389,121.85356987847224,31.49811469184028,27.49,27.03,26.93,0.5168187083523361,0.6663653829237499,0.6663653829237499,monthly,24316,24.31255779811181,26.743964554043487,28.56415812857449,124.71432834201389,121.85356987847224,31.49811469184028,27.49,27.03,26.93,0.5168187083523361,0.5168187083523361,0.5168187083523361,0.8660254037844387,-0.4999999999999998,,,
Warri South-West,Ogidigben,2025-05,2025,5,1.6161531675606966e-05,16.161531675606966,3,77.06492614746094,4,27.95,29.82,26.39,28.83,31,10,0.540161479,0.274954967,0.34627823,Shell,2,1,1,0,2,0,3835,598,0.52,1.67,,,,,,,-0.1628734916890764,-0.0344473164614797,-0.0344473164614797,monthly,24305,,,,,,,,,,,,,0.49999999999999994,-0.8660254037844387,14.874663368876403,111.21222686767578,27.18
Warri South-West,Ogidigben,2025-06,2025,6,1.4874663368876405e-05,14.874663368876403,3,111.21222686767578,4,27.18,28.64,25.82,28.1,30,10,0.540161479,0.274954967,0.34627823,Shell,2,1,1,0,2,0,3835,598,0.52,1.67,77.06492614746094,,,27.95,,,-0.1628734916890764,0.2667002013593266,0.2667002013593266,monthly,24306,16.161531675606966,,,77.06492614746094,,,27.95,,,-0.0344473164614797,,,1.2246467991473532e-16,-1.0,9.946166149651011,68.55475616455078,25.95
Warri South-West,Ogidigben,2025-07,2025,7,9.946166149651011e-06,9.946166149651011,3,68.55475616455078,4,25.95,27.37,24.94,26.58,31,10,0.540161479,0.274954967,0.34627823,Shell,2,1,1,0,2,0,3835,598,0.52,1.67,111.21222686767578,77.06492614746094,,27.18,27.95,,-0.1628734916890764,,-0.1628734916890764,annual,24307,14.874663368876403,16.161531675606966,,111.21222686767578,77.06492614746094,,27.18,27.95,,0.2667002013593266,-0.0344473164614797,,-0.4999999999999997,-0.8660254037844388,13.01908438714842,22.41189956665039,25.33
Warri South-West,Ogidigben,2025-08,2025,8,1.301908438714842e-05,13.01908438714842,3,22.41189956665039,4,25.33,26.64,24.62,25.89,31,10,0.540161479,0.274954967,0.34627823,Shell,2,1,1,0,2,0,3835,598,0.52,1.67,68.55475616455078,111.21222686767578,77.06492614746094,25.95,27.18,27.95,-0.1628734916890764,,-0.1628734916890764,annual,24308,9.946166149651011,14.874663368876403,16.161531675606966,68.55475616455078,111.21222686767578,77.06492614746094,25.95,27.18,27.95,-0.1628734916890764,0.2667002013593266,-0.0344473164614797,-0.8660254037844384,-0.5000000000000004,13.132435318160182,89.23851776123047,25.89
Warri South-West,Ogidigben,2025-09,2025,9,1.3132435318160182e-05,13.132435318160182,3,89.23851776123047,4,25.89,27.34,24.85,26.4,30,10,0.540161479,0.274954967,0.34627823,Shell,2,1,1,0,2,0,3835,598,0.52,1.67,22.41189956665039,68.55475616455078,111.21222686767578,25.33,25.95,27.18,-0.1628734916890764,,-0.1628734916890764,annual,24309,13.01908438714842,9.946166149651011,14.874663368876403,22.41189956665039,68.55475616455078,111.21222686767578,25.33,25.95,27.18,-0.1628734916890764,-0.1628734916890764,0.2667002013593266,-1.0,-1.8369701987210297e-16,11.48837327491492,110.33208465576172,26.36
Warri South-West,Ogidigben,2025-10,2025,10,1.148837327491492e-05,11.48837327491492,3,110.33208465576172,4,26.36,28.27,24.83,27.28,31,10,0.540161479,0.274954967,0.34627823,Shell,2,1,1,0,2,0,3835,598,0.52,1.67,89.23851776123047,22.41189956665039,68.55475616455078,25.89,25.33,25.95,-0.1628734916890764,,-0.1628734916890764,annual,24310,13.132435318160182,13.01908438714842,9.946166149651011,89.23851776123047,22.41189956665039,68.55475616455078,25.89,25.33,25.95,-0.1628734916890764,-0.1628734916890764,-0.1628734916890764,-0.8660254037844386,0.5000000000000001,16.197664081119,83.01014709472656,27.29
Warri South-West,Ogidigben,2025-11,2025,11,1.6197664081119e-05,16.197664081119,3,83.01014709472656,4,27.29,29.37,25.96,28.39,30,10,0.540161479,0.274954967,0.34627823,Shell,2,1,1,0,2,0,3835,598,0.52,1.67,110.33208465576172,89.23851776123047,22.41189956665039,26.36,25.89,25.33,-0.1628734916890764,,-0.1628734916890764,annual,24311,11.48837327491492,13.132435318160182,13.01908438714842,110.33208465576172,89.23851776123047,22.41189956665039,26.36,25.89,25.33,-0.1628734916890764,-0.1628734916890764,-0.1628734916890764,-0.5000000000000004,0.8660254037844384,27.716067658426866,37.2480697631836,27.58
Warri South-West,Ogidigben,2025-12,2025,12,2.7716067658426865e-05,27.716067658426866,3,37.2480697631836,4,27.58,29.44,26.6,28.56,31,10,0.540161479,0.274954967,0.34627823,Shell,2,1,1,0,2,0,3835,598,0.52,1.67,83.01014709472656,110.33208465576172,89.23851776123047,27.29,26.36,25.89,-0.1628734916890764,,-0.1628734916890764,annual,24312,16.197664081119,11.48837327491492,13.132435318160182,83.01014709472656,110.33208465576172,89.23851776123047,27.29,26.36,25.89,-0.1628734916890764,-0.1628734916890764,-0.1628734916890764,-2.4492935982947064e-16,1.0,25.621038124275703,7.023218631744385,27.93
Warri South-West,Ogidigben,2026-01,2026,1,2.5621038124275703e-05,25.621038124275703,3,7.023218631744385,4,27.93,30.14,26.86,28.58,31,10,0.540161479,0.274954967,0.34627823,Shell,2,1,1,0,2,0,3835,598,0.52,1.67,37.2480697631836,83.01014709472656,110.33208465576172,27.58,27.29,26.36,-0.1628734916890764,,-0.1628734916890764,annual,24313,27.716067658426866,16.197664081119,11.48837327491492,37.2480697631836,83.01014709472656,110.33208465576172,27.58,27.29,26.36,-0.1628734916890764,-0.1628734916890764,-0.1628734916890764,0.49999999999999994,0.8660254037844387,20.52966253055881,37.64014053344727,28.11
Warri South-West,Ogidigben,2026-02,2026,2,2.052966253055881e-05,20.52966253055881,3,37.64014053344727,4,28.11,30.46,26.76,28.63,28,10,0.540161479,0.274954967,0.34627823,Shell,2,1,1,0,2,0,3835,598,0.52,1.67,7.023218631744385,37.2480697631836,83.01014709472656,27.93,27.58,27.29,-0.1628734916890764,,-0.1628734916890764,annual,24314,25.621038124275703,27.716067658426866,16.197664081119,7.023218631744385,37.2480697631836,83.01014709472656,27.93,27.58,27.29,-0.1628734916890764,-0.1628734916890764,-0.1628734916890764,0.8660254037844386,0.5000000000000001,22.093716931218903,40.589603424072266,28.47
Warri South-West,Ogidigben,2026-03,2026,3,2.2093716931218903e-05,22.093716931218903,3,40.589603424072266,4,28.47,30.03,26.32,29.2,31,10,0.540161479,0.274954967,0.34627823,Shell,2,1,1,0,2,0,3835,598,0.52,1.67,37.64014053344727,7.023218631744385,37.2480697631836,28.11,27.93,27.58,-0.1628734916890764,,-0.1628734916890764,annual,24315,20.52966253055881,25.621038124275703,27.716067658426866,37.64014053344727,7.023218631744385,37.2480697631836,28.11,27.93,27.58,-0.1628734916890764,-0.1628734916890764,-0.1628734916890764,1.0,6.123233995736766e-17,20.86776657961309,66.08887481689453,28.7
Warri South-West,Ogidigben,2026-04,2026,4,2.086776657961309e-05,20.86776657961309,3,66.08887481689453,4,28.7,30.44,26.75,29.34,30,10,0.540161479,0.274954967,0.34627823,Shell,2,1,1,0,2,0,3835,598,0.52,1.67,40.589603424072266,37.64014053344727,7.023218631744385,28.47,28.11,27.93,-0.1628734916890764,0.2931673734219852,0.2931673734219852,monthly,24316,22.093716931218903,20.52966253055881,25.621038124275703,40.589603424072266,37.64014053344727,7.023218631744385,28.47,28.11,27.93,-0.1628734916890764,-0.1628734916890764,-0.1628734916890764,0.8660254037844387,-0.4999999999999998,,,
Warri South-West,Okerenkoko,2025-05,2025,5,1.6919814858256895e-05,16.919814858256895,34,159.95624457465277,36,26.71,31.96,24.0,26.78,31,26,0.899942809,0.241818126,0.718305797,"Chevron, NEPL, NGPTC, Neconde Energy",3,2,1,0,0,0,6984,1090,0.43,1.83,,,,,,,0.2114452635757738,0.4004937798434205,0.4004937798434205,monthly,24305,,,,,,,,,,,,,0.49999999999999994,-0.8660254037844387,12.719876180841204,276.87896050347223,26.05
Warri South-West,Okerenkoko,2025-06,2025,6,1.2719876180841203e-05,12.719876180841204,34,276.87896050347223,36,26.05,30.65,23.16,26.12,30,26,0.899942809,0.241818126,0.718305797,"Chevron, NEPL, NGPTC, Neconde Energy",3,2,1,0,0,0,6984,1090,0.43,1.83,159.95624457465277,,,26.71,,,0.2114452635757738,0.6492420076199412,0.6492420076199412,monthly,24306,16.919814858256895,,,159.95624457465277,,,26.71,,,0.4004937798434205,,,1.2246467991473532e-16,-1.0,11.397146462353277,267.3463541666667,24.93
Warri South-West,Okerenkoko,2025-07,2025,7,1.1397146462353275e-05,11.397146462353277,34,267.3463541666667,36,24.93,29.47,22.12,25.02,31,26,0.899942809,0.241818126,0.718305797,"Chevron, NEPL, NGPTC, Neconde Energy",3,2,1,0,0,0,6984,1090,0.43,1.83,276.87896050347223,159.95624457465277,,26.05,26.71,,0.2114452635757738,,0.2114452635757738,annual,24307,12.719876180841204,16.919814858256895,,276.87896050347223,159.95624457465277,,26.05,26.71,,0.6492420076199412,0.4004937798434205,,-0.4999999999999997,-0.8660254037844388,14.155395226279165,80.88071017795139,24.67
Warri South-West,Okerenkoko,2025-08,2025,8,1.4155395226279165e-05,14.155395226279165,34,80.88071017795139,36,24.67,29.85,21.72,24.79,31,26,0.899942809,0.241818126,0.718305797,"Chevron, NEPL, NGPTC, Neconde Energy",3,2,1,0,0,0,6984,1090,0.43,1.83,267.3463541666667,276.87896050347223,159.95624457465277,24.93,26.05,26.71,0.2114452635757738,,0.2114452635757738,annual,24308,11.397146462353277,12.719876180841204,16.919814858256895,267.3463541666667,276.87896050347223,159.95624457465277,24.93,26.05,26.71,0.2114452635757738,0.6492420076199412,0.4004937798434205,-0.8660254037844384,-0.5000000000000004,15.392971416825755,285.66680230034723,25.19
Warri South-West,Okerenkoko,2025-09,2025,9,1.5392971416825758e-05,15.392971416825755,34,285.66680230034723,36,25.19,30.78,22.28,25.29,30,26,0.899942809,0.241818126,0.718305797,"Chevron, NEPL, NGPTC, Neconde Energy",3,2,1,0,0,0,6984,1090,0.43,1.83,80.88071017795139,267.3463541666667,276.87896050347223,24.67,24.93,26.05,0.2114452635757738,,0.2114452635757738,annual,24309,14.155395226279165,11.397146462353277,12.719876180841204,80.88071017795139,267.3463541666667,276.87896050347223,24.67,24.93,26.05,0.2114452635757738,0.2114452635757738,0.6492420076199412,-1.0,-1.8369701987210297e-16,15.822136500740752,281.89092339409723,25.66
Warri South-West,Okerenkoko,2025-10,2025,10,1.5822136500740753e-05,15.822136500740752,34,281.89092339409723,36,25.66,31.23,22.4,25.72,31,26,0.899942809,0.241818126,0.718305797,"Chevron, NEPL, NGPTC, Neconde Energy",3,2,1,0,0,0,6984,1090,0.43,1.83,285.66680230034723,80.88071017795139,267.3463541666667,25.19,24.67,24.93,0.2114452635757738,,0.2114452635757738,annual,24310,15.392971416825755,14.155395226279165,11.397146462353277,285.66680230034723,80.88071017795139,267.3463541666667,25.19,24.67,24.93,0.2114452635757738,0.2114452635757738,0.2114452635757738,-0.8660254037844386,0.5000000000000001,16.680793658665873,134.1961398654514,26.76
Warri South-West,Okerenkoko,2025-11,2025,11,1.6680793658665873e-05,16.680793658665873,34,134.1961398654514,36,26.76,32.28,23.2,26.85,30,26,0.899942809,0.241818126,0.718305797,"Chevron, NEPL, NGPTC, Neconde Energy",3,2,1,0,0,0,6984,1090,0.43,1.83,281.89092339409723,285.66680230034723,80.88071017795139,25.66,25.19,24.67,0.2114452635757738,,0.2114452635757738,annual,24311,15.822136500740752,15.392971416825755,14.155395226279165,281.89092339409723,285.66680230034723,80.88071017795139,25.66,25.19,24.67,0.2114452635757738,0.2114452635757738,0.2114452635757738,-0.5000000000000004,0.8660254037844384,26.53992166468764,60.914340549045136,26.67
Warri South-West,Okerenkoko,2025-12,2025,12,2.653992166468764e-05,26.53992166468764,34,60.914340549045136,36,26.67,32.28,23.6,26.75,31,26,0.899942809,0.241818126,0.718305797,"Chevron, NEPL, NGPTC, Neconde Energy",3,2,1,0,0,0,6984,1090,0.43,1.83,134.1961398654514,281.89092339409723,285.66680230034723,26.76,25.66,25.19,0.2114452635757738,,0.2114452635757738,annual,24312,16.680793658665873,15.822136500740752,15.392971416825755,134.1961398654514,281.89092339409723,285.66680230034723,26.76,25.66,25.19,0.2114452635757738,0.2114452635757738,0.2114452635757738,-2.4492935982947064e-16,1.0,27.4232605828301,19.903888278537327,26.93
Warri South-West,Okerenkoko,2026-01,2026,1,2.74232605828301e-05,27.4232605828301,34,19.903888278537327,36,26.93,32.79,22.84,26.96,31,26,0.899942809,0.241818126,0.718305797,"Chevron, NEPL, NGPTC, Neconde Energy",3,2,1,0,0,0,6984,1090,0.43,1.83,60.914340549045136,134.1961398654514,281.89092339409723,26.67,26.76,25.66,0.2114452635757738,,0.2114452635757738,annual,24313,26.53992166468764,16.680793658665873,15.822136500740752,60.914340549045136,134.1961398654514,281.89092339409723,26.67,26.76,25.66,0.2114452635757738,0.2114452635757738,0.2114452635757738,0.49999999999999994,0.8660254037844387,23.74926664154319,84.11614312065973,27.03
Warri South-West,Okerenkoko,2026-02,2026,2,2.374926664154319e-05,23.74926664154319,34,84.11614312065973,36,27.03,34.25,23.16,27.04,28,26,0.899942809,0.241818126,0.718305797,"Chevron, NEPL, NGPTC, Neconde Energy",3,2,1,0,0,0,6984,1090,0.43,1.83,19.903888278537327,60.914340549045136,134.1961398654514,26.93,26.67,26.76,0.2114452635757738,,0.2114452635757738,annual,24314,27.4232605828301,26.53992166468764,16.680793658665873,19.903888278537327,60.914340549045136,134.1961398654514,26.93,26.67,26.76,0.2114452635757738,0.2114452635757738,0.2114452635757738,0.8660254037844386,0.5000000000000001,22.781735477859485,91.02596028645831,27.49
Warri South-West,Okerenkoko,2026-03,2026,3,2.2781735477859483e-05,22.781735477859485,34,91.02596028645831,36,27.49,33.49,23.29,27.57,31,26,0.899942809,0.241818126,0.718305797,"Chevron, NEPL, NGPTC, Neconde Energy",3,2,1,0,0,0,6984,1090,0.43,1.83,84.11614312065973,19.903888278537327,60.914340549045136,27.03,26.93,26.67,0.2114452635757738,,0.2114452635757738,annual,24315,23.74926664154319,27.4232605828301,26.53992166468764,84.11614312065973,19.903888278537327,60.914340549045136,27.03,26.93,26.67,0.2114452635757738,0.2114452635757738,0.2114452635757738,1.0,6.123233995736766e-17,22.42168171933907,144.67027452256946,27.4
Warri South-West,Okerenkoko,2026-04,2026,4,2.242168171933907e-05,22.42168171933907,34,144.67027452256946,36,27.4,32.26,23.5,27.69,30,26,0.899942809,0.241818126,0.718305797,"Chevron, NEPL, NGPTC, Neconde Energy",3,2,1,0,0,0,6984,1090,0.43,1.83,91.02596028645831,84.11614312065973,19.903888278537327,27.49,27.03,26.93,0.2114452635757738,0.3885711432809874,0.3885711432809874,monthly,24316,22.781735477859485,23.74926664154319,27.4232605828301,91.02596028645831,84.11614312065973,19.903888278537327,27.49,27.03,26.93,0.2114452635757738,0.2114452635757738,0.2114452635757738,0.8660254037844387,-0.4999999999999998,,,
Warri South-West,Oporozo,2025-05,2025,5,1.8448148953861425e-05,18.448148953861427,7,84.4041748046875,16,27.95,29.82,26.39,28.83,31,9,0.163191998,0.100763698,0.1214450659999999,"Chevron, NEPL",3,2,1,0,3,0,5755,898,0.52,2.23,,,,,,,-0.2772103252108135,-0.19706072746266,-0.19706072746266,monthly,24305,,,,,,,,,,,,,0.49999999999999994,-0.8660254037844387,15.942153238159204,132.44668579101562,27.18
Warri South-West,Oporozo,2025-06,2025,6,1.5942153238159206e-05,15.942153238159204,7,132.44668579101562,16,27.18,28.64,25.82,28.1,30,9,0.163191998,0.100763698,0.1214450659999999,"Chevron, NEPL",3,2,1,0,3,0,5755,898,0.52,2.23,84.4041748046875,,,27.95,,,-0.2772103252108135,0.4247866187185111,0.4247866187185111,monthly,24306,18.448148953861427,,,84.4041748046875,,,27.95,,,-0.19706072746266,,,1.2246467991473532e-16,-1.0,12.028050800186715,132.01467895507812,25.95
Warri South-West,Oporozo,2025-07,2025,7,1.2028050800186715e-05,12.028050800186715,7,132.01467895507812,16,25.95,27.37,24.94,26.58,31,9,0.163191998,0.100763698,0.1214450659999999,"Chevron, NEPL",3,2,1,0,3,0,5755,898,0.52,2.23,132.44668579101562,84.4041748046875,,27.18,27.95,,-0.2772103252108135,,-0.2772103252108135,annual,24307,15.942153238159204,18.448148953861427,,132.44668579101562,84.4041748046875,,27.18,27.95,,0.4247866187185111,-0.19706072746266,,-0.4999999999999997,-0.8660254037844388,14.35363810742274,35.57902908325195,25.33
Warri South-West,Oporozo,2025-08,2025,8,1.435363810742274e-05,14.35363810742274,7,35.57902908325195,16,25.33,26.64,24.62,25.89,31,9,0.163191998,0.100763698,0.1214450659999999,"Chevron, NEPL",3,2,1,0,3,0,5755,898,0.52,2.23,132.01467895507812,132.44668579101562,84.4041748046875,25.95,27.18,27.95,-0.2772103252108135,,-0.2772103252108135,annual,24308,12.028050800186715,15.942153238159204,18.448148953861427,132.01467895507812,132.44668579101562,84.4041748046875,25.95,27.18,27.95,-0.2772103252108135,0.4247866187185111,-0.19706072746266,-0.8660254037844384,-0.5000000000000004,13.90507843877588,132.4417266845703,25.89
Warri South-West,Oporozo,2025-09,2025,9,1.390507843877588e-05,13.90507843877588,7,132.4417266845703,16,25.89,27.34,24.85,26.4,30,9,0.163191998,0.100763698,0.1214450659999999,"Chevron, NEPL",3,2,1,0,3,0,5755,898,0.52,2.23,35.57902908325195,132.01467895507812,132.44668579101562,25.33,25.95,27.18,-0.2772103252108135,,-0.2772103252108135,annual,24309,14.35363810742274,12.028050800186715,15.942153238159204,35.57902908325195,132.01467895507812,132.44668579101562,25.33,25.95,27.18,-0.2772103252108135,-0.2772103252108135,0.4247866187185111,-1.0,-1.8369701987210297e-16,13.686038853068435,124.4207000732422,26.36
Warri South-West,Oporozo,2025-10,2025,10,1.3686038853068436e-05,13.686038853068435,7,124.4207000732422,16,26.36,28.27,24.83,27.28,31,9,0.163191998,0.100763698,0.1214450659999999,"Chevron, NEPL",3,2,1,0,3,0,5755,898,0.52,2.23,132.4417266845703,35.57902908325195,132.01467895507812,25.89,25.33,25.95,-0.2772103252108135,,-0.2772103252108135,annual,24310,13.90507843877588,14.35363810742274,12.028050800186715,132.4417266845703,35.57902908325195,132.01467895507812,25.89,25.33,25.95,-0.2772103252108135,-0.2772103252108135,-0.2772103252108135,-0.8660254037844386,0.5000000000000001,14.999403252399391,57.17825698852539,27.29
Warri South-West,Oporozo,2025-11,2025,11,1.4999403252399392e-05,14.999403252399391,7,57.17825698852539,16,27.29,29.37,25.96,28.39,30,9,0.163191998,0.100763698,0.1214450659999999,"Chevron, NEPL",3,2,1,0,3,0,5755,898,0.52,2.23,124.4207000732422,132.4417266845703,35.57902908325195,26.36,25.89,25.33,-0.2772103252108135,,-0.2772103252108135,annual,24311,13.686038853068435,13.90507843877588,14.35363810742274,124.4207000732422,132.4417266845703,35.57902908325195,26.36,25.89,25.33,-0.2772103252108135,-0.2772103252108135,-0.2772103252108135,-0.5000000000000004,0.8660254037844384,26.827686399753603,30.03535461425781,27.58
Warri South-West,Oporozo,2025-12,2025,12,2.6827686399753604e-05,26.827686399753603,7,30.03535461425781,16,27.58,29.44,26.6,28.56,31,9,0.163191998,0.100763698,0.1214450659999999,"Chevron, NEPL",3,2,1,0,3,0,5755,898,0.52,2.23,57.17825698852539,124.4207000732422,132.4417266845703,27.29,26.36,25.89,-0.2772103252108135,,-0.2772103252108135,annual,24312,14.999403252399391,13.686038853068435,13.90507843877588,57.17825698852539,124.4207000732422,132.4417266845703,27.29,26.36,25.89,-0.2772103252108135,-0.2772103252108135,-0.2772103252108135,-2.4492935982947064e-16,1.0,27.117057470604777,10.02033233642578,27.93
Warri South-West,Oporozo,2026-01,2026,1,2.7117057470604777e-05,27.117057470604777,7,10.02033233642578,16,27.93,30.14,26.86,28.58,31,9,0.163191998,0.100763698,0.1214450659999999,"Chevron, NEPL",3,2,1,0,3,0,5755,898,0.52,2.23,30.03535461425781,57.17825698852539,124.4207000732422,27.58,27.29,26.36,-0.2772103252108135,,-0.2772103252108135,annual,24313,26.827686399753603,14.999403252399391,13.686038853068435,30.03535461425781,57.17825698852539,124.4207000732422,27.58,27.29,26.36,-0.2772103252108135,-0.2772103252108135,-0.2772103252108135,0.49999999999999994,0.8660254037844387,24.35037250896649,39.8336296081543,28.11
Warri South-West,Oporozo,2026-02,2026,2,2.4350372508966496e-05,24.35037250896649,7,39.8336296081543,16,28.11,30.46,26.76,28.63,28,9,0.163191998,0.100763698,0.1214450659999999,"Chevron, NEPL",3,2,1,0,3,0,5755,898,0.52,2.23,10.02033233642578,30.03535461425781,57.17825698852539,27.93,27.58,27.29,-0.2772103252108135,,-0.2772103252108135,annual,24314,27.117057470604777,26.827686399753603,14.999403252399391,10.02033233642578,30.03535461425781,57.17825698852539,27.93,27.58,27.29,-0.2772103252108135,-0.2772103252108135,-0.2772103252108135,0.8660254037844386,0.5000000000000001,22.21543607967241,38.665565490722656,28.47
Warri South-West,Oporozo,2026-03,2026,3,2.221543607967241e-05,22.21543607967241,7,38.665565490722656,16,28.47,30.03,26.32,29.2,31,9,0.163191998,0.100763698,0.1214450659999999,"Chevron, NEPL",3,2,1,0,3,0,5755,898,0.52,2.23,39.8336296081543,10.02033233642578,30.03535461425781,28.11,27.93,27.58,-0.2772103252108135,,-0.2772103252108135,annual,24315,24.35037250896649,27.117057470604777,26.827686399753603,39.8336296081543,10.02033233642578,30.03535461425781,28.11,27.93,27.58,-0.2772103252108135,-0.2772103252108135,-0.2772103252108135,1.0,6.123233995736766e-17,19.24737339972385,67.15524291992188,28.7
Warri South-West,Oporozo,2026-04,2026,4,1.924737339972385e-05,19.24737339972385,7,67.15524291992188,16,28.7,30.44,26.75,29.34,30,9,0.163191998,0.100763698,0.1214450659999999,"Chevron, NEPL",3,2,1,0,3,0,5755,898,0.52,2.23,38.665565490722656,39.8336296081543,10.02033233642578,28.47,28.11,27.93,-0.2772103252108135,-0.0783712561978666,-0.0783712561978666,monthly,24316,22.21543607967241,24.35037250896649,27.117057470604777,38.665565490722656,39.8336296081543,10.02033233642578,28.47,28.11,27.93,-0.2772103252108135,-0.2772103252108135,-0.2772103252108135,0.8660254037844387,-0.4999999999999998,,,
Warri South-West,Orere,2025-05,2025,5,1.895977766253054e-05,18.95977766253054,4,182.6254660866477,11,27.95,29.82,26.39,28.83,31,0,0.0,0.0,0.0,,5,5,0,0,1,0,1414,221,3.54,22.62,,,,,,,-0.2505195247723439,-0.0994181266721165,-0.0994181266721165,monthly,24305,,,,,,,,,,,,,0.49999999999999994,-0.8660254037844387,11.994738997600509,283.9563432173296,27.18
Warri South-West,Orere,2025-06,2025,6,1.1994738997600509e-05,11.994738997600509,4,283.9563432173296,11,27.18,28.64,25.82,28.1,30,0,0.0,0.0,0.0,,5,5,0,0,1,0,1414,221,3.54,22.62,182.6254660866477,,,27.95,,,-0.2505195247723439,0.3901717727248733,0.3901717727248733,monthly,24306,18.95977766253054,,,182.6254660866477,,,27.95,,,-0.0994181266721165,,,1.2246467991473532e-16,-1.0,11.48021146946121,202.7347745028409,25.95
Warri South-West,Orere,2025-07,2025,7,1.148021146946121e-05,11.48021146946121,4,202.7347745028409,11,25.95,27.37,24.94,26.58,31,0,0.0,0.0,0.0,,5,5,0,0,1,0,1414,221,3.54,22.62,283.9563432173296,182.6254660866477,,27.18,27.95,,-0.2505195247723439,,-0.2505195247723439,annual,24307,11.994738997600509,18.95977766253054,,283.9563432173296,182.6254660866477,,27.18,27.95,,0.3901717727248733,-0.0994181266721165,,-0.4999999999999997,-0.8660254037844388,12.408818292897196,49.24402965198863,25.33
Warri South-West,Orere,2025-08,2025,8,1.2408818292897196e-05,12.408818292897196,4,49.24402965198863,11,25.33,26.64,24.62,25.89,31,0,0.0,0.0,0.0,,5,5,0,0,1,0,1414,221,3.54,22.62,202.7347745028409,283.9563432173296,182.6254660866477,25.95,27.18,27.95,-0.2505195247723439,,-0.2505195247723439,annual,24308,11.48021146946121,11.994738997600509,18.95977766253054,202.7347745028409,283.9563432173296,182.6254660866477,25.95,27.18,27.95,-0.2505195247723439,0.3901717727248733,-0.0994181266721165,-0.8660254037844384,-0.5000000000000004,14.493898561340757,225.31423117897728,25.89
Warri South-West,Orere,2025-09,2025,9,1.4493898561340757e-05,14.493898561340757,4,225.31423117897728,11,25.89,27.34,24.85,26.4,30,0,0.0,0.0,0.0,,5,5,0,0,1,0,1414,221,3.54,22.62,49.24402965198863,202.7347745028409,283.9563432173296,25.33,25.95,27.18,-0.2505195247723439,,-0.2505195247723439,annual,24309,12.408818292897196,11.48021146946121,11.994738997600509,49.24402965198863,202.7347745028409,283.9563432173296,25.33,25.95,27.18,-0.2505195247723439,-0.2505195247723439,0.3901717727248733,-1.0,-1.8369701987210297e-16,14.819234820606653,272.6365855823864,26.36
Warri South-West,Orere,2025-10,2025,10,1.4819234820606653e-05,14.819234820606653,4,272.6365855823864,11,26.36,28.27,24.83,27.28,31,0,0.0,0.0,0.0,,5,5,0,0,1,0,1414,221,3.54,22.62,225.31423117897728,49.24402965198863,202.7347745028409,25.89,25.33,25.95,-0.2505195247723439,,-0.2505195247723439,annual,24310,14.493898561340757,12.408818292897196,11.48021146946121,225.31423117897728,49.24402965198863,202.7347745028409,25.89,25.33,25.95,-0.2505195247723439,-0.2505195247723439,-0.2505195247723439,-0.8660254037844386,0.5000000000000001,11.55060908786254,119.2578790838068,27.29
Warri South-West,Orere,2025-11,2025,11,1.155060908786254e-05,11.55060908786254,4,119.2578790838068,11,27.29,29.37,25.96,28.39,30,0,0.0,0.0,0.0,,5,5,0,0,1,0,1414,221,3.54,22.62,272.6365855823864,225.31423117897728,49.24402965198863,26.36,25.89,25.33,-0.2505195247723439,,-0.2505195247723439,annual,24311,14.819234820606653,14.493898561340757,12.408818292897196,272.6365855823864,225.31423117897728,49.24402965198863,26.36,25.89,25.33,-0.2505195247723439,-0.2505195247723439,-0.2505195247723439,-0.5000000000000004,0.8660254037844384,24.69067112542689,54.98657781427557,27.58
Warri South-West,Orere,2025-12,2025,12,2.469067112542689e-05,24.69067112542689,4,54.98657781427557,11,27.58,29.44,26.6,28.56,31,0,0.0,0.0,0.0,,5,5,0,0,1,0,1414,221,3.54,22.62,119.2578790838068,272.6365855823864,225.31423117897728,27.29,26.36,25.89,-0.2505195247723439,,-0.2505195247723439,annual,24312,11.55060908786254,14.819234820606653,14.493898561340757,119.2578790838068,272.6365855823864,225.31423117897728,27.29,26.36,25.89,-0.2505195247723439,-0.2505195247723439,-0.2505195247723439,-2.4492935982947064e-16,1.0,26.629710191627964,16.079290216619317,27.93
Warri South-West,Orere,2026-01,2026,1,2.6629710191627964e-05,26.629710191627964,4,16.079290216619317,11,27.93,30.14,26.86,28.58,31,0,0.0,0.0,0.0,,5,5,0,0,1,0,1414,221,3.54,22.62,54.98657781427557,119.2578790838068,272.6365855823864,27.58,27.29,26.36,-0.2505195247723439,,-0.2505195247723439,annual,24313,24.69067112542689,11.55060908786254,14.819234820606653,54.98657781427557,119.2578790838068,272.6365855823864,27.58,27.29,26.36,-0.2505195247723439,-0.2505195247723439,-0.2505195247723439,0.49999999999999994,0.8660254037844387,21.43528763554059,72.96002752130681,28.11
Warri South-West,Orere,2026-02,2026,2,2.143528763554059e-05,21.43528763554059,4,72.96002752130681,11,28.11,30.46,26.76,28.63,28,0,0.0,0.0,0.0,,5,5,0,0,1,0,1414,221,3.54,22.62,16.079290216619317,54.98657781427557,119.2578790838068,27.93,27.58,27.29,-0.2505195247723439,,-0.2505195247723439,annual,24314,26.629710191627964,24.69067112542689,11.55060908786254,16.079290216619317,54.98657781427557,119.2578790838068,27.93,27.58,27.29,-0.2505195247723439,-0.2505195247723439,-0.2505195247723439,0.8660254037844386,0.5000000000000001,20.89937697746791,102.89488636363636,28.47
Warri South-West,Orere,2026-03,2026,3,2.089937697746791e-05,20.89937697746791,4,102.89488636363636,11,28.47,30.03,26.32,29.2,31,0,0.0,0.0,0.0,,5,5,0,0,1,0,1414,221,3.54,22.62,72.96002752130681,16.079290216619317,54.98657781427557,28.11,27.93,27.58,-0.2505195247723439,,-0.2505195247723439,annual,24315,21.43528763554059,26.629710191627964,24.69067112542689,72.96002752130681,16.079290216619317,54.98657781427557,28.11,27.93,27.58,-0.2505195247723439,-0.2505195247723439,-0.2505195247723439,1.0,6.123233995736766e-17,18.485217879060656,149.48970170454547,28.7
Warri South-West,Orere,2026-04,2026,4,1.8485217879060656e-05,18.485217879060656,4,149.48970170454547,11,28.7,30.44,26.75,29.34,30,0,0.0,0.0,0.0,,5,5,0,0,1,0,1414,221,3.54,22.62,102.89488636363636,72.96002752130681,16.079290216619317,28.47,28.11,27.93,-0.2505195247723439,-0.1529181011652542,-0.1529181011652542,monthly,24316,20.89937697746791,21.43528763554059,26.629710191627964,102.89488636363636,72.96002752130681,16.079290216619317,28.47,28.11,27.93,-0.2505195247723439,-0.2505195247723439,-0.2505195247723439,0.8660254037844387,-0.4999999999999998,,,
Warri South-West,Ugborodo,2025-05,2025,5,2.1800871763844043e-05,21.800871763844043,2,165.14111328125,10,27.95,29.82,26.39,28.83,31,20,1.054009574,0.191336423,0.680301191,Shell,1,1,0,0,1,0,12699,1981,0.08,0.5,,,,,,,-0.1767871932184044,-0.0895094370653792,-0.0895094370653792,monthly,24305,,,,,,,,,,,,,0.49999999999999994,-0.8660254037844387,16.736454199417494,263.582958984375,27.18
Warri South-West,Ugborodo,2025-06,2025,6,1.6736454199417494e-05,16.736454199417494,2,263.582958984375,10,27.18,28.64,25.82,28.1,30,20,1.054009574,0.191336423,0.680301191,Shell,1,1,0,0,1,0,12699,1981,0.08,0.5,165.14111328125,,,27.95,,,-0.1767871932184044,0.3233404988827912,0.3233404988827912,monthly,24306,21.800871763844043,,,165.14111328125,,,27.95,,,-0.0895094370653792,,,1.2246467991473532e-16,-1.0,12.168304238002747,166.0997802734375,25.95
Warri South-West,Ugborodo,2025-07,2025,7,1.2168304238002747e-05,12.168304238002747,2,166.0997802734375,10,25.95,27.37,24.94,26.58,31,20,1.054009574,0.191336423,0.680301191,Shell,1,1,0,0,1,0,12699,1981,0.08,0.5,263.582958984375,165.14111328125,,27.18,27.95,,-0.1767871932184044,,-0.1767871932184044,annual,24307,16.736454199417494,21.800871763844043,,263.582958984375,165.14111328125,,27.18,27.95,,0.3233404988827912,-0.0895094370653792,,-0.4999999999999997,-0.8660254037844388,15.13012102805078,43.034356689453126,25.33
Warri South-West,Ugborodo,2025-08,2025,8,1.513012102805078e-05,15.13012102805078,2,43.034356689453126,10,25.33,26.64,24.62,25.89,31,20,1.054009574,0.191336423,0.680301191,Shell,1,1,0,0,1,0,12699,1981,0.08,0.5,166.0997802734375,263.582958984375,165.14111328125,25.95,27.18,27.95,-0.1767871932184044,,-0.1767871932184044,annual,24308,12.168304238002747,16.736454199417494,21.800871763844043,166.0997802734375,263.582958984375,165.14111328125,25.95,27.18,27.95,-0.1767871932184044,0.3233404988827912,-0.0895094370653792,-0.8660254037844384,-0.5000000000000004,14.625951735069975,199.13843994140623,25.89
Warri South-West,Ugborodo,2025-09,2025,9,1.4625951735069975e-05,14.625951735069975,2,199.13843994140623,10,25.89,27.34,24.85,26.4,30,20,1.054009574,0.191336423,0.680301191,Shell,1,1,0,0,1,0,12699,1981,0.08,0.5,43.034356689453126,166.0997802734375,263.582958984375,25.33,25.95,27.18,-0.1767871932184044,,-0.1767871932184044,annual,24309,15.13012102805078,12.168304238002747,16.736454199417494,43.034356689453126,166.0997802734375,263.582958984375,25.33,25.95,27.18,-0.1767871932184044,-0.1767871932184044,0.3233404988827912,-1.0,-1.8369701987210297e-16,16.81135836406611,241.1485595703125,26.36
Warri South-West,Ugborodo,2025-10,2025,10,1.681135836406611e-05,16.81135836406611,2,241.1485595703125,10,26.36,28.27,24.83,27.28,31,20,1.054009574,0.191336423,0.680301191,Shell,1,1,0,0,1,0,12699,1981,0.08,0.5,199.13843994140623,43.034356689453126,166.0997802734375,25.89,25.33,25.95,-0.1767871932184044,,-0.1767871932184044,annual,24310,14.625951735069975,15.13012102805078,12.168304238002747,199.13843994140623,43.034356689453126,166.0997802734375,25.89,25.33,25.95,-0.1767871932184044,-0.1767871932184044,-0.1767871932184044,-0.8660254037844386,0.5000000000000001,18.23303318815305,129.3442626953125,27.29
Warri South-West,Ugborodo,2025-11,2025,11,1.823303318815305e-05,18.23303318815305,2,129.3442626953125,10,27.29,29.37,25.96,28.39,30,20,1.054009574,0.191336423,0.680301191,Shell,1,1,0,0,1,0,12699,1981,0.08,0.5,241.1485595703125,199.13843994140623,43.034356689453126,26.36,25.89,25.33,-0.1767871932184044,,-0.1767871932184044,annual,24311,16.81135836406611,14.625951735069975,15.13012102805078,241.1485595703125,199.13843994140623,43.034356689453126,26.36,25.89,25.33,-0.1767871932184044,-0.1767871932184044,-0.1767871932184044,-0.5000000000000004,0.8660254037844384,30.45845915039536,56.5771484375,27.58
Warri South-West,Ugborodo,2025-12,2025,12,3.045845915039536e-05,30.45845915039536,2,56.5771484375,10,27.58,29.44,26.6,28.56,31,20,1.054009574,0.191336423,0.680301191,Shell,1,1,0,0,1,0,12699,1981,0.08,0.5,129.3442626953125,241.1485595703125,199.13843994140623,27.29,26.36,25.89,-0.1767871932184044,,-0.1767871932184044,annual,24312,18.23303318815305,16.81135836406611,14.625951735069975,129.3442626953125,241.1485595703125,199.13843994140623,27.29,26.36,25.89,-0.1767871932184044,-0.1767871932184044,-0.1767871932184044,-2.4492935982947064e-16,1.0,28.26216041285079,13.179974365234376,27.93
Warri South-West,Ugborodo,2026-01,2026,1,2.826216041285079e-05,28.26216041285079,2,13.179974365234376,10,27.93,30.14,26.86,28.58,31,20,1.054009574,0.191336423,0.680301191,Shell,1,1,0,0,1,0,12699,1981,0.08,0.5,56.5771484375,129.3442626953125,241.1485595703125,27.58,27.29,26.36,-0.1767871932184044,,-0.1767871932184044,annual,24313,30.45845915039536,18.23303318815305,16.81135836406611,56.5771484375,129.3442626953125,241.1485595703125,27.58,27.29,26.36,-0.1767871932184044,-0.1767871932184044,-0.1767871932184044,0.49999999999999994,0.8660254037844387,24.83890966686885,68.27494506835937,28.11
Warri South-West,Ugborodo,2026-02,2026,2,2.483890966686885e-05,24.83890966686885,2,68.27494506835937,10,28.11,30.46,26.76,28.63,28,20,1.054009574,0.191336423,0.680301191,Shell,1,1,0,0,1,0,12699,1981,0.08,0.5,13.179974365234376,56.5771484375,129.3442626953125,27.93,27.58,27.29,-0.1767871932184044,,-0.1767871932184044,annual,24314,28.26216041285079,30.45845915039536,18.23303318815305,13.179974365234376,56.5771484375,129.3442626953125,27.93,27.58,27.29,-0.1767871932184044,-0.1767871932184044,-0.1767871932184044,0.8660254037844386,0.5000000000000001,26.31809547892772,84.6518798828125,28.47
Warri South-West,Ugborodo,2026-03,2026,3,2.631809547892772e-05,26.31809547892772,2,84.6518798828125,10,28.47,30.03,26.32,29.2,31,20,1.054009574,0.191336423,0.680301191,Shell,1,1,0,0,1,0,12699,1981,0.08,0.5,68.27494506835937,13.179974365234376,56.5771484375,28.11,27.93,27.58,-0.1767871932184044,,-0.1767871932184044,annual,24315,24.83890966686885,28.26216041285079,30.45845915039536,68.27494506835937,13.179974365234376,56.5771484375,28.11,27.93,27.58,-0.1767871932184044,-0.1767871932184044,-0.1767871932184044,1.0,6.123233995736766e-17,24.149889213731512,136.00426025390624,28.7
Warri South-West,Ugborodo,2026-04,2026,4,2.4149889213731512e-05,24.149889213731512,2,136.00426025390624,10,28.7,30.44,26.75,29.34,30,20,1.054009574,0.191336423,0.680301191,Shell,1,1,0,0,1,0,12699,1981,0.08,0.5,84.6518798828125,68.27494506835937,13.179974365234376,28.47,28.11,27.93,-0.1767871932184044,-0.1475396553541315,-0.1475396553541315,monthly,24316,26.31809547892772,24.83890966686885,28.26216041285079,84.6518798828125,68.27494506835937,13.179974365234376,28.47,28.11,27.93,-0.1767871932184044,-0.1767871932184044,-0.1767871932184044,0.8660254037844387,-0.4999999999999998,,,
