lganame,wardname,year,month,no2_mean_mol_m2,no2_valid_pixels
Bomadi,Akugbene 1,2018,10,2.2305588572635315e-05,4
Bomadi,Akugbene 2,2018,10,2.306954047526233e-05,1
Bomadi,Akugbene 3,2018,10,2.29932957154233e-05,2
Bomadi,Bomadi,2018,10,2.4875577461595338e-05,6
Bomadi,Ekaametagbene/Kalafio,2018,10,2.4446853785775602e-05,20
Bomadi,Esanma,2018,10,2.2589621949009597e-05,8
Bomadi,Kpakiama,2018,10,2.4487277389400537e-05,9
Bomadi,Ogbeinma/Okoloba,2018,10,1.996945987533157e-05,6
Bomadi,Ogo/Eze,2018,10,2.0198676793370396e-05,6
Bomadi,Ogriagbene,2018,10,1.953261235030368e-05,10
Burutu,Bolou-Ndoro,2018,10,2.068285192806451e-05,42
Burutu,Egodor,2018,10,2.351093330773814e-05,29
Burutu,Eseinbiri,2018,10,1.9231909391237423e-05,16
Burutu,Kiagbodo,2018,10,2.0017300266772507e-05,5
Burutu,Ngbilebiri,2018,10,2.9567238622500252e-05,6
Burutu,Obetebe,2018,10,2.2302079014480113e-05,50
Burutu,Ogulagha,2018,10,1.983840642920272e-05,44
Burutu,Ojobo,2018,10,1.7700882744975387e-05,5
Burutu,Tamigbe,2018,10,1.77038018591702e-05,11
Burutu,Torugbene,2018,10,1.8678849301068112e-05,8
Burutu,Tuomo,2018,10,2.11992972673705e-05,13
Patani,Abari,2018,10,2.3702805629000066e-05,5
Patani,Agoloma,2018,10,2.092492359224707e-05,5
Patani,Buluangiama,2018,10,2.0883652420404058e-05,12
Patani,Odorubu,2018,10,2.1342531129318688e-05,14
Patani,Patani 2,2018,10,2.153559277455012e-05,6
Patani,Patani 3,2018,10,2.1503806055989117e-05,5
Patani,Patani 4,2018,10,1.8882888980442658e-05,4
Patani,Patani 5,2018,10,2.157074257931007e-05,7
Patani,Toruangiama,2018,10,1.9673553470056505e-05,5
Patani,Uduophori,2018,10,1.9028433598577976e-05,8
Warri South-West,Ajudaibo,2018,10,1.8056756744044833e-05,4
Warri South-West,Akpakpa,2018,10,1.799872552510351e-05,5
Warri South-West,Isaba,2018,10,2.2619665833190085e-05,20
Warri South-West,Madangho,2018,10,1.8246506442665122e-05,2
Warri South-West,Ogbe-Ijoh,2018,10,2.2950677628644178e-05,61
Warri South-West,Ogidigben,2018,10,1.8566612197901122e-05,8
Warri South-West,Okerenkoko,2018,10,1.959544132952973e-05,59
Warri South-West,Oporozo,2018,10,1.9567310422038037e-05,24
Warri South-West,Orere,2018,10,2.030729956459254e-05,9
Warri South-West,Ugborodo,2018,10,1.8812794587574898e-05,5
Warri South,Avenue,2018,10,3.33111296640709e-05,5
Warri South,Bowen,2018,10,3.3507501939311624e-05,4
Warri South,Ekurede,2018,10,2.9879907378926875e-05,5
Warri South,Esisi,2018,10,3.618230402935296e-05,2
Warri South,Igbudu,2018,10,3.510491660563275e-05,2
Warri South,Obodo,2018,10,2.0827947082580067e-05,32
Warri South,Ode-Itsekiri,2018,10,2.6391258209266446e-05,11
Warri South,Okere,2018,10,3.438658798889568e-05,3
Warri South,Pessu,2018,10,3.083269621129148e-05,2
Warri South,Ubeji,2018,10,2.5195633777632163e-05,13
Bomadi,Akugbene 1,2018,11,1.8562668628874235e-05,4
Bomadi,Akugbene 2,2018,11,1.8522567188483663e-05,1
Bomadi,Akugbene 3,2018,11,1.7916261640493758e-05,2
Bomadi,Bomadi,2018,11,1.9802852572562795e-05,6
Bomadi,Ekaametagbene/Kalafio,2018,11,2.0886390120722354e-05,20
Bomadi,Esanma,2018,11,1.95088105101604e-05,8
Bomadi,Kpakiama,2018,11,2.0152142193789285e-05,9
Bomadi,Ogbeinma/Okoloba,2018,11,1.914195915257248e-05,6
Bomadi,Ogo/Eze,2018,11,2.050078910542652e-05,6
Bomadi,Ogriagbene,2018,11,1.771531533449888e-05,10
Burutu,Bolou-Ndoro,2018,11,2.046101144514978e-05,42
Burutu,Egodor,2018,11,2.3913714263973565e-05,29
Burutu,Eseinbiri,2018,11,1.9666331354528666e-05,16
Burutu,Kiagbodo,2018,11,2.317777252756059e-05,5
Burutu,Ngbilebiri,2018,11,2.158807183150202e-05,6
Burutu,Obetebe,2018,11,2.3885504342615606e-05,50
Burutu,Ogulagha,2018,11,1.9684379698115993e-05,44
Burutu,Ojobo,2018,11,1.8216042371932416e-05,5
Burutu,Tamigbe,2018,11,1.814729264217683e-05,11
Burutu,Torugbene,2018,11,1.7823931557359174e-05,8
Burutu,Tuomo,2018,11,1.804788413350112e-05,13
Patani,Abari,2018,11,2.5126966647803783e-05,5
Patani,Agoloma,2018,11,2.5108395493589342e-05,5
Patani,Buluangiama,2018,11,2.4847691141379375e-05,12
Patani,Odorubu,2018,11,2.0654674569543984e-05,14
Patani,Patani 2,2018,11,2.3257261394367863e-05,6
Patani,Patani 3,2018,11,2.3310913820751012e-05,5
Patani,Patani 4,2018,11,2.3763403078191914e-05,4
Patani,Patani 5,2018,11,2.6141156143109712e-05,7
Patani,Toruangiama,2018,11,2.3224014148581774e-05,5
Patani,Uduophori,2018,11,2.10658890864579e-05,8
Warri South-West,Ajudaibo,2018,11,1.996573519136291e-05,4
Warri South-West,Akpakpa,2018,11,1.964197581401095e-05,5
Warri South-West,Isaba,2018,11,3.023453173227608e-05,20
Warri South-West,Madangho,2018,11,1.969508593901992e-05,2
Warri South-West,Ogbe-Ijoh,2018,11,2.5786718994867607e-05,61
Warri South-West,Ogidigben,2018,11,1.822893500502687e-05,8
Warri South-West,Okerenkoko,2018,11,2.2096841564496695e-05,59
Warri South-West,Oporozo,2018,11,2.050966819903503e-05,24
Warri South-West,Orere,2018,11,2.0338473000770642e-05,9
Warri South-West,Ugborodo,2018,11,2.0121542911510913e-05,5
Warri South,Avenue,2018,11,4.144278063904494e-05,5
Warri South,Bowen,2018,11,4.465001984499395e-05,4
Warri South,Ekurede,2018,11,3.9076260873116556e-05,5
Warri South,Esisi,2018,11,4.74675434816163e-05,2
Warri South,Igbudu,2018,11,4.5936300011817366e-05,2
Warri South,Obodo,2018,11,2.444363053655252e-05,32
Warri South,Ode-Itsekiri,2018,11,3.371441429904239e-05,11
Warri South,Okere,2018,11,4.475040865751604e-05,3
Warri South,Pessu,2018,11,4.18324998463504e-05,2
Warri South,Ubeji,2018,11,3.0693463766230984e-05,13
Bomadi,Akugbene 1,2018,12,3.071074024774134e-05,4
Bomadi,Akugbene 2,2018,12,3.0248300390667282e-05,1
Bomadi,Akugbene 3,2018,12,2.8836542696808465e-05,2
Bomadi,Bomadi,2018,12,3.0447183235082775e-05,6
Bomadi,Ekaametagbene/Kalafio,2018,12,3.0265346867963672e-05,20
Bomadi,Esanma,2018,12,2.8927839593961835e-05,8
Bomadi,Kpakiama,2018,12,3.287586474066807e-05,9
Bomadi,Ogbeinma/Okoloba,2018,12,3.189447549326966e-05,6
Bomadi,Ogo/Eze,2018,12,3.567644065090766e-05,6
Bomadi,Ogriagbene,2018,12,2.996648836415261e-05,10
Burutu,Bolou-Ndoro,2018,12,2.9685979132496176e-05,42
Burutu,Egodor,2018,12,3.695884992464863e-05,29
Burutu,Eseinbiri,2018,12,2.9650072974618524e-05,16
Burutu,Kiagbodo,2018,12,3.787957248277962e-05,5
Burutu,Ngbilebiri,2018,12,4.010448659149309e-05,6
Burutu,Obetebe,2018,12,3.170748706907034e-05,50
Burutu,Ogulagha,2018,12,2.9679776740853082e-05,44
Burutu,Ojobo,2018,12,2.967800246551633e-05,5
Burutu,Tamigbe,2018,12,2.9114471875469793e-05,11
Burutu,Torugbene,2018,12,2.9355658625718206e-05,8
Burutu,Tuomo,2018,12,2.83299707986701e-05,13
Patani,Abari,2018,12,3.104426723439246e-05,5
Patani,Agoloma,2018,12,3.1308364123106e-05,5
Patani,Buluangiama,2018,12,3.0505371493442606e-05,12
Patani,Odorubu,2018,12,3.071779584778207e-05,14
Patani,Patani 2,2018,12,3.0360584787558764e-05,6
Patani,Patani 3,2018,12,3.0930520733818415e-05,5
Patani,Patani 4,2018,12,3.2570464099990204e-05,4
Patani,Patani 5,2018,12,3.153992708705898e-05,7
Patani,Toruangiama,2018,12,3.0559126753360036e-05,5
Patani,Uduophori,2018,12,3.075176209677011e-05,8
Warri South-West,Ajudaibo,2018,12,2.9426322726067156e-05,4
Warri South-West,Akpakpa,2018,12,2.7802347904071212e-05,5
Warri South-West,Isaba,2018,12,3.90962406527251e-05,20
Warri South-West,Madangho,2018,12,3.012459637830034e-05,2
Warri South-West,Ogbe-Ijoh,2018,12,3.2080303053142596e-05,61
Warri South-West,Ogidigben,2018,12,2.8731656129821204e-05,8
Warri South-West,Okerenkoko,2018,12,2.699121990698879e-05,59
Warri South-West,Oporozo,2018,12,2.6020022536007065e-05,24
Warri South-West,Orere,2018,12,2.7235678216028544e-05,9
Warri South-West,Ugborodo,2018,12,3.075158165302128e-05,5
Warri South,Avenue,2018,12,5.21820446010679e-05,5
Warri South,Bowen,2018,12,5.9459627664182335e-05,4
Warri South,Ekurede,2018,12,5.142767331562936e-05,5
Warri South,Esisi,2018,12,5.862021498614922e-05,2
Warri South,Igbudu,2018,12,6.125150684965774e-05,2
Warri South,Obodo,2018,12,3.0110670195426792e-05,32
Warri South,Ode-Itsekiri,2018,12,4.229071253741329e-05,11
Warri South,Okere,2018,12,5.8597138073916234e-05,3
Warri South,Pessu,2018,12,6.029904034221545e-05,2
Warri South,Ubeji,2018,12,3.6569634595742595e-05,13
Bomadi,Akugbene 1,2019,1,3.415633545955643e-05,4
Bomadi,Akugbene 2,2019,1,3.775738878175616e-05,1
Bomadi,Akugbene 3,2019,1,3.767908856389113e-05,2
Bomadi,Bomadi,2019,1,3.3092816011048853e-05,6
Bomadi,Ekaametagbene/Kalafio,2019,1,3.0650492408312854e-05,20
Bomadi,Esanma,2019,1,3.275633207522333e-05,8
Bomadi,Kpakiama,2019,1,3.5046670948051746e-05,9
Bomadi,Ogbeinma/Okoloba,2019,1,3.64632869604975e-05,6
Bomadi,Ogo/Eze,2019,1,3.456850148116549e-05,6
Bomadi,Ogriagbene,2019,1,2.8519993065856397e-05,10
Burutu,Bolou-Ndoro,2019,1,2.7978820504531975e-05,42
Burutu,Egodor,2019,1,3.54493526613404e-05,29
Burutu,Eseinbiri,2019,1,3.004593963851221e-05,16
Burutu,Kiagbodo,2019,1,3.8048633723519745e-05,5
Burutu,Ngbilebiri,2019,1,3.5921245095475264e-05,6
Burutu,Obetebe,2019,1,2.985440194606781e-05,50
Burutu,Ogulagha,2019,1,2.8505450410937723e-05,44
Burutu,Ojobo,2019,1,2.4082191521301867e-05,5
Burutu,Tamigbe,2019,1,2.9017185707661238e-05,11
Burutu,Torugbene,2019,1,2.5851310056168586e-05,8
Burutu,Tuomo,2019,1,3.0764217416827494e-05,13
Patani,Abari,2019,1,3.5505538107827306e-05,5
Patani,Agoloma,2019,1,3.5738007863983515e-05,5
Patani,Buluangiama,2019,1,3.468512052980562e-05,12
Patani,Odorubu,2019,1,3.431358657378171e-05,14
Patani,Patani 2,2019,1,3.540285009269913e-05,6
Patani,Patani 3,2019,1,3.542675985954702e-05,5
Patani,Patani 4,2019,1,3.72274371329695e-05,4
Patani,Patani 5,2019,1,3.630655036041779e-05,7
Patani,Toruangiama,2019,1,3.322715638205409e-05,5
Patani,Uduophori,2019,1,3.358772664796561e-05,8
Warri South-West,Ajudaibo,2019,1,2.8134911190136336e-05,4
Warri South-West,Akpakpa,2019,1,2.5948145776055753e-05,5
Warri South-West,Isaba,2019,1,3.6978322896175086e-05,20
Warri South-West,Madangho,2019,1,2.9412702133413404e-05,2
Warri South-West,Ogbe-Ijoh,2019,1,3.138588184154913e-05,61
Warri South-West,Ogidigben,2019,1,2.6778845494845882e-05,8
Warri South-West,Okerenkoko,2019,1,2.7469864462391804e-05,59
Warri South-West,Oporozo,2019,1,2.5894019927363843e-05,24
Warri South-West,Orere,2019,1,2.500386067873074e-05,9
Warri South-West,Ugborodo,2019,1,2.789650752674788e-05,5
Warri South,Avenue,2019,1,4.556493950076401e-05,5
Warri South,Bowen,2019,1,4.770161467604339e-05,4
Warri South,Ekurede,2019,1,4.5262541971169415e-05,5
Warri South,Esisi,2019,1,4.758757131639868e-05,2
Warri South,Igbudu,2019,1,4.787232319358736e-05,2
Warri South,Obodo,2019,1,3.283201658632606e-05,32
Warri South,Ode-Itsekiri,2019,1,3.921038693409752e-05,11
Warri South,Okere,2019,1,4.7535679186694324e-05,3
Warri South,Pessu,2019,1,4.78156580356881e-05,2
Warri South,Ubeji,2019,1,3.78182023548736e-05,13
Bomadi,Akugbene 1,2019,2,2.5859857487375848e-05,4
Bomadi,Akugbene 2,2019,2,2.7107262212666683e-05,1
Bomadi,Akugbene 3,2019,2,2.6036736016976647e-05,2
Bomadi,Bomadi,2019,2,2.7389369885592412e-05,6
Bomadi,Ekaametagbene/Kalafio,2019,2,2.4827494053170084e-05,20
Bomadi,Esanma,2019,2,2.5934998120646924e-05,8
Bomadi,Kpakiama,2019,2,3.1297337651873626e-05,9
Bomadi,Ogbeinma/Okoloba,2019,2,2.5941066269297153e-05,6
Bomadi,Ogo/Eze,2019,2,2.635923495593791e-05,6
Bomadi,Ogriagbene,2019,2,2.5421188911423088e-05,10
Burutu,Bolou-Ndoro,2019,2,2.540761904258813e-05,42
Burutu,Egodor,2019,2,2.705862199694946e-05,29
Burutu,Eseinbiri,2019,2,2.5547891709720716e-05,16
Burutu,Kiagbodo,2019,2,3.1253168708644806e-05,5
Burutu,Ngbilebiri,2019,2,2.8430709789972752e-05,6
Burutu,Obetebe,2019,2,2.5902488268911838e-05,50
Burutu,Ogulagha,2019,2,2.6944807772947982e-05,44
Burutu,Ojobo,2019,2,2.375877811573446e-05,5
Burutu,Tamigbe,2019,2,2.4837108371271327e-05,11
Burutu,Torugbene,2019,2,2.4553080947953276e-05,8
Burutu,Tuomo,2019,2,2.6336112149203054e-05,13
Patani,Abari,2019,2,2.8455955907702445e-05,5
Patani,Agoloma,2019,2,2.6810728013515472e-05,5
Patani,Buluangiama,2019,2,2.7909964652887236e-05,12
Patani,Odorubu,2019,2,2.824642537494323e-05,14
Patani,Patani 2,2019,2,2.751512753699596e-05,6
Patani,Patani 3,2019,2,2.7758226497098804e-05,5
Patani,Patani 4,2019,2,2.6797570171765983e-05,4
Patani,Patani 5,2019,2,2.537416626832315e-05,7
Patani,Toruangiama,2019,2,2.8072780696675182e-05,5
Patani,Uduophori,2019,2,2.6892603273154236e-05,8
Warri South-West,Ajudaibo,2019,2,2.663982377271168e-05,4
Warri South-West,Akpakpa,2019,2,2.6094805798493324e-05,5
Warri South-West,Isaba,2019,2,2.9384030494838952e-05,20
Warri South-West,Madangho,2019,2,2.6283374609192833e-05,2
Warri South-West,Ogbe-Ijoh,2019,2,2.7292606527688072e-05,61
Warri South-West,Ogidigben,2019,2,2.5113982701441273e-05,8
Warri South-West,Okerenkoko,2019,2,2.6115563587617066e-05,59
Warri South-West,Oporozo,2019,2,2.5466382794547826e-05,24
Warri South-West,Orere,2019,2,2.486279764626589e-05,9
Warri South-West,Ugborodo,2019,2,2.632730465847999e-05,5
Warri South,Avenue,2019,2,4.104772524442524e-05,5
Warri South,Bowen,2019,2,4.160775279160589e-05,4
Warri South,Ekurede,2019,2,3.955896245315671e-05,5
Warri South,Esisi,2019,2,4.290975630283356e-05,2
Warri South,Igbudu,2019,2,4.25551988882944e-05,2
Warri South,Obodo,2019,2,2.900083563872613e-05,32
Warri South,Ode-Itsekiri,2019,2,3.303827146406878e-05,11
Warri South,Okere,2019,2,4.1654648763748504e-05,3
Warri South,Pessu,2019,2,4.0305745642399415e-05,2
Warri South,Ubeji,2019,2,3.336110743335806e-05,13
Bomadi,Akugbene 1,2019,3,2.269046672154218e-05,4
Bomadi,Akugbene 2,2019,3,2.3043849068926647e-05,1
Bomadi,Akugbene 3,2019,3,2.4039640265982598e-05,2
Bomadi,Bomadi,2019,3,2.3678920115344226e-05,6
Bomadi,Ekaametagbene/Kalafio,2019,3,2.093654329655692e-05,20
Bomadi,Esanma,2019,3,2.3254277039086446e-05,8
Bomadi,Kpakiama,2019,3,2.1901945324821605e-05,9
Bomadi,Ogbeinma/Okoloba,2019,3,2.3547404756148655e-05,6
Bomadi,Ogo/Eze,2019,3,2.358103423224141e-05,6
Bomadi,Ogriagbene,2019,3,2.0189306815154852e-05,10
Burutu,Bolou-Ndoro,2019,3,1.9580655221250797e-05,42
Burutu,Egodor,2019,3,2.2686865373418248e-05,29
Burutu,Eseinbiri,2019,3,2.235857755295001e-05,16
Burutu,Kiagbodo,2019,3,2.3270148085430263e-05,5
Burutu,Ngbilebiri,2019,3,2.1892175330625225e-05,6
Burutu,Obetebe,2019,3,2.0905688870698214e-05,50
Burutu,Ogulagha,2019,3,2.1786037409170106e-05,44
Burutu,Ojobo,2019,3,1.9010603136848658e-05,5
Burutu,Tamigbe,2019,3,2.1166443316773936e-05,11
Burutu,Torugbene,2019,3,1.9318860722705722e-05,8
Burutu,Tuomo,2019,3,2.3797926797459906e-05,13
Patani,Abari,2019,3,2.5067944079637527e-05,5
Patani,Agoloma,2019,3,2.1922370069660247e-05,5
Patani,Buluangiama,2019,3,2.1757761714980006e-05,12
Patani,Odorubu,2019,3,2.3637285007030835e-05,14
Patani,Patani 2,2019,3,2.4431297788396478e-05,6
Patani,Patani 3,2019,3,2.447105071041733e-05,5
Patani,Patani 4,2019,3,2.205409691669047e-05,4
Patani,Patani 5,2019,3,2.1365171830568996e-05,7
Patani,Toruangiama,2019,3,2.290956617798656e-05,5
Patani,Uduophori,2019,3,2.2940219423617236e-05,8
Warri South-West,Ajudaibo,2019,3,2.012914228544105e-05,4
Warri South-West,Akpakpa,2019,3,1.800845202524215e-05,5
Warri South-West,Isaba,2019,3,2.3353277356363833e-05,20
Warri South-West,Madangho,2019,3,2.1749619918409735e-05,2
Warri South-West,Ogbe-Ijoh,2019,3,2.3312637674026802e-05,61
Warri South-West,Ogidigben,2019,3,2.0269628294045106e-05,8
Warri South-West,Okerenkoko,2019,3,2.3413488988654087e-05,59
Warri South-West,Oporozo,2019,3,1.9584847905207425e-05,24
Warri South-West,Orere,2019,3,1.7996432790015307e-05,9
Warri South-West,Ugborodo,2019,3,2.010778262047097e-05,5
Warri South,Avenue,2019,3,2.7480971766635776e-05,5
Warri South,Bowen,2019,3,2.413027686998248e-05,4
Warri South,Ekurede,2019,3,2.5021450710482895e-05,5
Warri South,Esisi,2019,3,2.645879430929199e-05,2
Warri South,Igbudu,2019,3,2.328205300727859e-05,2
Warri South,Obodo,2019,3,2.222875446022954e-05,32
Warri South,Ode-Itsekiri,2019,3,2.5072706524621356e-05,11
Warri South,Okere,2019,3,2.5320904872690637e-05,3
Warri South,Pessu,2019,3,2.1801759430672973e-05,2
Warri South,Ubeji,2019,3,2.3136224346951796e-05,13
Bomadi,Akugbene 1,2019,4,1.4727939742442686e-05,4
Bomadi,Akugbene 2,2019,4,1.6082582078524865e-05,1
Bomadi,Akugbene 3,2019,4,1.4343633665703237e-05,2
Bomadi,Bomadi,2019,4,7.650094630662352e-06,6
Bomadi,Ekaametagbene/Kalafio,2019,4,1.4205087791197001e-05,20
Bomadi,Esanma,2019,4,1.3057995602139272e-05,8
Bomadi,Kpakiama,2019,4,1.1966379436974725e-05,9
Bomadi,Ogbeinma/Okoloba,2019,4,1.5574586238168802e-05,6
Bomadi,Ogo/Eze,2019,4,1.4679850816416243e-05,6
Bomadi,Ogriagbene,2019,4,1.2566725490614773e-05,10
Burutu,Bolou-Ndoro,2019,4,1.3834218926993863e-05,42
Burutu,Egodor,2019,4,1.5347128220159432e-05,29
Burutu,Eseinbiri,2019,4,9.479776053922251e-06,16
Burutu,Kiagbodo,2019,4,1.4844488759990782e-05,5
Burutu,Ngbilebiri,2019,4,1.4218621799955145e-05,6
Burutu,Obetebe,2019,4,1.4665365451946854e-05,50
Burutu,Ogulagha,2019,4,1.4159417002123188e-05,44
Burutu,Ojobo,2019,4,1.4521076809614897e-05,5
Burutu,Tamigbe,2019,4,1.2093313588676127e-05,11
Burutu,Torugbene,2019,4,1.5057275049912278e-05,8
Burutu,Tuomo,2019,4,1.409426421070328e-05,13
Patani,Abari,2019,4,1.7663484322838484e-05,5
Patani,Agoloma,2019,4,1.7726175428833812e-05,5
Patani,Buluangiama,2019,4,1.5832121183242027e-05,12
Patani,Odorubu,2019,4,1.4563346797201251e-05,14
Patani,Patani 2,2019,4,1.7425774179476623e-05,6
Patani,Patani 3,2019,4,1.760123413987458e-05,5
Patani,Patani 4,2019,4,1.6486901586176828e-05,4
Patani,Patani 5,2019,4,1.6551182073141846e-05,7
Patani,Toruangiama,2019,4,1.5281801461242138e-05,5
Patani,Uduophori,2019,4,1.4805202226852998e-05,8
Warri South-West,Ajudaibo,2019,4,1.5010252354841214e-05,4
Warri South-West,Akpakpa,2019,4,1.4408069546334445e-05,5
Warri South-West,Isaba,2019,4,1.638749527046457e-05,20
Warri South-West,Madangho,2019,4,1.589370185683947e-05,2
Warri South-West,Ogbe-Ijoh,2019,4,1.653561704471463e-05,61
Warri South-West,Ogidigben,2019,4,1.488796351623023e-05,8
Warri South-West,Okerenkoko,2019,4,1.6513441381502456e-05,59
Warri South-West,Oporozo,2019,4,1.715352846076712e-05,24
Warri South-West,Orere,2019,4,1.6857148794871238e-05,9
Warri South-West,Ugborodo,2019,4,1.5526171773672103e-05,5
Warri South,Avenue,2019,4,2.576114784460515e-05,5
Warri South,Bowen,2019,4,2.5239316528313793e-05,4
Warri South,Ekurede,2019,4,2.211226092185825e-05,5
Warri South,Esisi,2019,4,2.8296963137108833e-05,2
Warri South,Igbudu,2019,4,2.5364148314110935e-05,2
Warri South,Obodo,2019,4,1.7816000763559714e-05,32
Warri South,Ode-Itsekiri,2019,4,1.8015084523622963e-05,11
Warri South,Okere,2019,4,2.647515308732788e-05,3
Warri South,Pessu,2019,4,2.2181669919518754e-05,2
Warri South,Ubeji,2019,4,2.0521401893347502e-05,13
Bomadi,Akugbene 1,2019,5,1.4202199963619933e-05,4
Bomadi,Akugbene 2,2019,5,1.6526404579053633e-05,1
Bomadi,Akugbene 3,2019,5,1.461578176531475e-05,2
Bomadi,Bomadi,2019,5,1.4458387643874934e-05,6
Bomadi,Ekaametagbene/Kalafio,2019,5,9.945459896698595e-06,20
Bomadi,Esanma,2019,5,1.2577641427924391e-05,8
Bomadi,Kpakiama,2019,5,1.4565674872655007e-05,9
Bomadi,Ogbeinma/Okoloba,2019,5,1.4603922560733432e-05,6
Bomadi,Ogo/Eze,2019,5,1.361000249744393e-05,6
Bomadi,Ogriagbene,2019,5,8.895943028619514e-06,10
Burutu,Bolou-Ndoro,2019,5,1.1024837260178866e-05,42
Burutu,Egodor,2019,5,1.466806058707679e-05,29
Burutu,Eseinbiri,2019,5,1.0993046089424752e-05,16
Burutu,Kiagbodo,2019,5,1.3525607937481254e-05,5
Burutu,Ngbilebiri,2019,5,1.3173805200494826e-05,6
Burutu,Obetebe,2019,5,1.4066401636227965e-05,50
Burutu,Ogulagha,2019,5,1.83455307375301e-05,44
Burutu,Ojobo,2019,5,1.112581667257473e-05,5
Burutu,Tamigbe,2019,5,1.1418674892576581e-05,11
Burutu,Torugbene,2019,5,9.755649443832226e-06,8
Burutu,Tuomo,2019,5,1.390045396804523e-05,13
Patani,Abari,2019,5,1.3400704483501613e-05,5
Patani,Agoloma,2019,5,1.7817469779402017e-05,5
Patani,Buluangiama,2019,5,1.6347905329894274e-05,12
Patani,Odorubu,2019,5,1.529310247860849e-05,14
Patani,Patani 2,2019,5,1.3866757702392837e-05,6
Patani,Patani 3,2019,5,1.3941683573648333e-05,5
Patani,Patani 4,2019,5,1.6249943655566312e-05,4
Patani,Patani 5,2019,5,1.6931078529783656e-05,7
Patani,Toruangiama,2019,5,1.5452994557563215e-05,5
Patani,Uduophori,2019,5,1.5310059097828344e-05,8
Warri South-West,Ajudaibo,2019,5,1.6045934899011627e-05,4
Warri South-West,Akpakpa,2019,5,1.5695340698584916e-05,5
Warri South-West,Isaba,2019,5,1.6906218661461025e-05,20
Warri South-West,Madangho,2019,5,1.6644491552142426e-05,2
Warri South-West,Ogbe-Ijoh,2019,5,1.8435917779436856e-05,61
Warri South-West,Ogidigben,2019,5,1.5234848433465231e-05,8
Warri South-West,Okerenkoko,2019,5,1.5163975688865629e-05,59
Warri South-West,Oporozo,2019,5,1.4891383519473797e-05,24
Warri South-West,Orere,2019,5,1.1841189310265085e-05,9
Warri South-West,Ugborodo,2019,5,1.5746874851174653e-05,5
Warri South,Avenue,2019,5,2.4476388352923097e-05,5
Warri South,Bowen,2019,5,2.3846097974455915e-05,4
Warri South,Ekurede,2019,5,2.3060012608766556e-05,5
Warri South,Esisi,2019,5,2.483587923052255e-05,2
Warri South,Igbudu,2019,5,2.387715721852146e-05,2
Warri South,Obodo,2019,5,1.4113052202446852e-05,32
Warri South,Ode-Itsekiri,2019,5,1.8494670670902863e-05,11
Warri South,Okere,2019,5,2.4115113774314523e-05,3
Warri South,Pessu,2019,5,2.2856318537378684e-05,2
Warri South,Ubeji,2019,5,1.8919034538647302e-05,13
Bomadi,Akugbene 1,2019,6,1.4341025234898552e-05,4
Bomadi,Akugbene 2,2019,6,1.3391083484748378e-05,1
Bomadi,Akugbene 3,2019,6,1.27011226140894e-05,2
Bomadi,Bomadi,2019,6,1.1977276396161566e-05,6
Bomadi,Ekaametagbene/Kalafio,2019,6,1.3690174091607332e-05,20
Bomadi,Esanma,2019,6,1.583233279234264e-05,8
Bomadi,Kpakiama,2019,6,1.2136743559191624e-05,9
Bomadi,Ogbeinma/Okoloba,2019,6,1.4604469470214099e-05,6
Bomadi,Ogo/Eze,2019,6,1.5998627835263807e-05,6
Bomadi,Ogriagbene,2019,6,1.199396647280082e-05,10
Burutu,Bolou-Ndoro,2019,6,1.2001438465501582e-05,42
Burutu,Egodor,2019,6,1.4767220348183965e-05,29
Burutu,Eseinbiri,2019,6,1.2921522284159437e-05,16
Burutu,Kiagbodo,2019,6,1.5960920427460225e-05,5
Burutu,Ngbilebiri,2019,6,1.1791275028372183e-05,6
Burutu,Obetebe,2019,6,1.2475029798224569e-05,50
Burutu,Ogulagha,2019,6,1.1832686141133308e-05,44
Burutu,Ojobo,2019,6,7.72731873439625e-06,5
Burutu,Tamigbe,2019,6,9.247087291441858e-06,11
Burutu,Torugbene,2019,6,8.573570084990934e-06,8
Burutu,Tuomo,2019,6,1.0476623384210352e-05,13
Patani,Abari,2019,6,1.4954039943404496e-05,5
Patani,Agoloma,2019,6,1.4376136823557317e-05,5
Patani,Buluangiama,2019,6,1.3283723092172295e-05,12
Patani,Odorubu,2019,6,1.2993116147949227e-05,14
Patani,Patani 2,2019,6,1.4759207260794938e-05,6
Patani,Patani 3,2019,6,1.4782894868403674e-05,5
Patani,Patani 4,2019,6,1.3528579074773006e-05,4
Patani,Patani 5,2019,6,1.380998479102605e-05,7
Patani,Toruangiama,2019,6,1.3077291077934205e-05,5
Patani,Uduophori,2019,6,1.3238066458143294e-05,8
Warri South-West,Ajudaibo,2019,6,1.7500045942142606e-05,4
Warri South-West,Akpakpa,2019,6,1.874918962130323e-05,5
Warri South-West,Isaba,2019,6,1.5388173051178455e-05,20
Warri South-West,Madangho,2019,6,1.9711005734279752e-05,2
Warri South-West,Ogbe-Ijoh,2019,6,1.5129138654494872e-05,61
Warri South-West,Ogidigben,2019,6,1.5169660400715657e-05,8
Warri South-West,Okerenkoko,2019,6,1.4521479527702775e-05,59
Warri South-West,Oporozo,2019,6,1.816077929106541e-05,24
Warri South-West,Orere,2019,6,1.6022260145594675e-05,9
Warri South-West,Ugborodo,2019,6,1.6591900202911346e-05,5
Warri South,Avenue,2019,6,2.102305879816413e-05,5
Warri South,Bowen,2019,6,1.7807666154112667e-05,4
Warri South,Ekurede,2019,6,1.878475013654679e-05,5
Warri South,Esisi,2019,6,2.1221261704340577e-05,2
Warri South,Igbudu,2019,6,1.863679790403694e-05,2
Warri South,Obodo,2019,6,2.089936242555268e-05,32
Warri South,Ode-Itsekiri,2019,6,1.9751446829600766e-05,11
Warri South,Okere,2019,6,1.9020695617655292e-05,3
Warri South,Pessu,2019,6,1.4394070603884757e-05,2
Warri South,Ubeji,2019,6,2.2009543429773588e-05,13
Bomadi,Akugbene 1,2019,7,1.5692257875343785e-05,4
Bomadi,Akugbene 2,2019,7,1.4019603440829087e-05,1
Bomadi,Akugbene 3,2019,7,1.3170396414352581e-05,2
Bomadi,Bomadi,2019,7,1.187655288958922e-05,6
Bomadi,Ekaametagbene/Kalafio,2019,7,1.3628267333842814e-05,20
Bomadi,Esanma,2019,7,1.6055199012043886e-05,8
Bomadi,Kpakiama,2019,7,1.2302044423348787e-05,9
Bomadi,Ogbeinma/Okoloba,2019,7,1.4466495485976338e-05,6
Bomadi,Ogo/Eze,2019,7,1.4702074016289165e-05,6
Bomadi,Ogriagbene,2019,7,1.2948251969646662e-05,10
Burutu,Bolou-Ndoro,2019,7,1.102817727119795e-05,42
Burutu,Egodor,2019,7,1.4173588514777607e-05,29
Burutu,Eseinbiri,2019,7,1.4344988812808879e-05,16
Burutu,Kiagbodo,2019,7,1.6980941290967165e-05,5
Burutu,Ngbilebiri,2019,7,1.3821507309330627e-05,6
Burutu,Obetebe,2019,7,1.2732793111354113e-05,50
Burutu,Ogulagha,2019,7,1.295324182137847e-05,44
Burutu,Ojobo,2019,7,1.1879974772455171e-05,5
Burutu,Tamigbe,2019,7,1.544429952363399e-05,11
Burutu,Torugbene,2019,7,1.5080793673405424e-05,8
Burutu,Tuomo,2019,7,1.474671724001662e-05,13
Patani,Abari,2019,7,2.1728868887294084e-05,5
Patani,Agoloma,2019,7,1.839457981986925e-05,5
Patani,Buluangiama,2019,7,1.4430307298122594e-05,12
Patani,Odorubu,2019,7,1.2466433482976364e-05,14
Patani,Patani 2,2019,7,2.0082193562605728e-05,6
Patani,Patani 3,2019,7,1.9955138850491493e-05,5
Patani,Patani 4,2019,7,1.544451697554905e-05,4
Patani,Patani 5,2019,7,1.6470712060774012e-05,7
Patani,Toruangiama,2019,7,1.4668222866021096e-05,5
Patani,Uduophori,2019,7,1.28614319692133e-05,8
Warri South-West,Ajudaibo,2019,7,1.5206473108264618e-05,4
Warri South-West,Akpakpa,2019,7,1.4554378867615015e-05,5
Warri South-West,Isaba,2019,7,1.5084537153597921e-05,20
Warri South-West,Madangho,2019,7,1.5178096873569302e-05,2
Warri South-West,Ogbe-Ijoh,2019,7,1.5099108272583269e-05,61
Warri South-West,Ogidigben,2019,7,1.3777667845715769e-05,8
Warri South-West,Okerenkoko,2019,7,1.4400626611659083e-05,59
Warri South-West,Oporozo,2019,7,1.4798302193715548e-05,24
Warri South-West,Orere,2019,7,1.3056258063039018e-05,9
Warri South-West,Ugborodo,2019,7,1.4563949662260711e-05,5
Warri South,Avenue,2019,7,1.755927223712206e-05,5
Warri South,Bowen,2019,7,1.8308210201212205e-05,4
Warri South,Ekurede,2019,7,1.729872019495815e-05,5
Warri South,Esisi,2019,7,1.801259713829495e-05,2
Warri South,Igbudu,2019,7,1.8589124010759406e-05,2
Warri South,Obodo,2019,7,1.461951069359202e-05,32
Warri South,Ode-Itsekiri,2019,7,1.6016324728050016e-05,11
Warri South,Okere,2019,7,1.8146825217021007e-05,3
Warri South,Pessu,2019,7,1.860382326412946e-05,2
Warri South,Ubeji,2019,7,1.5695858075140186e-05,13
Bomadi,Akugbene 1,2019,8,1.159192561317468e-05,4
Bomadi,Akugbene 2,2019,8,1.3272627256810665e-05,1
Bomadi,Akugbene 3,2019,8,1.1859523510793224e-05,2
Bomadi,Bomadi,2019,8,9.564497304381803e-06,6
Bomadi,Ekaametagbene/Kalafio,2019,8,9.242603846359998e-06,20
Bomadi,Esanma,2019,8,1.1414442269597203e-05,8
Bomadi,Kpakiama,2019,8,9.403886603346715e-06,9
Bomadi,Ogbeinma/Okoloba,2019,8,1.1279082779462138e-05,6
Bomadi,Ogo/Eze,2019,8,1.0567967062039921e-05,6
Bomadi,Ogriagbene,2019,8,9.007384505821392e-06,10
Burutu,Bolou-Ndoro,2019,8,8.842364574472109e-06,42
Burutu,Egodor,2019,8,1.137911498642944e-05,29
Burutu,Eseinbiri,2019,8,9.802747626963537e-06,16
Burutu,Kiagbodo,2019,8,1.1276526493020356e-05,5
Burutu,Ngbilebiri,2019,8,1.1897083216657242e-05,6
Burutu,Obetebe,2019,8,9.473423706367611e-06,50
Burutu,Ogulagha,2019,8,9.903737835967066e-06,44
Burutu,Ojobo,2019,8,8.404938853345811e-06,5
Burutu,Tamigbe,2019,8,9.562019840814173e-06,11
Burutu,Torugbene,2019,8,8.50844935484929e-06,8
Burutu,Tuomo,2019,8,9.979223250411451e-06,13
Patani,Abari,2019,8,1.3929393026046455e-05,5
Patani,Agoloma,2019,8,1.1460948007879778e-05,5
Patani,Buluangiama,2019,8,1.1387627940469732e-05,12
Patani,Odorubu,2019,8,1.0415598808322102e-05,14
Patani,Patani 2,2019,8,1.369205589677828e-05,6
Patani,Patani 3,2019,8,1.3815077545586974e-05,5
Patani,Patani 4,2019,8,1.3544346074922942e-05,4
Patani,Patani 5,2019,8,1.2166473814951522e-05,7
Patani,Toruangiama,2019,8,1.1670075764413923e-05,5
Patani,Uduophori,2019,8,1.0807357284647878e-05,8
Warri South-West,Ajudaibo,2019,8,1.0077010301756673e-05,4
Warri South-West,Akpakpa,2019,8,9.856502583716064e-06,5
Warri South-West,Isaba,2019,8,1.1681477189995348e-05,20
Warri South-West,Madangho,2019,8,1.1360447388142347e-05,2
Warri South-West,Ogbe-Ijoh,2019,8,1.1333864617359931e-05,61
Warri South-West,Ogidigben,2019,8,9.92110108199995e-06,8
Warri South-West,Okerenkoko,2019,8,1.160613600543495e-05,59
Warri South-West,Oporozo,2019,8,1.0929641575785354e-05,24
Warri South-West,Orere,2019,8,1.0069791945473602e-05,9
Warri South-West,Ugborodo,2019,8,1.0202969860984012e-05,5
Warri South,Avenue,2019,8,1.4455617929343134e-05,5
Warri South,Bowen,2019,8,1.5437788533745334e-05,4
Warri South,Ekurede,2019,8,1.2478696589823812e-05,5
Warri South,Esisi,2019,8,1.8375492800259963e-05,2
Warri South,Igbudu,2019,8,1.8204264051746577e-05,2
Warri South,Obodo,2019,8,1.226912354468368e-05,32
Warri South,Ode-Itsekiri,2019,8,1.2014341667633165e-05,11
Warri South,Okere,2019,8,1.6514591455537204e-05,3
Warri South,Pessu,2019,8,1.2500086086220108e-05,2
Warri South,Ubeji,2019,8,1.238305636574156e-05,13
Bomadi,Akugbene 1,2019,9,1.3189041965233628e-05,4
Bomadi,Akugbene 2,2019,9,1.3123404642101377e-05,1
Bomadi,Akugbene 3,2019,9,1.318725298915524e-05,2
Bomadi,Bomadi,2019,9,1.395715905042986e-05,6
Bomadi,Ekaametagbene/Kalafio,2019,9,1.1765024828491732e-05,20
Bomadi,Esanma,2019,9,1.2733891708194278e-05,8
Bomadi,Kpakiama,2019,9,1.5004596207290888e-05,9
Bomadi,Ogbeinma/Okoloba,2019,9,1.347369106952101e-05,6
Bomadi,Ogo/Eze,2019,9,1.4326672195844973e-05,6
Bomadi,Ogriagbene,2019,9,1.1119223199784755e-05,10
Burutu,Bolou-Ndoro,2019,9,1.1515563874993296e-05,42
Burutu,Egodor,2019,9,1.5249091465475745e-05,29
Burutu,Eseinbiri,2019,9,1.1529518815223128e-05,16
Burutu,Kiagbodo,2019,9,1.6547820996493102e-05,5
Burutu,Ngbilebiri,2019,9,1.7074555216822773e-05,6
Burutu,Obetebe,2019,9,1.2613838771358133e-05,50
Burutu,Ogulagha,2019,9,1.370009241244671e-05,44
Burutu,Ojobo,2019,9,1.2307977885939182e-05,5
Burutu,Tamigbe,2019,9,1.2193250850859014e-05,11
Burutu,Torugbene,2019,9,1.2841055649914779e-05,8
Burutu,Tuomo,2019,9,1.227759975545968e-05,13
Patani,Abari,2019,9,2.9049356817267836e-05,5
Patani,Agoloma,2019,9,1.9814507686533035e-05,5
Patani,Buluangiama,2019,9,2.071031485684216e-05,12
Patani,Odorubu,2019,9,1.6954535177709268e-05,14
Patani,Patani 2,2019,9,2.9975354361037414e-05,6
Patani,Patani 3,2019,9,3.0121620511636138e-05,5
Patani,Patani 4,2019,9,2.6537592930253595e-05,4
Patani,Patani 5,2019,9,2.2925843950361013e-05,7
Patani,Toruangiama,2019,9,1.6083742957562207e-05,5
Patani,Uduophori,2019,9,1.7734922948875464e-05,8
Warri South-West,Ajudaibo,2019,9,1.5374784197774716e-05,4
Warri South-West,Akpakpa,2019,9,1.4385166286956519e-05,5
Warri South-West,Isaba,2019,9,1.708762574708089e-05,20
Warri South-West,Madangho,2019,9,1.6152698663063347e-05,2
Warri South-West,Ogbe-Ijoh,2019,9,1.6912029766034886e-05,61
Warri South-West,Ogidigben,2019,9,1.4166123037284706e-05,8
Warri South-West,Okerenkoko,2019,9,1.67085741788654e-05,59
Warri South-West,Oporozo,2019,9,1.5179848560364917e-05,24
Warri South-West,Orere,2019,9,1.5582148787669008e-05,9
Warri South-West,Ugborodo,2019,9,1.6228681488428265e-05,5
Warri South,Avenue,2019,9,2.2228115994948894e-05,5
Warri South,Bowen,2019,9,1.9419314412516542e-05,4
Warri South,Ekurede,2019,9,2.134665846824646e-05,5
Warri South,Esisi,2019,9,2.1032086806371808e-05,2
Warri South,Igbudu,2019,9,1.8470316717866808e-05,2
Warri South,Obodo,2019,9,2.011170727200806e-05,32
Warri South,Ode-Itsekiri,2019,9,1.9790702605281364e-05,11
Warri South,Okere,2019,9,2.0072009647265077e-05,3
Warri South,Pessu,2019,9,1.7806542018661276e-05,2
Warri South,Ubeji,2019,9,2.2076777755641022e-05,13
Bomadi,Akugbene 1,2019,10,1.2499065633164719e-05,4
Bomadi,Akugbene 2,2019,10,1.3715069144382142e-05,1
Bomadi,Akugbene 3,2019,10,1.3731762010138482e-05,2
Bomadi,Bomadi,2019,10,1.1298492609057575e-05,6
Bomadi,Ekaametagbene/Kalafio,2019,10,1.2570095714181662e-05,20
Bomadi,Esanma,2019,10,1.363853516522795e-05,8
Bomadi,Kpakiama,2019,10,1.1421913869627235e-05,9
Bomadi,Ogbeinma/Okoloba,2019,10,1.2305086177851384e-05,6
Bomadi,Ogo/Eze,2019,10,1.1627696949290112e-05,6
Bomadi,Ogriagbene,2019,10,1.0785781341837719e-05,10
Burutu,Bolou-Ndoro,2019,10,1.1933194140770606e-05,42
Burutu,Egodor,2019,10,1.3538508812479418e-05,29
Burutu,Eseinbiri,2019,10,1.1258218364673667e-05,16
Burutu,Kiagbodo,2019,10,1.5012371295597405e-05,5
Burutu,Ngbilebiri,2019,10,1.2139258615206927e-05,6
Burutu,Obetebe,2019,10,1.1890714522451163e-05,50
Burutu,Ogulagha,2019,10,1.1184266027571125e-05,44
Burutu,Ojobo,2019,10,1.1433727922849358e-05,5
Burutu,Tamigbe,2019,10,1.1652012207460674e-05,11
Burutu,Torugbene,2019,10,1.183570293505909e-05,8
Burutu,Tuomo,2019,10,1.1903136440266211e-05,13
Patani,Abari,2019,10,1.815689029172063e-05,5
Patani,Agoloma,2019,10,1.5673927555326374e-05,5
Patani,Buluangiama,2019,10,1.5373469068435952e-05,12
Patani,Odorubu,2019,10,1.3588634569064847e-05,14
Patani,Patani 2,2019,10,1.832314713586432e-05,6
Patani,Patani 3,2019,10,1.841113844420761e-05,5
Patani,Patani 4,2019,10,1.721111584629398e-05,4
Patani,Patani 5,2019,10,1.6627710595327828e-05,7
Patani,Toruangiama,2019,10,1.325436169281602e-05,5
Patani,Uduophori,2019,10,1.4118600120127667e-05,8
Warri South-West,Ajudaibo,2019,10,1.2278015674382914e-05,4
Warri South-West,Akpakpa,2019,10,1.1200447625014931e-05,5
Warri South-West,Isaba,2019,10,1.5888414054643363e-05,20
Warri South-West,Madangho,2019,10,1.3386323189479299e-05,2
Warri South-West,Ogbe-Ijoh,2019,10,1.4511021006791318e-05,61
Warri South-West,Ogidigben,2019,10,1.0700596249080263e-05,8
Warri South-West,Okerenkoko,2019,10,1.4855102162366196e-05,59
Warri South-West,Oporozo,2019,10,1.281666845898144e-05,24
Warri South-West,Orere,2019,10,9.611816494725645e-06,9
Warri South-West,Ugborodo,2019,10,1.1130879283882677e-05,5
Warri South,Avenue,2019,10,2.8885580832138658e-05,5
Warri South,Bowen,2019,10,2.585263064247556e-05,4
Warri South,Ekurede,2019,10,2.748735423665494e-05,5
Warri South,Esisi,2019,10,2.81152460956946e-05,2
Warri South,Igbudu,2019,10,2.244263669126667e-05,2
Warri South,Obodo,2019,10,2.097440665238537e-05,32
Warri South,Ode-Itsekiri,2019,10,2.2260744696144354e-05,11
Warri South,Okere,2019,10,2.854548074537888e-05,3
Warri South,Pessu,2019,10,2.3590018827235326e-05,2
Warri South,Ubeji,2019,10,2.5647578205770024e-05,13
Bomadi,Akugbene 1,2019,11,1.900708957691677e-05,4
Bomadi,Akugbene 2,2019,11,1.990788041439373e-05,1
Bomadi,Akugbene 3,2019,11,1.9640359823824838e-05,2
Bomadi,Bomadi,2019,11,2.509917491503681e-05,6
Bomadi,Ekaametagbene/Kalafio,2019,11,1.8759066006168722e-05,20
Bomadi,Esanma,2019,11,2.025190224230755e-05,8
Bomadi,Kpakiama,2019,11,2.5715936014118295e-05,9
Bomadi,Ogbeinma/Okoloba,2019,11,1.9136528862873092e-05,6
Bomadi,Ogo/Eze,2019,11,1.67918090786164e-05,6
Bomadi,Ogriagbene,2019,11,1.875105663202703e-05,10
Burutu,Bolou-Ndoro,2019,11,1.7210917403211906e-05,42
Burutu,Egodor,2019,11,2.254842547699809e-05,29
Burutu,Eseinbiri,2019,11,1.8636506865732372e-05,16
Burutu,Kiagbodo,2019,11,2.0897794456686825e-05,5
Burutu,Ngbilebiri,2019,11,1.5140240672432507e-05,6
Burutu,Obetebe,2019,11,1.9018800230696797e-05,50
Burutu,Ogulagha,2019,11,1.8675189825113524e-05,44
Burutu,Ojobo,2019,11,1.774823322193697e-05,5
Burutu,Tamigbe,2019,11,2.024004458111118e-05,11
Burutu,Torugbene,2019,11,1.9934323063353077e-05,8
Burutu,Tuomo,2019,11,1.971434371975752e-05,13
Patani,Abari,2019,11,2.6553974021226167e-05,5
Patani,Agoloma,2019,11,2.342402731301263e-05,5
Patani,Buluangiama,2019,11,2.3731202721440543e-05,12
Patani,Odorubu,2019,11,2.48813843687198e-05,14
Patani,Patani 2,2019,11,2.4792015513715644e-05,6
Patani,Patani 3,2019,11,2.526261378079653e-05,5
Patani,Patani 4,2019,11,2.7552123356144875e-05,4
Patani,Patani 5,2019,11,2.578127064875194e-05,7
Patani,Toruangiama,2019,11,2.3756930022500456e-05,5
Patani,Uduophori,2019,11,2.5530167476972565e-05,8
Warri South-West,Ajudaibo,2019,11,2.260122710140422e-05,4
Warri South-West,Akpakpa,2019,11,2.1597734303213656e-05,5
Warri South-West,Isaba,2019,11,2.8238733648322523e-05,20
Warri South-West,Madangho,2019,11,2.2701458874507807e-05,2
Warri South-West,Ogbe-Ijoh,2019,11,2.5518009530716255e-05,61
Warri South-West,Ogidigben,2019,11,1.9879795218002982e-05,8
Warri South-West,Okerenkoko,2019,11,2.3201131656513376e-05,59
Warri South-West,Oporozo,2019,11,2.0735429037207116e-05,24
Warri South-West,Orere,2019,11,2.1661615594186718e-05,9
Warri South-West,Ugborodo,2019,11,2.3599441919941456e-05,5
Warri South,Avenue,2019,11,3.8554397178813815e-05,5
Warri South,Bowen,2019,11,3.6777466448256746e-05,4
Warri South,Ekurede,2019,11,3.47389723174274e-05,5
Warri South,Esisi,2019,11,3.971505066147074e-05,2
Warri South,Igbudu,2019,11,3.969988028984517e-05,2
Warri South,Obodo,2019,11,2.662087354110554e-05,32
Warri South,Ode-Itsekiri,2019,11,3.3091621431098744e-05,11
Warri South,Okere,2019,11,3.647005602639789e-05,3
Warri South,Pessu,2019,11,3.383988223504275e-05,2
Warri South,Ubeji,2019,11,3.118576177467521e-05,13
Bomadi,Akugbene 1,2019,12,3.0478675398626365e-05,4
Bomadi,Akugbene 2,2019,12,3.1207968277158216e-05,1
Bomadi,Akugbene 3,2019,12,3.0441391572821885e-05,2
Bomadi,Bomadi,2019,12,2.985240037863453e-05,6
Bomadi,Ekaametagbene/Kalafio,2019,12,2.5428016670048237e-05,20
Bomadi,Esanma,2019,12,2.9790340704494156e-05,8
Bomadi,Kpakiama,2019,12,2.9555292308537497e-05,9
Bomadi,Ogbeinma/Okoloba,2019,12,3.074922763820117e-05,6
Bomadi,Ogo/Eze,2019,12,3.198217988635103e-05,6
Bomadi,Ogriagbene,2019,12,2.4948149803094567e-05,10
Burutu,Bolou-Ndoro,2019,12,2.2983285210405786e-05,42
Burutu,Egodor,2019,12,3.332122839216528e-05,29
Burutu,Eseinbiri,2019,12,2.871348988264799e-05,16
Burutu,Kiagbodo,2019,12,3.322776174172759e-05,5
Burutu,Ngbilebiri,2019,12,3.2927401965328805e-05,6
Burutu,Obetebe,2019,12,2.6295497082173825e-05,50
Burutu,Ogulagha,2019,12,2.479000249877572e-05,44
Burutu,Ojobo,2019,12,2.341577201150358e-05,5
Burutu,Tamigbe,2019,12,2.620052228766409e-05,11
Burutu,Torugbene,2019,12,2.495334410923533e-05,8
Burutu,Tuomo,2019,12,2.820048785696809e-05,13
Patani,Abari,2019,12,2.9209023341536523e-05,5
Patani,Agoloma,2019,12,2.9327749507501723e-05,5
Patani,Buluangiama,2019,12,2.999955419606219e-05,12
Patani,Odorubu,2019,12,2.9583131046300487e-05,14
Patani,Patani 2,2019,12,2.955951398083319e-05,6
Patani,Patani 3,2019,12,3.0009602778591215e-05,5
Patani,Patani 4,2019,12,2.9060218366794288e-05,4
Patani,Patani 5,2019,12,2.7999967902100513e-05,7
Patani,Toruangiama,2019,12,3.0303155654110014e-05,5
Patani,Uduophori,2019,12,2.9538878152379766e-05,8
Warri South-West,Ajudaibo,2019,12,2.519332520023454e-05,4
Warri South-West,Akpakpa,2019,12,2.4124840274453162e-05,5
Warri South-West,Isaba,2019,12,3.805937303695828e-05,20
Warri South-West,Madangho,2019,12,2.6274476113030687e-05,2
Warri South-West,Ogbe-Ijoh,2019,12,2.929395003641238e-05,61
Warri South-West,Ogidigben,2019,12,2.3574619262944907e-05,8
Warri South-West,Okerenkoko,2019,12,2.25808392515627e-05,59
Warri South-West,Oporozo,2019,12,2.2282666274501633e-05,24
Warri South-West,Orere,2019,12,2.1130029280256065e-05,9
Warri South-West,Ugborodo,2019,12,2.490306505933404e-05,5
Warri South,Avenue,2019,12,4.900183994323015e-05,5
Warri South,Bowen,2019,12,5.186356429476291e-05,4
Warri South,Ekurede,2019,12,4.8204560880549255e-05,5
Warri South,Esisi,2019,12,5.2205490646883845e-05,2
Warri South,Igbudu,2019,12,5.310973938321695e-05,2
Warri South,Obodo,2019,12,2.9468530556187034e-05,32
Warri South,Ode-Itsekiri,2019,12,4.142754584212195e-05,11
Warri South,Okere,2019,12,5.113193765282631e-05,3
Warri South,Pessu,2019,12,5.1521637942641973e-05,2
Warri South,Ubeji,2019,12,3.7970048232147325e-05,13
Bomadi,Akugbene 1,2020,1,3.357827881700359e-05,4
Bomadi,Akugbene 2,2020,1,3.481189196463674e-05,1
Bomadi,Akugbene 3,2020,1,3.490287781460211e-05,2
Bomadi,Bomadi,2020,1,3.423524807052066e-05,6
Bomadi,Ekaametagbene/Kalafio,2020,1,2.847131108865142e-05,20
Bomadi,Esanma,2020,1,3.260463199694641e-05,8
Bomadi,Kpakiama,2020,1,3.608013179877566e-05,9
Bomadi,Ogbeinma/Okoloba,2020,1,3.533676499500871e-05,6
Bomadi,Ogo/Eze,2020,1,3.6195941599241145e-05,6
Bomadi,Ogriagbene,2020,1,2.8100979398004712e-05,10
Burutu,Bolou-Ndoro,2020,1,2.678890623861835e-05,42
Burutu,Egodor,2020,1,3.648422867188166e-05,29
Burutu,Eseinbiri,2020,1,3.0779083317611367e-05,16
Burutu,Kiagbodo,2020,1,4.314743273425847e-05,5
Burutu,Ngbilebiri,2020,1,3.7404953521521143e-05,6
Burutu,Obetebe,2020,1,2.9067033901810648e-05,50
Burutu,Ogulagha,2020,1,2.80590082349425e-05,44
Burutu,Ojobo,2020,1,2.553024678491056e-05,5
Burutu,Tamigbe,2020,1,2.8537210627374325e-05,11
Burutu,Torugbene,2020,1,2.6977801098837517e-05,8
Burutu,Tuomo,2020,1,3.086294208724912e-05,13
Patani,Abari,2020,1,3.181385691277683e-05,5
Patani,Agoloma,2020,1,3.145253867842257e-05,5
Patani,Buluangiama,2020,1,3.349593074138587e-05,12
Patani,Odorubu,2020,1,3.319124724449856e-05,14
Patani,Patani 2,2020,1,3.116166287024195e-05,6
Patani,Patani 3,2020,1,3.0919723212718966e-05,5
Patani,Patani 4,2020,1,3.2588424801360816e-05,4
Patani,Patani 5,2020,1,3.306934585063053e-05,7
Patani,Toruangiama,2020,1,3.195285971742123e-05,5
Patani,Uduophori,2020,1,3.231567097827792e-05,8
Warri South-West,Ajudaibo,2020,1,3.0929179047234356e-05,4
Warri South-West,Akpakpa,2020,1,2.915893273893744e-05,5
Warri South-West,Isaba,2020,1,3.919636365026236e-05,20
Warri South-West,Madangho,2020,1,3.18834645440802e-05,2
Warri South-West,Ogbe-Ijoh,2020,1,3.249242855999314e-05,61
Warri South-West,Ogidigben,2020,1,2.935354677902069e-05,8
Warri South-West,Okerenkoko,2020,1,2.907259760708627e-05,59
Warri South-West,Oporozo,2020,1,2.770637608288477e-05,24
Warri South-West,Orere,2020,1,2.6810217402978902e-05,9
Warri South-West,Ugborodo,2020,1,3.13261232804507e-05,5
Warri South,Avenue,2020,1,5.3845811635255814e-05,5
Warri South,Bowen,2020,1,5.673418490914628e-05,4
Warri South,Ekurede,2020,1,5.213668919168413e-05,5
Warri South,Esisi,2020,1,5.747019167756662e-05,2
Warri South,Igbudu,2020,1,5.7578297855798155e-05,2
Warri South,Obodo,2020,1,3.387458127690479e-05,32
Warri South,Ode-Itsekiri,2020,1,4.2759808076714926e-05,11
Warri South,Okere,2020,1,5.652286927215755e-05,3
Warri South,Pessu,2020,1,5.599817814072594e-05,2
Warri South,Ubeji,2020,1,4.041600578392927e-05,13
Bomadi,Akugbene 1,2020,2,2.387791028013453e-05,4
Bomadi,Akugbene 2,2020,2,2.6297169824829325e-05,1
Bomadi,Akugbene 3,2020,2,2.5855157218757086e-05,2
Bomadi,Bomadi,2020,2,2.2883847123011947e-05,6
Bomadi,Ekaametagbene/Kalafio,2020,2,1.9399559823796154e-05,20
Bomadi,Esanma,2020,2,2.3255095584318042e-05,8
Bomadi,Kpakiama,2020,2,2.669458950145377e-05,9
Bomadi,Ogbeinma/Okoloba,2020,2,2.5546993128955364e-05,6
Bomadi,Ogo/Eze,2020,2,2.5760658900253475e-05,6
Bomadi,Ogriagbene,2020,2,1.7777357425075024e-05,10
Burutu,Bolou-Ndoro,2020,2,1.7106466527496066e-05,42
Burutu,Egodor,2020,2,2.650657251220325e-05,29
Burutu,Eseinbiri,2020,2,2.005023998208344e-05,16
Burutu,Kiagbodo,2020,2,3.4213109756819904e-05,5
Burutu,Ngbilebiri,2020,2,2.5486896144381415e-05,6
Burutu,Obetebe,2020,2,2.0387209951877593e-05,50
Burutu,Ogulagha,2020,2,1.9544550344686616e-05,44
Burutu,Ojobo,2020,2,1.6155949560925363e-05,5
Burutu,Tamigbe,2020,2,1.7895548477430236e-05,11
Burutu,Torugbene,2020,2,1.7051179383997805e-05,8
Burutu,Tuomo,2020,2,2.0026867367470495e-05,13
Patani,Abari,2020,2,2.52940459176898e-05,5
Patani,Agoloma,2020,2,2.3328638053499163e-05,5
Patani,Buluangiama,2020,2,2.3976261824524652e-05,12
Patani,Odorubu,2020,2,2.434939337295613e-05,14
Patani,Patani 2,2020,2,2.5323968050846208e-05,6
Patani,Patani 3,2020,2,2.5416002608835696e-05,5
Patani,Patani 4,2020,2,2.552678415668197e-05,4
Patani,Patani 5,2020,2,2.464255625714681e-05,7
Patani,Toruangiama,2020,2,2.238639135612175e-05,5
Patani,Uduophori,2020,2,2.2790754883317277e-05,8
Warri South-West,Ajudaibo,2020,2,2.505929660401307e-05,4
Warri South-West,Akpakpa,2020,2,2.2364038159139454e-05,5
Warri South-West,Isaba,2020,2,3.0435476219281554e-05,20
Warri South-West,Madangho,2020,2,2.562240479164757e-05,2
Warri South-West,Ogbe-Ijoh,2020,2,2.4595916210139384e-05,61
Warri South-West,Ogidigben,2020,2,2.2017882656655274e-05,8
Warri South-West,Okerenkoko,2020,2,2.2580324261749193e-05,59
Warri South-West,Oporozo,2020,2,2.1987832345378894e-05,24
Warri South-West,Orere,2020,2,2.123150140202294e-05,9
Warri South-West,Ugborodo,2020,2,2.487046585883945e-05,5
Warri South,Avenue,2020,2,4.330998926889151e-05,5
Warri South,Bowen,2020,2,4.3363434087950736e-05,4
Warri South,Ekurede,2020,2,4.148798179812729e-05,5
Warri South,Esisi,2020,2,4.5468437747331336e-05,2
Warri South,Igbudu,2020,2,4.289581920602359e-05,2
Warri South,Obodo,2020,2,2.6453442842466757e-05,32
Warri South,Ode-Itsekiri,2020,2,3.3485761377960443e-05,11
Warri South,Okere,2020,2,4.459730310675999e-05,3
Warri South,Pessu,2020,2,4.1258430428570136e-05,2
Warri South,Ubeji,2020,2,3.187050774263648e-05,13
Bomadi,Akugbene 1,2020,3,1.8360551621299237e-05,4
Bomadi,Akugbene 2,2020,3,1.9597493519540876e-05,1
Bomadi,Akugbene 3,2020,3,1.8354599887970835e-05,2
Bomadi,Bomadi,2020,3,1.7790946003515273e-05,6
Bomadi,Ekaametagbene/Kalafio,2020,3,1.5969242667779326e-05,20
Bomadi,Esanma,2020,3,1.7377153199049644e-05,8
Bomadi,Kpakiama,2020,3,1.8197701946418318e-05,9
Bomadi,Ogbeinma/Okoloba,2020,3,1.847151725087315e-05,6
Bomadi,Ogo/Eze,2020,3,1.8683441642982263e-05,6
Bomadi,Ogriagbene,2020,3,1.6463713836856187e-05,10
Burutu,Bolou-Ndoro,2020,3,1.6064818261102553e-05,42
Burutu,Egodor,2020,3,1.8119992656183655e-05,29
Burutu,Eseinbiri,2020,3,1.7227001080755144e-05,16
Burutu,Kiagbodo,2020,3,1.9813340622931717e-05,5
Burutu,Ngbilebiri,2020,3,1.785246179982399e-05,6
Burutu,Obetebe,2020,3,1.724935369566083e-05,50
Burutu,Ogulagha,2020,3,1.915102554696866e-05,44
Burutu,Ojobo,2020,3,1.6402141773141922e-05,5
Burutu,Tamigbe,2020,3,1.608865039253777e-05,11
Burutu,Torugbene,2020,3,1.5567664377158508e-05,8
Burutu,Tuomo,2020,3,1.6814805209063568e-05,13
Patani,Abari,2020,3,2.1911277144681662e-05,5
Patani,Agoloma,2020,3,2.080103731714189e-05,5
Patani,Buluangiama,2020,3,2.0481956501801808e-05,12
Patani,Odorubu,2020,3,1.95946403047336e-05,14
Patani,Patani 2,2020,3,2.271398261655122e-05,6
Patani,Patani 3,2020,3,2.2869401436764748e-05,5
Patani,Patani 4,2020,3,2.317615508218296e-05,4
Patani,Patani 5,2020,3,2.1633710795348244e-05,7
Patani,Toruangiama,2020,3,2.010147145483643e-05,5
Patani,Uduophori,2020,3,1.991763747355435e-05,8
Warri South-West,Ajudaibo,2020,3,2.115983261319343e-05,4
Warri South-West,Akpakpa,2020,3,1.9656942458823324e-05,5
Warri South-West,Isaba,2020,3,1.8984654161613435e-05,20
Warri South-West,Madangho,2020,3,2.0814371964661404e-05,2
Warri South-West,Ogbe-Ijoh,2020,3,1.9583816746952102e-05,61
Warri South-West,Ogidigben,2020,3,1.832928137446288e-05,8
Warri South-West,Okerenkoko,2020,3,1.955306220610263e-05,59
Warri South-West,Oporozo,2020,3,2.011590307423224e-05,24
Warri South-West,Orere,2020,3,1.8323826629461513e-05,9
Warri South-West,Ugborodo,2020,3,1.9657675875350832e-05,5
Warri South,Avenue,2020,3,2.5177112547680736e-05,5
Warri South,Bowen,2020,3,2.5662411644589156e-05,4
Warri South,Ekurede,2020,3,2.3403660452459008e-05,5
Warri South,Esisi,2020,3,2.7606973162619397e-05,2
Warri South,Igbudu,2020,3,2.6447563868714496e-05,2
Warri South,Obodo,2020,3,1.7829024727689102e-05,32
Warri South,Ode-Itsekiri,2020,3,2.0665985754352402e-05,11
Warri South,Okere,2020,3,2.6154060227175553e-05,3
Warri South,Pessu,2020,3,2.3717850126558915e-05,2
Warri South,Ubeji,2020,3,2.0076659543869588e-05,13
Bomadi,Akugbene 1,2020,4,4.852304846281186e-05,4
Bomadi,Akugbene 2,2020,4,4.180344694759697e-05,1
Bomadi,Akugbene 3,2020,4,4.049857670906931e-05,2
Bomadi,Bomadi,2020,4,3.885908760518456e-05,6
Bomadi,Ekaametagbene/Kalafio,2020,4,2.0827868138439953e-05,20
Bomadi,Esanma,2020,4,4.314654506742954e-05,8
Bomadi,Kpakiama,2020,4,3.588222251791093e-05,9
Bomadi,Ogbeinma/Okoloba,2020,4,4.432715165118376e-05,6
Bomadi,Ogo/Eze,2020,4,4.863016753612707e-05,6
Bomadi,Ogriagbene,2020,4,1.3374708942137659e-05,10
Burutu,Bolou-Ndoro,2020,4,1.1250549245492688e-05,42
Burutu,Egodor,2020,4,3.419329958229229e-05,29
Burutu,Eseinbiri,2020,4,3.13902273774147e-05,16
Burutu,Kiagbodo,2020,4,4.382553743198514e-05,5
Burutu,Ngbilebiri,2020,4,5.725894394951562e-05,6
Burutu,Obetebe,2020,4,1.3414521235972643e-05,50
Burutu,Ogulagha,2020,4,1.2730589580976151e-05,44
Burutu,Ojobo,2020,4,9.752967162057758e-06,5
Burutu,Tamigbe,2020,4,2.146685305474834e-05,11
Burutu,Torugbene,2020,4,1.1468644515844062e-05,8
Burutu,Tuomo,2020,4,3.371769428038253e-05,13
Patani,Abari,2020,4,4.056442412547767e-05,5
Patani,Agoloma,2020,4,4.269222554285079e-05,5
Patani,Buluangiama,2020,4,3.39102383198527e-05,12
Patani,Odorubu,2020,4,2.369684599606054e-05,14
Patani,Patani 2,2020,4,4.106363242802521e-05,6
Patani,Patani 3,2020,4,3.9697252213954924e-05,5
Patani,Patani 4,2020,4,3.4959259210154414e-05,4
Patani,Patani 5,2020,4,3.80185416101345e-05,7
Patani,Toruangiama,2020,4,2.9480201192200184e-05,5
Patani,Uduophori,2020,4,1.6790138033684343e-05,8
Warri South-West,Ajudaibo,2020,4,2.3157237592386082e-05,4
Warri South-West,Akpakpa,2020,4,1.9529525889083744e-05,5
Warri South-West,Isaba,2020,4,3.245920524932444e-05,20
Warri South-West,Madangho,2020,4,2.1214566004346125e-05,2
Warri South-West,Ogbe-Ijoh,2020,4,1.689699119659232e-05,61
Warri South-West,Ogidigben,2020,4,1.3500482964445837e-05,8
Warri South-West,Okerenkoko,2020,4,2.430590911436889e-05,59
Warri South-West,Oporozo,2020,4,2.7382057548190158e-05,24
Warri South-West,Orere,2020,4,2.6625606955753432e-05,9
Warri South-West,Ugborodo,2020,4,2.7680105995386838e-05,5
Warri South,Avenue,2020,4,4.1776910074986516e-05,5
Warri South,Bowen,2020,4,4.20533942815382e-05,4
Warri South,Ekurede,2020,4,3.8653999217785896e-05,5
Warri South,Esisi,2020,4,4.373326737550087e-05,2
Warri South,Igbudu,2020,4,4.21730728703551e-05,2
Warri South,Obodo,2020,4,1.70497405633796e-05,32
Warri South,Ode-Itsekiri,2020,4,2.8168205806816165e-05,11
Warri South,Okere,2020,4,4.24271080798159e-05,3
Warri South,Pessu,2020,4,4.037352482555434e-05,2
Warri South,Ubeji,2020,4,2.600643067405774e-05,13
Bomadi,Akugbene 1,2020,5,8.587201705267944e-07,4
Bomadi,Akugbene 2,2020,5,1.6635562261058112e-08,1
Bomadi,Akugbene 3,2020,5,1.53949747527804e-06,2
Bomadi,Bomadi,2020,5,4.92136556810389e-06,6
Bomadi,Ekaametagbene/Kalafio,2020,5,8.442105900030583e-06,20
Bomadi,Esanma,2020,5,1.4851109426672338e-06,8
Bomadi,Kpakiama,2020,5,6.594425131980744e-06,9
Bomadi,Ogbeinma/Okoloba,2020,5,7.722045059684509e-07,6
Bomadi,Ogo/Eze,2020,5,9.824460297143862e-07,6
Bomadi,Ogriagbene,2020,5,7.568124419776723e-06,10
Burutu,Bolou-Ndoro,2020,5,8.48250125446135e-06,42
Burutu,Egodor,2020,5,8.771977796829466e-06,29
Burutu,Eseinbiri,2020,5,5.28146938449936e-06,16
Burutu,Kiagbodo,2020,5,6.342324923025444e-06,5
Burutu,Ngbilebiri,2020,5,2.2790721535178213e-06,6
Burutu,Obetebe,2020,5,1.0496320901438595e-05,50
Burutu,Ogulagha,2020,5,1.2715503213588487e-05,44
Burutu,Ojobo,2020,5,7.947854464873672e-06,5
Burutu,Tamigbe,2020,5,4.457354820756749e-06,11
Burutu,Torugbene,2020,5,5.489597242558375e-06,8
Burutu,Tuomo,2020,5,6.1572623403313064e-06,13
Patani,Abari,2020,5,1.2375900405459106e-05,5
Patani,Agoloma,2020,5,1.0937813203781844e-05,5
Patani,Buluangiama,2020,5,1.0220576465750733e-05,12
Patani,Odorubu,2020,5,1.0927538304323597e-05,14
Patani,Patani 2,2020,5,1.340218538340802e-05,6
Patani,Patani 3,2020,5,1.3767607742920519e-05,5
Patani,Patani 4,2020,5,1.3843735359841958e-05,4
Patani,Patani 5,2020,5,1.0473844927868673e-05,7
Patani,Toruangiama,2020,5,1.0155394556932152e-05,5
Patani,Uduophori,2020,5,1.1019821613444947e-05,8
Warri South-West,Ajudaibo,2020,5,1.341304505331209e-05,4
Warri South-West,Akpakpa,2020,5,1.2361207336653023e-05,5
Warri South-West,Isaba,2020,5,1.4648190699517727e-05,20
Warri South-West,Madangho,2020,5,1.3615315765491687e-05,2
Warri South-West,Ogbe-Ijoh,2020,5,1.3889025392957399e-05,61
Warri South-West,Ogidigben,2020,5,1.2264847100595944e-05,8
Warri South-West,Okerenkoko,2020,5,1.3375127987967709e-05,59
Warri South-West,Oporozo,2020,5,1.3804137173186367e-05,24
Warri South-West,Orere,2020,5,1.4031250935254826e-05,9
Warri South-West,Ugborodo,2020,5,1.4994468074291945e-05,5
Warri South,Avenue,2020,5,1.2962205801159143e-05,5
Warri South,Bowen,2020,5,6.881427907501347e-06,4
Warri South,Ekurede,2020,5,9.069229417946189e-06,5
Warri South,Esisi,2020,5,1.0801075404742733e-05,2
Warri South,Igbudu,2020,5,6.752421541023068e-06,2
Warri South,Obodo,2020,5,1.2364567737677135e-05,32
Warri South,Ode-Itsekiri,2020,5,1.5043814941732721e-05,11
Warri South,Okere,2020,5,8.666643528461767e-06,3
Warri South,Pessu,2020,5,2.9617806376336375e-06,2
Warri South,Ubeji,2020,5,1.3395023415796459e-05,13
Bomadi,Akugbene 1,2020,6,8.406865163124166e-06,4
Bomadi,Akugbene 2,2020,6,1.0730294889071956e-05,1
Bomadi,Akugbene 3,2020,6,1.2776241419487633e-05,2
Bomadi,Bomadi,2020,6,1.2662358737240234e-05,6
Bomadi,Ekaametagbene/Kalafio,2020,6,9.564498031977565e-06,20
Bomadi,Esanma,2020,6,1.055030406860169e-05,8
Bomadi,Kpakiama,2020,6,1.249605136561311e-05,9
Bomadi,Ogbeinma/Okoloba,2020,6,9.66355886096911e-06,6
Bomadi,Ogo/Eze,2020,6,1.0797202169972783e-05,6
Bomadi,Ogriagbene,2020,6,6.78740325383842e-06,10
Burutu,Bolou-Ndoro,2020,6,7.96006948110603e-06,42
Burutu,Egodor,2020,6,1.2163432106247236e-05,29
Burutu,Eseinbiri,2020,6,1.160782267106697e-05,16
Burutu,Kiagbodo,2020,6,1.1944025754928588e-05,5
Burutu,Ngbilebiri,2020,6,1.3952227163827047e-05,6
Burutu,Obetebe,2020,6,8.296470041386783e-06,50
Burutu,Ogulagha,2020,6,1.0385614586994052e-05,44
Burutu,Ojobo,2020,6,7.6270836871117355e-06,5
Burutu,Tamigbe,2020,6,7.111575872510333e-06,11
Burutu,Torugbene,2020,6,4.948399237036938e-06,8
Burutu,Tuomo,2020,6,1.0181836282404569e-05,13
Patani,Abari,2020,6,1.4722495689056813e-05,5
Patani,Agoloma,2020,6,1.4658588042948395e-05,5
Patani,Buluangiama,2020,6,1.3114626199239865e-05,12
Patani,Odorubu,2020,6,1.3471056133442158e-05,14
Patani,Patani 2,2020,6,1.351314009904551e-05,6
Patani,Patani 3,2020,6,1.3580732047557831e-05,5
Patani,Patani 4,2020,6,1.2435379176167771e-05,4
Patani,Patani 5,2020,6,1.380557763955689e-05,7
Patani,Toruangiama,2020,6,1.3742984447162598e-05,5
Patani,Uduophori,2020,6,1.3730944374401588e-05,8
Warri South-West,Ajudaibo,2020,6,1.077758952305885e-05,4
Warri South-West,Akpakpa,2020,6,1.0366180504206568e-05,5
Warri South-West,Isaba,2020,6,1.3414383283816278e-05,20
Warri South-West,Madangho,2020,6,1.1545316738192923e-05,2
Warri South-West,Ogbe-Ijoh,2020,6,1.2802965862707036e-05,61
Warri South-West,Ogidigben,2020,6,1.1327466381771956e-05,8
Warri South-West,Okerenkoko,2020,6,1.4050430578763707e-05,59
Warri South-West,Oporozo,2020,6,1.4535207204365482e-05,24
Warri South-West,Orere,2020,6,1.4983913085112969e-05,9
Warri South-West,Ugborodo,2020,6,1.3912490976508706e-05,5
Warri South,Avenue,2020,6,2.1071877563372253e-05,5
Warri South,Bowen,2020,6,1.9968938431702554e-05,4
Warri South,Ekurede,2020,6,1.8854858353734016e-05,5
Warri South,Esisi,2020,6,2.2475294827017933e-05,2
Warri South,Igbudu,2020,6,2.0729374227812514e-05,2
Warri South,Obodo,2020,6,1.508467539679259e-05,32
Warri South,Ode-Itsekiri,2020,6,1.734082682312212e-05,11
Warri South,Okere,2020,6,2.0497992712383468e-05,3
Warri South,Pessu,2020,6,1.7462582036387175e-05,2
Warri South,Ubeji,2020,6,1.7958726787653108e-05,13
Bomadi,Akugbene 1,2020,7,1.0489413398317993e-05,4
Bomadi,Akugbene 2,2020,7,1.113086545956321e-05,1
Bomadi,Akugbene 3,2020,7,1.1988633559667505e-05,2
Bomadi,Bomadi,2020,7,1.0367116677419594e-05,6
Bomadi,Ekaametagbene/Kalafio,2020,7,9.517098806099967e-06,20
Bomadi,Esanma,2020,7,1.0557732821325772e-05,8
Bomadi,Kpakiama,2020,7,1.0707327520423052e-05,9
Bomadi,Ogbeinma/Okoloba,2020,7,1.1031106017374745e-05,6
Bomadi,Ogo/Eze,2020,7,1.112871056344981e-05,6
Bomadi,Ogriagbene,2020,7,7.560879021184519e-06,10
Burutu,Bolou-Ndoro,2020,7,8.142422995574417e-06,42
Burutu,Egodor,2020,7,1.1412379661061126e-05,29
Burutu,Eseinbiri,2020,7,8.46470629767282e-06,16
Burutu,Kiagbodo,2020,7,1.27544641145505e-05,5
Burutu,Ngbilebiri,2020,7,1.1381376680219546e-05,6
Burutu,Obetebe,2020,7,9.761204710230231e-06,50
Burutu,Ogulagha,2020,7,9.81005525152961e-06,44
Burutu,Ojobo,2020,7,6.708516593789682e-06,5
Burutu,Tamigbe,2020,7,4.9720825204117735e-06,11
Burutu,Torugbene,2020,7,5.071977739135036e-06,8
Burutu,Tuomo,2020,7,8.150051983718116e-06,13
Patani,Abari,2020,7,1.3121329538989812e-05,5
Patani,Agoloma,2020,7,1.270664797630161e-05,5
Patani,Buluangiama,2020,7,1.1304474658876037e-05,12
Patani,Odorubu,2020,7,9.767980372998863e-06,14
Patani,Patani 2,2020,7,1.2983211490791291e-05,6
Patani,Patani 3,2020,7,1.292927481699735e-05,5
Patani,Patani 4,2020,7,1.1599267054407392e-05,4
Patani,Patani 5,2020,7,1.1427560821175575e-05,7
Patani,Toruangiama,2020,7,1.211881244671531e-05,5
Patani,Uduophori,2020,7,1.004885598376859e-05,8
Warri South-West,Ajudaibo,2020,7,1.3653110727318563e-05,4
Warri South-West,Akpakpa,2020,7,1.1536361853359267e-05,5
Warri South-West,Isaba,2020,7,1.1224552872590721e-05,20
Warri South-West,Madangho,2020,7,1.4684160305478144e-05,2
Warri South-West,Ogbe-Ijoh,2020,7,1.2757222275020646e-05,61
Warri South-West,Ogidigben,2020,7,1.0751557056210004e-05,8
Warri South-West,Okerenkoko,2020,7,1.3171289692301367e-05,59
Warri South-West,Oporozo,2020,7,1.3047406052161628e-05,24
Warri South-West,Orere,2020,7,1.2223637895658612e-05,9
Warri South-West,Ugborodo,2020,7,1.444318040739745e-05,5
Warri South,Avenue,2020,7,1.4637576532550156e-05,5
Warri South,Bowen,2020,7,1.575886199134402e-05,4
Warri South,Ekurede,2020,7,1.3647379819303752e-05,5
Warri South,Esisi,2020,7,1.6510544810444117e-05,2
Warri South,Igbudu,2020,7,1.6818708900245838e-05,2
Warri South,Obodo,2020,7,1.3822351320413873e-05,32
Warri South,Ode-Itsekiri,2020,7,1.1595733336765658e-05,11
Warri South,Okere,2020,7,1.5674810128984973e-05,3
Warri South,Pessu,2020,7,1.500717735325452e-05,2
Warri South,Ubeji,2020,7,1.2826161065067236e-05,13
Bomadi,Akugbene 1,2020,8,1.2906291885883547e-05,4
Bomadi,Akugbene 2,2020,8,1.2965500900463667e-05,1
Bomadi,Akugbene 3,2020,8,1.3183840565034188e-05,2
Bomadi,Bomadi,2020,8,1.1824522516690195e-05,6
Bomadi,Ekaametagbene/Kalafio,2020,8,1.0714523523347452e-05,20
Bomadi,Esanma,2020,8,1.2677490303758532e-05,8
Bomadi,Kpakiama,2020,8,1.2128208860910187e-05,9
Bomadi,Ogbeinma/Okoloba,2020,8,1.2978832576967156e-05,6
Bomadi,Ogo/Eze,2020,8,1.3444461122465631e-05,6
Bomadi,Ogriagbene,2020,8,1.0164792911382392e-05,10
Burutu,Bolou-Ndoro,2020,8,1.031386325069304e-05,42
Burutu,Egodor,2020,8,1.3340764341811682e-05,29
Burutu,Eseinbiri,2020,8,1.0962159649352543e-05,16
Burutu,Kiagbodo,2020,8,1.4528555038850754e-05,5
Burutu,Ngbilebiri,2020,8,1.2404298710559184e-05,6
Burutu,Obetebe,2020,8,1.124609843827784e-05,50
Burutu,Ogulagha,2020,8,1.17476050614972e-05,44
Burutu,Ojobo,2020,8,1.0399914754088967e-05,5
Burutu,Tamigbe,2020,8,1.0849956941621548e-05,11
Burutu,Torugbene,2020,8,1.0517394912312739e-05,8
Burutu,Tuomo,2020,8,1.1505893780849874e-05,13
Patani,Abari,2020,8,1.3884378131479024e-05,5
Patani,Agoloma,2020,8,1.3908308756072073e-05,5
Patani,Buluangiama,2020,8,1.3740467693423852e-05,12
Patani,Odorubu,2020,8,1.2663786557303475e-05,14
Patani,Patani 2,2020,8,1.2818871861478934e-05,6
Patani,Patani 3,2020,8,1.29867868963629e-05,5
Patani,Patani 4,2020,8,1.2844494449382182e-05,4
Patani,Patani 5,2020,8,1.3396004630651856e-05,7
Patani,Toruangiama,2020,8,1.4623033348470926e-05,5
Patani,Uduophori,2020,8,1.3233378922450356e-05,8
Warri South-West,Ajudaibo,2020,8,1.4514893337036483e-05,4
Warri South-West,Akpakpa,2020,8,1.2921041343361139e-05,5
Warri South-West,Isaba,2020,8,1.3182993279770017e-05,20
Warri South-West,Madangho,2020,8,1.5550504031125456e-05,2
Warri South-West,Ogbe-Ijoh,2020,8,1.3890330771320179e-05,61
Warri South-West,Ogidigben,2020,8,1.228996643476421e-05,8
Warri South-West,Okerenkoko,2020,8,1.436429023269122e-05,59
Warri South-West,Oporozo,2020,8,1.4214735225929568e-05,24
Warri South-West,Orere,2020,8,1.3400901581108985e-05,9
Warri South-West,Ugborodo,2020,8,1.3927958207204938e-05,5
Warri South,Avenue,2020,8,1.7196346016135065e-05,5
Warri South,Bowen,2020,8,1.728753159113694e-05,4
Warri South,Ekurede,2020,8,1.5575034194625913e-05,5
Warri South,Esisi,2020,8,1.9446812075329944e-05,2
Warri South,Igbudu,2020,8,1.8121554603567347e-05,2
Warri South,Obodo,2020,8,1.4487335647572763e-05,32
Warri South,Ode-Itsekiri,2020,8,1.3694564007561315e-05,11
Warri South,Okere,2020,8,1.7895064956974238e-05,3
Warri South,Pessu,2020,8,1.5128251106943935e-05,2
Warri South,Ubeji,2020,8,1.4973614060391601e-05,13
Bomadi,Akugbene 1,2020,9,9.797497114050202e-06,4
Bomadi,Akugbene 2,2020,9,8.584727765992284e-06,1
Bomadi,Akugbene 3,2020,9,1.0134148396900855e-05,2
Bomadi,Bomadi,2020,9,1.1721927876351401e-05,6
Bomadi,Ekaametagbene/Kalafio,2020,9,1.002239587251097e-05,20
Bomadi,Esanma,2020,9,1.0746553925855551e-05,8
Bomadi,Kpakiama,2020,9,1.2438451651380294e-05,9
Bomadi,Ogbeinma/Okoloba,2020,9,1.0546791600063443e-05,6
Bomadi,Ogo/Eze,2020,9,1.092133364484956e-05,6
Bomadi,Ogriagbene,2020,9,9.608113032300025e-06,10
Burutu,Bolou-Ndoro,2020,9,9.61462016372631e-06,42
Burutu,Egodor,2020,9,1.2021452581895323e-05,29
Burutu,Eseinbiri,2020,9,1.0494319212739356e-05,16
Burutu,Kiagbodo,2020,9,1.4348383410833776e-05,5
Burutu,Ngbilebiri,2020,9,1.1650405213003978e-05,6
Burutu,Obetebe,2020,9,9.983833879232406e-06,50
Burutu,Ogulagha,2020,9,1.0192279164171355e-05,44
Burutu,Ojobo,2020,9,9.464981849305331e-06,5
Burutu,Tamigbe,2020,9,1.0105056307193907e-05,11
Burutu,Torugbene,2020,9,9.768577001523226e-06,8
Burutu,Tuomo,2020,9,1.1384603567421436e-05,13
Patani,Abari,2020,9,1.531079033156857e-05,5
Patani,Agoloma,2020,9,1.4696214930154383e-05,5
Patani,Buluangiama,2020,9,1.4001473270279044e-05,12
Patani,Odorubu,2020,9,1.3332684050380652e-05,14
Patani,Patani 2,2020,9,1.560193898815972e-05,6
Patani,Patani 3,2020,9,1.5665752289351077e-05,5
Patani,Patani 4,2020,9,1.576980503159575e-05,4
Patani,Patani 5,2020,9,1.5086594170757703e-05,7
Patani,Toruangiama,2020,9,1.2146678636781872e-05,5
Patani,Uduophori,2020,9,1.25346059576259e-05,8
Warri South-West,Ajudaibo,2020,9,8.991340109787416e-06,4
Warri South-West,Akpakpa,2020,9,8.037358929868787e-06,5
Warri South-West,Isaba,2020,9,1.259789423784241e-05,20
Warri South-West,Madangho,2020,9,1.002277531370055e-05,2
Warri South-West,Ogbe-Ijoh,2020,9,1.2175105588480097e-05,61
Warri South-West,Ogidigben,2020,9,8.240066563303117e-06,8
Warri South-West,Okerenkoko,2020,9,1.330122004373599e-05,59
Warri South-West,Oporozo,2020,9,1.182782337612783e-05,24
Warri South-West,Orere,2020,9,1.2877611475737973e-05,9
Warri South-West,Ugborodo,2020,9,1.2002982111880556e-05,5
Warri South,Avenue,2020,9,1.3619264063891023e-05,5
Warri South,Bowen,2020,9,1.3236785889603198e-05,4
Warri South,Ekurede,2020,9,1.3568555004894733e-05,5
Warri South,Esisi,2020,9,1.2935017366544344e-05,2
Warri South,Igbudu,2020,9,1.2958435945620295e-05,2
Warri South,Obodo,2020,9,1.4019542504684068e-05,32
Warri South,Ode-Itsekiri,2020,9,1.4135319030505013e-05,11
Warri South,Okere,2020,9,1.3351908516294012e-05,3
Warri South,Pessu,2020,9,1.3538554412662052e-05,2
Warri South,Ubeji,2020,9,1.3945037678170662e-05,13
Bomadi,Akugbene 1,2020,10,1.7174115782836452e-05,4
Bomadi,Akugbene 2,2020,10,2.0258788936189376e-05,1
Bomadi,Akugbene 3,2020,10,1.8168575479649007e-05,2
Bomadi,Bomadi,2020,10,2.924380775463457e-05,6
Bomadi,Ekaametagbene/Kalafio,2020,10,1.3347881031222642e-05,20
Bomadi,Esanma,2020,10,1.7886188288684934e-05,8
Bomadi,Kpakiama,2020,10,2.488827643295129e-05,9
Bomadi,Ogbeinma/Okoloba,2020,10,1.2599955274102589e-05,6
Bomadi,Ogo/Eze,2020,10,1.1744420286656046e-05,6
Bomadi,Ogriagbene,2020,10,1.159699822892435e-05,10
Burutu,Bolou-Ndoro,2020,10,1.1738417448387259e-05,42
Burutu,Egodor,2020,10,1.529689601237147e-05,29
Burutu,Eseinbiri,2020,10,1.688938391453121e-05,16
Burutu,Kiagbodo,2020,10,2.7962223975919186e-05,5
Burutu,Ngbilebiri,2020,10,1.1153146867097044e-05,6
Burutu,Obetebe,2020,10,1.3052616268396377e-05,50
Burutu,Ogulagha,2020,10,1.4202923259951852e-05,44
Burutu,Ojobo,2020,10,1.2016277469228954e-05,5
Burutu,Tamigbe,2020,10,1.3220198029144244e-05,11
Burutu,Torugbene,2020,10,1.1840724255307578e-05,8
Burutu,Tuomo,2020,10,2.0361270379418365e-05,13
Patani,Abari,2020,10,2.1053850650787355e-05,5
Patani,Agoloma,2020,10,2.116870164172724e-05,5
Patani,Buluangiama,2020,10,1.9486954746146996e-05,12
Patani,Odorubu,2020,10,1.974706122252558e-05,14
Patani,Patani 2,2020,10,2.1225809177849442e-05,6
Patani,Patani 3,2020,10,2.1223205840215088e-05,5
Patani,Patani 4,2020,10,1.8941573216579854e-05,4
Patani,Patani 5,2020,10,1.8981299945153296e-05,7
Patani,Toruangiama,2020,10,2.1268313867039977e-05,5
Patani,Uduophori,2020,10,2.1914562239544466e-05,8
Warri South-West,Ajudaibo,2020,10,1.637892273720354e-05,4
Warri South-West,Akpakpa,2020,10,1.6080027853604407e-05,5
Warri South-West,Isaba,2020,10,1.7062711413018407e-05,20
Warri South-West,Madangho,2020,10,1.5554094716208056e-05,2
Warri South-West,Ogbe-Ijoh,2020,10,1.9400174439441963e-05,61
Warri South-West,Ogidigben,2020,10,1.490020349592669e-05,8
Warri South-West,Okerenkoko,2020,10,2.0487697684537556e-05,59
Warri South-West,Oporozo,2020,10,1.7058063046230625e-05,24
Warri South-West,Orere,2020,10,1.6959516667864387e-05,9
Warri South-West,Ugborodo,2020,10,1.4770610141567886e-05,5
Warri South,Avenue,2020,10,3.444718604441732e-05,5
Warri South,Bowen,2020,10,2.663303166627884e-05,4
Warri South,Ekurede,2020,10,2.4548135115765035e-05,5
Warri South,Esisi,2020,10,3.39310645358637e-05,2
Warri South,Igbudu,2020,10,3.066546196350828e-05,2
Warri South,Obodo,2020,10,2.0713507183245383e-05,32
Warri South,Ode-Itsekiri,2020,10,2.0477644284255803e-05,11
Warri South,Okere,2020,10,2.893509614902238e-05,3
Warri South,Pessu,2020,10,1.9334995158715174e-05,2
Warri South,Ubeji,2020,10,2.6300699503805776e-05,13
Bomadi,Akugbene 1,2020,11,2.1215411834418774e-05,4
Bomadi,Akugbene 2,2020,11,2.2091280698077753e-05,1
Bomadi,Akugbene 3,2020,11,2.135250178980641e-05,2
Bomadi,Bomadi,2020,11,1.623852828439946e-05,6
Bomadi,Ekaametagbene/Kalafio,2020,11,1.5429884660989047e-05,20
Bomadi,Esanma,2020,11,2.024143577727955e-05,8
Bomadi,Kpakiama,2020,11,1.9309845002782014e-05,9
Bomadi,Ogbeinma/Okoloba,2020,11,2.0847418151485424e-05,6
Bomadi,Ogo/Eze,2020,11,1.9508559489622712e-05,6
Bomadi,Ogriagbene,2020,11,1.5515864652115853e-05,10
Burutu,Bolou-Ndoro,2020,11,1.701179038112362e-05,42
Burutu,Egodor,2020,11,2.2690375897519547e-05,29
Burutu,Eseinbiri,2020,11,1.6573758330196142e-05,16
Burutu,Kiagbodo,2020,11,2.312389697181061e-05,5
Burutu,Ngbilebiri,2020,11,2.0081993473771338e-05,6
Burutu,Obetebe,2020,11,2.3019048385322093e-05,50
Burutu,Ogulagha,2020,11,1.8082028625278987e-05,44
Burutu,Ojobo,2020,11,1.5952742251101883e-05,5
Burutu,Tamigbe,2020,11,1.732873682737012e-05,11
Burutu,Torugbene,2020,11,1.7051439499482512e-05,8
Burutu,Tuomo,2020,11,1.841339914020724e-05,13
Patani,Abari,2020,11,2.3739713651593774e-05,5
Patani,Agoloma,2020,11,2.5185319827869534e-05,5
Patani,Buluangiama,2020,11,2.223936462542042e-05,12
Patani,Odorubu,2020,11,2.1328623656050434e-05,14
Patani,Patani 2,2020,11,2.3218684267097462e-05,6
Patani,Patani 3,2020,11,2.3366826644632967e-05,5
Patani,Patani 4,2020,11,2.291673627041746e-05,4
Patani,Patani 5,2020,11,2.276035541269396e-05,7
Patani,Toruangiama,2020,11,2.132926892954856e-05,5
Patani,Uduophori,2020,11,2.170506377296988e-05,8
Warri South-West,Ajudaibo,2020,11,1.919571150210686e-05,4
Warri South-West,Akpakpa,2020,11,1.4643656322732568e-05,5
Warri South-West,Isaba,2020,11,2.646443317644298e-05,20
Warri South-West,Madangho,2020,11,1.6263753423118033e-05,2
Warri South-West,Ogbe-Ijoh,2020,11,2.51197698907774e-05,61
Warri South-West,Ogidigben,2020,11,1.3276900062919594e-05,8
Warri South-West,Okerenkoko,2020,11,1.81222685723234e-05,59
Warri South-West,Oporozo,2020,11,1.2995829213953888e-05,24
Warri South-West,Orere,2020,11,1.5397326529232992e-05,9
Warri South-West,Ugborodo,2020,11,1.773402327671647e-05,5
Warri South,Avenue,2020,11,4.048369592055678e-05,5
Warri South,Bowen,2020,11,3.9126985939219594e-05,4
Warri South,Ekurede,2020,11,3.516831784509122e-05,5
Warri South,Esisi,2020,11,4.236030508764088e-05,2
Warri South,Igbudu,2020,11,4.1029416024684906e-05,2
Warri South,Obodo,2020,11,2.1585228751064278e-05,32
Warri South,Ode-Itsekiri,2020,11,2.939344531941143e-05,11
Warri South,Okere,2020,11,3.9405179753278695e-05,3
Warri South,Pessu,2020,11,3.5893666790798306e-05,2
Warri South,Ubeji,2020,11,2.963053143153397e-05,13
Bomadi,Akugbene 1,2020,12,3.096056025242433e-05,4
Bomadi,Akugbene 2,2020,12,3.092387487413362e-05,1
Bomadi,Akugbene 3,2020,12,3.127554737147875e-05,2
Bomadi,Bomadi,2020,12,3.798343823291361e-05,6
Bomadi,Ekaametagbene/Kalafio,2020,12,3.409160999581218e-05,20
Bomadi,Esanma,2020,12,3.204661334166303e-05,8
Bomadi,Kpakiama,2020,12,3.582680559096237e-05,9
Bomadi,Ogbeinma/Okoloba,2020,12,3.0005093625125785e-05,6
Bomadi,Ogo/Eze,2020,12,2.7598893211688846e-05,6
Bomadi,Ogriagbene,2020,12,3.240953665226698e-05,10
Burutu,Bolou-Ndoro,2020,12,3.007609796311174e-05,42
Burutu,Egodor,2020,12,3.607540214755412e-05,29
Burutu,Eseinbiri,2020,12,3.431311051826924e-05,16
Burutu,Kiagbodo,2020,12,3.4552218858152627e-05,5
Burutu,Ngbilebiri,2020,12,3.3158862303632e-05,6
Burutu,Obetebe,2020,12,3.337339963763952e-05,50
Burutu,Ogulagha,2020,12,2.4966789748180997e-05,44
Burutu,Ojobo,2020,12,2.7412216877564787e-05,5
Burutu,Tamigbe,2020,12,3.243684874508869e-05,11
Burutu,Torugbene,2020,12,3.000373726536054e-05,8
Burutu,Tuomo,2020,12,3.508213334358655e-05,13
Patani,Abari,2020,12,3.4146886900998655e-05,5
Patani,Agoloma,2020,12,3.192487929482013e-05,5
Patani,Buluangiama,2020,12,3.35192380589433e-05,12
Patani,Odorubu,2020,12,3.321670270192304e-05,14
Patani,Patani 2,2020,12,3.389472112758085e-05,6
Patani,Patani 3,2020,12,3.4393451642245054e-05,5
Patani,Patani 4,2020,12,3.531549737090245e-05,4
Patani,Patani 5,2020,12,3.294819699866431e-05,7
Patani,Toruangiama,2020,12,3.6046517197974023e-05,5
Patani,Uduophori,2020,12,3.3963868190767244e-05,8
Warri South-West,Ajudaibo,2020,12,2.5680477847345173e-05,4
Warri South-West,Akpakpa,2020,12,2.380826626904309e-05,5
Warri South-West,Isaba,2020,12,3.9353047031909225e-05,20
Warri South-West,Madangho,2020,12,2.7004567527910694e-05,2
Warri South-West,Ogbe-Ijoh,2020,12,3.5183313379033666e-05,61
Warri South-West,Ogidigben,2020,12,2.3632153897779062e-05,8
Warri South-West,Okerenkoko,2020,12,2.673762787322877e-05,59
Warri South-West,Oporozo,2020,12,2.3777618480380625e-05,24
Warri South-West,Orere,2020,12,2.3642050412793953e-05,9
Warri South-West,Ugborodo,2020,12,2.6243127649649978e-05,5
Warri South,Avenue,2020,12,5.5984110804274676e-05,5
Warri South,Bowen,2020,12,5.521090861293487e-05,4
Warri South,Ekurede,2020,12,5.106200696900487e-05,5
Warri South,Esisi,2020,12,5.800020880997181e-05,2
Warri South,Igbudu,2020,12,5.588564818026498e-05,2
Warri South,Obodo,2020,12,3.621216455940157e-05,32
Warri South,Ode-Itsekiri,2020,12,4.705668173053048e-05,11
Warri South,Okere,2020,12,5.618874759723743e-05,3
Warri South,Pessu,2020,12,5.242160113994032e-05,2
Warri South,Ubeji,2020,12,4.598044324666262e-05,13
Bomadi,Akugbene 1,2021,1,3.154107616865076e-05,4
Bomadi,Akugbene 2,2021,1,2.95818845188478e-05,1
Bomadi,Akugbene 3,2021,1,3.132765777991153e-05,2
Bomadi,Bomadi,2021,1,3.1516009282010295e-05,6
Bomadi,Ekaametagbene/Kalafio,2021,1,2.8189813019707798e-05,20
Bomadi,Esanma,2021,1,3.137725798296742e-05,8
Bomadi,Kpakiama,2021,1,3.298422153521743e-05,9
Bomadi,Ogbeinma/Okoloba,2021,1,3.2737026534353696e-05,6
Bomadi,Ogo/Eze,2021,1,3.197617237068092e-05,6
Bomadi,Ogriagbene,2021,1,2.9377100872807205e-05,10
Burutu,Bolou-Ndoro,2021,1,2.738961484283209e-05,42
Burutu,Egodor,2021,1,3.273339725324306e-05,29
Burutu,Eseinbiri,2021,1,3.1181476515484974e-05,16
Burutu,Kiagbodo,2021,1,3.4333582152612505e-05,5
Burutu,Ngbilebiri,2021,1,3.202110625958691e-05,6
Burutu,Obetebe,2021,1,2.9143185820430517e-05,50
Burutu,Ogulagha,2021,1,2.714691270904785e-05,44
Burutu,Ojobo,2021,1,2.6942440308630465e-05,5
Burutu,Tamigbe,2021,1,2.7851553485644136e-05,11
Burutu,Torugbene,2021,1,2.5016544896061532e-05,8
Burutu,Tuomo,2021,1,3.0158078656173668e-05,13
Patani,Abari,2021,1,3.3680073102004826e-05,5
Patani,Agoloma,2021,1,3.173086151946336e-05,5
Patani,Buluangiama,2021,1,3.1976368821536504e-05,12
Patani,Odorubu,2021,1,3.139812490969364e-05,14
Patani,Patani 2,2021,1,3.23609031814461e-05,6
Patani,Patani 3,2021,1,3.265049890615046e-05,5
Patani,Patani 4,2021,1,3.1304549338528886e-05,4
Patani,Patani 5,2021,1,3.144717941592846e-05,7
Patani,Toruangiama,2021,1,3.20339051540941e-05,5
Patani,Uduophori,2021,1,3.1244810088537633e-05,8
Warri South-West,Ajudaibo,2021,1,2.8947169994353317e-05,4
Warri South-West,Akpakpa,2021,1,2.7812179177999495e-05,5
Warri South-West,Isaba,2021,1,3.5186304012313484e-05,20
Warri South-West,Madangho,2021,1,2.9036213163635693e-05,2
Warri South-West,Ogbe-Ijoh,2021,1,3.142186562668105e-05,61
Warri South-West,Ogidigben,2021,1,2.9642691515618935e-05,8
Warri South-West,Okerenkoko,2021,1,2.696733700774484e-05,59
Warri South-West,Oporozo,2021,1,2.6524959442516167e-05,24
Warri South-West,Orere,2021,1,2.6590114834511445e-05,9
Warri South-West,Ugborodo,2021,1,2.8706208104267718e-05,5
Warri South,Avenue,2021,1,4.779334121849388e-05,5
Warri South,Bowen,2021,1,5.133931335876696e-05,4
Warri South,Ekurede,2021,1,4.513634485192597e-05,5
Warri South,Esisi,2021,1,5.210447852732614e-05,2
Warri South,Igbudu,2021,1,5.401327507570386e-05,2
Warri South,Obodo,2021,1,3.1300434784498066e-05,32
Warri South,Ode-Itsekiri,2021,1,3.915562410838902e-05,11
Warri South,Okere,2021,1,5.087183672003448e-05,3
Warri South,Pessu,2021,1,5.0574140914250165e-05,2
Warri South,Ubeji,2021,1,3.6999263102188706e-05,13
Bomadi,Akugbene 1,2021,2,2.5799994546105154e-05,4
Bomadi,Akugbene 2,2021,2,2.620873237901833e-05,1
Bomadi,Akugbene 3,2021,2,2.693841088330373e-05,2
Bomadi,Bomadi,2021,2,2.5592157423185807e-05,6
Bomadi,Ekaametagbene/Kalafio,2021,2,2.3931730538606644e-05,20
Bomadi,Esanma,2021,2,2.579746796982363e-05,8
Bomadi,Kpakiama,2021,2,2.6002059005097384e-05,9
Bomadi,Ogbeinma/Okoloba,2021,2,2.651450631674379e-05,6
Bomadi,Ogo/Eze,2021,2,2.6367871517625947e-05,6
Bomadi,Ogriagbene,2021,2,2.1890949574299158e-05,10
Burutu,Bolou-Ndoro,2021,2,2.3165835522203927e-05,42
Burutu,Egodor,2021,2,2.6912853956736368e-05,29
Burutu,Eseinbiri,2021,2,2.405494342383463e-05,16
Burutu,Kiagbodo,2021,2,3.097352164331824e-05,5
Burutu,Ngbilebiri,2021,2,2.7354011156906683e-05,6
Burutu,Obetebe,2021,2,2.6053998153656723e-05,50
Burutu,Ogulagha,2021,2,2.55467444234951e-05,44
Burutu,Ojobo,2021,2,2.209949598181993e-05,5
Burutu,Tamigbe,2021,2,2.305939084511589e-05,11
Burutu,Torugbene,2021,2,2.1735006157541648e-05,8
Burutu,Tuomo,2021,2,2.3890373995527625e-05,13
Patani,Abari,2021,2,2.4604389909654856e-05,5
Patani,Agoloma,2021,2,2.4042093718890102e-05,5
Patani,Buluangiama,2021,2,2.2757015055200707e-05,12
Patani,Odorubu,2021,2,2.3399566998705268e-05,14
Patani,Patani 2,2021,2,2.425201334214459e-05,6
Patani,Patani 3,2021,2,2.4646436213515698e-05,5
Patani,Patani 4,2021,2,2.4472446966683492e-05,4
Patani,Patani 5,2021,2,2.4082985224335323e-05,7
Patani,Toruangiama,2021,2,2.3385274107567967e-05,5
Patani,Uduophori,2021,2,2.257964115415234e-05,8
Warri South-West,Ajudaibo,2021,2,3.485370325506665e-05,4
Warri South-West,Akpakpa,2021,2,3.047499048989266e-05,5
Warri South-West,Isaba,2021,2,2.777974877972156e-05,20
Warri South-West,Madangho,2021,2,3.323448254377581e-05,2
Warri South-West,Ogbe-Ijoh,2021,2,2.490765354061713e-05,61
Warri South-West,Ogidigben,2021,2,2.622816464281641e-05,8
Warri South-West,Okerenkoko,2021,2,2.703837797803394e-05,59
Warri South-West,Oporozo,2021,2,2.8504504977415006e-05,24
Warri South-West,Orere,2021,2,2.705723454710096e-05,9
Warri South-West,Ugborodo,2021,2,3.238640201743692e-05,5
Warri South,Avenue,2021,2,3.641988150775433e-05,5
Warri South,Bowen,2021,2,4.1388262616237625e-05,4
Warri South,Ekurede,2021,2,3.4706125734373924e-05,5
Warri South,Esisi,2021,2,4.251328209647909e-05,2
Warri South,Igbudu,2021,2,4.3633255700115114e-05,2
Warri South,Obodo,2021,2,2.6351717679062858e-05,32
Warri South,Ode-Itsekiri,2021,2,3.053850377909839e-05,11
Warri South,Okere,2021,2,4.1353419267882906e-05,3
Warri South,Pessu,2021,2,4.026324677397497e-05,2
Warri South,Ubeji,2021,2,2.814860692104468e-05,13
Bomadi,Akugbene 1,2021,3,2.1564044800470583e-05,4
Bomadi,Akugbene 2,2021,3,1.927101402543485e-05,1
Bomadi,Akugbene 3,2021,3,1.4618226487073116e-05,2
Bomadi,Bomadi,2021,3,1.5444920184866835e-05,6
Bomadi,Ekaametagbene/Kalafio,2021,3,2.0626356126740573e-05,20
Bomadi,Esanma,2021,3,2.100377605529502e-05,8
Bomadi,Kpakiama,2021,3,1.4389717964352005e-05,9
Bomadi,Ogbeinma/Okoloba,2021,3,1.594431766231234e-05,6
Bomadi,Ogo/Eze,2021,3,1.825230598721343e-05,6
Bomadi,Ogriagbene,2021,3,2.169741492252797e-05,10
Burutu,Bolou-Ndoro,2021,3,1.4518857434658067e-05,42
Burutu,Egodor,2021,3,1.507804725030116e-05,29
Burutu,Eseinbiri,2021,3,1.8856582755688578e-05,16
Burutu,Kiagbodo,2021,3,1.3396709982771427e-05,5
Burutu,Ngbilebiri,2021,3,2.1428248146548867e-05,6
Burutu,Obetebe,2021,3,1.5684569953009485e-05,50
Burutu,Ogulagha,2021,3,1.5372333688322794e-05,44
Burutu,Ojobo,2021,3,2.0670246158260852e-05,5
Burutu,Tamigbe,2021,3,2.0213000508109953e-05,11
Burutu,Torugbene,2021,3,2.1859621483599767e-05,8
Burutu,Tuomo,2021,3,1.785949391957659e-05,13
Patani,Abari,2021,3,2.2663004347123206e-05,5
Patani,Agoloma,2021,3,2.2070022532716392e-05,5
Patani,Buluangiama,2021,3,2.0601425300507497e-05,12
Patani,Odorubu,2021,3,1.3301758112252823e-05,14
Patani,Patani 2,2021,3,2.2114329719139885e-05,6
Patani,Patani 3,2021,3,2.198320289608091e-05,5
Patani,Patani 4,2021,3,2.0930619939463213e-05,4
Patani,Patani 5,2021,3,2.1673435445076654e-05,7
Patani,Toruangiama,2021,3,2.1235393069218846e-05,5
Patani,Uduophori,2021,3,1.562070792715531e-05,8
Warri South-West,Ajudaibo,2021,3,2.3246251657838002e-05,4
Warri South-West,Akpakpa,2021,3,2.0278118608985096e-05,5
Warri South-West,Isaba,2021,3,1.3123438111506403e-05,20
Warri South-West,Madangho,2021,3,2.4524015316274017e-05,2
Warri South-West,Ogbe-Ijoh,2021,3,1.5843558491619885e-05,61
Warri South-West,Ogidigben,2021,3,1.6618927475064993e-05,8
Warri South-West,Okerenkoko,2021,3,1.917510309209258e-05,59
Warri South-West,Oporozo,2021,3,2.010146272368729e-05,24
Warri South-West,Orere,2021,3,2.145316910981718e-05,9
Warri South-West,Ugborodo,2021,3,2.2860827448312195e-05,5
Warri South,Avenue,2021,3,2.136540715582669e-05,5
Warri South,Bowen,2021,3,2.218999361502938e-05,4
Warri South,Ekurede,2021,3,1.9422528566792607e-05,5
Warri South,Esisi,2021,3,2.2257716409512796e-05,2
Warri South,Igbudu,2021,3,2.317515463801101e-05,2
Warri South,Obodo,2021,3,1.867589890025556e-05,32
Warri South,Ode-Itsekiri,2021,3,1.62787777795033e-05,11
Warri South,Okere,2021,3,2.1766395851348836e-05,3
Warri South,Pessu,2021,3,2.212226900155656e-05,2
Warri South,Ubeji,2021,3,1.8951733811543538e-05,13
Bomadi,Akugbene 1,2021,4,1.5645309758838266e-05,4
Bomadi,Akugbene 2,2021,4,1.3869870599592105e-05,1
Bomadi,Akugbene 3,2021,4,1.4467774235527031e-05,2
Bomadi,Bomadi,2021,4,1.6108356552043308e-05,6
Bomadi,Ekaametagbene/Kalafio,2021,4,1.4294737775344402e-05,20
Bomadi,Esanma,2021,4,1.5796591469552368e-05,8
Bomadi,Kpakiama,2021,4,1.6837049366181924e-05,9
Bomadi,Ogbeinma/Okoloba,2021,4,1.5430608376239736e-05,6
Bomadi,Ogo/Eze,2021,4,1.4117552685396125e-05,6
Bomadi,Ogriagbene,2021,4,1.4625460607931018e-05,10
Burutu,Bolou-Ndoro,2021,4,1.5003437597659372e-05,42
Burutu,Egodor,2021,4,1.743075975762873e-05,29
Burutu,Eseinbiri,2021,4,1.4789966371608898e-05,16
Burutu,Kiagbodo,2021,4,1.58511902554892e-05,5
Burutu,Ngbilebiri,2021,4,1.6133881824013468e-05,6
Burutu,Obetebe,2021,4,1.73809751868248e-05,50
Burutu,Ogulagha,2021,4,1.7680418254299596e-05,44
Burutu,Ojobo,2021,4,1.401855843141675e-05,5
Burutu,Tamigbe,2021,4,1.4240000217052346e-05,11
Burutu,Torugbene,2021,4,1.4029240446689073e-05,8
Burutu,Tuomo,2021,4,1.4981453065187312e-05,13
Patani,Abari,2021,4,2.3045211855787783e-05,5
Patani,Agoloma,2021,4,2.0496977958828212e-05,5
Patani,Buluangiama,2021,4,1.903415613924153e-05,12
Patani,Odorubu,2021,4,1.8473882976520273e-05,14
Patani,Patani 2,2021,4,2.384595184897383e-05,6
Patani,Patani 3,2021,4,2.4343887344002723e-05,5
Patani,Patani 4,2021,4,2.2925085431779735e-05,4
Patani,Patani 5,2021,4,2.1655640531597392e-05,7
Patani,Toruangiama,2021,4,1.7948308959603308e-05,5
Patani,Uduophori,2021,4,1.7724581994116306e-05,8
Warri South-West,Ajudaibo,2021,4,1.943200004461687e-05,4
Warri South-West,Akpakpa,2021,4,1.8814853683579712e-05,5
Warri South-West,Isaba,2021,4,1.9936713215429336e-05,20
Warri South-West,Madangho,2021,4,1.9805078409262933e-05,2
Warri South-West,Ogbe-Ijoh,2021,4,2.0358432847701137e-05,61
Warri South-West,Ogidigben,2021,4,1.7281794498558156e-05,8
Warri South-West,Okerenkoko,2021,4,1.8876038049742326e-05,59
Warri South-West,Oporozo,2021,4,1.812791864116055e-05,24
Warri South-West,Orere,2021,4,1.669976498103804e-05,9
Warri South-West,Ugborodo,2021,4,1.7360286437906326e-05,5
Warri South,Avenue,2021,4,2.7641386259347202e-05,5
Warri South,Bowen,2021,4,2.7272646548226476e-05,4
Warri South,Ekurede,2021,4,2.3805280216038226e-05,5
Warri South,Esisi,2021,4,2.985936589539051e-05,2
Warri South,Igbudu,2021,4,2.9898816137574613e-05,2
Warri South,Obodo,2021,4,2.0396988475113176e-05,32
Warri South,Ode-Itsekiri,2021,4,2.0850234167565677e-05,11
Warri South,Okere,2021,4,2.7398316888138652e-05,3
Warri South,Pessu,2021,4,2.468592720106244e-05,2
Warri South,Ubeji,2021,4,2.2545320322163978e-05,13
Bomadi,Akugbene 1,2021,5,1.3590889466286171e-05,4
Bomadi,Akugbene 2,2021,5,1.5164264368650038e-05,1
Bomadi,Akugbene 3,2021,5,1.475076442147838e-05,2
Bomadi,Bomadi,2021,5,1.346260008479779e-05,6
Bomadi,Ekaametagbene/Kalafio,2021,5,1.2551958207041025e-05,20
Bomadi,Esanma,2021,5,1.383439484925475e-05,8
Bomadi,Kpakiama,2021,5,1.5598844685074357e-05,9
Bomadi,Ogbeinma/Okoloba,2021,5,1.4292665582615882e-05,6
Bomadi,Ogo/Eze,2021,5,1.4096691302256659e-05,6
Bomadi,Ogriagbene,2021,5,1.776102726580575e-05,10
Burutu,Bolou-Ndoro,2021,5,1.3045482947269366e-05,42
Burutu,Egodor,2021,5,1.5611948991387053e-05,29
Burutu,Eseinbiri,2021,5,1.6008578313631006e-05,16
Burutu,Kiagbodo,2021,5,1.5676830662414433e-05,5
Burutu,Ngbilebiri,2021,5,1.2429240693260605e-05,6
Burutu,Obetebe,2021,5,1.4317738823592663e-05,50
Burutu,Ogulagha,2021,5,1.7831184033473786e-05,44
Burutu,Ojobo,2021,5,1.123149850172922e-05,5
Burutu,Tamigbe,2021,5,1.5027768147939986e-05,11
Burutu,Torugbene,2021,5,1.0908408512477763e-05,8
Burutu,Tuomo,2021,5,1.3663066336168693e-05,13
Patani,Abari,2021,5,1.6859691822901367e-05,5
Patani,Agoloma,2021,5,1.488451671320945e-05,5
Patani,Buluangiama,2021,5,1.3898684604403874e-05,12
Patani,Odorubu,2021,5,1.4611273530005877e-05,14
Patani,Patani 2,2021,5,1.6449273971375078e-05,6
Patani,Patani 3,2021,5,1.6478687757626177e-05,5
Patani,Patani 4,2021,5,1.3420572940958664e-05,4
Patani,Patani 5,2021,5,1.35956090941493e-05,7
Patani,Toruangiama,2021,5,1.4076975639909506e-05,5
Patani,Uduophori,2021,5,1.4613034181820694e-05,8
Warri South-West,Ajudaibo,2021,5,1.636304659768939e-05,4
Warri South-West,Akpakpa,2021,5,1.693785743555054e-05,5
Warri South-West,Isaba,2021,5,1.770820963429287e-05,20
Warri South-West,Madangho,2021,5,1.5581637853756547e-05,2
Warri South-West,Ogbe-Ijoh,2021,5,1.982423728789951e-05,61
Warri South-West,Ogidigben,2021,5,1.6573625543969683e-05,8
Warri South-West,Okerenkoko,2021,5,1.725407269925384e-05,59
Warri South-West,Oporozo,2021,5,1.735832362707394e-05,24
Warri South-West,Orere,2021,5,1.705377103967799e-05,9
Warri South-West,Ugborodo,2021,5,1.646862947382033e-05,5
Warri South,Avenue,2021,5,2.0564084115903826e-05,5
Warri South,Bowen,2021,5,1.8811690097209066e-05,4
Warri South,Ekurede,2021,5,1.8169087707065045e-05,5
Warri South,Esisi,2021,5,2.0418267013155855e-05,2
Warri South,Igbudu,2021,5,2.0479070371948183e-05,2
Warri South,Obodo,2021,5,1.7450394807383418e-05,32
Warri South,Ode-Itsekiri,2021,5,1.8491183502853595e-05,11
Warri South,Okere,2021,5,1.9209329669441406e-05,3
Warri South,Pessu,2021,5,1.7205111362272874e-05,2
Warri South,Ubeji,2021,5,1.8947263015434146e-05,13
Bomadi,Akugbene 1,2021,6,1.3089849744574167e-05,4
Bomadi,Akugbene 2,2021,6,1.403506666974863e-05,1
Bomadi,Akugbene 3,2021,6,1.4021279639564455e-05,2
Bomadi,Bomadi,2021,6,1.3872605146995435e-05,6
Bomadi,Ekaametagbene/Kalafio,2021,6,8.887305739335716e-06,20
Bomadi,Esanma,2021,6,1.2288695870665833e-05,8
Bomadi,Kpakiama,2021,6,1.4624918953308628e-05,9
Bomadi,Ogbeinma/Okoloba,2021,6,1.3015625881962478e-05,6
Bomadi,Ogo/Eze,2021,6,1.2189056481778001e-05,6
Bomadi,Ogriagbene,2021,6,8.995611278805881e-06,10
Burutu,Bolou-Ndoro,2021,6,8.274170492465297e-06,42
Burutu,Egodor,2021,6,1.2827466105528432e-05,29
Burutu,Eseinbiri,2021,6,1.1385125617380254e-05,16
Burutu,Kiagbodo,2021,6,1.4014061889611185e-05,5
Burutu,Ngbilebiri,2021,6,1.2768949090968817e-05,6
Burutu,Obetebe,2021,6,1.1032790644094348e-05,50
Burutu,Ogulagha,2021,6,1.4861217509447174e-05,44
Burutu,Ojobo,2021,6,9.387153841089458e-06,5
Burutu,Tamigbe,2021,6,1.0407353825443847e-05,11
Burutu,Torugbene,2021,6,9.77130821411265e-06,8
Burutu,Tuomo,2021,6,1.1978226561600772e-05,13
Patani,Abari,2021,6,1.4667154755443334e-05,5
Patani,Agoloma,2021,6,1.4262206968851388e-05,5
Patani,Buluangiama,2021,6,1.4611873969746133e-05,12
Patani,Odorubu,2021,6,1.432955572714231e-05,14
Patani,Patani 2,2021,6,1.5261110092978925e-05,6
Patani,Patani 3,2021,6,1.4957852545194329e-05,5
Patani,Patani 4,2021,6,1.3966311598778702e-05,4
Patani,Patani 5,2021,6,1.4328418598909462e-05,7
Patani,Toruangiama,2021,6,1.567309518577531e-05,5
Patani,Uduophori,2021,6,1.4988874681876041e-05,8
Warri South-West,Ajudaibo,2021,6,1.668388540565502e-05,4
Warri South-West,Akpakpa,2021,6,1.558891381137073e-05,5
Warri South-West,Isaba,2021,6,1.2257011258043349e-05,20
Warri South-West,Madangho,2021,6,1.6595655324636027e-05,2
Warri South-West,Ogbe-Ijoh,2021,6,1.4456784825955257e-05,61
Warri South-West,Ogidigben,2021,6,1.585859718034044e-05,8
Warri South-West,Okerenkoko,2021,6,1.513507015908421e-05,59
Warri South-West,Oporozo,2021,6,1.625300622739208e-05,24
Warri South-West,Orere,2021,6,1.5099954907782376e-05,9
Warri South-West,Ugborodo,2021,6,1.5736398927401753e-05,5
Warri South,Avenue,2021,6,2.1545903291553258e-05,5
Warri South,Bowen,2021,6,2.01694892894011e-05,4
Warri South,Ekurede,2021,6,1.8356769578531386e-05,5
Warri South,Esisi,2021,6,2.2503660147776827e-05,2
Warri South,Igbudu,2021,6,2.0564850274240598e-05,2
Warri South,Obodo,2021,6,1.5751113096484914e-05,32
Warri South,Ode-Itsekiri,2021,6,1.3265555026009679e-05,11
Warri South,Okere,2021,6,2.041096983399863e-05,3
Warri South,Pessu,2021,6,1.783531843102537e-05,2
Warri South,Ubeji,2021,6,1.673267308013657e-05,13
Bomadi,Akugbene 1,2021,7,1.2618101209227461e-05,4
Bomadi,Akugbene 2,2021,7,1.414294274582062e-05,1
Bomadi,Akugbene 3,2021,7,1.4473287592409179e-05,2
Bomadi,Bomadi,2021,7,1.2842998936927566e-05,6
Bomadi,Ekaametagbene/Kalafio,2021,7,1.2405177403707058e-05,20
Bomadi,Esanma,2021,7,1.3026391570747364e-05,8
Bomadi,Kpakiama,2021,7,1.2724345853914403e-05,9
Bomadi,Ogbeinma/Okoloba,2021,7,1.335545675829053e-05,6
Bomadi,Ogo/Eze,2021,7,1.3121498341206461e-05,6
Bomadi,Ogriagbene,2021,7,1.2257233902346342e-05,10
Burutu,Bolou-Ndoro,2021,7,1.0801821536872358e-05,42
Burutu,Egodor,2021,7,1.2586034778184418e-05,29
Burutu,Eseinbiri,2021,7,1.284220525121782e-05,16
Burutu,Kiagbodo,2021,7,1.4204997569322586e-05,5
Burutu,Ngbilebiri,2021,7,1.2515438963115836e-05,6
Burutu,Obetebe,2021,7,1.1757845059037208e-05,50
Burutu,Ogulagha,2021,7,1.005055806176229e-05,44
Burutu,Ojobo,2021,7,1.0011555423261597e-05,5
Burutu,Tamigbe,2021,7,1.16279989015311e-05,11
Burutu,Torugbene,2021,7,1.0177758667850867e-05,8
Burutu,Tuomo,2021,7,1.2289778589127729e-05,13
Patani,Abari,2021,7,1.416422164766118e-05,5
Patani,Agoloma,2021,7,1.5272658492904158e-05,5
Patani,Buluangiama,2021,7,1.3268341717775911e-05,12
Patani,Odorubu,2021,7,1.2969767599965312e-05,14
Patani,Patani 2,2021,7,1.608495464703689e-05,6
Patani,Patani 3,2021,7,1.5440631250385196e-05,5
Patani,Patani 4,2021,7,1.3512185432773549e-05,4
Patani,Patani 5,2021,7,1.427214010618627e-05,7
Patani,Toruangiama,2021,7,1.3122989912517369e-05,5
Patani,Uduophori,2021,7,1.2506942766776774e-05,8
Warri South-West,Ajudaibo,2021,7,1.1597756383707747e-05,4
Warri South-West,Akpakpa,2021,7,1.1163503950228915e-05,5
Warri South-West,Isaba,2021,7,8.66968184709549e-06,20
Warri South-West,Madangho,2021,7,1.280683500226587e-05,2
Warri South-West,Ogbe-Ijoh,2021,7,6.531832308401582e-06,61
Warri South-West,Ogidigben,2021,7,1.161720501841046e-05,8
Warri South-West,Okerenkoko,2021,7,7.196383302147358e-06,59
Warri South-West,Oporozo,2021,7,1.015640433858304e-05,24
Warri South-West,Orere,2021,7,1.039245156183218e-05,9
Warri South-West,Ugborodo,2021,7,1.0902612848440185e-05,5
Warri South,Avenue,2021,7,1.0483545338502154e-05,5
Warri South,Bowen,2021,7,1.4041936992725823e-05,4
Warri South,Ekurede,2021,7,1.1200178414583207e-05,5
Warri South,Esisi,2021,7,1.041626001097029e-05,2
Warri South,Igbudu,2021,7,1.530177178210579e-05,2
Warri South,Obodo,2021,7,1.1122033356514294e-05,32
Warri South,Ode-Itsekiri,2021,7,7.858734699601138e-06,11
Warri South,Okere,2021,7,1.2981639883946627e-05,3
Warri South,Pessu,2021,7,1.7667614883976057e-05,2
Warri South,Ubeji,2021,7,1.0183422441164461e-05,13
Bomadi,Akugbene 1,2021,8,1.3208960808697157e-05,4
Bomadi,Akugbene 2,2021,8,1.5058689314173535e-05,1
Bomadi,Akugbene 3,2021,8,1.5016592442407273e-05,2
Bomadi,Bomadi,2021,8,1.1415048599398384e-05,6
Bomadi,Ekaametagbene/Kalafio,2021,8,1.1406624980736525e-05,20
Bomadi,Esanma,2021,8,1.3582489373220596e-05,8
Bomadi,Kpakiama,2021,8,1.3104588207271365e-05,9
Bomadi,Ogbeinma/Okoloba,2021,8,1.3424560165731236e-05,6
Bomadi,Ogo/Eze,2021,8,1.2620302489570653e-05,6
Bomadi,Ogriagbene,2021,8,1.1153455125167966e-05,10
Burutu,Bolou-Ndoro,2021,8,1.0866687045476975e-05,42
Burutu,Egodor,2021,8,1.4403108346821933e-05,29
Burutu,Eseinbiri,2021,8,1.191244155052118e-05,16
Burutu,Kiagbodo,2021,8,1.3817797298543156e-05,5
Burutu,Ngbilebiri,2021,8,1.412674343252244e-05,6
Burutu,Obetebe,2021,8,1.2520530726760625e-05,50
Burutu,Ogulagha,2021,8,1.2237839242020113e-05,44
Burutu,Ojobo,2021,8,1.0379230661783368e-05,5
Burutu,Tamigbe,2021,8,1.1696521224538712e-05,11
Burutu,Torugbene,2021,8,1.0827783626154996e-05,8
Burutu,Tuomo,2021,8,1.1823890068066808e-05,13
Patani,Abari,2021,8,1.4409422874450684e-05,5
Patani,Agoloma,2021,8,1.4460175589192658e-05,5
Patani,Buluangiama,2021,8,1.3901742931921035e-05,12
Patani,Odorubu,2021,8,1.3881585411062198e-05,14
Patani,Patani 2,2021,8,1.5062020490101228e-05,6
Patani,Patani 3,2021,8,1.52029242599383e-05,5
Patani,Patani 4,2021,8,1.605155921424739e-05,4
Patani,Patani 5,2021,8,1.5161435710199709e-05,7
Patani,Toruangiama,2021,8,1.4226477651391178e-05,5
Patani,Uduophori,2021,8,1.4305674994830042e-05,8
Warri South-West,Ajudaibo,2021,8,1.3066844985587522e-05,4
Warri South-West,Akpakpa,2021,8,1.1639174772426486e-05,5
Warri South-West,Isaba,2021,8,1.466049870941788e-05,20
Warri South-West,Madangho,2021,8,1.4844819816062227e-05,2
Warri South-West,Ogbe-Ijoh,2021,8,1.3655818785067464e-05,61
Warri South-West,Ogidigben,2021,8,1.1855941920657642e-05,8
Warri South-West,Okerenkoko,2021,8,1.2673872672968497e-05,59
Warri South-West,Oporozo,2021,8,1.2970115979745364e-05,24
Warri South-West,Orere,2021,8,1.2249584768950525e-05,9
Warri South-West,Ugborodo,2021,8,1.4413993631023913e-05,5
Warri South,Avenue,2021,8,1.57374597620219e-05,5
Warri South,Bowen,2021,8,1.7033331459970213e-05,4
Warri South,Ekurede,2021,8,1.5387008897960185e-05,5
Warri South,Esisi,2021,8,1.807000626286026e-05,2
Warri South,Igbudu,2021,8,1.642552342673298e-05,2
Warri South,Obodo,2021,8,1.3521115761250257e-05,32
Warri South,Ode-Itsekiri,2021,8,1.393229732374576e-05,11
Warri South,Okere,2021,8,1.757100593143453e-05,3
Warri South,Pessu,2021,8,1.5996654838090762e-05,2
Warri South,Ubeji,2021,8,1.5143945347517729e-05,13
Bomadi,Akugbene 1,2021,9,1.5533321857219562e-05,4
Bomadi,Akugbene 2,2021,9,1.2566766599775292e-05,1
Bomadi,Akugbene 3,2021,9,1.4463095794781111e-05,2
Bomadi,Bomadi,2021,9,1.529006234098536e-05,6
Bomadi,Ekaametagbene/Kalafio,2021,9,1.4632179227191954e-05,20
Bomadi,Esanma,2021,9,1.6272384527837858e-05,8
Bomadi,Kpakiama,2021,9,1.5187276100429395e-05,9
Bomadi,Ogbeinma/Okoloba,2021,9,1.569747231163395e-05,6
Bomadi,Ogo/Eze,2021,9,1.6114921891130507e-05,6
Bomadi,Ogriagbene,2021,9,1.298008137382567e-05,10
Burutu,Bolou-Ndoro,2021,9,1.2284412237239026e-05,42
Burutu,Egodor,2021,9,1.7182688742619136e-05,29
Burutu,Eseinbiri,2021,9,1.472838266636245e-05,16
Burutu,Kiagbodo,2021,9,1.7422968812752516e-05,5
Burutu,Ngbilebiri,2021,9,1.731115480652079e-05,6
Burutu,Obetebe,2021,9,1.4925829600542783e-05,50
Burutu,Ogulagha,2021,9,1.5640401133251462e-05,44
Burutu,Ojobo,2021,9,1.107900679926388e-05,5
Burutu,Tamigbe,2021,9,1.2235091575844722e-05,11
Burutu,Torugbene,2021,9,1.098039501812309e-05,8
Burutu,Tuomo,2021,9,1.3245747630627682e-05,13
Patani,Abari,2021,9,2.043640852207318e-05,5
Patani,Agoloma,2021,9,1.73104926943779e-05,5
Patani,Buluangiama,2021,9,1.6726228447320562e-05,12
Patani,Odorubu,2021,9,1.5664276101493408e-05,14
Patani,Patani 2,2021,9,2.0300426209966343e-05,6
Patani,Patani 3,2021,9,1.9869999960064888e-05,5
Patani,Patani 4,2021,9,1.810377034416888e-05,4
Patani,Patani 5,2021,9,1.8183437142787235e-05,7
Patani,Toruangiama,2021,9,1.430640695616603e-05,5
Patani,Uduophori,2021,9,1.595351568539627e-05,8
Warri South-West,Ajudaibo,2021,9,1.4818297131569125e-05,4
Warri South-West,Akpakpa,2021,9,1.4464334526564926e-05,5
Warri South-West,Isaba,2021,9,1.8286456179339438e-05,20
Warri South-West,Madangho,2021,9,1.5046122825879138e-05,2
Warri South-West,Ogbe-Ijoh,2021,9,1.8595809452846403e-05,61
Warri South-West,Ogidigben,2021,9,1.398865606461186e-05,8
Warri South-West,Okerenkoko,2021,9,1.6972892207361885e-05,59
Warri South-West,Oporozo,2021,9,1.6873582353582606e-05,24
Warri South-West,Orere,2021,9,1.5816088610639174e-05,9
Warri South-West,Ugborodo,2021,9,1.5855544188525527e-05,5
Warri South,Avenue,2021,9,2.090638445224613e-05,5
Warri South,Bowen,2021,9,1.8793940398609266e-05,4
Warri South,Ekurede,2021,9,2.0396651234477758e-05,5
Warri South,Esisi,2021,9,1.8368496967013925e-05,2
Warri South,Igbudu,2021,9,1.8533439288148656e-05,2
Warri South,Obodo,2021,9,2.0350515114841983e-05,32
Warri South,Ode-Itsekiri,2021,9,1.9294376463883303e-05,11
Warri South,Okere,2021,9,1.8721339680875342e-05,3
Warri South,Pessu,2021,9,1.92193801922258e-05,2
Warri South,Ubeji,2021,9,2.154297992372169e-05,13
Bomadi,Akugbene 1,2021,10,9.763242815097328e-06,4
Bomadi,Akugbene 2,2021,10,1.287042505282443e-05,1
Bomadi,Akugbene 3,2021,10,1.2695774785242975e-05,2
Bomadi,Bomadi,2021,10,1.145211475280424e-05,6
Bomadi,Ekaametagbene/Kalafio,2021,10,1.1102842108812183e-05,20
Bomadi,Esanma,2021,10,1.0493386071175337e-05,8
Bomadi,Kpakiama,2021,10,1.368843691630496e-05,9
Bomadi,Ogbeinma/Okoloba,2021,10,1.0526559587257603e-05,6
Bomadi,Ogo/Eze,2021,10,9.625933065156763e-06,6
Bomadi,Ogriagbene,2021,10,1.0256033419864252e-05,10
Burutu,Bolou-Ndoro,2021,10,1.0577963881327637e-05,42
Burutu,Egodor,2021,10,1.1702684348384882e-05,29
Burutu,Eseinbiri,2021,10,9.703702744445764e-06,16
Burutu,Kiagbodo,2021,10,1.2242911907378584e-05,5
Burutu,Ngbilebiri,2021,10,1.2356363489137342e-05,6
Burutu,Obetebe,2021,10,1.1955522932112217e-05,50
Burutu,Ogulagha,2021,10,1.0353149264119565e-05,44
Burutu,Ojobo,2021,10,1.0961882799165323e-05,5
Burutu,Tamigbe,2021,10,8.89807151080194e-06,11
Burutu,Torugbene,2021,10,9.221445907314774e-06,8
Burutu,Tuomo,2021,10,9.490974032535003e-06,13
Patani,Abari,2021,10,1.5258330677170306e-05,5
Patani,Agoloma,2021,10,1.805576030164957e-05,5
Patani,Buluangiama,2021,10,1.4434344241938865e-05,12
Patani,Odorubu,2021,10,1.1461323343350419e-05,14
Patani,Patani 2,2021,10,1.698281024194633e-05,6
Patani,Patani 3,2021,10,1.6724127635825426e-05,5
Patani,Patani 4,2021,10,1.8070586520479992e-05,4
Patani,Patani 5,2021,10,1.7945376125031282e-05,7
Patani,Toruangiama,2021,10,1.4835943875368685e-05,5
Patani,Uduophori,2021,10,1.208193316415418e-05,8
Warri South-West,Ajudaibo,2021,10,1.5259607607731596e-05,4
Warri South-West,Akpakpa,2021,10,1.2330117169767618e-05,5
Warri South-West,Isaba,2021,10,1.6465582302771508e-05,20
Warri South-West,Madangho,2021,10,1.6255271475529298e-05,2
Warri South-West,Ogbe-Ijoh,2021,10,1.68085957068156e-05,61
Warri South-West,Ogidigben,2021,10,1.1052207810280379e-05,8
Warri South-West,Okerenkoko,2021,10,1.5470868181752956e-05,59
Warri South-West,Oporozo,2021,10,1.4720459148520604e-05,24
Warri South-West,Orere,2021,10,1.6752725868071946e-05,9
Warri South-West,Ugborodo,2021,10,1.780622551450506e-05,5
Warri South,Avenue,2021,10,2.6682292809709906e-05,5
Warri South,Bowen,2021,10,2.6001547666965052e-05,4
Warri South,Ekurede,2021,10,2.230712561868131e-05,5
Warri South,Esisi,2021,10,2.8885837309644558e-05,2
Warri South,Igbudu,2021,10,2.9456148695317097e-05,2
Warri South,Obodo,2021,10,1.7427908460376784e-05,32
Warri South,Ode-Itsekiri,2021,10,2.083724063016813e-05,11
Warri South,Okere,2021,10,2.593441604403779e-05,3
Warri South,Pessu,2021,10,2.3117256205296144e-05,2
Warri South,Ubeji,2021,10,2.141255222690793e-05,13
Bomadi,Akugbene 1,2021,11,2.7851623599417508e-05,4
Bomadi,Akugbene 2,2021,11,2.72419820248615e-05,1
Bomadi,Akugbene 3,2021,11,2.7314874387229793e-05,2
Bomadi,Bomadi,2021,11,2.4914913713776816e-05,6
Bomadi,Ekaametagbene/Kalafio,2021,11,2.5743991136550905e-05,20
Bomadi,Esanma,2021,11,2.8165981348138303e-05,8
Bomadi,Kpakiama,2021,11,2.6365522191756303e-05,9
Bomadi,Ogbeinma/Okoloba,2021,11,2.7648360022188474e-05,6
Bomadi,Ogo/Eze,2021,11,2.606696216389537e-05,6
Bomadi,Ogriagbene,2021,11,2.706312225200236e-05,10
Burutu,Bolou-Ndoro,2021,11,2.615381908115177e-05,42
Burutu,Egodor,2021,11,2.6508509422299162e-05,29
Burutu,Eseinbiri,2021,11,2.6228110073134303e-05,16
Burutu,Kiagbodo,2021,11,2.934157382696867e-05,5
Burutu,Ngbilebiri,2021,11,2.2637907629056524e-05,6
Burutu,Obetebe,2021,11,2.3941630497574807e-05,50
Burutu,Ogulagha,2021,11,2.171455178706145e-05,44
Burutu,Ojobo,2021,11,2.3135411902330814e-05,5
Burutu,Tamigbe,2021,11,2.809141402725469e-05,11
Burutu,Torugbene,2021,11,2.5559465939295478e-05,8
Burutu,Tuomo,2021,11,2.6539259124547243e-05,13
Patani,Abari,2021,11,2.8332171496003866e-05,5
Patani,Agoloma,2021,11,2.6113539934158326e-05,5
Patani,Buluangiama,2021,11,2.6925571243433904e-05,12
Patani,Odorubu,2021,11,2.697215781414083e-05,14
Patani,Patani 2,2021,11,2.6210172412296135e-05,6
Patani,Patani 3,2021,11,2.631648094393313e-05,5
Patani,Patani 4,2021,11,2.457973278069403e-05,4
Patani,Patani 5,2021,11,2.5153629914192216e-05,7
Patani,Toruangiama,2021,11,2.6117413653992116e-05,5
Patani,Uduophori,2021,11,2.6847557819564827e-05,8
Warri South-West,Ajudaibo,2021,11,2.3323393179452978e-05,4
Warri South-West,Akpakpa,2021,11,2.0988496544305235e-05,5
Warri South-West,Isaba,2021,11,2.8097807080484928e-05,20
Warri South-West,Madangho,2021,11,2.4601582481409423e-05,2
Warri South-West,Ogbe-Ijoh,2021,11,2.4695609711477012e-05,61
Warri South-West,Ogidigben,2021,11,1.9738035916816443e-05,8
Warri South-West,Okerenkoko,2021,11,2.1545287474232205e-05,59
Warri South-West,Oporozo,2021,11,2.2442996851168573e-05,24
Warri South-West,Orere,2021,11,2.2140853818402524e-05,9
Warri South-West,Ugborodo,2021,11,2.4538673460483552e-05,5
Warri South,Avenue,2021,11,4.079395439475775e-05,5
Warri South,Bowen,2021,11,3.8569807657040656e-05,4
Warri South,Ekurede,2021,11,3.5865267273038624e-05,5
Warri South,Esisi,2021,11,4.456654278328642e-05,2
Warri South,Igbudu,2021,11,3.994083090219647e-05,2
Warri South,Obodo,2021,11,2.5075427402043715e-05,32
Warri South,Ode-Itsekiri,2021,11,3.033158348195932e-05,11
Warri South,Okere,2021,11,3.9711386004152395e-05,3
Warri South,Pessu,2021,11,3.257306889281608e-05,2
Warri South,Ubeji,2021,11,3.250596749309737e-05,13
Bomadi,Akugbene 1,2021,12,3.173726872773841e-05,4
Bomadi,Akugbene 2,2021,12,2.9200005883467384e-05,1
Bomadi,Akugbene 3,2021,12,2.9513628760469146e-05,2
Bomadi,Bomadi,2021,12,3.4060009056702256e-05,6
Bomadi,Ekaametagbene/Kalafio,2021,12,2.9717636061832307e-05,20
Bomadi,Esanma,2021,12,3.0101029551588e-05,8
Bomadi,Kpakiama,2021,12,3.599954329224097e-05,9
Bomadi,Ogbeinma/Okoloba,2021,12,3.410163966085141e-05,6
Bomadi,Ogo/Eze,2021,12,3.816022945102304e-05,6
Bomadi,Ogriagbene,2021,12,2.880331303458661e-05,10
Burutu,Bolou-Ndoro,2021,12,2.6531672726074856e-05,42
Burutu,Egodor,2021,12,3.842272442476503e-05,29
Burutu,Eseinbiri,2021,12,3.071938408538699e-05,16
Burutu,Kiagbodo,2021,12,3.9682973874732855e-05,5
Burutu,Ngbilebiri,2021,12,3.673451040716221e-05,6
Burutu,Obetebe,2021,12,2.973015885800123e-05,50
Burutu,Ogulagha,2021,12,2.5419952263208952e-05,44
Burutu,Ojobo,2021,12,2.820729569066316e-05,5
Burutu,Tamigbe,2021,12,2.8234086295759138e-05,11
Burutu,Torugbene,2021,12,2.802257404255215e-05,8
Burutu,Tuomo,2021,12,3.058814819758901e-05,13
Patani,Abari,2021,12,3.12069954816252e-05,5
Patani,Agoloma,2021,12,3.188599948771298e-05,5
Patani,Buluangiama,2021,12,3.187098385145267e-05,12
Patani,Odorubu,2021,12,3.1590885815343685e-05,14
Patani,Patani 2,2021,12,3.122591927725201e-05,6
Patani,Patani 3,2021,12,3.151944256387651e-05,5
Patani,Patani 4,2021,12,3.1550614949082956e-05,4
Patani,Patani 5,2021,12,3.174078925180116e-05,7
Patani,Toruangiama,2021,12,3.131212724838406e-05,5
Patani,Uduophori,2021,12,3.184817614965141e-05,8
Warri South-West,Ajudaibo,2021,12,2.6423951567267068e-05,4
Warri South-West,Akpakpa,2021,12,2.4831859627738594e-05,5
Warri South-West,Isaba,2021,12,3.982330090366304e-05,20
Warri South-West,Madangho,2021,12,2.5677974917925894e-05,2
Warri South-West,Ogbe-Ijoh,2021,12,3.218475622353984e-05,61
Warri South-West,Ogidigben,2021,12,2.425324055366218e-05,8
Warri South-West,Okerenkoko,2021,12,2.456449911440328e-05,59
Warri South-West,Oporozo,2021,12,2.303439153668781e-05,24
Warri South-West,Orere,2021,12,2.1869481618826587e-05,9
Warri South-West,Ugborodo,2021,12,2.5169923901557922e-05,5
Warri South,Avenue,2021,12,5.230373935773969e-05,5
Warri South,Bowen,2021,12,5.3371280955616385e-05,4
Warri South,Ekurede,2021,12,5.2271701861172915e-05,5
Warri South,Esisi,2021,12,5.471915937960148e-05,2
Warri South,Igbudu,2021,12,5.3933410526951775e-05,2
Warri South,Obodo,2021,12,3.1762167054694146e-05,32
Warri South,Ode-Itsekiri,2021,12,4.5265991833399646e-05,11
Warri South,Okere,2021,12,5.354241875465959e-05,3
Warri South,Pessu,2021,12,5.202340253163129e-05,2
Warri South,Ubeji,2021,12,4.099047957704617e-05,13
Bomadi,Akugbene 1,2022,1,4.275703395251185e-05,4
Bomadi,Akugbene 2,2022,1,4.573211117531173e-05,1
Bomadi,Akugbene 3,2022,1,4.329434159444645e-05,2
Bomadi,Bomadi,2022,1,3.700691740959883e-05,6
Bomadi,Ekaametagbene/Kalafio,2022,1,3.0864679138176145e-05,20
Bomadi,Esanma,2022,1,3.825663588941097e-05,8
Bomadi,Kpakiama,2022,1,3.6036683013662696e-05,9
Bomadi,Ogbeinma/Okoloba,2022,1,4.099248326383531e-05,6
Bomadi,Ogo/Eze,2022,1,3.977193409809843e-05,6
Bomadi,Ogriagbene,2022,1,2.8653437038883566e-05,10
Burutu,Bolou-Ndoro,2022,1,2.69619326683737e-05,42
Burutu,Egodor,2022,1,3.8284017575968954e-05,29
Burutu,Eseinbiri,2022,1,3.266530984546989e-05,16
Burutu,Kiagbodo,2022,1,4.203782882541418e-05,5
Burutu,Ngbilebiri,2022,1,3.822177192584301e-05,6
Burutu,Obetebe,2022,1,3.05476225912571e-05,50
Burutu,Ogulagha,2022,1,3.017376134680076e-05,44
Burutu,Ojobo,2022,1,2.6333698770031333e-05,5
Burutu,Tamigbe,2022,1,2.9417654414745893e-05,11
Burutu,Torugbene,2022,1,2.7841793780680746e-05,8
Burutu,Tuomo,2022,1,3.196495862749334e-05,13
Patani,Abari,2022,1,3.480035811662674e-05,5
Patani,Agoloma,2022,1,3.068452642764896e-05,5
Patani,Buluangiama,2022,1,3.1677518563810736e-05,12
Patani,Odorubu,2022,1,3.097279737370887e-05,14
Patani,Patani 2,2022,1,3.432985977269709e-05,6
Patani,Patani 3,2022,1,3.451948286965489e-05,5
Patani,Patani 4,2022,1,3.519012170727365e-05,4
Patani,Patani 5,2022,1,3.301132528577e-05,7
Patani,Toruangiama,2022,1,3.0071201035752892e-05,5
Patani,Uduophori,2022,1,3.0474720915663056e-05,8
Warri South-West,Ajudaibo,2022,1,2.948842302430421e-05,4
Warri South-West,Akpakpa,2022,1,2.8072163695469497e-05,5
Warri South-West,Isaba,2022,1,4.061858053319156e-05,20
Warri South-West,Madangho,2022,1,3.068000660277903e-05,2
Warri South-West,Ogbe-Ijoh,2022,1,3.4314816909246754e-05,61
Warri South-West,Ogidigben,2022,1,2.8590728106792085e-05,8
Warri South-West,Okerenkoko,2022,1,2.8961584745448523e-05,59
Warri South-West,Oporozo,2022,1,2.803068976694097e-05,24
Warri South-West,Orere,2022,1,2.652129397675809e-05,9
Warri South-West,Ugborodo,2022,1,2.9966502916067837e-05,5
Warri South,Avenue,2022,1,5.25183801073581e-05,5
Warri South,Bowen,2022,1,5.7215875131078064e-05,4
Warri South,Ekurede,2022,1,5.1104801241308453e-05,5
Warri South,Esisi,2022,1,5.8234447351424024e-05,2
Warri South,Igbudu,2022,1,5.9441052144393325e-05,2
Warri South,Obodo,2022,1,3.623056545620784e-05,32
Warri South,Ode-Itsekiri,2022,1,4.386812162754888e-05,11
Warri South,Okere,2022,1,5.6553661124780774e-05,3
Warri South,Pessu,2022,1,5.61972992727533e-05,2
Warri South,Ubeji,2022,1,4.1739688290712926e-05,13
Bomadi,Akugbene 1,2022,2,2.352714909648057e-05,4
Bomadi,Akugbene 2,2022,2,2.2586757040699013e-05,1
Bomadi,Akugbene 3,2022,2,2.2874279238749295e-05,2
Bomadi,Bomadi,2022,2,2.247082981436203e-05,6
Bomadi,Ekaametagbene/Kalafio,2022,2,1.6382645117118955e-05,20
Bomadi,Esanma,2022,2,2.2432188416132703e-05,8
Bomadi,Kpakiama,2022,2,2.5005032916346358e-05,9
Bomadi,Ogbeinma/Okoloba,2022,2,2.31002535050114e-05,6
Bomadi,Ogo/Eze,2022,2,2.2358847976041336e-05,6
Bomadi,Ogriagbene,2022,2,1.2711940507870168e-05,10
Burutu,Bolou-Ndoro,2022,2,1.6801347512574422e-05,42
Burutu,Egodor,2022,2,2.8862144219978102e-05,29
Burutu,Eseinbiri,2022,2,1.7296884834649973e-05,16
Burutu,Kiagbodo,2022,2,2.953777729999274e-05,5
Burutu,Ngbilebiri,2022,2,2.420144301140681e-05,6
Burutu,Obetebe,2022,2,2.284955931827426e-05,50
Burutu,Ogulagha,2022,2,1.8779785023070872e-05,44
Burutu,Ojobo,2022,2,1.3451714767143131e-05,5
Burutu,Tamigbe,2022,2,1.6419390290552243e-05,11
Burutu,Torugbene,2022,2,1.5385026927106082e-05,8
Burutu,Tuomo,2022,2,1.965010932718332e-05,13
Patani,Abari,2022,2,2.4374139320570977e-05,5
Patani,Agoloma,2022,2,2.3888784926384688e-05,5
Patani,Buluangiama,2022,2,2.3898743772103142e-05,12
Patani,Odorubu,2022,2,2.3715301982260178e-05,14
Patani,Patani 2,2022,2,2.4984462167291593e-05,6
Patani,Patani 3,2022,2,2.4455002858303487e-05,5
Patani,Patani 4,2022,2,2.341864637855906e-05,4
Patani,Patani 5,2022,2,2.3892157644565615e-05,7
Patani,Toruangiama,2022,2,2.4824493448249995e-05,5
Patani,Uduophori,2022,2,2.47751668212004e-05,8
Warri South-West,Ajudaibo,2022,2,2.308278635609895e-05,4
Warri South-West,Akpakpa,2022,2,1.9776742556132375e-05,5
Warri South-West,Isaba,2022,2,3.0955468537285925e-05,20
Warri South-West,Madangho,2022,2,2.484807191649452e-05,2
Warri South-West,Ogbe-Ijoh,2022,2,2.405497810391129e-05,61
Warri South-West,Ogidigben,2022,2,1.796088690753095e-05,8
Warri South-West,Okerenkoko,2022,2,1.9663873807353488e-05,59
Warri South-West,Oporozo,2022,2,2.0108082632456597e-05,24
Warri South-West,Orere,2022,2,2.015110092341072e-05,9
Warri South-West,Ugborodo,2022,2,2.391194284427911e-05,5
Warri South,Avenue,2022,2,4.038445476908237e-05,5
Warri South,Bowen,2022,2,4.2571613448671997e-05,4
Warri South,Ekurede,2022,2,3.6356764030642805e-05,5
Warri South,Esisi,2022,2,4.542711758404039e-05,2
Warri South,Igbudu,2022,2,4.490749415708706e-05,2
Warri South,Obodo,2022,2,2.2945057935430668e-05,32
Warri South,Ode-Itsekiri,2022,2,3.0044291634112597e-05,11
Warri South,Okere,2022,2,4.251262483497461e-05,3
Warri South,Pessu,2022,2,3.971611295128241e-05,2
Warri South,Ubeji,2022,2,2.8760958230122924e-05,13
Bomadi,Akugbene 1,2022,3,1.6897116438485682e-05,4
Bomadi,Akugbene 2,2022,3,1.7743710486683995e-05,1
Bomadi,Akugbene 3,2022,3,1.691550642135553e-05,2
Bomadi,Bomadi,2022,3,1.7082051878484588e-05,6
Bomadi,Ekaametagbene/Kalafio,2022,3,1.7554186342749745e-05,20
Bomadi,Esanma,2022,3,1.58435468620155e-05,8
Bomadi,Kpakiama,2022,3,1.837938099116501e-05,9
Bomadi,Ogbeinma/Okoloba,2022,3,1.7361897334922105e-05,6
Bomadi,Ogo/Eze,2022,3,1.770712818445948e-05,6
Bomadi,Ogriagbene,2022,3,1.7033664335031062e-05,10
Burutu,Bolou-Ndoro,2022,3,1.5551457181572914e-05,42
Burutu,Egodor,2022,3,1.7947623714933108e-05,29
Burutu,Eseinbiri,2022,3,1.715635517030023e-05,16
Burutu,Kiagbodo,2022,3,2.040108811343089e-05,5
Burutu,Ngbilebiri,2022,3,1.770986515718202e-05,6
Burutu,Obetebe,2022,3,1.5871648211032154e-05,50
Burutu,Ogulagha,2022,3,1.6505566732534632e-05,44
Burutu,Ojobo,2022,3,1.5388370957225562e-05,5
Burutu,Tamigbe,2022,3,1.4905611434104768e-05,11
Burutu,Torugbene,2022,3,1.3723980373470113e-05,8
Burutu,Tuomo,2022,3,1.515524994689398e-05,13
Patani,Abari,2022,3,2.0607605983968823e-05,5
Patani,Agoloma,2022,3,2.097502874676138e-05,5
Patani,Buluangiama,2022,3,2.028393403937419e-05,12
Patani,Odorubu,2022,3,1.8983019149995277e-05,14
Patani,Patani 2,2022,3,2.232726546935737e-05,6
Patani,Patani 3,2022,3,2.215829154010862e-05,5
Patani,Patani 4,2022,3,2.1856074454262853e-05,4
Patani,Patani 5,2022,3,2.125727977337582e-05,7
Patani,Toruangiama,2022,3,2.014236233662814e-05,5
Patani,Uduophori,2022,3,1.91324288607575e-05,8
Warri South-West,Ajudaibo,2022,3,1.924527168739587e-05,4
Warri South-West,Akpakpa,2022,3,1.7785484669730067e-05,5
Warri South-West,Isaba,2022,3,1.89705693628639e-05,20
Warri South-West,Madangho,2022,3,1.9378312572371215e-05,2
Warri South-West,Ogbe-Ijoh,2022,3,1.7853070157351062e-05,61
Warri South-West,Ogidigben,2022,3,1.6683196008671075e-05,8
Warri South-West,Okerenkoko,2022,3,1.8617789403109227e-05,59
Warri South-West,Oporozo,2022,3,1.7968259877913322e-05,24
Warri South-West,Orere,2022,3,1.7628445574599835e-05,9
Warri South-West,Ugborodo,2022,3,1.8976630235556514e-05,5
Warri South,Avenue,2022,3,2.6776379672810436e-05,5
Warri South,Bowen,2022,3,2.6110035832971334e-05,4
Warri South,Ekurede,2022,3,2.4294666945934296e-05,5
Warri South,Esisi,2022,3,2.833272810676135e-05,2
Warri South,Igbudu,2022,3,2.6452620659256354e-05,2
Warri South,Obodo,2022,3,1.8480899598216638e-05,32
Warri South,Ode-Itsekiri,2022,3,2.0991070248948578e-05,11
Warri South,Okere,2022,3,2.666347912357499e-05,3
Warri South,Pessu,2022,3,2.3887347197160125e-05,2
Warri South,Ubeji,2022,3,2.1398665222267693e-05,13
Bomadi,Akugbene 1,2022,4,1.3280229723022785e-05,4
Bomadi,Akugbene 2,2022,4,1.1270215509284753e-05,1
Bomadi,Akugbene 3,2022,4,1.2385535228531808e-05,2
Bomadi,Bomadi,2022,4,1.4559753860036532e-05,6
Bomadi,Ekaametagbene/Kalafio,2022,4,1.2094200792489574e-05,20
Bomadi,Esanma,2022,4,1.3122327800374478e-05,8
Bomadi,Kpakiama,2022,4,1.548653623710076e-05,9
Bomadi,Ogbeinma/Okoloba,2022,4,1.3364260667003691e-05,6
Bomadi,Ogo/Eze,2022,4,1.3613759316892052e-05,6
Bomadi,Ogriagbene,2022,4,1.3300363207235932e-05,10
Burutu,Bolou-Ndoro,2022,4,1.3200058934411832e-05,42
Burutu,Egodor,2022,4,1.1246425605475388e-05,29
Burutu,Eseinbiri,2022,4,1.4230193301045801e-05,16
Burutu,Kiagbodo,2022,4,1.4914320490788669e-05,5
Burutu,Ngbilebiri,2022,4,9.53421416246177e-06,6
Burutu,Obetebe,2022,4,1.3882918283343315e-05,50
Burutu,Ogulagha,2022,4,1.5949831735766068e-05,44
Burutu,Ojobo,2022,4,1.4284021744970232e-05,5
Burutu,Tamigbe,2022,4,1.3627396335571326e-05,11
Burutu,Torugbene,2022,4,1.320656701864209e-05,8
Burutu,Tuomo,2022,4,1.4822428616193625e-05,13
Patani,Abari,2022,4,1.7682307225186376e-05,5
Patani,Agoloma,2022,4,1.4851841842755676e-05,5
Patani,Buluangiama,2022,4,1.5352514310507104e-05,12
Patani,Odorubu,2022,4,1.6497093643660526e-05,14
Patani,Patani 2,2022,4,1.841543659490223e-05,6
Patani,Patani 3,2022,4,1.8742970132734628e-05,5
Patani,Patani 4,2022,4,1.653222534514498e-05,4
Patani,Patani 5,2022,4,1.5465627906710972e-05,7
Patani,Toruangiama,2022,4,1.5103589976206423e-05,5
Patani,Uduophori,2022,4,1.541444544272963e-05,8
Warri South-West,Ajudaibo,2022,4,1.6161260646185838e-05,4
Warri South-West,Akpakpa,2022,4,1.4385786198545247e-05,5
Warri South-West,Isaba,2022,4,8.36518665892072e-06,20
Warri South-West,Madangho,2022,4,1.6744128515711054e-05,2
Warri South-West,Ogbe-Ijoh,2022,4,1.0575013250478956e-05,61
Warri South-West,Ogidigben,2022,4,1.456111203879118e-05,8
Warri South-West,Okerenkoko,2022,4,1.1773432715464447e-05,59
Warri South-West,Oporozo,2022,4,1.3520417269319296e-05,24
Warri South-West,Orere,2022,4,1.2950551333940692e-05,9
Warri South-West,Ugborodo,2022,4,1.5858620463404806e-05,5
Warri South,Avenue,2022,4,1.610367326065898e-05,5
Warri South,Bowen,2022,4,1.736416743369773e-05,4
Warri South,Ekurede,2022,4,1.1636720591923222e-05,5
Warri South,Esisi,2022,4,1.967908610822633e-05,2
Warri South,Igbudu,2022,4,2.161902011721395e-05,2
Warri South,Obodo,2022,4,1.025025085255038e-05,32
Warri South,Ode-Itsekiri,2022,4,9.253791094207289e-06,11
Warri South,Okere,2022,4,1.6680178911580395e-05,3
Warri South,Pessu,2022,4,1.5049248759169132e-05,2
Warri South,Ubeji,2022,4,1.0520068686813689e-05,13
Bomadi,Akugbene 1,2022,5,1.752227581164334e-05,4
Bomadi,Akugbene 2,2022,5,1.841391895140987e-05,1
Bomadi,Akugbene 3,2022,5,1.7952013877220452e-05,2
Bomadi,Bomadi,2022,5,1.6955377456421655e-05,6
Bomadi,Ekaametagbene/Kalafio,2022,5,8.514520595781505e-06,20
Bomadi,Esanma,2022,5,1.740833613439463e-05,8
Bomadi,Kpakiama,2022,5,1.7157273962058956e-05,9
Bomadi,Ogbeinma/Okoloba,2022,5,1.8049620848614722e-05,6
Bomadi,Ogo/Eze,2022,5,1.3916023211398473e-05,6
Bomadi,Ogriagbene,2022,5,1.0603917326079682e-05,10
Burutu,Bolou-Ndoro,2022,5,7.80040586722039e-06,42
Burutu,Egodor,2022,5,1.3181710904785272e-05,29
Burutu,Eseinbiri,2022,5,1.563926889502909e-05,16
Burutu,Kiagbodo,2022,5,1.0171669418923557e-05,5
Burutu,Ngbilebiri,2022,5,8.402263119933195e-06,6
Burutu,Obetebe,2022,5,1.1362733785063028e-05,50
Burutu,Ogulagha,2022,5,1.4556786151264202e-05,44
Burutu,Ojobo,2022,5,1.1119830014649779e-05,5
Burutu,Tamigbe,2022,5,1.8470507877116855e-05,11
Burutu,Torugbene,2022,5,1.730967778712511e-05,8
Burutu,Tuomo,2022,5,2.0018924260511994e-05,13
Patani,Abari,2022,5,1.981030945898965e-05,5
Patani,Agoloma,2022,5,1.9333635282237083e-05,5
Patani,Buluangiama,2022,5,1.7971407942241058e-05,12
Patani,Odorubu,2022,5,1.8721490050666034e-05,14
Patani,Patani 2,2022,5,1.9944333568370592e-05,6
Patani,Patani 3,2022,5,2.014729252550751e-05,5
Patani,Patani 4,2022,5,1.9563547539291903e-05,4
Patani,Patani 5,2022,5,1.8839071604556272e-05,7
Patani,Toruangiama,2022,5,1.859858020907268e-05,5
Patani,Uduophori,2022,5,2.0355111701064743e-05,8
Warri South-West,Ajudaibo,2022,5,1.2554952263599262e-05,4
Warri South-West,Akpakpa,2022,5,1.2343644630163909e-05,5
Warri South-West,Isaba,2022,5,1.605475408723578e-05,20
Warri South-West,Madangho,2022,5,1.1865809938171878e-05,2
Warri South-West,Ogbe-Ijoh,2022,5,1.728342136093339e-05,61
Warri South-West,Ogidigben,2022,5,1.143561166827567e-05,8
Warri South-West,Okerenkoko,2022,5,1.596719208094528e-05,59
Warri South-West,Oporozo,2022,5,1.2737062206724659e-05,24
Warri South-West,Orere,2022,5,1.4527063790915741e-05,9
Warri South-West,Ugborodo,2022,5,1.2970367970410735e-05,5
Warri South,Avenue,2022,5,2.7348307776264845e-05,5
Warri South,Bowen,2022,5,2.5015368009917438e-05,4
Warri South,Ekurede,2022,5,2.257967134937644e-05,5
Warri South,Esisi,2022,5,2.718168070714455e-05,2
Warri South,Igbudu,2022,5,2.8127684345236048e-05,2
Warri South,Obodo,2022,5,2.075229349429719e-05,32
Warri South,Ode-Itsekiri,2022,5,2.0480432960374113e-05,11
Warri South,Okere,2022,5,2.428888304469486e-05,3
Warri South,Pessu,2022,5,2.2849051674711518e-05,2
Warri South,Ubeji,2022,5,2.241951565688046e-05,13
Bomadi,Akugbene 1,2022,6,9.225408575730398e-06,4
Bomadi,Akugbene 2,2022,6,1.1130476195830852e-05,1
Bomadi,Akugbene 3,2022,6,9.740455425344408e-06,2
Bomadi,Bomadi,2022,6,8.00773462591072e-06,6
Bomadi,Ekaametagbene/Kalafio,2022,6,8.668475493323058e-06,20
Bomadi,Esanma,2022,6,8.168177373590879e-06,8
Bomadi,Kpakiama,2022,6,1.060536790949603e-05,9
Bomadi,Ogbeinma/Okoloba,2022,6,9.672939389323195e-06,6
Bomadi,Ogo/Eze,2022,6,1.030599742080085e-05,6
Bomadi,Ogriagbene,2022,6,9.378483809996396e-06,10
Burutu,Bolou-Ndoro,2022,6,7.766344684309193e-06,42
Burutu,Egodor,2022,6,1.2953326122128757e-05,29
Burutu,Eseinbiri,2022,6,8.00117868493544e-06,16
Burutu,Kiagbodo,2022,6,1.404453651048243e-05,5
Burutu,Ngbilebiri,2022,6,1.303655638669928e-05,6
Burutu,Obetebe,2022,6,1.0342369787395e-05,50
Burutu,Ogulagha,2022,6,1.1197043932043016e-05,44
Burutu,Ojobo,2022,6,8.848410652717576e-06,5
Burutu,Tamigbe,2022,6,8.519970420324666e-06,11
Burutu,Torugbene,2022,6,9.081149983103387e-06,8
Burutu,Tuomo,2022,6,7.03278615569266e-06,13
Patani,Abari,2022,6,1.001166965579614e-05,5
Patani,Agoloma,2022,6,1.088097178580938e-06,5
Patani,Buluangiama,2022,6,1.9847482993403296e-06,12
Patani,Odorubu,2022,6,1.1530137271620333e-05,14
Patani,Patani 2,2022,6,7.301926113238248e-06,6
Patani,Patani 3,2022,6,8.244299533544108e-06,5
Patani,Patani 4,2022,6,4.759992407343816e-06,4
Patani,Patani 5,2022,6,1.3701267432354923e-06,7
Patani,Toruangiama,2022,6,4.4191338020027617e-07,5
Patani,Uduophori,2022,6,9.528728696750477e-06,8
Warri South-West,Ajudaibo,2022,6,1.1798051673395094e-05,4
Warri South-West,Akpakpa,2022,6,1.1229101801291108e-05,5
Warri South-West,Isaba,2022,6,1.4572139480151237e-05,20
Warri South-West,Madangho,2022,6,1.1985254786850419e-05,2
Warri South-West,Ogbe-Ijoh,2022,6,1.5056936345139488e-05,61
Warri South-West,Ogidigben,2022,6,1.1536592865013517e-05,8
Warri South-West,Okerenkoko,2022,6,1.3088886389287851e-05,59
Warri South-West,Oporozo,2022,6,1.1842813061472649e-05,24
Warri South-West,Orere,2022,6,1.1986132045017763e-05,9
Warri South-West,Ugborodo,2022,6,1.2113397679058835e-05,5
Warri South,Avenue,2022,6,2.0576064707711338e-05,5
Warri South,Bowen,2022,6,2.0466421119635925e-05,4
Warri South,Ekurede,2022,6,1.8927127530332655e-05,5
Warri South,Esisi,2022,6,2.0773655705852434e-05,2
Warri South,Igbudu,2022,6,2.0747622329508886e-05,2
Warri South,Obodo,2022,6,1.5903307939879596e-05,32
Warri South,Ode-Itsekiri,2022,6,1.699734077026898e-05,11
Warri South,Okere,2022,6,2.0498662100483973e-05,3
Warri South,Pessu,2022,6,2.0159186533419415e-05,2
Warri South,Ubeji,2022,6,1.741921788869569e-05,13
Bomadi,Akugbene 1,2022,7,9.898095413518604e-06,4
Bomadi,Akugbene 2,2022,7,1.0440746336826123e-05,1
Bomadi,Akugbene 3,2022,7,1.0635846592776943e-05,2
Bomadi,Bomadi,2022,7,9.41897572677893e-06,6
Bomadi,Ekaametagbene/Kalafio,2022,7,1.0124973050551489e-05,20
Bomadi,Esanma,2022,7,9.23076549952384e-06,8
Bomadi,Kpakiama,2022,7,1.024720566217891e-05,9
Bomadi,Ogbeinma/Okoloba,2022,7,9.646037142374553e-06,6
Bomadi,Ogo/Eze,2022,7,9.612115415317627e-06,6
Bomadi,Ogriagbene,2022,7,9.832628711592406e-06,10
Burutu,Bolou-Ndoro,2022,7,1.007484735011877e-05,42
Burutu,Egodor,2022,7,9.922719167160063e-06,29
Burutu,Eseinbiri,2022,7,8.734006769373082e-06,16
Burutu,Kiagbodo,2022,7,1.0422404011478648e-05,5
Burutu,Ngbilebiri,2022,7,9.556772662714744e-06,6
Burutu,Obetebe,2022,7,9.090144885703921e-06,50
Burutu,Ogulagha,2022,7,6.261288945097476e-06,44
Burutu,Ojobo,2022,7,8.746547973714768e-06,5
Burutu,Tamigbe,2022,7,8.206508937291801e-06,11
Burutu,Torugbene,2022,7,8.531814273737837e-06,8
Burutu,Tuomo,2022,7,9.056813723873347e-06,13
Patani,Abari,2022,7,9.376098023494706e-06,5
Patani,Agoloma,2022,7,1.1160102440044284e-05,5
Patani,Buluangiama,2022,7,1.0803212110962098e-05,12
Patani,Odorubu,2022,7,9.79863606127245e-06,14
Patani,Patani 2,2022,7,9.574695771637684e-06,6
Patani,Patani 3,2022,7,9.625757957110182e-06,5
Patani,Patani 4,2022,7,9.61113710218342e-06,4
Patani,Patani 5,2022,7,1.1459314139626389e-05,7
Patani,Toruangiama,2022,7,8.959021215559915e-06,5
Patani,Uduophori,2022,7,9.394226253789384e-06,8
Warri South-West,Ajudaibo,2022,7,7.513411219406407e-06,4
Warri South-West,Akpakpa,2022,7,6.406715692719445e-06,5
Warri South-West,Isaba,2022,7,9.614236478228123e-06,20
Warri South-West,Madangho,2022,7,9.160561603493989e-06,2
Warri South-West,Ogbe-Ijoh,2022,7,8.971211843986491e-06,61
Warri South-West,Ogidigben,2022,7,5.815039003209677e-06,8
Warri South-West,Okerenkoko,2022,7,7.90542709814795e-06,59
Warri South-West,Oporozo,2022,7,8.02533638003903e-06,24
Warri South-West,Orere,2022,7,8.608018106315285e-06,9
Warri South-West,Ugborodo,2022,7,7.408649253193289e-06,5
Warri South,Avenue,2022,7,1.3087838306091726e-05,5
Warri South,Bowen,2022,7,1.1774782251450233e-05,4
Warri South,Ekurede,2022,7,1.1022511898772791e-05,5
Warri South,Esisi,2022,7,1.3614186173072085e-05,2
Warri South,Igbudu,2022,7,1.3602320905192755e-05,2
Warri South,Obodo,2022,7,9.036628398462199e-06,32
Warri South,Ode-Itsekiri,2022,7,1.0593988752754575e-05,11
Warri South,Okere,2022,7,1.2067900873565426e-05,3
Warri South,Pessu,2022,7,9.935380148817785e-06,2
Warri South,Ubeji,2022,7,1.1654380404462036e-05,13
Bomadi,Akugbene 1,2022,8,1.0690600902307779e-05,4
Bomadi,Akugbene 2,2022,8,1.1355181413819082e-05,1
Bomadi,Akugbene 3,2022,8,1.0682430911401752e-05,2
Bomadi,Bomadi,2022,8,9.684835580022385e-06,6
Bomadi,Ekaametagbene/Kalafio,2022,8,1.0476127499714494e-05,20
Bomadi,Esanma,2022,8,9.65101207839325e-06,8
Bomadi,Kpakiama,2022,8,9.497726245576308e-06,9
Bomadi,Ogbeinma/Okoloba,2022,8,1.1017885602389773e-05,6
Bomadi,Ogo/Eze,2022,8,1.1260857718298212e-05,6
Bomadi,Ogriagbene,2022,8,1.0391503747086971e-05,10
Burutu,Bolou-Ndoro,2022,8,9.718491041678048e-06,42
Burutu,Egodor,2022,8,1.0940361695749493e-05,29
Burutu,Eseinbiri,2022,8,9.642521035857499e-06,16
Burutu,Kiagbodo,2022,8,1.2279638031031937e-05,5
Burutu,Ngbilebiri,2022,8,1.1738925725997737e-05,6
Burutu,Obetebe,2022,8,1.0005503427237272e-05,50
Burutu,Ogulagha,2022,8,9.417033817788417e-06,44
Burutu,Ojobo,2022,8,9.41217440413311e-06,5
Burutu,Tamigbe,2022,8,9.625175152905285e-06,11
Burutu,Torugbene,2022,8,9.86745726549998e-06,8
Burutu,Tuomo,2022,8,1.0057407332799183e-05,13
Patani,Abari,2022,8,1.2087394134141505e-05,5
Patani,Agoloma,2022,8,1.1047742736991495e-05,5
Patani,Buluangiama,2022,8,1.069126786508908e-05,12
Patani,Odorubu,2022,8,8.867522410582751e-06,14
Patani,Patani 2,2022,8,1.2399964665140336e-05,6
Patani,Patani 3,2022,8,1.2448207417037339e-05,5
Patani,Patani 4,2022,8,1.1879458725161385e-05,4
Patani,Patani 5,2022,8,1.1553889115540577e-05,7
Patani,Toruangiama,2022,8,1.0268136247759684e-05,5
Patani,Uduophori,2022,8,8.775709829933476e-06,8
Warri South-West,Ajudaibo,2022,8,1.20229497042601e-05,4
Warri South-West,Akpakpa,2022,8,1.0714126983657479e-05,5
Warri South-West,Isaba,2022,8,1.0441164340591058e-05,20
Warri South-West,Madangho,2022,8,1.1836041267088149e-05,2
Warri South-West,Ogbe-Ijoh,2022,8,1.0843250373775353e-05,61
Warri South-West,Ogidigben,2022,8,9.989721547754016e-06,8
Warri South-West,Okerenkoko,2022,8,1.0295840122310792e-05,59
Warri South-West,Oporozo,2022,8,1.0512998414924368e-05,24
Warri South-West,Orere,2022,8,1.0006614805509647e-05,9
Warri South-West,Ugborodo,2022,8,9.76540322881192e-06,5
Warri South,Avenue,2022,8,1.2734717165585607e-05,5
Warri South,Bowen,2022,8,1.4034947525942698e-05,4
Warri South,Ekurede,2022,8,1.2674453319050372e-05,5
Warri South,Esisi,2022,8,1.4170747817843221e-05,2
Warri South,Igbudu,2022,8,1.3919408957008272e-05,2
Warri South,Obodo,2022,8,1.0645026122801937e-05,32
Warri South,Ode-Itsekiri,2022,8,1.119857056024061e-05,11
Warri South,Okere,2022,8,1.4176609208031246e-05,3
Warri South,Pessu,2022,8,1.3899147234042175e-05,2
Warri South,Ubeji,2022,8,1.1272932169958949e-05,13
Bomadi,Akugbene 1,2022,9,8.93981268745847e-06,4
Bomadi,Akugbene 2,2022,9,1.1607318811002187e-05,1
Bomadi,Akugbene 3,2022,9,9.587493877916131e-06,2
Bomadi,Bomadi,2022,9,9.799175434939874e-06,6
Bomadi,Ekaametagbene/Kalafio,2022,9,9.424488234799356e-06,20
Bomadi,Esanma,2022,9,7.389656275336165e-06,8
Bomadi,Kpakiama,2022,9,1.1003791264051364e-05,9
Bomadi,Ogbeinma/Okoloba,2022,9,1.0035599188995548e-05,6
Bomadi,Ogo/Eze,2022,9,1.1414120914802576e-05,6
Bomadi,Ogriagbene,2022,9,8.646924834465608e-06,10
Burutu,Bolou-Ndoro,2022,9,8.496745500624889e-06,42
Burutu,Egodor,2022,9,1.3311800009025068e-05,29
Burutu,Eseinbiri,2022,9,8.994387826533057e-06,16
Burutu,Kiagbodo,2022,9,1.4074690989218653e-05,5
Burutu,Ngbilebiri,2022,9,1.4377573582654199e-05,6
Burutu,Obetebe,2022,9,1.1813855962827802e-05,50
Burutu,Ogulagha,2022,9,1.0968518009493975e-05,44
Burutu,Ojobo,2022,9,7.19624076737091e-06,5
Burutu,Tamigbe,2022,9,8.725767574188383e-06,11
Burutu,Torugbene,2022,9,7.152716079872334e-06,8
Burutu,Tuomo,2022,9,8.963289684078727e-06,13
Patani,Abari,2022,9,1.391022524330765e-05,5
Patani,Agoloma,2022,9,1.3227526505943387e-05,5
Patani,Buluangiama,2022,9,1.3602402759715915e-05,12
Patani,Odorubu,2022,9,1.1763686156232975e-05,14
Patani,Patani 2,2022,9,1.2220887583680451e-05,6
Patani,Patani 3,2022,9,1.2105954374419525e-05,5
Patani,Patani 4,2022,9,1.3421238691080362e-05,4
Patani,Patani 5,2022,9,1.4536082744598389e-05,7
Patani,Toruangiama,2022,9,1.2805088772438467e-05,5
Patani,Uduophori,2022,9,1.2306651115068235e-05,8
Warri South-West,Ajudaibo,2022,9,1.1828617061837576e-05,4
Warri South-West,Akpakpa,2022,9,1.141531320172362e-05,5
Warri South-West,Isaba,2022,9,1.3586311251856386e-05,20
Warri South-West,Madangho,2022,9,1.1857212484756019e-05,2
Warri South-West,Ogbe-Ijoh,2022,9,1.3069389960499572e-05,61
Warri South-West,Ogidigben,2022,9,1.0938254490611143e-05,8
Warri South-West,Okerenkoko,2022,9,1.2963177573125242e-05,59
Warri South-West,Oporozo,2022,9,1.2570410035550594e-05,24
Warri South-West,Orere,2022,9,1.259745072780384e-05,9
Warri South-West,Ugborodo,2022,9,1.2131491530453786e-05,5
Warri South,Avenue,2022,9,1.4607784396503121e-05,5
Warri South,Bowen,2022,9,1.2519184565462638e-05,4
Warri South,Ekurede,2022,9,1.271403452847153e-05,5
Warri South,Esisi,2022,9,1.4156747056404129e-05,2
Warri South,Igbudu,2022,9,1.380018329655286e-05,2
Warri South,Obodo,2022,9,1.3850163668394089e-05,32
Warri South,Ode-Itsekiri,2022,9,1.3199576642364264e-05,11
Warri South,Okere,2022,9,1.267031742221055e-05,3
Warri South,Pessu,2022,9,1.0881622074521147e-05,2
Warri South,Ubeji,2022,9,1.4473186008847104e-05,13
Bomadi,Akugbene 1,2022,10,1.5661749785067514e-05,4
Bomadi,Akugbene 2,2022,10,1.4386426300916355e-05,1
Bomadi,Akugbene 3,2022,10,1.4648955584561918e-05,2
Bomadi,Bomadi,2022,10,1.4256356128801903e-05,6
Bomadi,Ekaametagbene/Kalafio,2022,10,1.530439913040027e-05,20
Bomadi,Esanma,2022,10,1.5467358025489375e-05,8
Bomadi,Kpakiama,2022,10,1.709581960717009e-05,9
Bomadi,Ogbeinma/Okoloba,2022,10,1.5257228369591758e-05,6
Bomadi,Ogo/Eze,2022,10,1.4351948872596646e-05,6
Bomadi,Ogriagbene,2022,10,1.1983662261627614e-05,10
Burutu,Bolou-Ndoro,2022,10,1.4320029766254482e-05,42
Burutu,Egodor,2022,10,1.4299186596903822e-05,29
Burutu,Eseinbiri,2022,10,1.3065647181065287e-05,16
Burutu,Kiagbodo,2022,10,1.5721122326795012e-05,5
Burutu,Ngbilebiri,2022,10,1.2090867433774596e-05,6
Burutu,Obetebe,2022,10,1.509456429630518e-05,50
Burutu,Ogulagha,2022,10,1.556879512711682e-05,44
Burutu,Ojobo,2022,10,1.3205154391471297e-05,5
Burutu,Tamigbe,2022,10,1.2889790179377252e-05,11
Burutu,Torugbene,2022,10,1.3313201634446159e-05,8
Burutu,Tuomo,2022,10,1.3997931651269588e-05,13
Patani,Abari,2022,10,2.1147205552551894e-05,5
Patani,Agoloma,2022,10,1.9419813179410993e-05,5
Patani,Buluangiama,2022,10,1.9198664328238618e-05,12
Patani,Odorubu,2022,10,1.786257780622691e-05,14
Patani,Patani 2,2022,10,2.0281343798463542e-05,6
Patani,Patani 3,2022,10,1.9959684868808837e-05,5
Patani,Patani 4,2022,10,1.900586357805878e-05,4
Patani,Patani 5,2022,10,1.9644258177972267e-05,7
Patani,Toruangiama,2022,10,1.9600360246840864e-05,5
Patani,Uduophori,2022,10,1.7597527403268032e-05,8
Warri South-West,Ajudaibo,2022,10,1.2964029338036198e-05,4
Warri South-West,Akpakpa,2022,10,1.3345204934012145e-05,5
Warri South-West,Isaba,2022,10,1.6257235256489366e-05,20
Warri South-West,Madangho,2022,10,1.1766634997911751e-05,2
Warri South-West,Ogbe-Ijoh,2022,10,1.781193737978818e-05,61
Warri South-West,Ogidigben,2022,10,1.4308484423963819e-05,8
Warri South-West,Okerenkoko,2022,10,1.726244670986119e-05,59
Warri South-West,Oporozo,2022,10,1.6419140592915937e-05,24
Warri South-West,Orere,2022,10,1.581147565351178e-05,9
Warri South-West,Ugborodo,2022,10,1.5040427388157696e-05,5
Warri South,Avenue,2022,10,2.4431635392829775e-05,5
Warri South,Bowen,2022,10,2.2746684408048168e-05,4
Warri South,Ekurede,2022,10,2.2994852042756974e-05,5
Warri South,Esisi,2022,10,2.3517353838542476e-05,2
Warri South,Igbudu,2022,10,2.3857179257902317e-05,2
Warri South,Obodo,2022,10,1.8910275684902444e-05,32
Warri South,Ode-Itsekiri,2022,10,2.003144155341116e-05,11
Warri South,Okere,2022,10,2.26946843516392e-05,3
Warri South,Pessu,2022,10,2.1976018615532666e-05,2
Warri South,Ubeji,2022,10,2.273706755099388e-05,13
Bomadi,Akugbene 1,2022,11,1.4698324775963556e-05,4
Bomadi,Akugbene 2,2022,11,1.1428539437474683e-05,1
Bomadi,Akugbene 3,2022,11,1.1839344551844988e-05,2
Bomadi,Bomadi,2022,11,1.5013298252597451e-05,6
Bomadi,Ekaametagbene/Kalafio,2022,11,1.1365699174348265e-05,20
Bomadi,Esanma,2022,11,1.3438625501294155e-05,8
Bomadi,Kpakiama,2022,11,1.5468283284765978e-05,9
Bomadi,Ogbeinma/Okoloba,2022,11,1.5182299345421294e-05,6
Bomadi,Ogo/Eze,2022,11,1.6911159036681056e-05,6
Bomadi,Ogriagbene,2022,11,1.1785484093707056e-05,10
Burutu,Bolou-Ndoro,2022,11,1.2348557079565667e-05,42
Burutu,Egodor,2022,11,1.9556170345508848e-05,29
Burutu,Eseinbiri,2022,11,1.3612642760563176e-05,16
Burutu,Kiagbodo,2022,11,2.0334366126917303e-05,5
Burutu,Ngbilebiri,2022,11,1.9097122276434675e-05,6
Burutu,Obetebe,2022,11,1.7059067031368612e-05,50
Burutu,Ogulagha,2022,11,1.5483133293772962e-05,44
Burutu,Ojobo,2022,11,1.122181856771931e-05,5
Burutu,Tamigbe,2022,11,1.4363428239117969e-05,11
Burutu,Torugbene,2022,11,1.2360898836050183e-05,8
Burutu,Tuomo,2022,11,1.6488011729402038e-05,13
Patani,Abari,2022,11,1.5788440941832958e-05,5
Patani,Agoloma,2022,11,1.4716472651343793e-05,5
Patani,Buluangiama,2022,11,1.4542340068146586e-05,12
Patani,Odorubu,2022,11,1.50470929968703e-05,14
Patani,Patani 2,2022,11,1.608698706453045e-05,6
Patani,Patani 3,2022,11,1.629613689146936e-05,5
Patani,Patani 4,2022,11,1.713128585834056e-05,4
Patani,Patani 5,2022,11,1.6169270176240908e-05,7
Patani,Toruangiama,2022,11,1.3208977179601789e-05,5
Patani,Uduophori,2022,11,1.4216665476851631e-05,8
Warri South-West,Ajudaibo,2022,11,1.9087621694779955e-05,4
Warri South-West,Akpakpa,2022,11,1.7188415222335605e-05,5
Warri South-West,Isaba,2022,11,2.4463151930831373e-05,20
Warri South-West,Madangho,2022,11,2.0742347260238603e-05,2
Warri South-West,Ogbe-Ijoh,2022,11,1.9455672104339132e-05,61
Warri South-West,Ogidigben,2022,11,1.690619501459878e-05,8
Warri South-West,Okerenkoko,2022,11,1.651370972868497e-05,59
Warri South-West,Oporozo,2022,11,1.5748273047696177e-05,24
Warri South-West,Orere,2022,11,1.625263798309283e-05,9
Warri South-West,Ugborodo,2022,11,1.941759546753019e-05,5
Warri South,Avenue,2022,11,3.307244332972914e-05,5
Warri South,Bowen,2022,11,3.658812784124166e-05,4
Warri South,Ekurede,2022,11,3.181217180099338e-05,5
Warri South,Esisi,2022,11,3.7084850191604346e-05,2
Warri South,Igbudu,2022,11,3.69590416084975e-05,2
Warri South,Obodo,2022,11,2.2244399588089436e-05,32
Warri South,Ode-Itsekiri,2022,11,2.6185605251653627e-05,11
Warri South,Okere,2022,11,3.64663671158875e-05,3
Warri South,Pessu,2022,11,3.609140549087897e-05,2
Warri South,Ubeji,2022,11,2.3396081255319026e-05,13
Bomadi,Akugbene 1,2022,12,3.53435316355899e-05,4
Bomadi,Akugbene 2,2022,12,3.743316119653173e-05,1
Bomadi,Akugbene 3,2022,12,3.4927084925584495e-05,2
Bomadi,Bomadi,2022,12,3.204047243343666e-05,6
Bomadi,Ekaametagbene/Kalafio,2022,12,3.074288833886385e-05,20
Bomadi,Esanma,2022,12,3.359066977282055e-05,8
Bomadi,Kpakiama,2022,12,3.37656076428377e-05,9
Bomadi,Ogbeinma/Okoloba,2022,12,3.479788817154864e-05,6
Bomadi,Ogo/Eze,2022,12,3.385089075891301e-05,6
Bomadi,Ogriagbene,2022,12,3.163331712130457e-05,10
Burutu,Bolou-Ndoro,2022,12,3.047843485893238e-05,42
Burutu,Egodor,2022,12,3.7002176495975464e-05,29
Burutu,Eseinbiri,2022,12,3.137711973977275e-05,16
Burutu,Kiagbodo,2022,12,3.966332005802542e-05,5
Burutu,Ngbilebiri,2022,12,3.716147087592011e-05,6
Burutu,Obetebe,2022,12,3.304809331893921e-05,50
Burutu,Ogulagha,2022,12,3.1862794209948994e-05,44
Burutu,Ojobo,2022,12,3.377798711881042e-05,5
Burutu,Tamigbe,2022,12,3.331482929008251e-05,11
Burutu,Torugbene,2022,12,3.323134296806529e-05,8
Burutu,Tuomo,2022,12,3.365874559117051e-05,13
Patani,Abari,2022,12,3.366962773725391e-05,5
Patani,Agoloma,2022,12,3.5135785583406684e-05,5
Patani,Buluangiama,2022,12,3.508543159114197e-05,12
Patani,Odorubu,2022,12,3.386119871200728e-05,14
Patani,Patani 2,2022,12,3.518089700567847e-05,6
Patani,Patani 3,2022,12,3.511701943352819e-05,5
Patani,Patani 4,2022,12,3.507347355480306e-05,4
Patani,Patani 5,2022,12,3.51041422358581e-05,7
Patani,Toruangiama,2022,12,3.523562918417156e-05,5
Patani,Uduophori,2022,12,3.394680607016198e-05,8
Warri South-West,Ajudaibo,2022,12,3.475121775409207e-05,4
Warri South-West,Akpakpa,2022,12,3.2581167761236427e-05,5
Warri South-West,Isaba,2022,12,4.15383226936683e-05,20
Warri South-West,Madangho,2022,12,3.529600508045405e-05,2
Warri South-West,Ogbe-Ijoh,2022,12,3.5264033091361404e-05,61
Warri South-West,Ogidigben,2022,12,3.1741965358378366e-05,8
Warri South-West,Okerenkoko,2022,12,3.333100101957887e-05,59
Warri South-West,Oporozo,2022,12,3.2132673368323594e-05,24
Warri South-West,Orere,2022,12,3.064444495571984e-05,9
Warri South-West,Ugborodo,2022,12,3.4517591120675203e-05,5
Warri South,Avenue,2022,12,5.7229417143389584e-05,5
Warri South,Bowen,2022,12,6.245225813472643e-05,4
Warri South,Ekurede,2022,12,5.40739216376096e-05,5
Warri South,Esisi,2022,12,6.383748404914513e-05,2
Warri South,Igbudu,2022,12,6.540949834743515e-05,2
Warri South,Obodo,2022,12,3.395388921489939e-05,32
Warri South,Ode-Itsekiri,2022,12,4.547306294129653e-05,11
Warri South,Okere,2022,12,6.189053237903863e-05,3
Warri South,Pessu,2022,12,6.106703222030774e-05,2
Warri South,Ubeji,2022,12,4.067514629031603e-05,13
Bomadi,Akugbene 1,2023,1,3.824096347671002e-05,4
Bomadi,Akugbene 2,2023,1,3.86097417504061e-05,1
Bomadi,Akugbene 3,2023,1,3.847057814709842e-05,2
Bomadi,Bomadi,2023,1,3.729394423620155e-05,6
Bomadi,Ekaametagbene/Kalafio,2023,1,3.386285970918834e-05,20
Bomadi,Esanma,2023,1,3.69968984159641e-05,8
Bomadi,Kpakiama,2023,1,3.8296954395870365e-05,9
Bomadi,Ogbeinma/Okoloba,2023,1,3.79928702993008e-05,6
Bomadi,Ogo/Eze,2023,1,3.7179706851020455e-05,6
Bomadi,Ogriagbene,2023,1,3.217840858269483e-05,10
Burutu,Bolou-Ndoro,2023,1,3.206054402870082e-05,42
Burutu,Egodor,2023,1,3.858409613242437e-05,29
Burutu,Eseinbiri,2023,1,3.4219614462926984e-05,16
Burutu,Kiagbodo,2023,1,4.50936786364764e-05,5
Burutu,Ngbilebiri,2023,1,3.7645731936208904e-05,6
Burutu,Obetebe,2023,1,3.3975124824792144e-05,50
Burutu,Ogulagha,2023,1,3.115560287948359e-05,44
Burutu,Ojobo,2023,1,3.255109768360853e-05,5
Burutu,Tamigbe,2023,1,3.32102221860127e-05,11
Burutu,Torugbene,2023,1,3.298470619483851e-05,8
Burutu,Tuomo,2023,1,3.490845959347028e-05,13
Patani,Abari,2023,1,3.5035336622968316e-05,5
Patani,Agoloma,2023,1,3.716795763466507e-05,5
Patani,Buluangiama,2023,1,3.759687145551046e-05,12
Patani,Odorubu,2023,1,3.867755627392658e-05,14
Patani,Patani 2,2023,1,3.6024420599763594e-05,6
Patani,Patani 3,2023,1,3.605447127483785e-05,5
Patani,Patani 4,2023,1,3.596416354412213e-05,4
Patani,Patani 5,2023,1,3.70527060502874e-05,7
Patani,Toruangiama,2023,1,3.8170695188455286e-05,5
Patani,Uduophori,2023,1,3.9010239561321214e-05,8
Warri South-West,Ajudaibo,2023,1,3.948872836190276e-05,4
Warri South-West,Akpakpa,2023,1,3.5637698601931334e-05,5
Warri South-West,Isaba,2023,1,4.113595641683787e-05,20
Warri South-West,Madangho,2023,1,4.13470552302897e-05,2
Warri South-West,Ogbe-Ijoh,2023,1,3.5285865735323706e-05,61
Warri South-West,Ogidigben,2023,1,3.3789390727179125e-05,8
Warri South-West,Okerenkoko,2023,1,3.309071387590493e-05,59
Warri South-West,Oporozo,2023,1,3.461812351209422e-05,24
Warri South-West,Orere,2023,1,3.477877665621539e-05,9
Warri South-West,Ugborodo,2023,1,4.0306351729668675e-05,5
Warri South,Avenue,2023,1,5.5627955589443445e-05,5
Warri South,Bowen,2023,1,5.991292709950358e-05,4
Warri South,Ekurede,2023,1,5.290810950100422e-05,5
Warri South,Esisi,2023,1,6.14506279816851e-05,2
Warri South,Igbudu,2023,1,6.284648407017812e-05,2
Warri South,Obodo,2023,1,3.5153349017491564e-05,32
Warri South,Ode-Itsekiri,2023,1,4.419552119956775e-05,11
Warri South,Okere,2023,1,5.914720532018691e-05,3
Warri South,Pessu,2023,1,5.837522621732205e-05,2
Warri South,Ubeji,2023,1,4.086638532149104e-05,13
Bomadi,Akugbene 1,2023,2,2.797053639369551e-05,4
Bomadi,Akugbene 2,2023,2,2.7813783162855543e-05,1
Bomadi,Akugbene 3,2023,2,2.752564068941865e-05,2
Bomadi,Bomadi,2023,2,2.6082241674885154e-05,6
Bomadi,Ekaametagbene/Kalafio,2023,2,2.6094180066138505e-05,20
Bomadi,Esanma,2023,2,2.756642788881436e-05,8
Bomadi,Kpakiama,2023,2,2.7302875726794202e-05,9
Bomadi,Ogbeinma/Okoloba,2023,2,2.885748593447109e-05,6
Bomadi,Ogo/Eze,2023,2,2.970344212371856e-05,6
Bomadi,Ogriagbene,2023,2,2.4701919755898416e-05,10
Burutu,Bolou-Ndoro,2023,2,2.4228356778621674e-05,42
Burutu,Egodor,2023,2,3.0031415698086394e-05,29
Burutu,Eseinbiri,2023,2,2.5450857719988562e-05,16
Burutu,Kiagbodo,2023,2,3.578680625651032e-05,5
Burutu,Ngbilebiri,2023,2,2.8481435341139633e-05,6
Burutu,Obetebe,2023,2,2.6128410827368497e-05,50
Burutu,Ogulagha,2023,2,2.5565114232118834e-05,44
Burutu,Ojobo,2023,2,2.4927518097683787e-05,5
Burutu,Tamigbe,2023,2,2.3900634418665007e-05,11
Burutu,Torugbene,2023,2,2.314280573045835e-05,8
Burutu,Tuomo,2023,2,2.4602419356457314e-05,13
Patani,Abari,2023,2,3.021026495844126e-05,5
Patani,Agoloma,2023,2,3.2487677526660266e-05,5
Patani,Buluangiama,2023,2,3.039666141072909e-05,12
Patani,Odorubu,2023,2,2.7093175698869993e-05,14
Patani,Patani 2,2023,2,3.0518247513100505e-05,6
Patani,Patani 3,2023,2,3.0483468435704708e-05,5
Patani,Patani 4,2023,2,3.080695023527369e-05,4
Patani,Patani 5,2023,2,3.191819165035018e-05,7
Patani,Toruangiama,2023,2,2.9863923555240034e-05,5
Patani,Uduophori,2023,2,2.7085921828984283e-05,8
Warri South-West,Ajudaibo,2023,2,3.0084038371569477e-05,4
Warri South-West,Akpakpa,2023,2,2.7556298300623892e-05,5
Warri South-West,Isaba,2023,2,3.394731320440769e-05,20
Warri South-West,Madangho,2023,2,3.207001282135025e-05,2
Warri South-West,Ogbe-Ijoh,2023,2,2.9129812066427996e-05,61
Warri South-West,Ogidigben,2023,2,2.7542357202037238e-05,8
Warri South-West,Okerenkoko,2023,2,2.7180207356558008e-05,59
Warri South-West,Oporozo,2023,2,2.772545606906836e-05,24
Warri South-West,Orere,2023,2,2.8926804791101153e-05,9
Warri South-West,Ugborodo,2023,2,3.201968793291599e-05,5
Warri South,Avenue,2023,2,4.674000374507159e-05,5
Warri South,Bowen,2023,2,4.9098329327534884e-05,4
Warri South,Ekurede,2023,2,4.459121555555612e-05,5
Warri South,Esisi,2023,2,4.864860238740221e-05,2
Warri South,Igbudu,2023,2,5.159453576197848e-05,2
Warri South,Obodo,2023,2,3.0314344257931225e-05,32
Warri South,Ode-Itsekiri,2023,2,3.721718464724042e-05,11
Warri South,Okere,2023,2,4.750756003583471e-05,3
Warri South,Pessu,2023,2,4.954805990564637e-05,2
Warri South,Ubeji,2023,2,3.66387830581516e-05,13
Bomadi,Akugbene 1,2023,3,9.138451787293889e-06,4
Bomadi,Akugbene 2,2023,3,1.081574009731412e-05,1
Bomadi,Akugbene 3,2023,3,1.0814908819156699e-05,2
Bomadi,Bomadi,2023,3,8.765243668070374e-06,6
Bomadi,Ekaametagbene/Kalafio,2023,3,1.1159374116687104e-05,20
Bomadi,Esanma,2023,3,1.0913170626736246e-05,8
Bomadi,Kpakiama,2023,3,1.262765403630005e-05,9
Bomadi,Ogbeinma/Okoloba,2023,3,7.100759830791503e-06,6
Bomadi,Ogo/Eze,2023,3,6.427245049659784e-06,6
Bomadi,Ogriagbene,2023,3,9.041036537382752e-06,10
Burutu,Bolou-Ndoro,2023,3,9.806744249848029e-06,42
Burutu,Egodor,2023,3,9.922862679151626e-06,29
Burutu,Eseinbiri,2023,3,1.0649004252627492e-05,16
Burutu,Kiagbodo,2023,3,1.01566816738341e-05,5
Burutu,Ngbilebiri,2023,3,7.666323047790987e-06,6
Burutu,Obetebe,2023,3,1.1398938950151205e-05,50
Burutu,Ogulagha,2023,3,1.0950962446672333e-05,44
Burutu,Ojobo,2023,3,8.985349268186837e-06,5
Burutu,Tamigbe,2023,3,9.60565045137297e-06,11
Burutu,Torugbene,2023,3,1.011459607980214e-05,8
Burutu,Tuomo,2023,3,9.939580475195096e-06,13
Patani,Abari,2023,3,1.647714525461197e-05,5
Patani,Agoloma,2023,3,1.4867016579955816e-05,5
Patani,Buluangiama,2023,3,1.3877367261253918e-05,12
Patani,Odorubu,2023,3,1.1599309800658375e-05,14
Patani,Patani 2,2023,3,1.7569915750452008e-05,6
Patani,Patani 3,2023,3,1.753512187860906e-05,5
Patani,Patani 4,2023,3,1.87979585462017e-05,4
Patani,Patani 5,2023,3,1.6849336264255855e-05,7
Patani,Toruangiama,2023,3,1.1244071356486528e-05,5
Patani,Uduophori,2023,3,1.0645279871823732e-05,8
Warri South-West,Ajudaibo,2023,3,1.6921545466175303e-05,4
Warri South-West,Akpakpa,2023,3,1.418098690919578e-05,5
Warri South-West,Isaba,2023,3,1.0926811228273436e-05,20
Warri South-West,Madangho,2023,3,1.7763461073627695e-05,2
Warri South-West,Ogbe-Ijoh,2023,3,1.1512638474280228e-05,61
Warri South-West,Ogidigben,2023,3,1.2358707863313612e-05,8
Warri South-West,Okerenkoko,2023,3,1.185078181768373e-05,59
Warri South-West,Oporozo,2023,3,1.3140149045890817e-05,24
Warri South-West,Orere,2023,3,1.3387199336042007e-05,9
Warri South-West,Ugborodo,2023,3,1.6544311074540018e-05,5
Warri South,Avenue,2023,3,1.9357900600880385e-05,5
Warri South,Bowen,2023,3,1.9739451090572402e-05,4
Warri South,Ekurede,2023,3,1.743781322147697e-05,5
Warri South,Esisi,2023,3,2.3678843717789277e-05,2
Warri South,Igbudu,2023,3,1.913003870868124e-05,2
Warri South,Obodo,2023,3,1.2176550626463722e-05,32
Warri South,Ode-Itsekiri,2023,3,1.4935878094878387e-05,11
Warri South,Okere,2023,3,2.1358563875158627e-05,3
Warri South,Pessu,2023,3,1.580006028234493e-05,2
Warri South,Ubeji,2023,3,1.5439743247742837e-05,13
Bomadi,Akugbene 1,2023,4,1.7426553313271143e-05,4
Bomadi,Akugbene 2,2023,4,1.727492781355977e-05,1
Bomadi,Akugbene 3,2023,4,1.614575376152061e-05,2
Bomadi,Bomadi,2023,4,1.6858740612709273e-05,6
Bomadi,Ekaametagbene/Kalafio,2023,4,1.4851822925265878e-05,20
Bomadi,Esanma,2023,4,1.606444493518211e-05,8
Bomadi,Kpakiama,2023,4,1.7702275524950688e-05,9
Bomadi,Ogbeinma/Okoloba,2023,4,1.6972628751924883e-05,6
Bomadi,Ogo/Eze,2023,4,1.6614422444642212e-05,6
Bomadi,Ogriagbene,2023,4,1.4000209921505302e-05,10
Burutu,Bolou-Ndoro,2023,4,1.3038891622619259e-05,42
Burutu,Egodor,2023,4,1.843791687861085e-05,29
Burutu,Eseinbiri,2023,4,1.5223942682496272e-05,16
Burutu,Kiagbodo,2023,4,2.0167999900877474e-05,5
Burutu,Ngbilebiri,2023,4,1.7469872545916587e-05,6
Burutu,Obetebe,2023,4,1.667739124968648e-05,50
Burutu,Ogulagha,2023,4,1.675288976085457e-05,44
Burutu,Ojobo,2023,4,1.410350960213691e-05,5
Burutu,Tamigbe,2023,4,1.5061666173013775e-05,11
Burutu,Torugbene,2023,4,1.5101943063200451e-05,8
Burutu,Tuomo,2023,4,1.589153320170366e-05,13
Patani,Abari,2023,4,2.0336433954071255e-05,5
Patani,Agoloma,2023,4,2.1865246526431293e-05,5
Patani,Buluangiama,2023,4,2.0997324706210446e-05,12
Patani,Odorubu,2023,4,1.7680481375594225e-05,14
Patani,Patani 2,2023,4,2.1420962487657864e-05,6
Patani,Patani 3,2023,4,2.124967286363244e-05,5
Patani,Patani 4,2023,4,2.027922892011702e-05,4
Patani,Patani 5,2023,4,2.140674665237644e-05,7
Patani,Toruangiama,2023,4,1.936882908921689e-05,5
Patani,Uduophori,2023,4,1.7942196791409515e-05,8
Warri South-West,Ajudaibo,2023,4,9.530074748909101e-06,4
Warri South-West,Akpakpa,2023,4,6.745256541762501e-06,5
Warri South-West,Isaba,2023,4,2.175363333662972e-05,20
Warri South-West,Madangho,2023,4,9.78532261797227e-06,2
Warri South-West,Ogbe-Ijoh,2023,4,2.0222759378127387e-05,61
Warri South-West,Ogidigben,2023,4,7.926059879537206e-06,8
Warri South-West,Okerenkoko,2023,4,1.7902375814520707e-05,59
Warri South-West,Oporozo,2023,4,1.7196847087082762e-05,24
Warri South-West,Orere,2023,4,1.7657685222932036e-05,9
Warri South-West,Ugborodo,2023,4,1.4599291898775845e-05,5
Warri South,Avenue,2023,4,3.077629953622818e-05,5
Warri South,Bowen,2023,4,3.0607712687924504e-05,4
Warri South,Ekurede,2023,4,2.838693908415735e-05,5
Warri South,Esisi,2023,4,3.3422977139707655e-05,2
Warri South,Igbudu,2023,4,3.128246680716984e-05,2
Warri South,Obodo,2023,4,1.9449325918685645e-05,32
Warri South,Ode-Itsekiri,2023,4,2.451546871188012e-05,11
Warri South,Okere,2023,4,3.1582193817788116e-05,3
Warri South,Pessu,2023,4,2.7792450055130757e-05,2
Warri South,Ubeji,2023,4,2.3975041515838642e-05,13
Bomadi,Akugbene 1,2023,5,1.913285450427793e-05,4
Bomadi,Akugbene 2,2023,5,1.918132693390362e-05,1
Bomadi,Akugbene 3,2023,5,1.8871243810281157e-05,2
Bomadi,Bomadi,2023,5,2.2810005854504805e-05,6
Bomadi,Ekaametagbene/Kalafio,2023,5,1.7057626973837613e-05,20
Bomadi,Esanma,2023,5,1.795707612473052e-05,8
Bomadi,Kpakiama,2023,5,1.8462393200024962e-05,9
Bomadi,Ogbeinma/Okoloba,2023,5,1.8788933327111106e-05,6
Bomadi,Ogo/Eze,2023,5,1.972587051568553e-05,6
Bomadi,Ogriagbene,2023,5,1.6169255832210184e-05,10
Burutu,Bolou-Ndoro,2023,5,1.484846385816733e-05,42
Burutu,Egodor,2023,5,1.8517123454989032e-05,29
Burutu,Eseinbiri,2023,5,1.926583718159236e-05,16
Burutu,Kiagbodo,2023,5,2.0032264001201838e-05,5
Burutu,Ngbilebiri,2023,5,1.8230322893941775e-05,6
Burutu,Obetebe,2023,5,1.566380728036165e-05,50
Burutu,Ogulagha,2023,5,1.590120981828394e-05,44
Burutu,Ojobo,2023,5,1.5434002852998675e-05,5
Burutu,Tamigbe,2023,5,1.7360032705420796e-05,11
Burutu,Torugbene,2023,5,1.6670941477059387e-05,8
Burutu,Tuomo,2023,5,2.2055270024933496e-05,13
Patani,Abari,2023,5,2.505105221644044e-05,5
Patani,Agoloma,2023,5,2.1472614025697113e-05,5
Patani,Buluangiama,2023,5,1.8404950727320586e-05,12
Patani,Odorubu,2023,5,1.712577587958159e-05,14
Patani,Patani 2,2023,5,2.499420224921778e-05,6
Patani,Patani 3,2023,5,2.4561979807913302e-05,5
Patani,Patani 4,2023,5,1.980985325644724e-05,4
Patani,Patani 5,2023,5,2.0103867947390036e-05,7
Patani,Toruangiama,2023,5,1.715379039524123e-05,5
Patani,Uduophori,2023,5,1.700761822576169e-05,8
Warri South-West,Ajudaibo,2023,5,1.4111812561168335e-05,4
Warri South-West,Akpakpa,2023,5,1.308660430368036e-05,5
Warri South-West,Isaba,2023,5,1.704062451608479e-05,20
Warri South-West,Madangho,2023,5,1.5585294022457674e-05,2
Warri South-West,Ogbe-Ijoh,2023,5,1.744807461185045e-05,61
Warri South-West,Ogidigben,2023,5,1.4528182873618789e-05,8
Warri South-West,Okerenkoko,2023,5,1.601415777073826e-05,59
Warri South-West,Oporozo,2023,5,1.5764352914023522e-05,24
Warri South-West,Orere,2023,5,1.6588248804004656e-05,9
Warri South-West,Ugborodo,2023,5,1.8390432524029164e-05,5
Warri South,Avenue,2023,5,2.6021574740298092e-05,5
Warri South,Bowen,2023,5,2.2701089619658887e-05,4
Warri South,Ekurede,2023,5,2.2356123372446747e-05,5
Warri South,Esisi,2023,5,2.5149169232463464e-05,2
Warri South,Igbudu,2023,5,2.422880061203614e-05,2
Warri South,Obodo,2023,5,1.942148810485378e-05,32
Warri South,Ode-Itsekiri,2023,5,1.8771203361790288e-05,11
Warri South,Okere,2023,5,2.283015298113848e-05,3
Warri South,Pessu,2023,5,2.0253008187864907e-05,2
Warri South,Ubeji,2023,5,2.1609376954774445e-05,13
Bomadi,Akugbene 1,2023,6,1.0360881788074039e-05,4
Bomadi,Akugbene 2,2023,6,1.2963381777808536e-05,1
Bomadi,Akugbene 3,2023,6,1.2982583939447068e-05,2
Bomadi,Bomadi,2023,6,1.2981521043305596e-05,6
Bomadi,Ekaametagbene/Kalafio,2023,6,1.1689601524267346e-05,20
Bomadi,Esanma,2023,6,1.0146515705855563e-05,8
Bomadi,Kpakiama,2023,6,1.2235883332323283e-05,9
Bomadi,Ogbeinma/Okoloba,2023,6,1.1367146119785806e-05,6
Bomadi,Ogo/Eze,2023,6,1.112629979616031e-05,6
Bomadi,Ogriagbene,2023,6,1.3700373528990895e-05,10
Burutu,Bolou-Ndoro,2023,6,1.2468399723903054e-05,42
Burutu,Egodor,2023,6,1.1946750074175411e-05,29
Burutu,Eseinbiri,2023,6,1.1492900739540346e-05,16
Burutu,Kiagbodo,2023,6,1.1812431330326944e-05,5
Burutu,Ngbilebiri,2023,6,1.1594865403215712e-05,6
Burutu,Obetebe,2023,6,1.1620195582509041e-05,50
Burutu,Ogulagha,2023,6,1.30037964977832e-05,44
Burutu,Ojobo,2023,6,1.3966264668852091e-05,5
Burutu,Tamigbe,2023,6,1.367282476911152e-05,11
Burutu,Torugbene,2023,6,1.4328694305731915e-05,8
Burutu,Tuomo,2023,6,1.2276124415131142e-05,13
Patani,Abari,2023,6,1.378706656396389e-05,5
Patani,Agoloma,2023,6,1.4574319357052445e-05,5
Patani,Buluangiama,2023,6,1.2270235553539047e-05,12
Patani,Odorubu,2023,6,1.282844043868993e-05,14
Patani,Patani 2,2023,6,1.4166746647485221e-05,6
Patani,Patani 3,2023,6,1.4026198186911643e-05,5
Patani,Patani 4,2023,6,1.239468838321045e-05,4
Patani,Patani 5,2023,6,1.305557816522196e-05,7
Patani,Toruangiama,2023,6,1.3304315507411956e-05,5
Patani,Uduophori,2023,6,1.3136239431332797e-05,8
Warri South-West,Ajudaibo,2023,6,1.5205221643554978e-05,4
Warri South-West,Akpakpa,2023,6,1.5139734023250639e-05,5
Warri South-West,Isaba,2023,6,1.4217558782547712e-05,20
Warri South-West,Madangho,2023,6,1.4556563655787613e-05,2
Warri South-West,Ogbe-Ijoh,2023,6,1.4872573598547548e-05,61
Warri South-West,Ogidigben,2023,6,1.4491481124423444e-05,8
Warri South-West,Okerenkoko,2023,6,1.3684293539342233e-05,59
Warri South-West,Oporozo,2023,6,1.3593049516202882e-05,24
Warri South-West,Orere,2023,6,1.4060063727406992e-05,9
Warri South-West,Ugborodo,2023,6,1.4128544717095792e-05,5
Warri South,Avenue,2023,6,2.0173216762486844e-05,5
Warri South,Bowen,2023,6,2.021229920501355e-05,4
Warri South,Ekurede,2023,6,1.7016787023749202e-05,5
Warri South,Esisi,2023,6,2.249470526294317e-05,2
Warri South,Igbudu,2023,6,2.0954197680111974e-05,2
Warri South,Obodo,2023,6,1.90832324733492e-05,32
Warri South,Ode-Itsekiri,2023,6,1.5449599066579882e-05,11
Warri South,Okere,2023,6,2.016504731727764e-05,3
Warri South,Pessu,2023,6,1.7929894966073334e-05,2
Warri South,Ubeji,2023,6,1.9736337260558055e-05,13
Bomadi,Akugbene 1,2023,7,1.480497212469345e-05,4
Bomadi,Akugbene 2,2023,7,1.7641106751398183e-05,1
Bomadi,Akugbene 3,2023,7,1.691914803814143e-05,2
Bomadi,Bomadi,2023,7,1.4466837455984205e-05,6
Bomadi,Ekaametagbene/Kalafio,2023,7,1.2390491610858589e-05,20
Bomadi,Esanma,2023,7,1.426088510925183e-05,8
Bomadi,Kpakiama,2023,7,1.5420383230472606e-05,9
Bomadi,Ogbeinma/Okoloba,2023,7,1.493512293867146e-05,6
Bomadi,Ogo/Eze,2023,7,1.5420475392602384e-05,6
Bomadi,Ogriagbene,2023,7,1.14223308628425e-05,10
Burutu,Bolou-Ndoro,2023,7,1.0630844848319179e-05,42
Burutu,Egodor,2023,7,1.5560067901066666e-05,29
Burutu,Eseinbiri,2023,7,1.2556147339637391e-05,16
Burutu,Kiagbodo,2023,7,1.8083304166793823e-05,5
Burutu,Ngbilebiri,2023,7,1.620594775886275e-05,6
Burutu,Obetebe,2023,7,1.2245066463947297e-05,50
Burutu,Ogulagha,2023,7,1.2548594068820504e-05,44
Burutu,Ojobo,2023,7,1.0878557804971934e-05,5
Burutu,Tamigbe,2023,7,1.2699713062664324e-05,11
Burutu,Torugbene,2023,7,1.24197476907284e-05,8
Burutu,Tuomo,2023,7,1.353139836842624e-05,13
Patani,Abari,2023,7,1.8500011356081815e-05,5
Patani,Agoloma,2023,7,1.574622729094699e-05,5
Patani,Buluangiama,2023,7,1.6634656882767256e-05,12
Patani,Odorubu,2023,7,1.7252845282200724e-05,14
Patani,Patani 2,2023,7,1.758999618080755e-05,6
Patani,Patani 3,2023,7,1.7671602836344392e-05,5
Patani,Patani 4,2023,7,1.6936864994931966e-05,4
Patani,Patani 5,2023,7,1.6158493443591787e-05,7
Patani,Toruangiama,2023,7,1.6958857304416598e-05,5
Patani,Uduophori,2023,7,1.770900962583255e-05,8
Warri South-West,Ajudaibo,2023,7,1.196145240101032e-05,4
Warri South-West,Akpakpa,2023,7,1.0988072608597576e-05,5
Warri South-West,Isaba,2023,7,1.7820546054281296e-05,20
Warri South-West,Madangho,2023,7,1.3121109986968804e-05,2
Warri South-West,Ogbe-Ijoh,2023,7,1.716938969053206e-05,61
Warri South-West,Ogidigben,2023,7,1.1248203009017743e-05,8
Warri South-West,Okerenkoko,2023,7,1.5524763542906208e-05,59
Warri South-West,Oporozo,2023,7,1.3898317168544358e-05,24
Warri South-West,Orere,2023,7,1.3612484003210233e-05,9
Warri South-West,Ugborodo,2023,7,1.2616696767508984e-05,5
Warri South,Avenue,2023,7,2.425123529974371e-05,5
Warri South,Bowen,2023,7,2.411925197520759e-05,4
Warri South,Ekurede,2023,7,2.3765579680912196e-05,5
Warri South,Esisi,2023,7,2.558304913691245e-05,2
Warri South,Igbudu,2023,7,2.4326676793862134e-05,2
Warri South,Obodo,2023,7,1.790234455256723e-05,32
Warri South,Ode-Itsekiri,2023,7,2.1527299064804208e-05,11
Warri South,Okere,2023,7,2.4696198427894462e-05,3
Warri South,Pessu,2023,7,2.265545481350273e-05,2
Warri South,Ubeji,2023,7,2.1050493859757597e-05,13
Bomadi,Akugbene 1,2023,8,1.649187834118493e-05,4
Bomadi,Akugbene 2,2023,8,1.6784886611276306e-05,1
Bomadi,Akugbene 3,2023,8,1.6160516679519787e-05,2
Bomadi,Bomadi,2023,8,1.4648533882185196e-05,6
Bomadi,Ekaametagbene/Kalafio,2023,8,1.34270143462345e-05,20
Bomadi,Esanma,2023,8,1.6369009244954214e-05,8
Bomadi,Kpakiama,2023,8,1.549604510526276e-05,9
Bomadi,Ogbeinma/Okoloba,2023,8,1.7410199992203463e-05,6
Bomadi,Ogo/Eze,2023,8,1.7966953843521576e-05,6
Bomadi,Ogriagbene,2023,8,1.3325003965292127e-05,10
Burutu,Bolou-Ndoro,2023,8,1.3351484778381529e-05,42
Burutu,Egodor,2023,8,1.8240855846168666e-05,29
Burutu,Eseinbiri,2023,8,1.459170198359061e-05,16
Burutu,Kiagbodo,2023,8,2.0606991893146186e-05,5
Burutu,Ngbilebiri,2023,8,1.5348918774786096e-05,6
Burutu,Obetebe,2023,8,1.4923838898539543e-05,50
Burutu,Ogulagha,2023,8,1.4417434365234591e-05,44
Burutu,Ojobo,2023,8,1.3371581735555082e-05,5
Burutu,Tamigbe,2023,8,1.4602558539164336e-05,11
Burutu,Torugbene,2023,8,1.4157636542222463e-05,8
Burutu,Tuomo,2023,8,1.4322768458021948e-05,13
Patani,Abari,2023,8,2.118032716680318e-05,5
Patani,Agoloma,2023,8,1.537827920401469e-05,5
Patani,Buluangiama,2023,8,1.4740982199631011e-05,12
Patani,Odorubu,2023,8,1.4901042699680797e-05,14
Patani,Patani 2,2023,8,2.074431540677324e-05,6
Patani,Patani 3,2023,8,2.0582604338414968e-05,5
Patani,Patani 4,2023,8,1.7693113477434963e-05,4
Patani,Patani 5,2023,8,1.5080004232004285e-05,7
Patani,Toruangiama,2023,8,1.5767145669087768e-05,5
Patani,Uduophori,2023,8,1.493127092544455e-05,8
Warri South-West,Ajudaibo,2023,8,1.7908725567394868e-05,4
Warri South-West,Akpakpa,2023,8,1.6257265815511347e-05,5
Warri South-West,Isaba,2023,8,1.9298010738566517e-05,20
Warri South-West,Madangho,2023,8,1.8700064174481668e-05,2
Warri South-West,Ogbe-Ijoh,2023,8,1.7495722830539843e-05,61
Warri South-West,Ogidigben,2023,8,1.5308860383811407e-05,8
Warri South-West,Okerenkoko,2023,8,1.717717939261663e-05,59
Warri South-West,Oporozo,2023,8,1.7804531429040555e-05,24
Warri South-West,Orere,2023,8,1.7233618159985377e-05,9
Warri South-West,Ugborodo,2023,8,1.7718957678880543e-05,5
Warri South,Avenue,2023,8,2.0883124670945107e-05,5
Warri South,Bowen,2023,8,2.1035521058365703e-05,4
Warri South,Ekurede,2023,8,1.9792454259004445e-05,5
Warri South,Esisi,2023,8,2.2085556338424794e-05,2
Warri South,Igbudu,2023,8,2.1794687199871987e-05,2
Warri South,Obodo,2023,8,1.8545812054071575e-05,32
Warri South,Ode-Itsekiri,2023,8,1.99121118798344e-05,11
Warri South,Okere,2023,8,2.1083377456913393e-05,3
Warri South,Pessu,2023,8,1.9985483959317207e-05,2
Warri South,Ubeji,2023,8,2.000184031203389e-05,13
Bomadi,Akugbene 1,2023,9,9.096955182030797e-06,4
Bomadi,Akugbene 2,2023,9,9.814520126383286e-06,1
Bomadi,Akugbene 3,2023,9,9.110635801334865e-06,2
Bomadi,Bomadi,2023,9,1.1324163400180018e-05,6
Bomadi,Ekaametagbene/Kalafio,2023,9,1.0047021351056174e-05,20
Bomadi,Esanma,2023,9,8.659715604153462e-06,8
Bomadi,Kpakiama,2023,9,1.111334293252892e-05,9
Bomadi,Ogbeinma/Okoloba,2023,9,9.921615249671353e-06,6
Bomadi,Ogo/Eze,2023,9,1.20913318824023e-05,6
Bomadi,Ogriagbene,2023,9,1.0268593177897855e-05,10
Burutu,Bolou-Ndoro,2023,9,1.0504802395146162e-05,42
Burutu,Egodor,2023,9,1.2299960182080494e-05,29
Burutu,Eseinbiri,2023,9,9.670667168393265e-06,16
Burutu,Kiagbodo,2023,9,1.2690448784269392e-05,5
Burutu,Ngbilebiri,2023,9,1.1153296024228135e-05,6
Burutu,Obetebe,2023,9,1.1866659624502063e-05,50
Burutu,Ogulagha,2023,9,1.1505422827957029e-05,44
Burutu,Ojobo,2023,9,9.140659676631912e-06,5
Burutu,Tamigbe,2023,9,9.80232620019127e-06,11
Burutu,Torugbene,2023,9,1.0319397915736772e-05,8
Burutu,Tuomo,2023,9,1.0878880857490003e-05,13
Patani,Abari,2023,9,1.4727658708579838e-05,5
Patani,Agoloma,2023,9,1.3189543096814305e-05,5
Patani,Buluangiama,2023,9,1.2454177825323617e-05,12
Patani,Odorubu,2023,9,1.1240922114146607e-05,14
Patani,Patani 2,2023,9,1.4129639263652885e-05,6
Patani,Patani 3,2023,9,1.4598466805182397e-05,5
Patani,Patani 4,2023,9,1.3843809028912801e-05,4
Patani,Patani 5,2023,9,1.443375471613503e-05,7
Patani,Toruangiama,2023,9,1.0458339238539338e-05,5
Patani,Uduophori,2023,9,1.0947741429845337e-05,8
Warri South-West,Ajudaibo,2023,9,1.2840813724324107e-05,4
Warri South-West,Akpakpa,2023,9,1.2568666716106235e-05,5
Warri South-West,Isaba,2023,9,1.3343403406906872e-05,20
Warri South-West,Madangho,2023,9,1.3813826626574155e-05,2
Warri South-West,Ogbe-Ijoh,2023,9,1.3512148918797736e-05,61
Warri South-West,Ogidigben,2023,9,1.1562648069229908e-05,8
Warri South-West,Okerenkoko,2023,9,1.1939543567724147e-05,59
Warri South-West,Oporozo,2023,9,1.2393578799674287e-05,24
Warri South-West,Orere,2023,9,1.1930424888204369e-05,9
Warri South-West,Ugborodo,2023,9,1.312415552092716e-05,5
Warri South,Avenue,2023,9,1.8888444174081087e-05,5
Warri South,Bowen,2023,9,1.764049011399038e-05,4
Warri South,Ekurede,2023,9,1.6768496425356717e-05,5
Warri South,Esisi,2023,9,1.8973736587213352e-05,2
Warri South,Igbudu,2023,9,1.8116279534297064e-05,2
Warri South,Obodo,2023,9,1.3088530977256596e-05,32
Warri South,Ode-Itsekiri,2023,9,1.4591722653924741e-05,11
Warri South,Okere,2023,9,1.795189503657942e-05,3
Warri South,Pessu,2023,9,1.6307245459756814e-05,2
Warri South,Ubeji,2023,9,1.607447540244231e-05,13
Bomadi,Akugbene 1,2023,10,1.6890973711269908e-05,4
Bomadi,Akugbene 2,2023,10,2.1869962438358925e-05,1
Bomadi,Akugbene 3,2023,10,1.4978068975324277e-05,2
Bomadi,Bomadi,2023,10,1.4141291709772e-05,6
Bomadi,Ekaametagbene/Kalafio,2023,10,1.2541058822534978e-05,20
Bomadi,Esanma,2023,10,1.1873609764734283e-05,8
Bomadi,Kpakiama,2023,10,1.4339080533116228e-05,9
Bomadi,Ogbeinma/Okoloba,2023,10,2.100579149555415e-05,6
Bomadi,Ogo/Eze,2023,10,2.5254259526263922e-05,6
Bomadi,Ogriagbene,2023,10,1.1840439401566983e-05,10
Burutu,Bolou-Ndoro,2023,10,1.3698244445203316e-05,42
Burutu,Egodor,2023,10,2.6609230754447396e-05,29
Burutu,Eseinbiri,2023,10,1.0420390026411042e-05,16
Burutu,Kiagbodo,2023,10,1.466311514377594e-05,5
Burutu,Ngbilebiri,2023,10,2.7671854089324672e-05,6
Burutu,Obetebe,2023,10,1.6852336702868343e-05,50
Burutu,Ogulagha,2023,10,1.5800141475417398e-05,44
Burutu,Ojobo,2023,10,6.66891282889992e-06,5
Burutu,Tamigbe,2023,10,1.1181711504997855e-05,11
Burutu,Torugbene,2023,10,1.1412499588914216e-05,8
Burutu,Tuomo,2023,10,1.245651331443626e-05,13
Patani,Abari,2023,10,1.806149957701564e-05,5
Patani,Agoloma,2023,10,2.002933615585789e-05,5
Patani,Buluangiama,2023,10,1.6558001031323027e-05,12
Patani,Odorubu,2023,10,1.2794646733839596e-05,14
Patani,Patani 2,2023,10,1.8692039399563026e-05,6
Patani,Patani 3,2023,10,1.912760781124234e-05,5
Patani,Patani 4,2023,10,2.059968755929731e-05,4
Patani,Patani 5,2023,10,1.8685893987172415e-05,7
Patani,Toruangiama,2023,10,1.4181315782479942e-05,5
Patani,Uduophori,2023,10,1.207687546411762e-05,8
Warri South-West,Ajudaibo,2023,10,1.7815207684179768e-05,4
Warri South-West,Akpakpa,2023,10,1.6998907085508108e-05,5
Warri South-West,Isaba,2023,10,2.9396452009677888e-05,20
Warri South-West,Madangho,2023,10,1.912127117975615e-05,2
Warri South-West,Ogbe-Ijoh,2023,10,2.0840854124456157e-05,61
Warri South-West,Ogidigben,2023,10,1.5704621546319686e-05,8
Warri South-West,Okerenkoko,2023,10,1.535617245234928e-05,59
Warri South-West,Oporozo,2023,10,1.5105649557275077e-05,24
Warri South-West,Orere,2023,10,1.548500990288125e-05,9
Warri South-West,Ugborodo,2023,10,1.6146915731951596e-05,5
Warri South,Avenue,2023,10,3.119753091596067e-05,5
Warri South,Bowen,2023,10,3.114188075414859e-05,4
Warri South,Ekurede,2023,10,2.94019584544003e-05,5
Warri South,Esisi,2023,10,3.2964897400233895e-05,2
Warri South,Igbudu,2023,10,3.1253639463102445e-05,2
Warri South,Obodo,2023,10,2.0806579414056614e-05,32
Warri South,Ode-Itsekiri,2023,10,2.806471787731756e-05,11
Warri South,Okere,2023,10,3.177146087788666e-05,3
Warri South,Pessu,2023,10,2.931886410806328e-05,2
Warri South,Ubeji,2023,10,2.7448901584228643e-05,13
Bomadi,Akugbene 1,2023,11,2.242206574010197e-05,4
Bomadi,Akugbene 2,2023,11,2.171633968828246e-05,1
Bomadi,Akugbene 3,2023,11,2.2489915863843635e-05,2
Bomadi,Bomadi,2023,11,2.08440712109829e-05,6
Bomadi,Ekaametagbene/Kalafio,2023,11,1.5239525237120687e-05,20
Bomadi,Esanma,2023,11,2.090072666760534e-05,8
Bomadi,Kpakiama,2023,11,2.101800701994863e-05,9
Bomadi,Ogbeinma/Okoloba,2023,11,2.1990412885012727e-05,6
Bomadi,Ogo/Eze,2023,11,2.149102995948245e-05,6
Bomadi,Ogriagbene,2023,11,1.450510899303481e-05,10
Burutu,Bolou-Ndoro,2023,11,1.3196874143821852e-05,42
Burutu,Egodor,2023,11,2.350916299198208e-05,29
Burutu,Eseinbiri,2023,11,1.988983785849996e-05,16
Burutu,Kiagbodo,2023,11,2.4372444022446872e-05,5
Burutu,Ngbilebiri,2023,11,1.94569462716269e-05,6
Burutu,Obetebe,2023,11,1.720592612400651e-05,50
Burutu,Ogulagha,2023,11,1.7464282626116816e-05,44
Burutu,Ojobo,2023,11,1.1149617057526484e-05,5
Burutu,Tamigbe,2023,11,1.632732429160652e-05,11
Burutu,Torugbene,2023,11,1.3892863535147626e-05,8
Burutu,Tuomo,2023,11,1.811774228162204e-05,13
Patani,Abari,2023,11,1.686960458755493e-05,5
Patani,Agoloma,2023,11,1.6810244414955377e-05,5
Patani,Buluangiama,2023,11,1.7964372091228142e-05,12
Patani,Odorubu,2023,11,1.9268831238150597e-05,14
Patani,Patani 2,2023,11,1.5042978096365308e-05,6
Patani,Patani 3,2023,11,1.5519416774623095e-05,5
Patani,Patani 4,2023,11,1.5662628356949426e-05,4
Patani,Patani 5,2023,11,1.6427233016916682e-05,7
Patani,Toruangiama,2023,11,1.687355397734791e-05,5
Patani,Uduophori,2023,11,1.9099779819953255e-05,8
Warri South-West,Ajudaibo,2023,11,1.8024209566647187e-05,4
Warri South-West,Akpakpa,2023,11,1.6487925313413145e-05,5
Warri South-West,Isaba,2023,11,3.661713562905788e-05,20
Warri South-West,Madangho,2023,11,1.836044975789264e-05,2
Warri South-West,Ogbe-Ijoh,2023,11,2.6624439833838433e-05,61
Warri South-West,Ogidigben,2023,11,1.3424581084109377e-05,8
Warri South-West,Okerenkoko,2023,11,1.7428790392764544e-05,59
Warri South-West,Oporozo,2023,11,1.679689861096752e-05,24
Warri South-West,Orere,2023,11,1.6240930158851876e-05,9
Warri South-West,Ugborodo,2023,11,1.8320567323826254e-05,5
Warri South,Avenue,2023,11,3.663624811451882e-05,5
Warri South,Bowen,2023,11,3.953760824515484e-05,4
Warri South,Ekurede,2023,11,3.476922574918717e-05,5
Warri South,Esisi,2023,11,4.0891878597904e-05,2
Warri South,Igbudu,2023,11,4.199448449071497e-05,2
Warri South,Obodo,2023,11,2.06825316126924e-05,32
Warri South,Ode-Itsekiri,2023,11,4.0662771260196514e-05,11
Warri South,Okere,2023,11,3.979810086699823e-05,3
Warri South,Pessu,2023,11,3.818333425442688e-05,2
Warri South,Ubeji,2023,11,3.0280113256034943e-05,13
Bomadi,Akugbene 1,2023,12,2.9395090678008273e-05,4
Bomadi,Akugbene 2,2023,12,2.8820943043683656e-05,1
Bomadi,Akugbene 3,2023,12,2.8720100090140477e-05,2
Bomadi,Bomadi,2023,12,2.7060940434845786e-05,6
Bomadi,Ekaametagbene/Kalafio,2023,12,2.53097852692008e-05,20
Bomadi,Esanma,2023,12,2.741672687989194e-05,8
Bomadi,Kpakiama,2023,12,2.9812369676720766e-05,9
Bomadi,Ogbeinma/Okoloba,2023,12,3.0305336016075064e-05,6
Bomadi,Ogo/Eze,2023,12,3.182856016792357e-05,6
Bomadi,Ogriagbene,2023,12,2.5309325428679587e-05,10
Burutu,Bolou-Ndoro,2023,12,2.4044143390797434e-05,42
Burutu,Egodor,2023,12,3.356476322394507e-05,29
Burutu,Eseinbiri,2023,12,2.6139005058212206e-05,16
Burutu,Kiagbodo,2023,12,3.792445932049304e-05,5
Burutu,Ngbilebiri,2023,12,3.413767020295685e-05,6
Burutu,Obetebe,2023,12,2.7314131148159505e-05,50
Burutu,Ogulagha,2023,12,2.39197371146557e-05,44
Burutu,Ojobo,2023,12,2.5052783894352614e-05,5
Burutu,Tamigbe,2023,12,2.6195852445777167e-05,11
Burutu,Torugbene,2023,12,2.465432589815464e-05,8
Burutu,Tuomo,2023,12,2.693174218830581e-05,13
Patani,Abari,2023,12,2.867177245207131e-05,5
Patani,Agoloma,2023,12,2.738680341280997e-05,5
Patani,Buluangiama,2023,12,2.6793789099125814e-05,12
Patani,Odorubu,2023,12,2.800482408409672e-05,14
Patani,Patani 2,2023,12,2.891324887362619e-05,6
Patani,Patani 3,2023,12,2.9283377807587384e-05,5
Patani,Patani 4,2023,12,2.826413037837483e-05,4
Patani,Patani 5,2023,12,2.749983104877174e-05,7
Patani,Toruangiama,2023,12,2.636394347064197e-05,5
Patani,Uduophori,2023,12,2.7391379262553528e-05,8
Warri South-West,Ajudaibo,2023,12,2.9209621061454527e-05,4
Warri South-West,Akpakpa,2023,12,2.7956883423030375e-05,5
Warri South-West,Isaba,2023,12,3.4673852496780455e-05,20
Warri South-West,Madangho,2023,12,2.8302247301326133e-05,2
Warri South-West,Ogbe-Ijoh,2023,12,2.7364333633516655e-05,61
Warri South-West,Ogidigben,2023,12,2.619518454594072e-05,8
Warri South-West,Okerenkoko,2023,12,2.5599322802687094e-05,59
Warri South-West,Oporozo,2023,12,2.4764786455004167e-05,24
Warri South-West,Orere,2023,12,2.338833938766685e-05,9
Warri South-West,Ugborodo,2023,12,2.602853928692639e-05,5
Warri South,Avenue,2023,12,4.5534229138866066e-05,5
Warri South,Bowen,2023,12,5.1799124776152894e-05,4
Warri South,Ekurede,2023,12,4.4209795305505395e-05,5
Warri South,Esisi,2023,12,5.238463927526027e-05,2
Warri South,Igbudu,2023,12,5.3037139878142625e-05,2
Warri South,Obodo,2023,12,2.724938894971274e-05,32
Warri South,Ode-Itsekiri,2023,12,3.5914682402190835e-05,11
Warri South,Okere,2023,12,5.166473662635932e-05,3
Warri South,Pessu,2023,12,5.121361027704552e-05,2
Warri South,Ubeji,2023,12,3.198123214623103e-05,13
Bomadi,Akugbene 1,2024,1,3.348133395775221e-05,4
Bomadi,Akugbene 2,2024,1,3.4599484934005886e-05,1
Bomadi,Akugbene 3,2024,1,3.410156205063686e-05,2
Bomadi,Bomadi,2024,1,3.4145108656957746e-05,6
Bomadi,Ekaametagbene/Kalafio,2024,1,2.8032634872943163e-05,20
Bomadi,Esanma,2024,1,3.2993018976412714e-05,8
Bomadi,Kpakiama,2024,1,3.682098273808757e-05,9
Bomadi,Ogbeinma/Okoloba,2024,1,3.412152000237256e-05,6
Bomadi,Ogo/Eze,2024,1,3.40356103455027e-05,6
Bomadi,Ogriagbene,2024,1,2.7417566161602736e-05,10
Burutu,Bolou-Ndoro,2024,1,2.528798844044407e-05,42
Burutu,Egodor,2024,1,3.3488304450594145e-05,29
Burutu,Eseinbiri,2024,1,3.085304342675954e-05,16
Burutu,Kiagbodo,2024,1,4.141415120102465e-05,5
Burutu,Ngbilebiri,2024,1,3.2883105935373656e-05,6
Burutu,Obetebe,2024,1,2.717472380027175e-05,50
Burutu,Ogulagha,2024,1,2.528982639143413e-05,44
Burutu,Ojobo,2024,1,2.7769370353780688e-05,5
Burutu,Tamigbe,2024,1,2.809261522171172e-05,11
Burutu,Torugbene,2024,1,2.715863593039103e-05,8
Burutu,Tuomo,2024,1,3.089451526578229e-05,13
Patani,Abari,2024,1,3.293682239018381e-05,5
Patani,Agoloma,2024,1,3.5648728953674436e-05,5
Patani,Buluangiama,2024,1,3.5833957857297115e-05,12
Patani,Odorubu,2024,1,3.373887115490756e-05,14
Patani,Patani 2,2024,1,3.347837870630125e-05,6
Patani,Patani 3,2024,1,3.332521882839501e-05,5
Patani,Patani 4,2024,1,3.52740244125016e-05,4
Patani,Patani 5,2024,1,3.6109122447669506e-05,7
Patani,Toruangiama,2024,1,3.478539292700589e-05,5
Patani,Uduophori,2024,1,3.3833948691608384e-05,8
Warri South-West,Ajudaibo,2024,1,2.792777377180755e-05,4
Warri South-West,Akpakpa,2024,1,2.8105458477512e-05,5
Warri South-West,Isaba,2024,1,3.5105383722111584e-05,20
Warri South-West,Madangho,2024,1,2.783055060717743e-05,2
Warri South-West,Ogbe-Ijoh,2024,1,3.0295434789579422e-05,61
Warri South-West,Ogidigben,2024,1,2.7361620595911518e-05,8
Warri South-West,Okerenkoko,2024,1,2.7675639395996675e-05,59
Warri South-West,Oporozo,2024,1,2.6646392749777686e-05,24
Warri South-West,Orere,2024,1,2.776123518641624e-05,9
Warri South-West,Ugborodo,2024,1,2.8913022833876312e-05,5
Warri South,Avenue,2024,1,4.813625128008425e-05,5
Warri South,Bowen,2024,1,5.4458851082017645e-05,4
Warri South,Ekurede,2024,1,4.531960585154593e-05,5
Warri South,Esisi,2024,1,5.625253834296018e-05,2
Warri South,Igbudu,2024,1,5.786098699900322e-05,2
Warri South,Obodo,2024,1,2.9986604204168543e-05,32
Warri South,Ode-Itsekiri,2024,1,3.75060745599595e-05,11
Warri South,Okere,2024,1,5.3881783969700336e-05,3
Warri South,Pessu,2024,1,5.266516745905392e-05,2
Warri South,Ubeji,2024,1,3.4463408295638285e-05,13
Bomadi,Akugbene 1,2024,2,3.032873064512387e-05,4
Bomadi,Akugbene 2,2024,2,3.420929715503007e-05,1
Bomadi,Akugbene 3,2024,2,3.2381991331931204e-05,2
Bomadi,Bomadi,2024,2,2.768338405682395e-05,6
Bomadi,Ekaametagbene/Kalafio,2024,2,2.2469618124887346e-05,20
Bomadi,Esanma,2024,2,2.7539386792341247e-05,8
Bomadi,Kpakiama,2024,2,3.091895875210563e-05,9
Bomadi,Ogbeinma/Okoloba,2024,2,3.194785191832731e-05,6
Bomadi,Ogo/Eze,2024,2,3.153593812991554e-05,6
Bomadi,Ogriagbene,2024,2,2.1457773982547224e-05,10
Burutu,Bolou-Ndoro,2024,2,2.0996078438613386e-05,42
Burutu,Egodor,2024,2,2.8652951908137265e-05,29
Burutu,Eseinbiri,2024,2,2.4467335606459528e-05,16
Burutu,Kiagbodo,2024,2,3.8870825665071604e-05,5
Burutu,Ngbilebiri,2024,2,2.880755103736495e-05,6
Burutu,Obetebe,2024,2,2.2194096818566322e-05,50
Burutu,Ogulagha,2024,2,1.98414094153453e-05,44
Burutu,Ojobo,2024,2,2.336236066184938e-05,5
Burutu,Tamigbe,2024,2,2.4027736137875102e-05,11
Burutu,Torugbene,2024,2,2.5350804207846522e-05,8
Burutu,Tuomo,2024,2,2.5003127610454194e-05,13
Patani,Abari,2024,2,3.1422736356034875e-05,5
Patani,Agoloma,2024,2,2.5199633091688157e-05,5
Patani,Buluangiama,2024,2,2.709034743020311e-05,12
Patani,Odorubu,2024,2,2.252387223831777e-05,14
Patani,Patani 2,2024,2,2.9192315802598994e-05,6
Patani,Patani 3,2024,2,2.9940466629341244e-05,5
Patani,Patani 4,2024,2,2.9139104299247265e-05,4
Patani,Patani 5,2024,2,2.6968164352833162e-05,7
Patani,Toruangiama,2024,2,2.9021347290836275e-05,5
Patani,Uduophori,2024,2,2.3925576897454448e-05,8
Warri South-West,Ajudaibo,2024,2,1.9717148461495526e-05,4
Warri South-West,Akpakpa,2024,2,1.8917786655947565e-05,5
Warri South-West,Isaba,2024,2,2.7587066870182753e-05,20
Warri South-West,Madangho,2024,2,2.0734325516968966e-05,2
Warri South-West,Ogbe-Ijoh,2024,2,2.4030412562557907e-05,61
Warri South-West,Ogidigben,2024,2,1.9522540242178366e-05,8
Warri South-West,Okerenkoko,2024,2,2.119923010468483e-05,59
Warri South-West,Oporozo,2024,2,1.9478758379894618e-05,24
Warri South-West,Orere,2024,2,1.9805079015592735e-05,9
Warri South-West,Ugborodo,2024,2,2.0470742310862988e-05,5
Warri South,Avenue,2024,2,3.548378008417785e-05,5
Warri South,Bowen,2024,2,3.760386607609689e-05,4
Warri South,Ekurede,2024,2,3.4610513830557464e-05,5
Warri South,Esisi,2024,2,3.9039266994223e-05,2
Warri South,Igbudu,2024,2,3.755623401957564e-05,2
Warri South,Obodo,2024,2,2.404366750852205e-05,32
Warri South,Ode-Itsekiri,2024,2,2.9363899639892306e-05,11
Warri South,Okere,2024,2,3.8187240231006094e-05,3
Warri South,Pessu,2024,2,3.616846879594959e-05,2
Warri South,Ubeji,2024,2,2.8362300676795152e-05,13
Bomadi,Akugbene 1,2024,3,1.8212926079286262e-05,4
Bomadi,Akugbene 2,2024,3,1.8623099094838835e-05,1
Bomadi,Akugbene 3,2024,3,1.6375965060433373e-05,2
Bomadi,Bomadi,2024,3,1.4008600070762137e-05,6
Bomadi,Ekaametagbene/Kalafio,2024,3,2.0456788479350508e-05,20
Bomadi,Esanma,2024,3,1.793058618204668e-05,8
Bomadi,Kpakiama,2024,3,1.0812699555471125e-05,9
Bomadi,Ogbeinma/Okoloba,2024,3,1.816760777728632e-05,6
Bomadi,Ogo/Eze,2024,3,2.066612554093202e-05,6
Bomadi,Ogriagbene,2024,3,1.7908365407492965e-05,10
Burutu,Bolou-Ndoro,2024,3,1.741202071397787e-05,42
Burutu,Egodor,2024,3,2.144766040146351e-05,29
Burutu,Eseinbiri,2024,3,1.8619661204866134e-05,16
Burutu,Kiagbodo,2024,3,2.030336472671479e-05,5
Burutu,Ngbilebiri,2024,3,2.0659383153542876e-05,6
Burutu,Obetebe,2024,3,1.977714477106929e-05,50
Burutu,Ogulagha,2024,3,1.8115626351738516e-05,44
Burutu,Ojobo,2024,3,1.4530899352394045e-05,5
Burutu,Tamigbe,2024,3,1.695301299068061e-05,11
Burutu,Torugbene,2024,3,1.5304145563277416e-05,8
Burutu,Tuomo,2024,3,1.5653238873570583e-05,13
Patani,Abari,2024,3,9.257742203772067e-06,5
Patani,Agoloma,2024,3,6.105658394517377e-06,5
Patani,Buluangiama,2024,3,1.1833699924560884e-05,12
Patani,Odorubu,2024,3,9.272622784400092e-06,14
Patani,Patani 2,2024,3,9.666103020814868e-06,6
Patani,Patani 3,2024,3,9.469487122260033e-06,5
Patani,Patani 4,2024,3,1.038683967635734e-05,4
Patani,Patani 5,2024,3,1.1476045723871461e-05,7
Patani,Toruangiama,2024,3,1.2912422243971378e-05,5
Patani,Uduophori,2024,3,1.1296769116597716e-05,8
Warri South-West,Ajudaibo,2024,3,2.1191402993281372e-05,4
Warri South-West,Akpakpa,2024,3,1.998920342884958e-05,5
Warri South-West,Isaba,2024,3,2.27461670874618e-05,20
Warri South-West,Madangho,2024,3,2.200754897785373e-05,2
Warri South-West,Ogbe-Ijoh,2024,3,2.1585089643104155e-05,61
Warri South-West,Ogidigben,2024,3,1.930540383909829e-05,8
Warri South-West,Okerenkoko,2024,3,2.0837588867141027e-05,59
Warri South-West,Oporozo,2024,3,2.029940878855996e-05,24
Warri South-West,Orere,2024,3,1.992745900578383e-05,9
Warri South-West,Ugborodo,2024,3,2.161150478059426e-05,5
Warri South,Avenue,2024,3,2.8781685978174208e-05,5
Warri South,Bowen,2024,3,3.0691597203258425e-05,4
Warri South,Ekurede,2024,3,2.7127761859446765e-05,5
Warri South,Esisi,2024,3,3.1406572816194966e-05,2
Warri South,Igbudu,2024,3,3.287436265964061e-05,2
Warri South,Obodo,2024,3,2.1185085643082857e-05,32
Warri South,Ode-Itsekiri,2024,3,2.416382564909079e-05,11
Warri South,Okere,2024,3,3.031348508860295e-05,3
Warri South,Pessu,2024,3,2.9976617952343076e-05,2
Warri South,Ubeji,2024,3,2.3698490202570192e-05,13
Bomadi,Akugbene 1,2024,4,1.920345312100835e-05,4
Bomadi,Akugbene 2,2024,4,1.55772013386013e-05,1
Bomadi,Akugbene 3,2024,4,1.4470118912868202e-05,2
Bomadi,Bomadi,2024,4,1.875370799098164e-05,6
Bomadi,Ekaametagbene/Kalafio,2024,4,1.1213068501092493e-05,20
Bomadi,Esanma,2024,4,1.714979953248985e-05,8
Bomadi,Kpakiama,2024,4,1.8516901440711485e-05,9
Bomadi,Ogbeinma/Okoloba,2024,4,1.794755128988375e-05,6
Bomadi,Ogo/Eze,2024,4,1.8289843865204602e-05,6
Bomadi,Ogriagbene,2024,4,4.599391832016408e-06,10
Burutu,Bolou-Ndoro,2024,4,9.984042706145418e-06,42
Burutu,Egodor,2024,4,1.4609067122740992e-05,29
Burutu,Eseinbiri,2024,4,1.2644457456190139e-05,16
Burutu,Kiagbodo,2024,4,1.9448291277512907e-05,5
Burutu,Ngbilebiri,2024,4,1.637524110265076e-05,6
Burutu,Obetebe,2024,4,1.3427776284515858e-05,50
Burutu,Ogulagha,2024,4,1.5236811701801013e-05,44
Burutu,Ojobo,2024,4,1.4346683747135102e-05,5
Burutu,Tamigbe,2024,4,6.19728697612035e-06,11
Burutu,Torugbene,2024,4,1.3034074981987942e-05,8
Burutu,Tuomo,2024,4,1.0106372288786448e-05,13
Patani,Abari,2024,4,1.9600102677941323e-05,5
Patani,Agoloma,2024,4,1.544679544167593e-05,5
Patani,Buluangiama,2024,4,1.6464838457371418e-05,12
Patani,Odorubu,2024,4,1.5955966123978476e-05,14
Patani,Patani 2,2024,4,1.7199556168634444e-05,6
Patani,Patani 3,2024,4,1.732579548843205e-05,5
Patani,Patani 4,2024,4,1.757538120727986e-05,4
Patani,Patani 5,2024,4,1.642603040506531e-05,7
Patani,Toruangiama,2024,4,1.6579350631218404e-05,5
Patani,Uduophori,2024,4,1.5127322512853425e-05,8
Warri South-West,Ajudaibo,2024,4,1.5891724615357816e-05,4
Warri South-West,Akpakpa,2024,4,1.628351892577484e-05,5
Warri South-West,Isaba,2024,4,1.4056779036764055e-05,20
Warri South-West,Madangho,2024,4,1.6734655218897387e-05,2
Warri South-West,Ogbe-Ijoh,2024,4,1.5724896926616058e-05,61
Warri South-West,Ogidigben,2024,4,1.5078060641826596e-05,8
Warri South-West,Okerenkoko,2024,4,1.308633807762447e-05,59
Warri South-West,Oporozo,2024,4,1.5359544098222006e-05,24
Warri South-West,Orere,2024,4,1.4703086991277007e-05,9
Warri South-West,Ugborodo,2024,4,1.3964949175715446e-05,5
Warri South,Avenue,2024,4,2.5491055566817522e-05,5
Warri South,Bowen,2024,4,2.570337528595701e-05,4
Warri South,Ekurede,2024,4,2.2978242486715317e-05,5
Warri South,Esisi,2024,4,2.9121345505700447e-05,2
Warri South,Igbudu,2024,4,2.570915239630267e-05,2
Warri South,Obodo,2024,4,1.6411449905717745e-05,32
Warri South,Ode-Itsekiri,2024,4,1.686936990484934e-05,11
Warri South,Okere,2024,4,2.6822386037868757e-05,3
Warri South,Pessu,2024,4,2.2285406885202974e-05,2
Warri South,Ubeji,2024,4,1.9062930592693963e-05,13
Bomadi,Akugbene 1,2024,5,1.6406895156251267e-05,4
Bomadi,Akugbene 2,2024,5,1.5264284229488112e-05,1
Bomadi,Akugbene 3,2024,5,1.497412540629739e-05,2
Bomadi,Bomadi,2024,5,1.753467464974771e-05,6
Bomadi,Ekaametagbene/Kalafio,2024,5,1.2491816596593707e-05,20
Bomadi,Esanma,2024,5,1.4983167602622416e-05,8
Bomadi,Kpakiama,2024,5,1.7489790075665547e-05,9
Bomadi,Ogbeinma/Okoloba,2024,5,1.5531385239834588e-05,6
Bomadi,Ogo/Eze,2024,5,1.663815904369888e-05,6
Bomadi,Ogriagbene,2024,5,1.296337868552655e-05,10
Burutu,Bolou-Ndoro,2024,5,1.2358376157603093e-05,42
Burutu,Egodor,2024,5,2.292712652606183e-05,29
Burutu,Eseinbiri,2024,5,1.4698987797601148e-05,16
Burutu,Kiagbodo,2024,5,1.8290209118276836e-05,5
Burutu,Ngbilebiri,2024,5,1.977656575036235e-05,6
Burutu,Obetebe,2024,5,1.6028721584007145e-05,50
Burutu,Ogulagha,2024,5,1.675809537780217e-05,44
Burutu,Ojobo,2024,5,1.096382038667798e-05,5
Burutu,Tamigbe,2024,5,1.367640850896185e-05,11
Burutu,Torugbene,2024,5,1.3648106687469408e-05,8
Burutu,Tuomo,2024,5,1.5953556822541243e-05,13
Patani,Abari,2024,5,1.6947768745012582e-05,5
Patani,Agoloma,2024,5,1.7053872579708695e-05,5
Patani,Buluangiama,2024,5,1.7405500936244305e-05,12
Patani,Odorubu,2024,5,1.669255496900795e-05,14
Patani,Patani 2,2024,5,1.699230172865403e-05,6
Patani,Patani 3,2024,5,1.6892526764422656e-05,5
Patani,Patani 4,2024,5,1.9017932572751306e-05,4
Patani,Patani 5,2024,5,1.837452457818602e-05,7
Patani,Toruangiama,2024,5,1.675783278187737e-05,5
Patani,Uduophori,2024,5,1.724433786876034e-05,8
Warri South-West,Ajudaibo,2024,5,1.887325561256148e-05,4
Warri South-West,Akpakpa,2024,5,1.9956479081884027e-05,5
Warri South-West,Isaba,2024,5,3.231846494600177e-05,20
Warri South-West,Madangho,2024,5,1.9457853341009468e-05,2
Warri South-West,Ogbe-Ijoh,2024,5,2.4825174239326696e-05,61
Warri South-West,Ogidigben,2024,5,1.9431121472734958e-05,8
Warri South-West,Okerenkoko,2024,5,1.7703980428435035e-05,59
Warri South-West,Oporozo,2024,5,1.962201713467948e-05,24
Warri South-West,Orere,2024,5,1.8374420404951605e-05,9
Warri South-West,Ugborodo,2024,5,1.964168914128095e-05,5
Warri South,Avenue,2024,5,3.5471701994538304e-05,5
Warri South,Bowen,2024,5,3.81896024919115e-05,4
Warri South,Ekurede,2024,5,3.795446828007698e-05,5
Warri South,Esisi,2024,5,3.6356788768898696e-05,2
Warri South,Igbudu,2024,5,3.512368130031973e-05,2
Warri South,Obodo,2024,5,2.063909596472513e-05,32
Warri South,Ode-Itsekiri,2024,5,3.782130079343915e-05,11
Warri South,Okere,2024,5,3.884384689930206e-05,3
Warri South,Pessu,2024,5,4.00224125769455e-05,2
Warri South,Ubeji,2024,5,3.330889740027487e-05,13
Bomadi,Akugbene 1,2024,6,1.5603247447870672e-05,4
Bomadi,Akugbene 2,2024,6,1.652793616813142e-05,1
Bomadi,Akugbene 3,2024,6,1.8327580619370565e-05,2
Bomadi,Bomadi,2024,6,2.176999259972945e-05,6
Bomadi,Ekaametagbene/Kalafio,2024,6,9.890686487779022e-06,20
Bomadi,Esanma,2024,6,1.7853617464425042e-05,8
Bomadi,Kpakiama,2024,6,2.947559631947014e-05,9
Bomadi,Ogbeinma/Okoloba,2024,6,1.5242113780307895e-05,6
Bomadi,Ogo/Eze,2024,6,1.2457120950178554e-05,6
Bomadi,Ogriagbene,2024,6,8.230667299358175e-06,10
Burutu,Bolou-Ndoro,2024,6,8.027270225630629e-06,42
Burutu,Egodor,2024,6,1.1815371369172272e-05,29
Burutu,Eseinbiri,2024,6,1.403499481966719e-05,16
Burutu,Kiagbodo,2024,6,1.3622039114125073e-05,5
Burutu,Ngbilebiri,2024,6,6.739879002755818e-06,6
Burutu,Obetebe,2024,6,1.0878308676183224e-05,50
Burutu,Ogulagha,2024,6,1.5018704950555481e-05,44
Burutu,Ojobo,2024,6,8.058552339207381e-06,5
Burutu,Tamigbe,2024,6,1.1745088903064078e-05,11
Burutu,Torugbene,2024,6,1.097553194995271e-05,8
Burutu,Tuomo,2024,6,1.599356675377259e-05,13
Patani,Abari,2024,6,1.9236658408772202e-05,5
Patani,Agoloma,2024,6,1.962161477422342e-05,5
Patani,Buluangiama,2024,6,1.823422401988258e-05,12
Patani,Odorubu,2024,6,2.391696866002998e-05,14
Patani,Patani 2,2024,6,1.7878531555955608e-05,6
Patani,Patani 3,2024,6,1.827301748562604e-05,5
Patani,Patani 4,2024,6,1.655964479141403e-05,4
Patani,Patani 5,2024,6,1.6398357859413538e-05,7
Patani,Toruangiama,2024,6,2.0039617083966732e-05,5
Patani,Uduophori,2024,6,2.1759095034212805e-05,8
Warri South-West,Ajudaibo,2024,6,1.6671243429300375e-05,4
Warri South-West,Akpakpa,2024,6,1.4583856682293117e-05,5
Warri South-West,Isaba,2024,6,1.6599545779172332e-05,20
Warri South-West,Madangho,2024,6,1.8042830561171286e-05,2
Warri South-West,Ogbe-Ijoh,2024,6,2.0047962726628194e-05,61
Warri South-West,Ogidigben,2024,6,1.4725350411026739e-05,8
Warri South-West,Okerenkoko,2024,6,1.7015989554130426e-05,59
Warri South-West,Oporozo,2024,6,1.6885818088970456e-05,24
Warri South-West,Orere,2024,6,1.5995101421140134e-05,9
Warri South-West,Ugborodo,2024,6,1.7077810480259358e-05,5
Warri South,Avenue,2024,6,2.2029533283784986e-05,5
Warri South,Bowen,2024,6,2.2356338376994245e-05,4
Warri South,Ekurede,2024,6,2.1418335381895304e-05,5
Warri South,Esisi,2024,6,2.4692126316949725e-05,2
Warri South,Igbudu,2024,6,2.3089869500836357e-05,2
Warri South,Obodo,2024,6,1.7526150259072892e-05,32
Warri South,Ode-Itsekiri,2024,6,2.1526838695122436e-05,11
Warri South,Okere,2024,6,2.3030239390209317e-05,3
Warri South,Pessu,2024,6,2.0020550437038764e-05,2
Warri South,Ubeji,2024,6,1.866589837635939e-05,13
Bomadi,Akugbene 1,2024,7,1.1740083209588192e-05,4
Bomadi,Akugbene 2,2024,7,1.2219103155075572e-05,1
Bomadi,Akugbene 3,2024,7,1.1314045877952594e-05,2
Bomadi,Bomadi,2024,7,1.240001802216284e-05,6
Bomadi,Ekaametagbene/Kalafio,2024,7,1.0238849790766836e-05,20
Bomadi,Esanma,2024,7,1.0187535735894926e-05,8
Bomadi,Kpakiama,2024,7,1.303655153606087e-05,9
Bomadi,Ogbeinma/Okoloba,2024,7,1.2230653131458288e-05,6
Bomadi,Ogo/Eze,2024,7,1.2677241708540047e-05,6
Bomadi,Ogriagbene,2024,7,8.732582500670105e-06,10
Burutu,Bolou-Ndoro,2024,7,9.01555800477841e-06,42
Burutu,Egodor,2024,7,1.203115318966066e-05,29
Burutu,Eseinbiri,2024,7,1.0081519576488063e-05,16
Burutu,Kiagbodo,2024,7,1.3032014248892664e-05,5
Burutu,Ngbilebiri,2024,7,1.2001054225644717e-05,6
Burutu,Obetebe,2024,7,9.638533229008316e-06,50
Burutu,Ogulagha,2024,7,8.849459515080195e-06,44
Burutu,Ojobo,2024,7,7.891043787822128e-06,5
Burutu,Tamigbe,2024,7,8.906780170615424e-06,11
Burutu,Torugbene,2024,7,8.434729352302384e-06,8
Burutu,Tuomo,2024,7,1.026151361517035e-05,13
Patani,Abari,2024,7,1.4362868387252093e-05,5
Patani,Agoloma,2024,7,1.3374263653531671e-05,5
Patani,Buluangiama,2024,7,1.35261652758345e-05,12
Patani,Odorubu,2024,7,1.247225736733526e-05,14
Patani,Patani 2,2024,7,1.3368508613590771e-05,6
Patani,Patani 3,2024,7,1.3310392387211322e-05,5
Patani,Patani 4,2024,7,1.3262086213217117e-05,4
Patani,Patani 5,2024,7,1.3843047781847417e-05,7
Patani,Toruangiama,2024,7,1.3177066284697503e-05,5
Patani,Uduophori,2024,7,1.2788262210960966e-05,8
Warri South-West,Ajudaibo,2024,7,1.217303542944137e-05,4
Warri South-West,Akpakpa,2024,7,1.0997680510627105e-05,5
Warri South-West,Isaba,2024,7,1.3057830801699311e-05,20
Warri South-West,Madangho,2024,7,1.2382059139781632e-05,2
Warri South-West,Ogbe-Ijoh,2024,7,1.160353403080438e-05,61
Warri South-West,Ogidigben,2024,7,1.0361902241129428e-05,8
Warri South-West,Okerenkoko,2024,7,1.1125775803890774e-05,59
Warri South-West,Oporozo,2024,7,1.1087893653893843e-05,24
Warri South-West,Orere,2024,7,9.589700817337467e-06,9
Warri South-West,Ugborodo,2024,7,1.070705329766497e-05,5
Warri South,Avenue,2024,7,1.3652289635501801e-05,5
Warri South,Bowen,2024,7,1.5298759535653517e-05,4
Warri South,Ekurede,2024,7,1.3273436343297362e-05,5
Warri South,Esisi,2024,7,1.5200463167275302e-05,2
Warri South,Igbudu,2024,7,1.6267755199805833e-05,2
Warri South,Obodo,2024,7,1.215731754200533e-05,32
Warri South,Ode-Itsekiri,2024,7,1.298930411311713e-05,11
Warri South,Okere,2024,7,1.4975523905983815e-05,3
Warri South,Pessu,2024,7,1.5397054085042328e-05,2
Warri South,Ubeji,2024,7,1.2997153904647208e-05,13
Bomadi,Akugbene 1,2024,8,1.3103087439958472e-05,4
Bomadi,Akugbene 2,2024,8,1.4325352822197601e-05,1
Bomadi,Akugbene 3,2024,8,1.3395338100963272e-05,2
Bomadi,Bomadi,2024,8,1.2933528826882442e-05,6
Bomadi,Ekaametagbene/Kalafio,2024,8,1.2149180111009628e-05,20
Bomadi,Esanma,2024,8,1.2637185136554763e-05,8
Bomadi,Kpakiama,2024,8,1.3496746962320887e-05,9
Bomadi,Ogbeinma/Okoloba,2024,8,1.2956428690813482e-05,6
Bomadi,Ogo/Eze,2024,8,1.2178714920689041e-05,6
Bomadi,Ogriagbene,2024,8,1.1830976291093975e-05,10
Burutu,Bolou-Ndoro,2024,8,1.1108649362410819e-05,42
Burutu,Egodor,2024,8,1.3361851572348125e-05,29
Burutu,Eseinbiri,2024,8,1.3007597772229929e-05,16
Burutu,Kiagbodo,2024,8,1.2929766671732069e-05,5
Burutu,Ngbilebiri,2024,8,1.3422613847069442e-05,6
Burutu,Obetebe,2024,8,1.153401331976056e-05,50
Burutu,Ogulagha,2024,8,1.1046986566560173e-05,44
Burutu,Ojobo,2024,8,1.153074554167688e-05,5
Burutu,Tamigbe,2024,8,1.1873278047212146e-05,11
Burutu,Torugbene,2024,8,1.215870724990964e-05,8
Burutu,Tuomo,2024,8,1.2781247138403929e-05,13
Patani,Abari,2024,8,1.2321613030508161e-05,5
Patani,Agoloma,2024,8,1.247602776857093e-05,5
Patani,Buluangiama,2024,8,1.280988120318701e-05,12
Patani,Odorubu,2024,8,1.2029448823471154e-05,14
Patani,Patani 2,2024,8,1.2177263367145011e-05,6
Patani,Patani 3,2024,8,1.209368565469049e-05,5
Patani,Patani 4,2024,8,1.2491835150285624e-05,4
Patani,Patani 5,2024,8,1.2452506260680301e-05,7
Patani,Toruangiama,2024,8,1.3292378571350128e-05,5
Patani,Uduophori,2024,8,1.274932856176747e-05,8
Warri South-West,Ajudaibo,2024,8,1.2717159734165762e-05,4
Warri South-West,Akpakpa,2024,8,1.1499180254759267e-05,5
Warri South-West,Isaba,2024,8,1.2826004240196199e-05,20
Warri South-West,Madangho,2024,8,1.3522887456929311e-05,2
Warri South-West,Ogbe-Ijoh,2024,8,1.2382281921254319e-05,61
Warri South-West,Ogidigben,2024,8,1.1682784133881796e-05,8
Warri South-West,Okerenkoko,2024,8,1.1898259537578639e-05,59
Warri South-West,Oporozo,2024,8,1.2260208071287101e-05,24
Warri South-West,Orere,2024,8,1.2604046787600964e-05,9
Warri South-West,Ugborodo,2024,8,1.2431302457116544e-05,5
Warri South,Avenue,2024,8,1.1940642434637993e-05,5
Warri South,Bowen,2024,8,1.2830592822865583e-05,4
Warri South,Ekurede,2024,8,1.1560205894056708e-05,5
Warri South,Esisi,2024,8,1.212064853461925e-05,2
Warri South,Igbudu,2024,8,1.4004552213009447e-05,2
Warri South,Obodo,2024,8,1.2325359421083704e-05,32
Warri South,Ode-Itsekiri,2024,8,1.1428863879039206e-05,11
Warri South,Okere,2024,8,1.2189628857110316e-05,3
Warri South,Pessu,2024,8,1.3540535292122513e-05,2
Warri South,Ubeji,2024,8,1.2051226804032922e-05,13
Bomadi,Akugbene 1,2024,9,1.305731711909175e-05,4
Bomadi,Akugbene 2,2024,9,1.285308098886162e-05,1
Bomadi,Akugbene 3,2024,9,1.3097140254103579e-05,2
Bomadi,Bomadi,2024,9,1.4842566694521034e-05,6
Bomadi,Ekaametagbene/Kalafio,2024,9,1.1797805200330913e-05,20
Bomadi,Esanma,2024,9,1.1664627891150303e-05,8
Bomadi,Kpakiama,2024,9,1.4051153104648822e-05,9
Bomadi,Ogbeinma/Okoloba,2024,9,1.3986100384499878e-05,6
Bomadi,Ogo/Eze,2024,9,1.4643437073876461e-05,6
Bomadi,Ogriagbene,2024,9,1.1479581735329702e-05,10
Burutu,Bolou-Ndoro,2024,9,1.0581902599716115e-05,42
Burutu,Egodor,2024,9,1.4056870111681777e-05,29
Burutu,Eseinbiri,2024,9,1.3059350749244913e-05,16
Burutu,Kiagbodo,2024,9,1.5408954641316087e-05,5
Burutu,Ngbilebiri,2024,9,1.172502500897584e-05,6
Burutu,Obetebe,2024,9,1.1888585286214947e-05,50
Burutu,Ogulagha,2024,9,1.1628411646763032e-05,44
Burutu,Ojobo,2024,9,1.0353580000810325e-05,5
Burutu,Tamigbe,2024,9,1.1223345857367597e-05,11
Burutu,Torugbene,2024,9,1.0491748980712146e-05,8
Burutu,Tuomo,2024,9,1.3235555693077353e-05,13
Patani,Abari,2024,9,2.0934273197781295e-05,5
Patani,Agoloma,2024,9,1.4064190327189863e-05,5
Patani,Buluangiama,2024,9,1.3698388405221825e-05,12
Patani,Odorubu,2024,9,1.3240141145485853e-05,14
Patani,Patani 2,2024,9,1.7799897856699925e-05,6
Patani,Patani 3,2024,9,1.808795495890081e-05,5
Patani,Patani 4,2024,9,1.7954258510144427e-05,4
Patani,Patani 5,2024,9,1.5911501707575682e-05,7
Patani,Toruangiama,2024,9,1.3128509453963489e-05,5
Patani,Uduophori,2024,9,1.294574758503586e-05,8
Warri South-West,Ajudaibo,2024,9,1.5672208974137902e-05,4
Warri South-West,Akpakpa,2024,9,1.4991041098255664e-05,5
Warri South-West,Isaba,2024,9,1.4035931963007897e-05,20
Warri South-West,Madangho,2024,9,1.470036841055844e-05,2
Warri South-West,Ogbe-Ijoh,2024,9,1.3607157180543805e-05,61
Warri South-West,Ogidigben,2024,9,1.3433822459774092e-05,8
Warri South-West,Okerenkoko,2024,9,1.3244817806881363e-05,59
Warri South-West,Oporozo,2024,9,1.418412042160829e-05,24
Warri South-West,Orere,2024,9,1.1548545444384217e-05,9
Warri South-West,Ugborodo,2024,9,1.275736722163856e-05,5
Warri South,Avenue,2024,9,1.705582835711539e-05,5
Warri South,Bowen,2024,9,1.670633355388418e-05,4
Warri South,Ekurede,2024,9,1.6874403809197246e-05,5
Warri South,Esisi,2024,9,1.6861315089045092e-05,2
Warri South,Igbudu,2024,9,1.626685116207227e-05,2
Warri South,Obodo,2024,9,1.3385797501541674e-05,32
Warri South,Ode-Itsekiri,2024,9,1.5266001520847734e-05,11
Warri South,Okere,2024,9,1.708816853351891e-05,3
Warri South,Pessu,2024,9,1.6551353837712668e-05,2
Warri South,Ubeji,2024,9,1.4501420082524419e-05,13
Bomadi,Akugbene 1,2024,10,1.4927235497452784e-05,4
Bomadi,Akugbene 2,2024,10,1.2667602277360857e-05,1
Bomadi,Akugbene 3,2024,10,1.3866472727386281e-05,2
Bomadi,Bomadi,2024,10,1.825713358509044e-05,6
Bomadi,Ekaametagbene/Kalafio,2024,10,1.6482017235830428e-05,20
Bomadi,Esanma,2024,10,1.558008989377413e-05,8
Bomadi,Kpakiama,2024,10,1.835096110072401e-05,9
Bomadi,Ogbeinma/Okoloba,2024,10,1.576701955248912e-05,6
Bomadi,Ogo/Eze,2024,10,1.807647034487066e-05,6
Bomadi,Ogriagbene,2024,10,1.5894217358436436e-05,10
Burutu,Bolou-Ndoro,2024,10,1.5546031396037767e-05,42
Burutu,Egodor,2024,10,1.81064382998337e-05,29
Burutu,Eseinbiri,2024,10,1.587522820045706e-05,16
Burutu,Kiagbodo,2024,10,1.890762650873512e-05,5
Burutu,Ngbilebiri,2024,10,1.656688376291034e-05,6
Burutu,Obetebe,2024,10,1.6731410287320614e-05,50
Burutu,Ogulagha,2024,10,1.3771936540830541e-05,44
Burutu,Ojobo,2024,10,1.3026237138547003e-05,5
Burutu,Tamigbe,2024,10,1.2974831571971828e-05,11
Burutu,Torugbene,2024,10,1.1894605449924711e-05,8
Burutu,Tuomo,2024,10,1.5126706924862587e-05,13
Patani,Abari,2024,10,2.328134432900697e-05,5
Patani,Agoloma,2024,10,2.1161242329981178e-05,5
Patani,Buluangiama,2024,10,1.8468637184317533e-05,12
Patani,Odorubu,2024,10,1.658703903168706e-05,14
Patani,Patani 2,2024,10,2.297556056873873e-05,6
Patani,Patani 3,2024,10,2.3300462635234e-05,5
Patani,Patani 4,2024,10,2.2056265152059495e-05,4
Patani,Patani 5,2024,10,2.059550440338041e-05,7
Patani,Toruangiama,2024,10,1.7052621114999055e-05,5
Patani,Uduophori,2024,10,1.6392634279327467e-05,8
Warri South-West,Ajudaibo,2024,10,1.6813661204650998e-05,4
Warri South-West,Akpakpa,2024,10,1.5279228682629765e-05,5
Warri South-West,Isaba,2024,10,1.896596368169412e-05,20
Warri South-West,Madangho,2024,10,1.8031325453193858e-05,2
Warri South-West,Ogbe-Ijoh,2024,10,1.7444141300731018e-05,61
Warri South-West,Ogidigben,2024,10,1.3638577001984231e-05,8
Warri South-West,Okerenkoko,2024,10,1.5572692125530566e-05,59
Warri South-West,Oporozo,2024,10,1.583715493325144e-05,24
Warri South-West,Orere,2024,10,1.6095094098192123e-05,9
Warri South-West,Ugborodo,2024,10,1.679888373473659e-05,5
Warri South,Avenue,2024,10,2.195945562561974e-05,5
Warri South,Bowen,2024,10,1.981494642677717e-05,4
Warri South,Ekurede,2024,10,2.120996650774032e-05,5
Warri South,Esisi,2024,10,2.131748988176696e-05,2
Warri South,Igbudu,2024,10,1.9589242583606392e-05,2
Warri South,Obodo,2024,10,1.7053171177394688e-05,32
Warri South,Ode-Itsekiri,2024,10,1.848651233806529e-05,11
Warri South,Okere,2024,10,2.0387662516441196e-05,3
Warri South,Pessu,2024,10,1.8312402971787378e-05,2
Warri South,Ubeji,2024,10,1.9852933921636297e-05,13
Bomadi,Akugbene 1,2024,11,1.2511433851614129e-05,4
Bomadi,Akugbene 2,2024,11,1.2190529560029972e-05,1
Bomadi,Akugbene 3,2024,11,1.3548359675041866e-05,2
Bomadi,Bomadi,2024,11,1.3846824003849179e-05,6
Bomadi,Ekaametagbene/Kalafio,2024,11,1.3217830564826727e-05,20
Bomadi,Esanma,2024,11,1.1766082934627775e-05,8
Bomadi,Kpakiama,2024,11,1.4934223145246506e-05,9
Bomadi,Ogbeinma/Okoloba,2024,11,1.4551658144531151e-05,6
Bomadi,Ogo/Eze,2024,11,1.6514842476074893e-05,6
Bomadi,Ogriagbene,2024,11,1.3513599697034806e-05,10
Burutu,Bolou-Ndoro,2024,11,1.6242387660202528e-05,42
Burutu,Egodor,2024,11,1.8684135284274817e-05,29
Burutu,Eseinbiri,2024,11,1.3044604202150367e-05,16
Burutu,Kiagbodo,2024,11,1.962462702067569e-05,5
Burutu,Ngbilebiri,2024,11,1.598889260397603e-05,6
Burutu,Obetebe,2024,11,1.847399049438536e-05,50
Burutu,Ogulagha,2024,11,1.707394602073526e-05,44
Burutu,Ojobo,2024,11,1.2687072739936411e-05,5
Burutu,Tamigbe,2024,11,1.3365648390555924e-05,11
Burutu,Torugbene,2024,11,1.2862358744314406e-05,8
Burutu,Tuomo,2024,11,1.4568223447825472e-05,13
Patani,Abari,2024,11,1.8935094703920186e-05,5
Patani,Agoloma,2024,11,2.077282697428018e-05,5
Patani,Buluangiama,2024,11,1.9228755263611674e-05,12
Patani,Odorubu,2024,11,1.5565946731450303e-05,14
Patani,Patani 2,2024,11,2.000309662738194e-05,6
Patani,Patani 3,2024,11,1.9864215573761612e-05,5
Patani,Patani 4,2024,11,1.7479525922681205e-05,4
Patani,Patani 5,2024,11,1.782218792608806e-05,7
Patani,Toruangiama,2024,11,1.968693541130051e-05,5
Patani,Uduophori,2024,11,1.5694293324486353e-05,8
Warri South-West,Ajudaibo,2024,11,1.9066859749727882e-05,4
Warri South-West,Akpakpa,2024,11,1.78609523572959e-05,5
Warri South-West,Isaba,2024,11,2.2680471010971816e-05,20
Warri South-West,Madangho,2024,11,1.8826980522135273e-05,2
Warri South-West,Ogbe-Ijoh,2024,11,1.9326943476669123e-05,61
Warri South-West,Ogidigben,2024,11,1.5394571164506488e-05,8
Warri South-West,Okerenkoko,2024,11,1.6288594066528447e-05,59
Warri South-West,Oporozo,2024,11,1.7360122001264244e-05,24
Warri South-West,Orere,2024,11,1.5383337288060124e-05,9
Warri South-West,Ugborodo,2024,11,1.7296243458986283e-05,5
Warri South,Avenue,2024,11,3.2064830884337424e-05,5
Warri South,Bowen,2024,11,3.394171653781086e-05,4
Warri South,Ekurede,2024,11,3.062012256123125e-05,5
Warri South,Esisi,2024,11,3.539496537996456e-05,2
Warri South,Igbudu,2024,11,3.6186844226904213e-05,2
Warri South,Obodo,2024,11,1.6605355995125137e-05,32
Warri South,Ode-Itsekiri,2024,11,2.513801022856073e-05,11
Warri South,Okere,2024,11,3.3635544241406024e-05,3
Warri South,Pessu,2024,11,3.248847133363597e-05,2
Warri South,Ubeji,2024,11,2.099057355035956e-05,13
Bomadi,Akugbene 1,2024,12,3.352782368892804e-05,4
Bomadi,Akugbene 2,2024,12,3.536971053108573e-05,1
Bomadi,Akugbene 3,2024,12,3.441177250351757e-05,2
Bomadi,Bomadi,2024,12,3.4012438845820725e-05,6
Bomadi,Ekaametagbene/Kalafio,2024,12,2.7734271134249867e-05,20
Bomadi,Esanma,2024,12,3.1327530450653285e-05,8
Bomadi,Kpakiama,2024,12,3.651368832733068e-05,9
Bomadi,Ogbeinma/Okoloba,2024,12,3.521173493936658e-05,6
Bomadi,Ogo/Eze,2024,12,3.602916452412804e-05,6
Bomadi,Ogriagbene,2024,12,2.973488881252706e-05,10
Burutu,Bolou-Ndoro,2024,12,2.7793470681423233e-05,42
Burutu,Egodor,2024,12,3.58570551756641e-05,29
Burutu,Eseinbiri,2024,12,2.95154004561482e-05,16
Burutu,Kiagbodo,2024,12,4.303996975068003e-05,5
Burutu,Ngbilebiri,2024,12,3.669272700790316e-05,6
Burutu,Obetebe,2024,12,2.8951598796993494e-05,50
Burutu,Ogulagha,2024,12,2.6699801144952122e-05,44
Burutu,Ojobo,2024,12,2.933330833911896e-05,5
Burutu,Tamigbe,2024,12,2.9458177529952742e-05,11
Burutu,Torugbene,2024,12,2.9509235901059583e-05,8
Burutu,Tuomo,2024,12,3.0363874080089423e-05,13
Patani,Abari,2024,12,3.1088132527656856e-05,5
Patani,Agoloma,2024,12,3.285688289906829e-05,5
Patani,Buluangiama,2024,12,3.2954621322763465e-05,12
Patani,Odorubu,2024,12,3.183068058985684e-05,14
Patani,Patani 2,2024,12,3.169598251891633e-05,6
Patani,Patani 3,2024,12,3.184896777383983e-05,5
Patani,Patani 4,2024,12,3.367839235579595e-05,4
Patani,Patani 5,2024,12,3.328837504211281e-05,7
Patani,Toruangiama,2024,12,3.236772026866674e-05,5
Patani,Uduophori,2024,12,3.112711783614941e-05,8
Warri South-West,Ajudaibo,2024,12,3.432764788158238e-05,4
Warri South-West,Akpakpa,2024,12,3.055330016650259e-05,5
Warri South-West,Isaba,2024,12,3.852572990581393e-05,20
Warri South-West,Madangho,2024,12,3.521438338793814e-05,2
Warri South-West,Ogbe-Ijoh,2024,12,3.134908505761233e-05,61
Warri South-West,Ogidigben,2024,12,2.9014965548412874e-05,8
Warri South-West,Okerenkoko,2024,12,2.765696953540131e-05,59
Warri South-West,Oporozo,2024,12,2.806295621364067e-05,24
Warri South-West,Orere,2024,12,2.7364530574737324e-05,9
Warri South-West,Ugborodo,2024,12,3.3555622212588784e-05,5
Warri South,Avenue,2024,12,4.880962078459561e-05,5
Warri South,Bowen,2024,12,5.4228697990765795e-05,4
Warri South,Ekurede,2024,12,4.637133097276092e-05,5
Warri South,Esisi,2024,12,5.535267337108962e-05,2
Warri South,Igbudu,2024,12,5.7654789998196065e-05,2
Warri South,Obodo,2024,12,3.08181406580843e-05,32
Warri South,Ode-Itsekiri,2024,12,4.0571454023434356e-05,11
Warri South,Okere,2024,12,5.342189494209985e-05,3
Warri South,Pessu,2024,12,5.310471897246316e-05,2
Warri South,Ubeji,2024,12,3.607320160461733e-05,13
Bomadi,Akugbene 1,2025,1,3.7239689845591784e-05,4
Bomadi,Akugbene 2,2025,1,3.774618744500913e-05,1
Bomadi,Akugbene 3,2025,1,3.984908471466042e-05,2
Bomadi,Bomadi,2025,1,3.7347247901683055e-05,6
Bomadi,Ekaametagbene/Kalafio,2025,1,3.300463140476495e-05,20
Bomadi,Esanma,2025,1,3.76002790289931e-05,8
Bomadi,Kpakiama,2025,1,3.878736040658421e-05,9
Bomadi,Ogbeinma/Okoloba,2025,1,3.747753119872262e-05,6
Bomadi,Ogo/Eze,2025,1,3.500253660604358e-05,6
Bomadi,Ogriagbene,2025,1,3.1675165519118306e-05,10
Burutu,Bolou-Ndoro,2025,1,3.125372209719249e-05,42
Burutu,Egodor,2025,1,3.632138370825299e-05,29
Burutu,Eseinbiri,2025,1,3.394073064555414e-05,16
Burutu,Kiagbodo,2025,1,3.906777710653842e-05,5
Burutu,Ngbilebiri,2025,1,3.590981214074418e-05,6
Burutu,Obetebe,2025,1,3.302224911749363e-05,50
Burutu,Ogulagha,2025,1,3.175224727866325e-05,44
Burutu,Ojobo,2025,1,3.060171729885042e-05,5
Burutu,Tamigbe,2025,1,3.207497171718966e-05,11
Burutu,Torugbene,2025,1,3.0540912121068686e-05,8
Burutu,Tuomo,2025,1,3.441491683658499e-05,13
Patani,Abari,2025,1,3.4606759436428546e-05,5
Patani,Agoloma,2025,1,3.968790988437831e-05,5
Patani,Buluangiama,2025,1,3.676281873291979e-05,12
Patani,Odorubu,2025,1,3.587936849466392e-05,14
Patani,Patani 2,2025,1,3.5728298826143146e-05,6
Patani,Patani 3,2025,1,3.5789250978268684e-05,5
Patani,Patani 4,2025,1,3.754693898372352e-05,4
Patani,Patani 5,2025,1,3.8186591284881744e-05,7
Patani,Toruangiama,2025,1,3.564474463928491e-05,5
Patani,Uduophori,2025,1,3.509799353196286e-05,8
Warri South-West,Ajudaibo,2025,1,4.0280327084474266e-05,4
Warri South-West,Akpakpa,2025,1,3.6296440521255134e-05,5
Warri South-West,Isaba,2025,1,3.8215520908124746e-05,20
Warri South-West,Madangho,2025,1,4.145936691202223e-05,2
Warri South-West,Ogbe-Ijoh,2025,1,3.512945316243367e-05,61
Warri South-West,Ogidigben,2025,1,3.420656139496714e-05,8
Warri South-West,Okerenkoko,2025,1,3.291699853804657e-05,59
Warri South-West,Oporozo,2025,1,3.420848224777728e-05,24
Warri South-West,Orere,2025,1,3.311492683779862e-05,9
Warri South-West,Ugborodo,2025,1,3.86116502340883e-05,5
Warri South,Avenue,2025,1,4.883795045316219e-05,5
Warri South,Bowen,2025,1,5.293350841384381e-05,4
Warri South,Ekurede,2025,1,4.6902502072043716e-05,5
Warri South,Esisi,2025,1,5.287754538585432e-05,2
Warri South,Igbudu,2025,1,5.649766171700321e-05,2
Warri South,Obodo,2025,1,3.460823791101575e-05,32
Warri South,Ode-Itsekiri,2025,1,3.97496465170248e-05,11
Warri South,Okere,2025,1,5.1550664162884154e-05,3
Warri South,Pessu,2025,1,5.298947507981211e-05,2
Warri South,Ubeji,2025,1,3.911126763201677e-05,13
Bomadi,Akugbene 1,2025,2,2.7618169042398222e-05,4
Bomadi,Akugbene 2,2025,2,2.8298247343627736e-05,1
Bomadi,Akugbene 3,2025,2,2.6947276637656614e-05,2
Bomadi,Bomadi,2025,2,2.341469128926595e-05,6
Bomadi,Ekaametagbene/Kalafio,2025,2,2.35188432270661e-05,20
Bomadi,Esanma,2025,2,2.558012420195155e-05,8
Bomadi,Kpakiama,2025,2,2.6644906029105186e-05,9
Bomadi,Ogbeinma/Okoloba,2025,2,2.6812063879333436e-05,6
Bomadi,Ogo/Eze,2025,2,2.6068203927328188e-05,6
Bomadi,Ogriagbene,2025,2,2.3256563872564583e-05,10
Burutu,Bolou-Ndoro,2025,2,2.1152018148097252e-05,42
Burutu,Egodor,2025,2,2.7437347131941852e-05,29
Burutu,Eseinbiri,2025,2,2.3239374058903195e-05,16
Burutu,Kiagbodo,2025,2,3.0935180257074534e-05,5
Burutu,Ngbilebiri,2025,2,2.642528124852106e-05,6
Burutu,Obetebe,2025,2,2.2873650304973126e-05,50
Burutu,Ogulagha,2025,2,2.175542811693793e-05,44
Burutu,Ojobo,2025,2,1.989198790397495e-05,5
Burutu,Tamigbe,2025,2,2.3876401511105623e-05,11
Burutu,Torugbene,2025,2,2.234365456388332e-05,8
Burutu,Tuomo,2025,2,2.400450802479799e-05,13
Patani,Abari,2025,2,2.6679245638661087e-05,5
Patani,Agoloma,2025,2,2.717143506743014e-05,5
Patani,Buluangiama,2025,2,2.486707914310197e-05,12
Patani,Odorubu,2025,2,2.6005104051104615e-05,14
Patani,Patani 2,2025,2,2.6191519282292575e-05,6
Patani,Patani 3,2025,2,2.652312396094203e-05,5
Patani,Patani 4,2025,2,2.7137923098052852e-05,4
Patani,Patani 5,2025,2,2.6985052889878197e-05,7
Patani,Toruangiama,2025,2,2.566527109593153e-05,5
Patani,Uduophori,2025,2,2.5081340936594643e-05,8
Warri South-West,Ajudaibo,2025,2,2.505100565031171e-05,4
Warri South-West,Akpakpa,2025,2,2.2485150839202107e-05,5
Warri South-West,Isaba,2025,2,2.8726019081659615e-05,20
Warri South-West,Madangho,2025,2,2.676482472452335e-05,2
Warri South-West,Ogbe-Ijoh,2025,2,2.544260675423458e-05,61
Warri South-West,Ogidigben,2025,2,2.214710730186198e-05,8
Warri South-West,Okerenkoko,2025,2,2.2727546234757212e-05,59
Warri South-West,Oporozo,2025,2,2.396774652879685e-05,24
Warri South-West,Orere,2025,2,2.5557515780544942e-05,9
Warri South-West,Ugborodo,2025,2,2.7621991466730834e-05,5
Warri South,Avenue,2025,2,3.50029586115852e-05,5
Warri South,Bowen,2025,2,3.9973518141778186e-05,4
Warri South,Ekurede,2025,2,3.2525579445064065e-05,5
Warri South,Esisi,2025,2,3.8177302485564724e-05,2
Warri South,Igbudu,2025,2,4.41871743532829e-05,2
Warri South,Obodo,2025,2,2.4127755750669166e-05,32
Warri South,Ode-Itsekiri,2025,2,2.8955501461909577e-05,11
Warri South,Okere,2025,2,3.794838994508609e-05,3
Warri South,Pessu,2025,2,4.176973016001284e-05,2
Warri South,Ubeji,2025,2,2.918380330531643e-05,13
Bomadi,Akugbene 1,2025,3,2.110398781951517e-05,4
Bomadi,Akugbene 2,2025,3,1.9288492694613524e-05,1
Bomadi,Akugbene 3,2025,3,1.967454227269627e-05,2
Bomadi,Bomadi,2025,3,2.4388650975500543e-05,6
Bomadi,Ekaametagbene/Kalafio,2025,3,2.1087410277687014e-05,20
Bomadi,Esanma,2025,3,2.0645213226089254e-05,8
Bomadi,Kpakiama,2025,3,2.2833678586822418e-05,9
Bomadi,Ogbeinma/Okoloba,2025,3,2.2362277377396822e-05,6
Bomadi,Ogo/Eze,2025,3,2.3630450111037742e-05,6
Bomadi,Ogriagbene,2025,3,1.907926925923675e-05,10
Burutu,Bolou-Ndoro,2025,3,1.8373493471049835e-05,42
Burutu,Egodor,2025,3,2.3910548971516306e-05,29
Burutu,Eseinbiri,2025,3,2.2326770704239607e-05,16
Burutu,Kiagbodo,2025,3,2.460008254274726e-05,5
Burutu,Ngbilebiri,2025,3,2.2818652117469657e-05,6
Burutu,Obetebe,2025,3,1.9944594241678716e-05,50
Burutu,Ogulagha,2025,3,1.9825608681210063e-05,44
Burutu,Ojobo,2025,3,1.735023397486657e-05,5
Burutu,Tamigbe,2025,3,1.7844852250577375e-05,11
Burutu,Torugbene,2025,3,1.6796095223980956e-05,8
Burutu,Tuomo,2025,3,2.1182694651473026e-05,13
Patani,Abari,2025,3,2.2087663819547742e-05,5
Patani,Agoloma,2025,3,2.1895766258239747e-05,5
Patani,Buluangiama,2025,3,2.1761613121877115e-05,12
Patani,Odorubu,2025,3,1.9593557226471603e-05,14
Patani,Patani 2,2025,3,2.1092719786490004e-05,6
Patani,Patani 3,2025,3,2.1946562628727407e-05,5
Patani,Patani 4,2025,3,2.0180388673907146e-05,4
Patani,Patani 5,2025,3,1.9426667547252562e-05,7
Patani,Toruangiama,2025,3,2.6375005836598576e-05,5
Patani,Uduophori,2025,3,2.229604979220312e-05,8
Warri South-West,Ajudaibo,2025,3,2.067197419819422e-05,4
Warri South-West,Akpakpa,2025,3,1.9428247469477355e-05,5
Warri South-West,Isaba,2025,3,2.473419881425798e-05,20
Warri South-West,Madangho,2025,3,2.1114698029123247e-05,2
Warri South-West,Ogbe-Ijoh,2025,3,2.2144978636967355e-05,61
Warri South-West,Ogidigben,2025,3,1.8848548279493116e-05,8
Warri South-West,Okerenkoko,2025,3,2.076098363909681e-05,59
Warri South-West,Oporozo,2025,3,2.115137855677555e-05,24
Warri South-West,Orere,2025,3,2.1886314950986867e-05,9
Warri South-West,Ugborodo,2025,3,2.1774361084681004e-05,5
Warri South,Avenue,2025,3,3.01860214676708e-05,5
Warri South,Bowen,2025,3,3.1330382626038045e-05,4
Warri South,Ekurede,2025,3,2.803329552989453e-05,5
Warri South,Esisi,2025,3,3.2732503314036876e-05,2
Warri South,Igbudu,2025,3,3.2643441954860464e-05,2
Warri South,Obodo,2025,3,2.2091542632551864e-05,32
Warri South,Ode-Itsekiri,2025,3,2.5471389314837076e-05,11
Warri South,Okere,2025,3,3.138435810493926e-05,3
Warri South,Pessu,2025,3,2.9928258300060406e-05,2
Warri South,Ubeji,2025,3,2.5185861606867267e-05,13
Bomadi,Akugbene 1,2025,4,2.949931331386324e-05,4
Bomadi,Akugbene 2,2025,4,3.13015807478223e-05,1
Bomadi,Akugbene 3,2025,4,3.079531597904861e-05,2
Bomadi,Bomadi,2025,4,2.103007136611268e-05,6
Bomadi,Ekaametagbene/Kalafio,2025,4,3.185459063388407e-05,20
Bomadi,Esanma,2025,4,3.1520958145847544e-05,8
Bomadi,Kpakiama,2025,4,1.9349568497596516e-05,9
Bomadi,Ogbeinma/Okoloba,2025,4,2.7301071289305885e-05,6
Bomadi,Ogo/Eze,2025,4,2.6817448087967932e-05,6
Bomadi,Ogriagbene,2025,4,3.2050823210738597e-05,10
Burutu,Bolou-Ndoro,2025,4,2.3479811802861238e-05,42
Burutu,Egodor,2025,4,2.2583737455565354e-05,29
Burutu,Eseinbiri,2025,4,2.8285903681535274e-05,16
Burutu,Kiagbodo,2025,4,2.661501057446003e-05,5
Burutu,Ngbilebiri,2025,4,1.9205221178708598e-05,6
Burutu,Obetebe,2025,4,2.1353093907237052e-05,50
Burutu,Ogulagha,2025,4,2.0608297993683003e-05,44
Burutu,Ojobo,2025,4,1.730174699332565e-05,5
Burutu,Tamigbe,2025,4,2.5400272782214664e-05,11
Burutu,Torugbene,2025,4,2.2232692572288215e-05,8
Burutu,Tuomo,2025,4,2.511016702136168e-05,13
Patani,Abari,2025,4,2.344839449506253e-05,5
Patani,Agoloma,2025,4,2.1746649872511624e-05,5
Patani,Buluangiama,2025,4,2.0653188888294e-05,12
Patani,Odorubu,2025,4,2.1703886367114527e-05,14
Patani,Patani 2,2025,4,2.265609267245357e-05,6
Patani,Patani 3,2025,4,2.2942952637095004e-05,5
Patani,Patani 4,2025,4,2.2241358237806708e-05,4
Patani,Patani 5,2025,4,2.2128253476694226e-05,7
Patani,Toruangiama,2025,4,1.984701375477016e-05,5
Patani,Uduophori,2025,4,2.2565638573723845e-05,8
Warri South-West,Ajudaibo,2025,4,2.2421743778977543e-05,4
Warri South-West,Akpakpa,2025,4,1.9846574286930262e-05,5
Warri South-West,Isaba,2025,4,2.1128531079739334e-05,20
Warri South-West,Madangho,2025,4,2.2526182874571532e-05,2
Warri South-West,Ogbe-Ijoh,2025,4,2.2772107975649053e-05,61
Warri South-West,Ogidigben,2025,4,1.869724474090617e-05,8
Warri South-West,Okerenkoko,2025,4,2.187760980894505e-05,59
Warri South-West,Oporozo,2025,4,2.278166114895915e-05,24
Warri South-West,Orere,2025,4,2.4995768196984296e-05,9
Warri South-West,Ugborodo,2025,4,2.5817769346758725e-05,5
Warri South,Avenue,2025,4,3.2066513085737824e-05,5
Warri South,Bowen,2025,4,3.220485814381391e-05,4
Warri South,Ekurede,2025,4,2.881783293560147e-05,5
Warri South,Esisi,2025,4,3.373245272086933e-05,2
Warri South,Igbudu,2025,4,3.3555159461684525e-05,2
Warri South,Obodo,2025,4,2.2324655219563283e-05,32
Warri South,Ode-Itsekiri,2025,4,2.3983080278743397e-05,11
Warri South,Okere,2025,4,3.29178098278741e-05,3
Warri South,Pessu,2025,4,3.06772708427161e-05,2
Warri South,Ubeji,2025,4,2.5279322961488597e-05,13
Bomadi,Akugbene 1,2025,5,1.788223016774282e-05,4
Bomadi,Akugbene 2,2025,5,1.5182755305431783e-05,1
Bomadi,Akugbene 3,2025,5,1.645080919843167e-05,2
Bomadi,Bomadi,2025,5,1.4463269811434051e-05,6
Bomadi,Ekaametagbene/Kalafio,2025,5,1.5329592861235143e-05,20
Bomadi,Esanma,2025,5,1.711111872282345e-05,8
Bomadi,Kpakiama,2025,5,1.4065163365254799e-05,9
Bomadi,Ogbeinma/Okoloba,2025,5,1.6040956931343924e-05,6
Bomadi,Ogo/Eze,2025,5,1.3812990800943226e-05,6
Bomadi,Ogriagbene,2025,5,1.7046408902388067e-05,10
Burutu,Bolou-Ndoro,2025,5,1.5275678985441726e-05,42
Burutu,Egodor,2025,5,1.375710166155778e-05,29
Burutu,Eseinbiri,2025,5,1.5582656487822533e-05,16
Burutu,Kiagbodo,2025,5,1.4554007793776692e-05,5
Burutu,Ngbilebiri,2025,5,1.4015400665812194e-05,6
Burutu,Obetebe,2025,5,1.3655298389494419e-05,50
Burutu,Ogulagha,2025,5,1.662934003186158e-05,44
Burutu,Ojobo,2025,5,1.2973902630619705e-05,5
Burutu,Tamigbe,2025,5,1.626884279010648e-05,11
Burutu,Torugbene,2025,5,1.5134304703678936e-05,8
Burutu,Tuomo,2025,5,1.4590046843155646e-05,13
Patani,Abari,2025,5,1.89415761269629e-05,5
Patani,Agoloma,2025,5,1.7326290253549816e-05,5
Patani,Buluangiama,2025,5,1.451460896835973e-05,12
Patani,Odorubu,2025,5,1.4780247251370124e-05,14
Patani,Patani 2,2025,5,1.886845954383413e-05,6
Patani,Patani 3,2025,5,1.8692389130592346e-05,5
Patani,Patani 4,2025,5,1.639491347305011e-05,4
Patani,Patani 5,2025,5,1.7391757864970714e-05,7
Patani,Toruangiama,2025,5,1.4512764755636453e-05,5
Patani,Uduophori,2025,5,1.3934620255895425e-05,8
Warri South-West,Ajudaibo,2025,5,1.7707678125589155e-05,4
Warri South-West,Akpakpa,2025,5,1.6565265832468866e-05,5
Warri South-West,Isaba,2025,5,1.6881024930626153e-05,20
Warri South-West,Madangho,2025,5,1.7447684513172135e-05,2
Warri South-West,Ogbe-Ijoh,2025,5,1.7737473559672714e-05,61
Warri South-West,Ogidigben,2025,5,1.613418135093525e-05,8
Warri South-West,Okerenkoko,2025,5,1.719621823058795e-05,59
Warri South-West,Oporozo,2025,5,1.84471258156312e-05,24
Warri South-West,Orere,2025,5,2.0065327084416316e-05,9
Warri South-West,Ugborodo,2025,5,2.0770927949342877e-05,5
Warri South,Avenue,2025,5,2.6928362785838544e-05,5
Warri South,Bowen,2025,5,2.5545454263919964e-05,4
Warri South,Ekurede,2025,5,2.5603309040889144e-05,5
Warri South,Esisi,2025,5,2.544974267948419e-05,2
Warri South,Igbudu,2025,5,2.651818977028597e-05,2
Warri South,Obodo,2025,5,2.0047944417456165e-05,32
Warri South,Ode-Itsekiri,2025,5,2.1272252938202158e-05,11
Warri South,Okere,2025,5,2.5078064936678857e-05,3
Warri South,Pessu,2025,5,2.5641164029366337e-05,2
Warri South,Ubeji,2025,5,2.4270937921336063e-05,13
Bomadi,Akugbene 1,2025,6,4.507631729211425e-06,4
Bomadi,Akugbene 2,2025,6,3.522722863635863e-06,1
Bomadi,Akugbene 3,2025,6,1.3795532822769019e-06,2
Bomadi,Bomadi,2025,6,1.4419456420000643e-06,6
Bomadi,Ekaametagbene/Kalafio,2025,6,8.185063052223995e-06,20
Bomadi,Esanma,2025,6,2.977905751322396e-06,8
Bomadi,Kpakiama,2025,6,7.5892336705389125e-06,9
Bomadi,Ogbeinma/Okoloba,2025,6,6.625419094537695e-06,6
Bomadi,Ogo/Eze,2025,6,1.0204271044737348e-05,6
Bomadi,Ogriagbene,2025,6,6.9755042204633355e-06,10
Burutu,Bolou-Ndoro,2025,6,8.151481909278249e-06,42
Burutu,Egodor,2025,6,1.339660957455635e-05,29
Burutu,Eseinbiri,2025,6,2.1166370061109774e-06,16
Burutu,Kiagbodo,2025,6,1.3781161396764218e-05,5
Burutu,Ngbilebiri,2025,6,1.2608555456002554e-05,6
Burutu,Obetebe,2025,6,1.1223044712096453e-05,50
Burutu,Ogulagha,2025,6,1.1742183811623942e-05,44
Burutu,Ojobo,2025,6,1.1308438843116164e-05,5
Burutu,Tamigbe,2025,6,9.576855518389493e-06,11
Burutu,Torugbene,2025,6,1.1556227946130093e-05,8
Burutu,Tuomo,2025,6,5.4341698369870965e-06,13
Patani,Abari,2025,6,1.4226214261725545e-05,5
Patani,Agoloma,2025,6,1.2174903531558812e-05,5
Patani,Buluangiama,2025,6,1.341220437704275e-05,12
Patani,Odorubu,2025,6,1.1786158471035638e-05,14
Patani,Patani 2,2025,6,1.5723954372030374e-05,6
Patani,Patani 3,2025,6,1.565458660479635e-05,5
Patani,Patani 4,2025,6,1.4265411664382555e-05,4
Patani,Patani 5,2025,6,1.4157449186313897e-05,7
Patani,Toruangiama,2025,6,1.3645253784488886e-05,5
Patani,Uduophori,2025,6,1.2825387784687337e-05,8
Warri South-West,Ajudaibo,2025,6,1.6168487491086125e-05,4
Warri South-West,Akpakpa,2025,6,1.5740236267447472e-05,5
Warri South-West,Isaba,2025,6,1.5752928447909653e-05,20
Warri South-West,Madangho,2025,6,1.6352445527445525e-05,2
Warri South-West,Ogbe-Ijoh,2025,6,1.4877376207684884e-05,61
Warri South-West,Ogidigben,2025,6,1.4340868801809847e-05,8
Warri South-West,Okerenkoko,2025,6,1.300753378388235e-05,59
Warri South-West,Oporozo,2025,6,1.4996990406264862e-05,24
Warri South-West,Orere,2025,6,1.445392586497797e-05,9
Warri South-West,Ugborodo,2025,6,1.5824343427084388e-05,5
Warri South,Avenue,2025,6,2.2790349612478165e-05,5
Warri South,Bowen,2025,6,2.2309788619168103e-05,4
Warri South,Ekurede,2025,6,2.1315235062502325e-05,5
Warri South,Esisi,2025,6,2.147398845409043e-05,2
Warri South,Igbudu,2025,6,2.3370936105493456e-05,2
Warri South,Obodo,2025,6,1.4848397768219002e-05,32
Warri South,Ode-Itsekiri,2025,6,1.9173381257463586e-05,11
Warri South,Okere,2025,6,2.193684971037631e-05,3
Warri South,Pessu,2025,6,2.3145588784245774e-05,2
Warri South,Ubeji,2025,6,1.9292132212565495e-05,13
Bomadi,Akugbene 1,2025,7,1.0177125659538433e-05,4
Bomadi,Akugbene 2,2025,7,9.704255717224441e-06,1
Bomadi,Akugbene 3,2025,7,1.0845266842807177e-05,2
Bomadi,Bomadi,2025,7,1.1585628575024506e-05,6
Bomadi,Ekaametagbene/Kalafio,2025,7,1.0932174336630852e-05,20
Bomadi,Esanma,2025,7,1.0732444934546947e-05,8
Bomadi,Kpakiama,2025,7,1.1309086403343827e-05,9
Bomadi,Ogbeinma/Okoloba,2025,7,1.0221388947684318e-05,6
Bomadi,Ogo/Eze,2025,7,1.047221667249687e-05,6
Bomadi,Ogriagbene,2025,7,1.0838877642527223e-05,10
Burutu,Bolou-Ndoro,2025,7,1.0194551404787316e-05,42
Burutu,Egodor,2025,7,1.1873137454727086e-05,29
Burutu,Eseinbiri,2025,7,1.1136121429444756e-05,16
Burutu,Kiagbodo,2025,7,1.3212121848482638e-05,5
Burutu,Ngbilebiri,2025,7,1.1260130122536793e-05,6
Burutu,Obetebe,2025,7,1.0614318307489157e-05,50
Burutu,Ogulagha,2025,7,9.988261974120343e-06,44
Burutu,Ojobo,2025,7,1.0882185597438365e-05,5
Burutu,Tamigbe,2025,7,1.1123978765681386e-05,11
Burutu,Torugbene,2025,7,1.1347932741045952e-05,8
Burutu,Tuomo,2025,7,1.1202373291150881e-05,13
Patani,Abari,2025,7,1.4762674982193858e-05,5
Patani,Agoloma,2025,7,1.198410609504208e-05,5
Patani,Buluangiama,2025,7,1.1898950712444881e-05,12
Patani,Odorubu,2025,7,1.1289877875242382e-05,14
Patani,Patani 2,2025,7,1.46272977872286e-05,6
Patani,Patani 3,2025,7,1.47582235513255e-05,5
Patani,Patani 4,2025,7,1.2872213119408116e-05,4
Patani,Patani 5,2025,7,1.2192125723231584e-05,7
Patani,Toruangiama,2025,7,1.2361325207166374e-05,5
Patani,Uduophori,2025,7,1.1806188012997154e-05,8
Warri South-West,Ajudaibo,2025,7,1.2060865628882311e-05,4
Warri South-West,Akpakpa,2025,7,1.109291915781796e-05,5
Warri South-West,Isaba,2025,7,1.2142474588472396e-05,20
Warri South-West,Madangho,2025,7,1.297651670029154e-05,2
Warri South-West,Ogbe-Ijoh,2025,7,1.180905383080244e-05,61
Warri South-West,Ogidigben,2025,7,1.007850187306758e-05,8
Warri South-West,Okerenkoko,2025,7,1.1646098031078355e-05,59
Warri South-West,Oporozo,2025,7,1.1961115281640863e-05,24
Warri South-West,Orere,2025,7,1.1784228263422847e-05,9
Warri South-West,Ugborodo,2025,7,1.2100419553462416e-05,5
Warri South,Avenue,2025,7,1.5045220789033919e-05,5
Warri South,Bowen,2025,7,1.3828394003212452e-05,4
Warri South,Ekurede,2025,7,1.3486997340805829e-05,5
Warri South,Esisi,2025,7,1.4912169717717916e-05,2
Warri South,Igbudu,2025,7,1.405922284902772e-05,2
Warri South,Obodo,2025,7,1.231683654623339e-05,32
Warri South,Ode-Itsekiri,2025,7,1.2238077364269305e-05,11
Warri South,Okere,2025,7,1.4035994051179538e-05,3
Warri South,Pessu,2025,7,1.2744620107696392e-05,2
Warri South,Ubeji,2025,7,1.3085780665278435e-05,13
Bomadi,Akugbene 1,2025,8,1.2989116839889903e-05,4
Bomadi,Akugbene 2,2025,8,1.3166797543817665e-05,1
Bomadi,Akugbene 3,2025,8,1.3510765711544082e-05,2
Bomadi,Bomadi,2025,8,1.4373663968096176e-05,6
Bomadi,Ekaametagbene/Kalafio,2025,8,1.2883843737654388e-05,20
Bomadi,Esanma,2025,8,1.3452379789669067e-05,8
Bomadi,Kpakiama,2025,8,1.4256388466391298e-05,9
Bomadi,Ogbeinma/Okoloba,2025,8,1.3523921855570128e-05,6
Bomadi,Ogo/Eze,2025,8,1.3986883762603005e-05,6
Bomadi,Ogriagbene,2025,8,1.2496733688749373e-05,10
Burutu,Bolou-Ndoro,2025,8,1.2657799137135347e-05,42
Burutu,Egodor,2025,8,1.3795434417010381e-05,29
Burutu,Eseinbiri,2025,8,1.3595494237961248e-05,16
Burutu,Kiagbodo,2025,8,1.504455431131646e-05,5
Burutu,Ngbilebiri,2025,8,1.408631942467764e-05,6
Burutu,Obetebe,2025,8,1.2912736274302005e-05,50
Burutu,Ogulagha,2025,8,1.2951637141999196e-05,44
Burutu,Ojobo,2025,8,1.3135804329067468e-05,5
Burutu,Tamigbe,2025,8,1.3124811547723683e-05,11
Burutu,Torugbene,2025,8,1.3262902029964607e-05,8
Burutu,Tuomo,2025,8,1.3491099637646515e-05,13
Patani,Abari,2025,8,1.7682297038845717e-05,5
Patani,Agoloma,2025,8,1.5716593770775945e-05,5
Patani,Buluangiama,2025,8,1.4631327455087254e-05,12
Patani,Odorubu,2025,8,1.418268636500995e-05,14
Patani,Patani 2,2025,8,1.8031871150014922e-05,6
Patani,Patani 3,2025,8,1.8139448366127907e-05,5
Patani,Patani 4,2025,8,1.682647234702017e-05,4
Patani,Patani 5,2025,8,1.556235344781141e-05,7
Patani,Toruangiama,2025,8,1.4300402835942804e-05,5
Patani,Uduophori,2025,8,1.410062668583123e-05,8
Warri South-West,Ajudaibo,2025,8,1.4878836736897938e-05,4
Warri South-West,Akpakpa,2025,8,1.3789620425086468e-05,5
Warri South-West,Isaba,2025,8,1.4074664795771241e-05,20
Warri South-West,Madangho,2025,8,1.5477275155717507e-05,2
Warri South-West,Ogbe-Ijoh,2025,8,1.3875215863961665e-05,61
Warri South-West,Ogidigben,2025,8,1.3127594684192445e-05,8
Warri South-West,Okerenkoko,2025,8,1.412397250533104e-05,59
Warri South-West,Oporozo,2025,8,1.438321244980519e-05,24
Warri South-West,Orere,2025,8,1.3597385582721068e-05,9
Warri South-West,Ugborodo,2025,8,1.436189777450636e-05,5
Warri South,Avenue,2025,8,1.6230261826422067e-05,5
Warri South,Bowen,2025,8,1.6337085980921984e-05,4
Warri South,Ekurede,2025,8,1.576053036842495e-05,5
Warri South,Esisi,2025,8,1.7045604181475937e-05,2
Warri South,Igbudu,2025,8,1.655868618399836e-05,2
Warri South,Obodo,2025,8,1.4181843653204851e-05,32
Warri South,Ode-Itsekiri,2025,8,1.4467069625177167e-05,11
Warri South,Okere,2025,8,1.6740589974991355e-05,3
Warri South,Pessu,2025,8,1.562856778036803e-05,2
Warri South,Ubeji,2025,8,1.4592635964688201e-05,13
Bomadi,Akugbene 1,2025,9,1.6895970475161448e-05,4
Bomadi,Akugbene 2,2025,9,1.748753675201442e-05,1
Bomadi,Akugbene 3,2025,9,1.5581328625557944e-05,2
Bomadi,Bomadi,2025,9,1.6377987776650116e-05,6
Bomadi,Ekaametagbene/Kalafio,2025,9,1.2826212332583964e-05,20
Bomadi,Esanma,2025,9,1.5475616237381473e-05,8
Bomadi,Kpakiama,2025,9,1.707363925460312e-05,9
Bomadi,Ogbeinma/Okoloba,2025,9,1.6996487829601392e-05,6
Bomadi,Ogo/Eze,2025,9,1.7971700193205226e-05,6
Bomadi,Ogriagbene,2025,9,1.3087461411487311e-05,10
Burutu,Bolou-Ndoro,2025,9,1.1230873670207248e-05,42
Burutu,Egodor,2025,9,1.7297662923048284e-05,29
Burutu,Eseinbiri,2025,9,1.4555589586962014e-05,16
Burutu,Kiagbodo,2025,9,1.868622493930161e-05,5
Burutu,Ngbilebiri,2025,9,1.6264201500841107e-05,6
Burutu,Obetebe,2025,9,1.2320500100031494e-05,50
Burutu,Ogulagha,2025,9,1.1439257915216414e-05,44
Burutu,Ojobo,2025,9,1.1564767919480801e-05,5
Burutu,Tamigbe,2025,9,1.4830825173042037e-05,11
Burutu,Torugbene,2025,9,1.4225366612663493e-05,8
Burutu,Tuomo,2025,9,1.50209469631171e-05,13
Patani,Abari,2025,9,2.2188374714460224e-05,5
Patani,Agoloma,2025,9,1.945971016539261e-05,5
Patani,Buluangiama,2025,9,1.851309086002099e-05,12
Patani,Odorubu,2025,9,1.7428391272135612e-05,14
Patani,Patani 2,2025,9,2.0671618888930727e-05,6
Patani,Patani 3,2025,9,2.097126707667485e-05,5
Patani,Patani 4,2025,9,2.045984729193151e-05,4
Patani,Patani 5,2025,9,1.991552666627935e-05,7
Patani,Toruangiama,2025,9,1.6937660984694957e-05,5
Patani,Uduophori,2025,9,1.7370957721141167e-05,8
Warri South-West,Ajudaibo,2025,9,1.2366666851448826e-05,4
Warri South-West,Akpakpa,2025,9,1.167360314866528e-05,5
Warri South-West,Isaba,2025,9,1.8712997552938758e-05,20
Warri South-West,Madangho,2025,9,1.3231469893071335e-05,2
Warri South-West,Ogbe-Ijoh,2025,9,1.6766909479362066e-05,61
Warri South-West,Ogidigben,2025,9,1.1223412002436817e-05,8
Warri South-West,Okerenkoko,2025,9,1.5403542636057078e-05,59
Warri South-West,Oporozo,2025,9,1.4140401617623866e-05,24
Warri South-West,Orere,2025,9,1.4757452946570185e-05,9
Warri South-West,Ugborodo,2025,9,1.4757727331016213e-05,5
Warri South,Avenue,2025,9,2.3398012854158878e-05,5
Warri South,Bowen,2025,9,2.551517536630854e-05,4
Warri South,Ekurede,2025,9,2.301514323335141e-05,5
Warri South,Esisi,2025,9,2.487945312168449e-05,2
Warri South,Igbudu,2025,9,2.6142424758290872e-05,2
Warri South,Obodo,2025,9,1.715039979899302e-05,32
Warri South,Ode-Itsekiri,2025,9,2.0840374583547767e-05,11
Warri South,Okere,2025,9,2.5075612938962877e-05,3
Warri South,Pessu,2025,9,2.6150901248911396e-05,2
Warri South,Ubeji,2025,9,2.2328436338844207e-05,13
Bomadi,Akugbene 1,2025,10,1.419125146639999e-05,4
Bomadi,Akugbene 2,2025,10,1.0225156074739061e-05,1
Bomadi,Akugbene 3,2025,10,1.002272983896546e-05,2
Bomadi,Bomadi,2025,10,1.3293822121340781e-05,6
Bomadi,Ekaametagbene/Kalafio,2025,10,1.3670918997377158e-05,20
Bomadi,Esanma,2025,10,1.2067624993505888e-05,8
Bomadi,Kpakiama,2025,10,1.5286746525412633e-05,9
Bomadi,Ogbeinma/Okoloba,2025,10,1.4352832901446769e-05,6
Bomadi,Ogo/Eze,2025,10,1.4043822981572399e-05,6
Bomadi,Ogriagbene,2025,10,1.0328893404221163e-05,10
Burutu,Bolou-Ndoro,2025,10,1.038310472809133e-05,42
Burutu,Egodor,2025,10,1.533796051356556e-05,29
Burutu,Eseinbiri,2025,10,1.022148717311211e-05,16
Burutu,Kiagbodo,2025,10,1.5370178152807058e-05,5
Burutu,Ngbilebiri,2025,10,1.139370093975837e-05,6
Burutu,Obetebe,2025,10,1.2512009125202894e-05,50
Burutu,Ogulagha,2025,10,1.1542184934528036e-05,44
Burutu,Ojobo,2025,10,1.023592267301865e-05,5
Burutu,Tamigbe,2025,10,8.596234362233769e-06,11
Burutu,Torugbene,2025,10,9.5737295850995e-06,8
Burutu,Tuomo,2025,10,9.319991827046928e-06,13
Patani,Abari,2025,10,1.8022468429990114e-05,5
Patani,Agoloma,2025,10,1.74821077962406e-05,5
Patani,Buluangiama,2025,10,1.6807385691208765e-05,12
Patani,Odorubu,2025,10,1.3367320726891713e-05,14
Patani,Patani 2,2025,10,1.832131965784356e-05,6
Patani,Patani 3,2025,10,1.8237497715745122e-05,5
Patani,Patani 4,2025,10,1.580557000124827e-05,4
Patani,Patani 5,2025,10,1.62642848278795e-05,7
Patani,Toruangiama,2025,10,1.7539635882712902e-05,5
Patani,Uduophori,2025,10,1.434129626431968e-05,8
Warri South-West,Ajudaibo,2025,10,1.4869990081933793e-05,4
Warri South-West,Akpakpa,2025,10,1.3014712021686136e-05,5
Warri South-West,Isaba,2025,10,1.8650256970431654e-05,20
Warri South-West,Madangho,2025,10,1.5235722457873635e-05,2
Warri South-West,Ogbe-Ijoh,2025,10,1.8407369307318672e-05,61
Warri South-West,Ogidigben,2025,10,1.2484398212109227e-05,8
Warri South-West,Okerenkoko,2025,10,1.6281712737123846e-05,59
Warri South-West,Oporozo,2025,10,1.3737040717387572e-05,24
Warri South-West,Orere,2025,10,1.609538028585828e-05,9
Warri South-West,Ugborodo,2025,10,1.688800984993577e-05,5
Warri South,Avenue,2025,10,2.877146180253476e-05,5
Warri South,Bowen,2025,10,2.9110799005138688e-05,4
Warri South,Ekurede,2025,10,2.566820476204157e-05,5
Warri South,Esisi,2025,10,3.298342926427722e-05,2
Warri South,Igbudu,2025,10,3.226562694180757e-05,2
Warri South,Obodo,2025,10,1.996427818085067e-05,32
Warri South,Ode-Itsekiri,2025,10,2.383349717340686e-05,11
Warri South,Okere,2025,10,2.9214087893099833e-05,3
Warri South,Pessu,2025,10,2.5238168746000156e-05,2
Warri South,Ubeji,2025,10,2.3137301188678695e-05,13
Bomadi,Akugbene 1,2025,11,1.5634786905138753e-05,4
Bomadi,Akugbene 2,2025,11,1.572698965901509e-05,1
Bomadi,Akugbene 3,2025,11,1.5957852156134322e-05,2
Bomadi,Bomadi,2025,11,1.695387375851472e-05,6
Bomadi,Ekaametagbene/Kalafio,2025,11,1.3029066030867397e-05,20
Bomadi,Esanma,2025,11,1.540979246783536e-05,8
Bomadi,Kpakiama,2025,11,1.7816913896240294e-05,9
Bomadi,Ogbeinma/Okoloba,2025,11,1.6239073981220525e-05,6
Bomadi,Ogo/Eze,2025,11,1.6069059104969103e-05,6
Bomadi,Ogriagbene,2025,11,1.2753404735121877e-05,10
Burutu,Bolou-Ndoro,2025,11,1.267090971980776e-05,42
Burutu,Egodor,2025,11,1.8444446172436763e-05,29
Burutu,Eseinbiri,2025,11,1.5613908544764854e-05,16
Burutu,Kiagbodo,2025,11,2.1701573859900237e-05,5
Burutu,Ngbilebiri,2025,11,1.550465579687928e-05,6
Burutu,Obetebe,2025,11,1.5933946706354618e-05,50
Burutu,Ogulagha,2025,11,1.4510754474692725e-05,44
Burutu,Ojobo,2025,11,1.4124231529422105e-05,5
Burutu,Tamigbe,2025,11,1.3592600060457533e-05,11
Burutu,Torugbene,2025,11,1.522828188171843e-05,8
Burutu,Tuomo,2025,11,1.417044796443616e-05,13
Patani,Abari,2025,11,1.9600949599407613e-05,5
Patani,Agoloma,2025,11,1.7628469504415988e-05,5
Patani,Buluangiama,2025,11,1.855687514762394e-05,12
Patani,Odorubu,2025,11,1.8120782832348986e-05,14
Patani,Patani 2,2025,11,2.023112150103164e-05,6
Patani,Patani 3,2025,11,2.0251458045095207e-05,5
Patani,Patani 4,2025,11,2.0777204554178752e-05,4
Patani,Patani 5,2025,11,2.005828927004976e-05,7
Patani,Toruangiama,2025,11,1.6646785661578177e-05,5
Patani,Uduophori,2025,11,1.798006815079134e-05,8
Warri South-West,Ajudaibo,2025,11,1.6785292245913297e-05,4
Warri South-West,Akpakpa,2025,11,1.5207845717668533e-05,5
Warri South-West,Isaba,2025,11,2.1881534485146405e-05,20
Warri South-West,Madangho,2025,11,1.8892114894697443e-05,2
Warri South-West,Ogbe-Ijoh,2025,11,1.891557371518651e-05,61
Warri South-West,Ogidigben,2025,11,1.569818050484173e-05,8
Warri South-West,Okerenkoko,2025,11,1.6848469879162515e-05,59
Warri South-West,Oporozo,2025,11,1.6071830032160506e-05,24
Warri South-West,Orere,2025,11,1.4400316609276666e-05,9
Warri South-West,Ugborodo,2025,11,1.68325612321496e-05,5
Warri South,Avenue,2025,11,2.689929970074445e-05,5
Warri South,Bowen,2025,11,3.138539977953769e-05,4
Warri South,Ekurede,2025,11,2.663768536876887e-05,5
Warri South,Esisi,2025,11,3.1758554541738704e-05,2
Warri South,Igbudu,2025,11,3.378547262400389e-05,2
Warri South,Obodo,2025,11,1.687230178504251e-05,32
Warri South,Ode-Itsekiri,2025,11,2.355806381356987e-05,11
Warri South,Okere,2025,11,3.104050119873136e-05,3
Warri South,Pessu,2025,11,3.1012241379357874e-05,2
Warri South,Ubeji,2025,11,1.8229971129375583e-05,13
Bomadi,Akugbene 1,2025,12,3.235137046431191e-05,4
Bomadi,Akugbene 2,2025,12,2.9148799512768164e-05,1
Bomadi,Akugbene 3,2025,12,2.816827873175498e-05,2
Bomadi,Bomadi,2025,12,4.5710893270249166e-05,6
Bomadi,Ekaametagbene/Kalafio,2025,12,2.9385273228399457e-05,20
Bomadi,Esanma,2025,12,3.4289863833691925e-05,8
Bomadi,Kpakiama,2025,12,5.801294982019398e-05,9
Bomadi,Ogbeinma/Okoloba,2025,12,3.067533786330993e-05,6
Bomadi,Ogo/Eze,2025,12,3.064232684361438e-05,6
Bomadi,Ogriagbene,2025,12,2.8751231729984285e-05,10
Burutu,Bolou-Ndoro,2025,12,2.7408612714636893e-05,42
Burutu,Egodor,2025,12,3.0356188352894166e-05,29
Burutu,Eseinbiri,2025,12,3.1692507036495954e-05,16
Burutu,Kiagbodo,2025,12,3.552633861545473e-05,5
Burutu,Ngbilebiri,2025,12,2.9817810476136703e-05,6
Burutu,Obetebe,2025,12,2.7181964833289383e-05,50
Burutu,Ogulagha,2025,12,2.575559351085262e-05,44
Burutu,Ojobo,2025,12,2.9796879971399903e-05,5
Burutu,Tamigbe,2025,12,2.7866975869983435e-05,11
Burutu,Torugbene,2025,12,2.715229129535146e-05,8
Burutu,Tuomo,2025,12,3.1662001184975874e-05,13
Patani,Abari,2025,12,3.615821769926697e-05,5
Patani,Agoloma,2025,12,4.803887277375907e-05,5
Patani,Buluangiama,2025,12,4.8723522922955453e-05,12
Patani,Odorubu,2025,12,5.442894429766706e-05,14
Patani,Patani 2,2025,12,3.9508905805026494e-05,6
Patani,Patani 3,2025,12,3.958700108341873e-05,5
Patani,Patani 4,2025,12,4.169972089584917e-05,4
Patani,Patani 5,2025,12,4.504612713520016e-05,7
Patani,Toruangiama,2025,12,4.970022710040212e-05,5
Patani,Uduophori,2025,12,5.448028605314903e-05,8
Warri South-West,Ajudaibo,2025,12,2.9148348403396085e-05,4
Warri South-West,Akpakpa,2025,12,2.7615600265562536e-05,5
Warri South-West,Isaba,2025,12,2.904386492446065e-05,20
Warri South-West,Madangho,2025,12,3.074637788813561e-05,2
Warri South-West,Ogbe-Ijoh,2025,12,2.8152047412195166e-05,61
Warri South-West,Ogidigben,2025,12,2.7637337552732788e-05,8
Warri South-West,Okerenkoko,2025,12,2.6623339597451484e-05,59
Warri South-West,Oporozo,2025,12,2.786429589226221e-05,24
Warri South-West,Orere,2025,12,2.6395626870604854e-05,9
Warri South-West,Ugborodo,2025,12,2.904184802901e-05,5
Warri South,Avenue,2025,12,4.0046454523690044e-05,5
Warri South,Bowen,2025,12,4.066613837494515e-05,4
Warri South,Ekurede,2025,12,3.591107961256057e-05,5
Warri South,Esisi,2025,12,4.3133368308190256e-05,2
Warri South,Igbudu,2025,12,4.332585376687348e-05,2
Warri South,Obodo,2025,12,2.6313404305255972e-05,32
Warri South,Ode-Itsekiri,2025,12,3.0268594855442643e-05,11
Warri South,Okere,2025,12,4.065461204542468e-05,3
Warri South,Pessu,2025,12,3.819890844170004e-05,2
Warri South,Ubeji,2025,12,3.133547635605702e-05,13
Bomadi,Akugbene 1,2026,1,3.0511026125168428e-05,4
Bomadi,Akugbene 2,2026,1,3.0504626920446754e-05,1
Bomadi,Akugbene 3,2026,1,3.073967309319414e-05,2
Bomadi,Bomadi,2026,1,2.7987523935735226e-05,6
Bomadi,Ekaametagbene/Kalafio,2026,1,2.8527239919640124e-05,20
Bomadi,Esanma,2026,1,3.184045635862276e-05,8
Bomadi,Kpakiama,2026,1,2.9127792610476415e-05,9
Bomadi,Ogbeinma/Okoloba,2026,1,3.029586999521901e-05,6
Bomadi,Ogo/Eze,2026,1,2.9452242112408083e-05,6
Bomadi,Ogriagbene,2026,1,2.8882271726615728e-05,10
Burutu,Bolou-Ndoro,2026,1,3.0042395727442844e-05,42
Burutu,Egodor,2026,1,2.989122756467811e-05,29
Burutu,Eseinbiri,2026,1,2.936715100076981e-05,16
Burutu,Kiagbodo,2026,1,3.3504818566143514e-05,5
Burutu,Ngbilebiri,2026,1,2.8589684613204252e-05,6
Burutu,Obetebe,2026,1,2.9667720664292574e-05,50
Burutu,Ogulagha,2026,1,2.6102680501274087e-05,44
Burutu,Ojobo,2026,1,2.965030143968761e-05,5
Burutu,Tamigbe,2026,1,2.6719062589108944e-05,11
Burutu,Torugbene,2026,1,2.7997746656183153e-05,8
Burutu,Tuomo,2026,1,2.7132636974923887e-05,13
Patani,Abari,2026,1,2.8386633493937553e-05,5
Patani,Agoloma,2026,1,2.9291637474671006e-05,5
Patani,Buluangiama,2026,1,2.785580970036487e-05,12
Patani,Odorubu,2026,1,2.685234773837562e-05,14
Patani,Patani 2,2026,1,2.8605308519521106e-05,6
Patani,Patani 3,2026,1,2.854428894352168e-05,5
Patani,Patani 4,2026,1,2.832214522641152e-05,4
Patani,Patani 5,2026,1,2.8755761117541363e-05,7
Patani,Toruangiama,2026,1,2.710339904297143e-05,5
Patani,Uduophori,2026,1,2.6213547243969515e-05,8
Warri South-West,Ajudaibo,2026,1,2.8700795155600645e-05,4
Warri South-West,Akpakpa,2026,1,2.6892664027400315e-05,5
Warri South-West,Isaba,2026,1,3.071162791457027e-05,20
Warri South-West,Madangho,2026,1,2.9465267289197072e-05,2
Warri South-West,Ogbe-Ijoh,2026,1,2.8844361697308352e-05,61
Warri South-West,Ogidigben,2026,1,2.6058824005303904e-05,8
Warri South-West,Okerenkoko,2026,1,2.7158459395927898e-05,59
Warri South-West,Oporozo,2026,1,2.6890784890080493e-05,24
Warri South-West,Orere,2026,1,2.6876168299673332e-05,9
Warri South-West,Ugborodo,2026,1,2.778612542897463e-05,5
Warri South,Avenue,2026,1,3.9190248935483395e-05,5
Warri South,Bowen,2026,1,4.228396574035287e-05,4
Warri South,Ekurede,2026,1,3.6370113957673314e-05,5
Warri South,Esisi,2026,1,4.510642611421645e-05,2
Warri South,Igbudu,2026,1,4.5123026211513206e-05,2
Warri South,Obodo,2026,1,2.6976456865668297e-05,32
Warri South,Ode-Itsekiri,2026,1,3.196308336390013e-05,11
Warri South,Okere,2026,1,4.254408607569834e-05,3
Warri South,Pessu,2026,1,3.9461512642446905e-05,2
Warri South,Ubeji,2026,1,2.967008577588086e-05,13
Bomadi,Akugbene 1,2026,2,2.3935428544064052e-05,4
Bomadi,Akugbene 2,2026,2,2.4459151973132975e-05,1
Bomadi,Akugbene 3,2026,2,2.3383799998555332e-05,2
Bomadi,Bomadi,2026,2,2.1962895213315885e-05,6
Bomadi,Ekaametagbene/Kalafio,2026,2,2.22010217839852e-05,20
Bomadi,Esanma,2026,2,2.1754676708951592e-05,8
Bomadi,Kpakiama,2026,2,2.0834158122953442e-05,9
Bomadi,Ogbeinma/Okoloba,2026,2,2.494663931429386e-05,6
Bomadi,Ogo/Eze,2026,2,2.6645100054641564e-05,6
Bomadi,Ogriagbene,2026,2,2.155186957679689e-05,10
Burutu,Bolou-Ndoro,2026,2,2.1303535461248386e-05,42
Burutu,Egodor,2026,2,2.6688886934827116e-05,29
Burutu,Eseinbiri,2026,2,2.030140603892505e-05,16
Burutu,Kiagbodo,2026,2,2.874692145269364e-05,5
Burutu,Ngbilebiri,2026,2,2.7016486759142328e-05,6
Burutu,Obetebe,2026,2,2.2604097612202168e-05,50
Burutu,Ogulagha,2026,2,2.2742309903895315e-05,44
Burutu,Ojobo,2026,2,2.1672892034985126e-05,5
Burutu,Tamigbe,2026,2,1.8906327154995367e-05,11
Burutu,Torugbene,2026,2,2.0124514776398428e-05,8
Burutu,Tuomo,2026,2,1.7793418150036952e-05,13
Patani,Abari,2026,2,2.2804785112384705e-05,5
Patani,Agoloma,2026,2,2.4889802443794905e-05,5
Patani,Buluangiama,2026,2,2.354326716158539e-05,12
Patani,Odorubu,2026,2,2.3042192749146905e-05,14
Patani,Patani 2,2026,2,2.2921536583453417e-05,6
Patani,Patani 3,2026,2,2.289264521095902e-05,5
Patani,Patani 4,2026,2,2.1668627596227452e-05,4
Patani,Patani 5,2026,2,2.388174263095217e-05,7
Patani,Toruangiama,2026,2,2.3429372231476008e-05,5
Patani,Uduophori,2026,2,2.329464041395113e-05,8
Warri South-West,Ajudaibo,2026,2,2.3557089662062936e-05,4
Warri South-West,Akpakpa,2026,2,2.2248624009080232e-05,5
Warri South-West,Isaba,2026,2,2.8918057796545327e-05,20
Warri South-West,Madangho,2026,2,2.4105731426971033e-05,2
Warri South-West,Ogbe-Ijoh,2026,2,2.6959370531630322e-05,61
Warri South-West,Ogidigben,2026,2,1.9977391275460832e-05,8
Warri South-West,Okerenkoko,2026,2,2.3832013909468207e-05,59
Warri South-West,Oporozo,2026,2,2.365090767852962e-05,24
Warri South-West,Orere,2026,2,2.2810783573529785e-05,9
Warri South-West,Ugborodo,2026,2,2.3165067250374705e-05,5
Warri South,Avenue,2026,2,3.684665134642273e-05,5
Warri South,Bowen,2026,2,4.090422953595407e-05,4
Warri South,Ekurede,2026,2,3.5966827999800445e-05,5
Warri South,Esisi,2026,2,4.0401966543868184e-05,2
Warri South,Igbudu,2026,2,4.2669249523896724e-05,2
Warri South,Obodo,2026,2,2.572745506768115e-05,32
Warri South,Ode-Itsekiri,2026,2,3.075281909497624e-05,11
Warri South,Okere,2026,2,3.99732695465597e-05,3
Warri South,Pessu,2026,2,4.140649252803996e-05,2
Warri South,Ubeji,2026,2,2.981755488480513e-05,13
Bomadi,Akugbene 1,2026,3,2.904280336224474e-05,4
Bomadi,Akugbene 2,2026,3,3.241167723899707e-05,1
Bomadi,Akugbene 3,2026,3,3.1553907319903374e-05,2
Bomadi,Bomadi,2026,3,2.7476863275902968e-05,6
Bomadi,Ekaametagbene/Kalafio,2026,3,1.8384604481980203e-05,20
Bomadi,Esanma,2026,3,2.765747922239825e-05,8
Bomadi,Kpakiama,2026,3,2.2621726707762315e-05,9
Bomadi,Ogbeinma/Okoloba,2026,3,2.7890120691154152e-05,6
Bomadi,Ogo/Eze,2026,3,2.521699449668328e-05,6
Bomadi,Ogriagbene,2026,3,2.1336189820431174e-05,10
Burutu,Bolou-Ndoro,2026,3,2.091097606656452e-05,42
Burutu,Egodor,2026,3,2.5577620394399454e-05,29
Burutu,Eseinbiri,2026,3,2.5664585336926393e-05,16
Burutu,Kiagbodo,2026,3,2.445372228976339e-05,5
Burutu,Ngbilebiri,2026,3,2.475140111831327e-05,6
Burutu,Obetebe,2026,3,2.1307687275111677e-05,50
Burutu,Ogulagha,2026,3,2.193624492396008e-05,44
Burutu,Ojobo,2026,3,2.265081275254488e-05,5
Burutu,Tamigbe,2026,3,2.422761595384641e-05,11
Burutu,Torugbene,2026,3,2.285131449752953e-05,8
Burutu,Tuomo,2026,3,2.7166133245023397e-05,13
Patani,Abari,2026,3,2.579194842837751e-05,5
Patani,Agoloma,2026,3,2.7684555971063673e-05,5
Patani,Buluangiama,2026,3,2.472818111224721e-05,12
Patani,Odorubu,2026,3,2.2290623746812344e-05,14
Patani,Patani 2,2026,3,2.6268586225342005e-05,6
Patani,Patani 3,2026,3,2.5791421649046242e-05,5
Patani,Patani 4,2026,3,2.0739145838888362e-05,4
Patani,Patani 5,2026,3,2.4096578792003648e-05,7
Patani,Toruangiama,2026,3,2.5644671404734253e-05,5
Patani,Uduophori,2026,3,2.189344922953751e-05,8
Warri South-West,Ajudaibo,2026,3,2.3262433387571946e-05,4
Warri South-West,Akpakpa,2026,3,2.2708125470671803e-05,5
Warri South-West,Isaba,2026,3,2.69647513050586e-05,20
Warri South-West,Madangho,2026,3,2.2758500563213602e-05,2
Warri South-West,Ogbe-Ijoh,2026,3,2.4600366710639392e-05,61
Warri South-West,Ogidigben,2026,3,2.2809286747360602e-05,8
Warri South-West,Okerenkoko,2026,3,2.293225567219621e-05,59
Warri South-West,Oporozo,2026,3,2.2924151077556115e-05,24
Warri South-West,Orere,2026,3,2.2539501919204162e-05,9
Warri South-West,Ugborodo,2026,3,2.5291636120527983e-05,5
Warri South,Avenue,2026,3,3.23695334373042e-05,5
Warri South,Bowen,2026,3,3.507827932480723e-05,4
Warri South,Ekurede,2026,3,3.1519768526777625e-05,5
Warri South,Esisi,2026,3,3.563308564480394e-05,2
Warri South,Igbudu,2026,3,3.598162220441736e-05,2
Warri South,Obodo,2026,3,2.402897553110961e-05,32
Warri South,Ode-Itsekiri,2026,3,2.708811503411694e-05,11
Warri South,Okere,2026,3,3.4791669653107725e-05,3
Warri South,Pessu,2026,3,3.452347300481051e-05,2
Warri South,Ubeji,2026,3,2.669281541154935e-05,13
Bomadi,Akugbene 1,2026,4,1.6053145373007283e-05,4
Bomadi,Akugbene 2,2026,4,1.5822655768715777e-05,1
Bomadi,Akugbene 3,2026,4,1.5428671758854762e-05,2
Bomadi,Bomadi,2026,4,1.8176452916425962e-05,6
Bomadi,Ekaametagbene/Kalafio,2026,4,1.584178244229406e-05,20
Bomadi,Esanma,2026,4,1.641804919927381e-05,8
Bomadi,Kpakiama,2026,4,2.1139007811951968e-05,9
Bomadi,Ogbeinma/Okoloba,2026,4,1.6197242075577378e-05,6
Bomadi,Ogo/Eze,2026,4,1.7079432533743482e-05,6
Bomadi,Ogriagbene,2026,4,1.6983273962978273e-05,10
Burutu,Bolou-Ndoro,2026,4,1.606412115506828e-05,42
Burutu,Egodor,2026,4,2.2405830757885142e-05,29
Burutu,Eseinbiri,2026,4,1.7560918422532268e-05,16
Burutu,Kiagbodo,2026,4,2.491048362571746e-05,5
Burutu,Ngbilebiri,2026,4,2.2111855893551063e-05,6
Burutu,Obetebe,2026,4,1.8166564404964448e-05,50
Burutu,Ogulagha,2026,4,1.590204192325473e-05,44
Burutu,Ojobo,2026,4,1.670017372816801e-05,5
Burutu,Tamigbe,2026,4,1.8050313387489453e-05,11
Burutu,Torugbene,2026,4,1.6784686522441916e-05,8
Burutu,Tuomo,2026,4,1.8354019490428844e-05,13
Patani,Abari,2026,4,2.6487233117222787e-05,5
Patani,Agoloma,2026,4,2.677862357813865e-05,5
Patani,Buluangiama,2026,4,2.71289706385384e-05,12
Patani,Odorubu,2026,4,2.2123777723338988e-05,14
Patani,Patani 2,2026,4,2.779212324336792e-05,6
Patani,Patani 3,2026,4,2.7275591855868696e-05,5
Patani,Patani 4,2026,4,2.727285391301848e-05,4
Patani,Patani 5,2026,4,2.727309349990849e-05,7
Patani,Toruangiama,2026,4,2.8020585887134075e-05,5
Patani,Uduophori,2026,4,2.3640253857593052e-05,8
Warri South-West,Ajudaibo,2026,4,2.4877832402125932e-05,4
Warri South-West,Akpakpa,2026,4,2.2900190379004927e-05,5
Warri South-West,Isaba,2026,4,2.4424440925940872e-05,20
Warri South-West,Madangho,2026,4,2.7266465622233227e-05,2
Warri South-West,Ogbe-Ijoh,2026,4,2.1906506621324624e-05,61
Warri South-West,Ogidigben,2026,4,2.2752336008124985e-05,8
Warri South-West,Okerenkoko,2026,4,2.1731887423133448e-05,59
Warri South-West,Oporozo,2026,4,1.9675394772396732e-05,24
Warri South-West,Orere,2026,4,1.948417694721785e-05,9
Warri South-West,Ugborodo,2026,4,2.3057113867253066e-05,5
Warri South,Avenue,2026,4,3.1628308352082965e-05,5
Warri South,Bowen,2026,4,3.289986852905713e-05,4
Warri South,Ekurede,2026,4,2.909300965256989e-05,5
Warri South,Esisi,2026,4,3.367110912222415e-05,2
Warri South,Igbudu,2026,4,3.471351010375656e-05,2
Warri South,Obodo,2026,4,2.332975054741837e-05,32
Warri South,Ode-Itsekiri,2026,4,2.5786361551250923e-05,11
Warri South,Okere,2026,4,3.2065467773160584e-05,3
Warri South,Pessu,2026,4,3.212862793589011e-05,2
Warri South,Ubeji,2026,4,2.671325525555473e-05,13
