{"type":"FeatureCollection","crs":{"type":"name","properties":{"name":"EPSG:4326"}},"features":[{"type":"Feature","id":1190,"geometry":{"type":"Point","coordinates":[5.66931152300003,5.89709472700002]},"properties":{"OBJECTID":1190,"globalid":"5ac25ac3-ec82-48a5-903c-599b57b57d52","nhfr_uid":14474545,"nhfr_facility_code":"10/17/1/1/2/0003","country":"Nigeria","iso":"NGA","state":"Delta","lga":"Sapele","lga_name_disagreement":0,"ward":"Okpe","ward_name_disagreement":1,"facility_name":"Divine Care Clinic and Maternity","facility_name_source":"NHFR_2024","ownership":"Private","ownership_type":"Unknown","facility_level":"Primary","facility_level_option":"Primary Health Center","latitude":5.897094727,"longitude":5.669311523,"geocoordinates_source":"GRID3_EHEALTH","last_updated":"2024-11-11"}},{"type":"Feature","id":1262,"geometry":{"type":"Point","coordinates":[5.94171142600004,5.48431396500007]},"properties":{"OBJECTID":1262,"globalid":"80134014-76e8-445e-9302-fdf4a04e85c4","nhfr_uid":76285497,"nhfr_facility_code":"10/20/1/2/1/0001","country":"Nigeria","iso":"NGA","state":"Delta","lga":"Ughelli South","lga_name_disagreement":0,"ward":"Olumo 3","ward_name_disagreement":1,"facility_name":"Effurun Otor Primary Health Center","facility_name_source":"NHFR_2024","ownership":"Public","ownership_type":"Local Government","facility_level":"Primary","facility_level_option":"Primary Health Center","latitude":5.484313965,"longitude":5.941711426,"geocoordinates_source":"GRID3_EHEALTH","last_updated":"2024-11-11"}},{"type":"Feature","id":1263,"geometry":{"type":"Point","coordinates":[6.42572021500007,5.33288574200003]},"properties":{"OBJECTID":1263,"globalid":"26cd3340-c7b4-4dc5-a27d-673a64bf5696","nhfr_uid":84819975,"nhfr_facility_code":"10/11/1/1/1/0025","country":"Nigeria","iso":"NGA","state":"Delta","lga":"Ndokwa East","lga_name_disagreement":0,"ward":"Onyah/Umuolu","ward_name_disagreement":0,"facility_name":"Onya Comprehensive Health Center","facility_name_source":"NHFR_2024","ownership":"Public","ownership_type":"Unknown","facility_level":"Primary","facility_level_option":"Primary Health Center","latitude":5.332885742,"longitude":6.425720215,"geocoordinates_source":"GRID3_EHEALTH","last_updated":"2024-11-11"}},{"type":"Feature","id":1264,"geometry":{"type":"Point","coordinates":[6.35772705100004,5.67572021500007]},"properties":{"OBJECTID":1264,"globalid":"af9bb45d-6b9c-4cbb-901e-f8f98d8dfc7b","nhfr_uid":59798624,"nhfr_facility_code":"10/12/1/1/2/0003","country":"Nigeria","iso":"NGA","state":"Delta","lga":"Ndokwa West","lga_name_disagreement":0,"ward":"Emu","ward_name_disagreement":0,"facility_name":"Emu Ebendo Primary Health Care Center","facility_name_source":"NHFR_2024","ownership":"Public","ownership_type":"Local Government","facility_level":"Primary","facility_level_option":"Primary Health Center","latitude":5.675720215,"longitude":6.357727051,"geocoordinates_source":"GRID3_EHEALTH","last_updated":"2024-11-11"}},{"type":"Feature","id":1895,"geometry":{"type":"Point","coordinates":[5.75423000000006,5.53685000000007]},"properties":{"OBJECTID":1895,"globalid":"953a7271-e822-4b04-9f67-3945a4e8140a","nhfr_uid":35215898,"nhfr_facility_code":"10/24/1/1/2/0019","country":"Nigeria","iso":"NGA","state":"Delta","lga":"Warri South","lga_name_disagreement":0,"ward":"Avenue","ward_name_disagreement":1,"facility_name":"First Rank Ltd Hospital","facility_name_source":"NHFR_2024","ownership":"Private","ownership_type":"For Profit","facility_level":"Primary","facility_level_option":"Primary Health Clinic","latitude":5.53685,"longitude":5.75423,"geocoordinates_source":"GRID3_EHEALTH","last_updated":"2024-11-11"}},{"type":"Feature","id":1904,"geometry":{"type":"Point","coordinates":[6.38185000000004,6.01728000000003]},"properties":{"OBJECTID":1904,"globalid":"4f2aba2b-39d8-4177-ba9a-4a3b2b506374","nhfr_uid":76447536,"nhfr_facility_code":"10/02/1/1/1/0006","country":"Nigeria","iso":"NGA","state":"Delta","lga":"Aniocha South","lga_name_disagreement":1,"ward":"Ejeme/Igbudu","ward_name_disagreement":1,"facility_name":"Ejeme Unor Primary Health Center","facility_name_source":"NHFR_2024","ownership":"Public","ownership_type":"Local Government","facility_level":"Primary","facility_level_option":"Primary Health Center","latitude":6.01728,"longitude":6.38185,"geocoordinates_source":"GRID3_EHEALTH","last_updated":"2024-11-11"}},{"type":"Feature","id":1962,"geometry":{"type":"Point","coordinates":[5.98877000000005,5.50462000000005]},"properties":{"OBJECTID":1962,"globalid":"31782d32-04ea-49c5-bc9b-2e11646f5a70","nhfr_uid":21663064,"nhfr_facility_code":"10/19/1/2/2/0040","country":"Nigeria","iso":"NGA","state":"Delta","lga":"Ughelli North","lga_name_disagreement":0,"ward":"Ughelli Urban 1","ward_name_disagreement":0,"facility_name":"Nirvana Hospital Specialist","facility_name_source":"NHFR_2024","ownership":"Private","ownership_type":"For Profit","facility_level":"Secondary","facility_level_option":"General Hospital","latitude":5.50462,"longitude":5.98877,"geocoordinates_source":"GRID3_EHEALTH","last_updated":"2024-11-11"}},{"type":"Feature","id":1963,"geometry":{"type":"Point","coordinates":[5.74773000000005,5.51705000000004]},"properties":{"OBJECTID":1963,"globalid":"88a89b2c-bced-4e77-8f54-2db6672e66bd","nhfr_uid":59606277,"nhfr_facility_code":"10/24/1/2/2/0004","country":"Nigeria","iso":"NGA","state":"Delta","lga":"Warri South","lga_name_disagreement":0,"ward":"Bowen","ward_name_disagreement":1,"facility_name":"St Andrew Hospital","facility_name_source":"NHFR_2024","ownership":"Private","ownership_type":"For Profit","facility_level":"Secondary","facility_level_option":"Unknown","latitude":5.51705,"longitude":5.74773,"geocoordinates_source":"NHFR_2024","last_updated":"2024-11-11"}},{"type":"Feature","id":2007,"geometry":{"type":"Point","coordinates":[6.47229003900003,6.31549072300004]},"properties":{"OBJECTID":2007,"globalid":"b63471f4-81ab-4ff3-b461-dc76941c58f5","nhfr_uid":17339943,"nhfr_facility_code":"10/18/1/1/1/0014","country":"Nigeria","iso":"NGA","state":"Delta","lga":"Aniocha North","lga_name_disagreement":0,"ward":"Issele-Uku 1","ward_name_disagreement":0,"facility_name":"St Theresa'S Clinic and Maternity","facility_name_source":"NHFR_2024","ownership":"Public","ownership_type":"Unknown","facility_level":"Primary","facility_level_option":"Primary Health Center","latitude":6.315490723,"longitude":6.472290039,"geocoordinates_source":"GRID3_EHEALTH","last_updated":"2024-11-11"}},{"type":"Feature","id":2020,"geometry":{"type":"Point","coordinates":[6.48431396500007,5.49768066400003]},"properties":{"OBJECTID":2020,"globalid":"ff3b8bd7-d1cd-4fbd-b1a5-1af8def2c0d5","nhfr_uid":47531893,"nhfr_facility_code":"10/11/1/1/1/0008","country":"Nigeria","iso":"NGA","state":"Delta","lga":"Ndokwa East","lga_name_disagreement":0,"ward":"Aboh / Akarai","ward_name_disagreement":1,"facility_name":"Akarai Etiti Primary Health Care Center","facility_name_source":"NHFR_2024","ownership":"Public","ownership_type":"Local Government","facility_level":"Primary","facility_level_option":"Primary Health Center","latitude":5.497680664,"longitude":6.484313965,"geocoordinates_source":"GRID3_EHEALTH","last_updated":"2024-11-11"}},{"type":"Feature","id":2065,"geometry":{"type":"Point","coordinates":[5.79772949200003,5.37030029300007]},"properties":{"OBJECTID":2065,"globalid":"5baecc9a-310a-4924-aba9-3c2be059e0e3","nhfr_uid":31483552,"nhfr_facility_code":"10/20/1/1/2/0009","country":"Nigeria","iso":"NGA","state":"Delta","lga":"Ughelli South","lga_name_disagreement":0,"ward":"Jeremi 3","ward_name_disagreement":0,"facility_name":"Okwagbe Baptist Okwagbe Health Center","facility_name_source":"NHFR_2024","ownership":"Private","ownership_type":"For Profit","facility_level":"Primary","facility_level_option":"Primary Health Center","latitude":5.370300293,"longitude":5.797729492,"geocoordinates_source":"GRID3_EHEALTH","last_updated":"2024-11-11"}},{"type":"Feature","id":2066,"geometry":{"type":"Point","coordinates":[5.76147460900006,5.56549072300004]},"properties":{"OBJECTID":2066,"globalid":"8cafb345-111c-46cf-9f69-7cb651c6cf7d","nhfr_uid":55939347,"nhfr_facility_code":"10/22/1/2/2/0040","country":"Nigeria","iso":"NGA","state":"Delta","lga":"Uvwie","lga_name_disagreement":0,"ward":"Urhumarho","ward_name_disagreement":1,"facility_name":"Regal Hospital","facility_name_source":"NHFR_2024","ownership":"Private","ownership_type":"For Profit","facility_level":"Secondary","facility_level_option":"Primary Health Clinic","latitude":5.565490723,"longitude":5.761474609,"geocoordinates_source":"GRID3_EHEALTH","last_updated":"2024-11-11"}},{"type":"Feature","id":2067,"geometry":{"type":"Point","coordinates":[6.65350341800007,6.24267578100006]},"properties":{"OBJECTID":2067,"globalid":"657e3126-401d-4e9d-981c-9adb7f89df1b","nhfr_uid":49231086,"nhfr_facility_code":"10/14/1/1/1/0008","country":"Nigeria","iso":"NGA","state":"Delta","lga":"Oshimili North","lga_name_disagreement":0,"ward":"Okpanam / Ugbolu","ward_name_disagreement":0,"facility_name":"Okpanam Comprehensive Health Center","facility_name_source":"NHFR_2024","ownership":"Public","ownership_type":"Local Government","facility_level":"Primary","facility_level_option":"Primary Health Center","latitude":6.242675781,"longitude":6.653503418,"geocoordinates_source":"GRID3_EHEALTH","last_updated":"2024-11-11"}},{"type":"Feature","id":2072,"geometry":{"type":"Point","coordinates":[5.83447265600006,5.38189697300004]},"properties":{"OBJECTID":2072,"globalid":"fa32989c-cc36-4a62-acd5-2f851c3f0dbf","nhfr_uid":31451133,"nhfr_facility_code":"10/20/1/1/2/0007","country":"Nigeria","iso":"NGA","state":"Delta","lga":"Ughelli South","lga_name_disagreement":0,"ward":"Jeremi 2","ward_name_disagreement":0,"facility_name":"Oginibo Primary Health Center","facility_name_source":"NHFR_2024","ownership":"Public","ownership_type":"Local Government","facility_level":"Primary","facility_level_option":"Primary Health Center","latitude":5.381896973,"longitude":5.834472656,"geocoordinates_source":"GRID3_EHEALTH","last_updated":"2024-11-11"}},{"type":"Feature","id":2073,"geometry":{"type":"Point","coordinates":[5.74212646500007,5.57647705100004]},"properties":{"OBJECTID":2073,"globalid":"856ae84c-8b17-4354-9131-54589d8db9b1","nhfr_uid":35189312,"nhfr_facility_code":"10/22/1/1/2/0010","country":"Nigeria","iso":"NGA","state":"Delta","lga":"Uvwie","lga_name_disagreement":0,"ward":"Ekpan 2","ward_name_disagreement":1,"facility_name":"Ekpan 2 Primary Health Center","facility_name_source":"NHFR_2024","ownership":"Public","ownership_type":"Local Government","facility_level":"Primary","facility_level_option":"Primary Health Center","latitude":5.576477051,"longitude":5.742126465,"geocoordinates_source":"GRID3_EHEALTH","last_updated":"2024-11-11"}},{"type":"Feature","id":2074,"geometry":{"type":"Point","coordinates":[5.78509521500007,5.55389404300007]},"properties":{"OBJECTID":2074,"globalid":"834c5e97-02d3-4e13-813a-0725713b6e07","nhfr_uid":69572392,"nhfr_facility_code":"10/22/1/1/1/0020","country":"Nigeria","iso":"NGA","state":"Delta","lga":"Uvwie","lga_name_disagreement":0,"ward":"Urhumarho","ward_name_disagreement":0,"facility_name":"Urhumarho Primary Health Center","facility_name_source":"NHFR_2024","ownership":"Public","ownership_type":"Local Government","facility_level":"Primary","facility_level_option":"Primary Health Center","latitude":5.553894043,"longitude":5.785095215,"geocoordinates_source":"GRID3_EHEALTH","last_updated":"2024-11-11"}},{"type":"Feature","id":2075,"geometry":{"type":"Point","coordinates":[6.48608398400006,5.43127441400003]},"properties":{"OBJECTID":2075,"globalid":"c96aaf94-ee38-499f-8ab0-d85daaa44779","nhfr_uid":45444894,"nhfr_facility_code":"10/11/1/2/1/0005","country":"Nigeria","iso":"NGA","state":"Delta","lga":"Ndokwa East","lga_name_disagreement":0,"ward":"Onyah/Umuolu","ward_name_disagreement":0,"facility_name":"Umuolu General Hospital","facility_name_source":"NHFR_2024","ownership":"Public","ownership_type":"Unknown","facility_level":"Secondary","facility_level_option":"Primary Health Center","latitude":5.431274414,"longitude":6.486083984,"geocoordinates_source":"GRID3_EHEALTH","last_updated":"2024-11-11"}},{"type":"Feature","id":2076,"geometry":{"type":"Point","coordinates":[6.23931884800004,5.33288574200003]},"properties":{"OBJECTID":2076,"globalid":"57fcfcd6-3650-4f8e-aa94-ed2861bbeacc","nhfr_uid":76794894,"nhfr_facility_code":"10/10/1/2/1/0001","country":"Nigeria","iso":"NGA","state":"Delta","lga":"Isoko South","lga_name_disagreement":0,"ward":"Uzere","ward_name_disagreement":0,"facility_name":"Uzere Cottage Hospital","facility_name_source":"NHFR_2024","ownership":"Public","ownership_type":"State Government","facility_level":"Secondary","facility_level_option":"Unknown","latitude":5.332885742,"longitude":6.239318848,"geocoordinates_source":"GRID3_EHEALTH","last_updated":"2024-11-11"}},{"type":"Feature","id":2077,"geometry":{"type":"Point","coordinates":[5.81048584000007,5.66632080100004]},"properties":{"OBJECTID":2077,"globalid":"2d325690-f61b-4190-9034-e120b11d6101","nhfr_uid":75030413,"nhfr_facility_code":"10/13/1/1/1/0027","country":"Nigeria","iso":"NGA","state":"Delta","lga":"Okpe","lga_name_disagreement":0,"ward":"Evwrigen","ward_name_disagreement":0,"facility_name":"Amuokpokpo Primary Health Care Center","facility_name_source":"NHFR_2024","ownership":"Public","ownership_type":"Local Government","facility_level":"Primary","facility_level_option":"Primary Health Center","latitude":5.666320801,"longitude":5.81048584,"geocoordinates_source":"GRID3_EHEALTH","last_updated":"2024-11-11"}},{"type":"Feature","id":2078,"geometry":{"type":"Point","coordinates":[5.70611572300004,5.59228515600006]},"properties":{"OBJECTID":2078,"globalid":"ee0c8f6f-dd80-4162-914e-927897f9501b","nhfr_uid":37211422,"nhfr_facility_code":"10/13/1/1/2/0008","country":"Nigeria","iso":"NGA","state":"Delta","lga":"Okpe","lga_name_disagreement":0,"ward":"Jeddo","ward_name_disagreement":1,"facility_name":"Jeddo Primary Health Center","facility_name_source":"NHFR_2024","ownership":"Public","ownership_type":"Local Government","facility_level":"Primary","facility_level_option":"Primary Health Center","latitude":5.592285156,"longitude":5.706115723,"geocoordinates_source":"GRID3_EHEALTH","last_updated":"2024-11-11"}},{"type":"Feature","id":2079,"geometry":{"type":"Point","coordinates":[6.11767578100006,5.51007080100004]},"properties":{"OBJECTID":2079,"globalid":"9c381230-ad11-4333-9ed2-36c58d821cbb","nhfr_uid":62000884,"nhfr_facility_code":"10/09/1/1/1/0006","country":"Nigeria","iso":"NGA","state":"Delta","lga":"Isoko North","lga_name_disagreement":0,"ward":"Emevor","ward_name_disagreement":1,"facility_name":"Emevor Primary Health Center","facility_name_source":"NHFR_2024","ownership":"Public","ownership_type":"Local Government","facility_level":"Primary","facility_level_option":"Primary Health Center","latitude":5.510070801,"longitude":6.117675781,"geocoordinates_source":"GRID3_EHEALTH","last_updated":"2024-11-11"}},{"type":"Feature","id":2080,"geometry":{"type":"Point","coordinates":[6.53088378900003,5.56671142600004]},"properties":{"OBJECTID":2080,"globalid":"9be6c9aa-5b94-49a5-9123-0d9151668ac9","nhfr_uid":36324045,"nhfr_facility_code":"10/11/1/2/1/0001","country":"Nigeria","iso":"NGA","state":"Delta","lga":"Ndokwa East","lga_name_disagreement":0,"ward":"Aboh / Akarai","ward_name_disagreement":0,"facility_name":"Aboh General Hospital","facility_name_source":"NHFR_2024","ownership":"Public","ownership_type":"State Government","facility_level":"Secondary","facility_level_option":"General Hospital","latitude":5.566711426,"longitude":6.530883789,"geocoordinates_source":"GRID3_EHEALTH","last_updated":"2024-11-11"}},{"type":"Feature","id":2081,"geometry":{"type":"Point","coordinates":[6.74407959000007,6.16687011700003]},"properties":{"OBJECTID":2081,"globalid":"319fc180-d9af-4f44-9bdb-183bcde9bb78","nhfr_uid":57859804,"nhfr_facility_code":"10/15/1/1/2/0003","country":"Nigeria","iso":"NGA","state":"Delta","lga":"Oshimili South","lga_name_disagreement":0,"ward":"Okwe","ward_name_disagreement":0,"facility_name":"Government Okwe Asaba Hospital","facility_name_source":"NHFR_2024","ownership":"Public","ownership_type":"State Government","facility_level":"Secondary","facility_level_option":"Primary Health Center","latitude":6.166870117,"longitude":6.74407959,"geocoordinates_source":"GRID3_EHEALTH","last_updated":"2024-11-11"}},{"type":"Feature","id":2082,"geometry":{"type":"Point","coordinates":[5.68127441400003,5.90032959000007]},"properties":{"OBJECTID":2082,"globalid":"5021fe2a-f9b1-41d3-bc0a-902653e9c9aa","nhfr_uid":69068837,"nhfr_facility_code":"10/17/1/2/1/0003","country":"Nigeria","iso":"NGA","state":"Delta","lga":"Sapele","lga_name_disagreement":0,"ward":"Okpe","ward_name_disagreement":1,"facility_name":"Sapele Central Hospital","facility_name_source":"NHFR_2024","ownership":"Public","ownership_type":"State Government","facility_level":"Secondary","facility_level_option":"General Hospital","latitude":5.90032959,"longitude":5.681274414,"geocoordinates_source":"GRID3_EHEALTH","last_updated":"2024-11-11"}},{"type":"Feature","id":2083,"geometry":{"type":"Point","coordinates":[5.66827392600004,5.60913085900006]},"properties":{"OBJECTID":2083,"globalid":"e312d5f7-60ee-4a15-aaa2-b7e062db0e03","nhfr_uid":29884940,"nhfr_facility_code":"10/13/1/2/1/0002","country":"Nigeria","iso":"NGA","state":"Delta","lga":"Okpe","lga_name_disagreement":0,"ward":"Jeddo","ward_name_disagreement":1,"facility_name":"Ughoton Primary Health Center","facility_name_source":"NHFR_2024","ownership":"Public","ownership_type":"Local Government","facility_level":"Primary","facility_level_option":"Primary Health Center","latitude":5.609130859,"longitude":5.668273926,"geocoordinates_source":"GRID3_EHEALTH","last_updated":"2024-11-11"}},{"type":"Feature","id":2084,"geometry":{"type":"Point","coordinates":[6.25189209000007,5.63787841800007]},"properties":{"OBJECTID":2084,"globalid":"1cc19718-95f6-431e-9e15-9f19394ee71b","nhfr_uid":15426108,"nhfr_facility_code":"10/12/1/1/2/0004","country":"Nigeria","iso":"NGA","state":"Delta","lga":"Ndokwa West","lga_name_disagreement":0,"ward":"Emu","ward_name_disagreement":0,"facility_name":"Emu Uno Primary Health Care Center","facility_name_source":"NHFR_2024","ownership":"Public","ownership_type":"Local Government","facility_level":"Primary","facility_level_option":"Primary Health Center","latitude":5.637878418,"longitude":6.25189209,"geocoordinates_source":"GRID3_EHEALTH","last_updated":"2024-11-11"}},{"type":"Feature","id":2328,"geometry":{"type":"Point","coordinates":[5.72650146500007,5.41827392600004]},"properties":{"OBJECTID":2328,"globalid":"060d02a7-d79b-4b31-8e31-eca41e4b1a28","nhfr_uid":45799831,"nhfr_facility_code":"10/25/1/1/1/0008","country":"Nigeria","iso":"NGA","state":"Delta","lga":"Warri South West","lga_name_disagreement":0,"ward":"Ogidingbe","ward_name_disagreement":1,"facility_name":"Isaba Primary Health Center","facility_name_source":"NHFR_2024","ownership":"Public","ownership_type":"Local Government","facility_level":"Primary","facility_level_option":"Primary Health Center","latitude":5.418273926,"longitude":5.726501465,"geocoordinates_source":"GRID3_EHEALTH","last_updated":"2024-11-11"}},{"type":"Feature","id":2329,"geometry":{"type":"Point","coordinates":[6.15728759800004,6.30572509800004]},"properties":{"OBJECTID":2329,"globalid":"346e64e9-4041-4b8e-b786-3a4ad45151f8","nhfr_uid":36879571,"nhfr_facility_code":"10/08/1/1/1/0005","country":"Nigeria","iso":"NGA","state":"Delta","lga":"Ika South","lga_name_disagreement":0,"ward":"Ozonogogo Ward","ward_name_disagreement":1,"facility_name":"Alisimie Primary Health Center","facility_name_source":"NHFR_2024","ownership":"Public","ownership_type":"Local Government","facility_level":"Primary","facility_level_option":"Primary Health Center","latitude":6.305725098,"longitude":6.157287598,"geocoordinates_source":"GRID3_EHEALTH","last_updated":"2024-11-11"}},{"type":"Feature","id":2933,"geometry":{"type":"Point","coordinates":[6.01408000000004,5.43515000000002]},"properties":{"OBJECTID":2933,"globalid":"2519b543-5551-4baf-9b3a-a1852aef0333","nhfr_uid":84099413,"nhfr_facility_code":"10/19/1/1/1/0003","country":"Nigeria","iso":"NGA","state":"Delta","lga":"Ughelli North","lga_name_disagreement":0,"ward":"Otor-Ogor","ward_name_disagreement":0,"facility_name":"Edjekota Primary Health Center","facility_name_source":"NHFR_2024","ownership":"Public","ownership_type":"Local Government","facility_level":"Primary","facility_level_option":"Primary Health Center","latitude":5.43515,"longitude":6.01408,"geocoordinates_source":"NHFR_2024","last_updated":"2024-11-11"}},{"type":"Feature","id":2988,"geometry":{"type":"Point","coordinates":[5.68220666700006,5.59662500000007]},"properties":{"OBJECTID":2988,"globalid":"f1db8a73-7fac-48f3-a231-a900dbef432d","nhfr_uid":26464511,"nhfr_facility_code":"10/13/1/1/1/0001","country":"Nigeria","iso":"NGA","state":"Delta","lga":"Okpe","lga_name_disagreement":1,"ward":"Jeddo","ward_name_disagreement":1,"facility_name":"Ugbokodo Primary Health Care Center","facility_name_source":"NHFR_2024","ownership":"Public","ownership_type":"Local Government","facility_level":"Primary","facility_level_option":"Primary Health Center","latitude":5.596625,"longitude":5.682206667,"geocoordinates_source":"GRID3_EHEALTH","last_updated":"2024-11-11"}},{"type":"Feature","id":2989,"geometry":{"type":"Point","coordinates":[6.45666290000003,5.77971831000002]},"properties":{"OBJECTID":2989,"globalid":"abbf91fc-d391-4fe4-b774-c0336674d525","nhfr_uid":64456610,"nhfr_facility_code":"10/11/1/1/2/0004","country":"Nigeria","iso":"NGA","state":"Delta","lga":"Ndokwa East","lga_name_disagreement":0,"ward":"Afor/Obikwele","ward_name_disagreement":0,"facility_name":"Ogbedigbo Primary Health Center","facility_name_source":"NHFR_2024","ownership":"Public","ownership_type":"Local Government","facility_level":"Primary","facility_level_option":"Primary Health Center","latitude":5.77971831,"longitude":6.4566629,"geocoordinates_source":"GRID3_EHEALTH","last_updated":"2024-11-11"}},{"type":"Feature","id":2990,"geometry":{"type":"Point","coordinates":[6.45578926000007,5.79209718000004]},"properties":{"OBJECTID":2990,"globalid":"d21ced58-a9d4-4650-9308-c5bed69598db","nhfr_uid":16022876,"nhfr_facility_code":"10/11/1/1/1/0033","country":"Nigeria","iso":"NGA","state":"Delta","lga":"Ndokwa East","lga_name_disagreement":0,"ward":"Afor/Obikwele","ward_name_disagreement":0,"facility_name":"Afor Umuachi Primary Health Care Center","facility_name_source":"NHFR_2024","ownership":"Public","ownership_type":"Local Government","facility_level":"Primary","facility_level_option":"Primary Health Center","latitude":5.79209718,"longitude":6.45578926,"geocoordinates_source":"GRID3_EHEALTH","last_updated":"2024-11-11"}},{"type":"Feature","id":2991,"geometry":{"type":"Point","coordinates":[6.13525500000003,5.72521166700005]},"properties":{"OBJECTID":2991,"globalid":"dac9ad39-411a-480a-bc61-57a5609b1030","nhfr_uid":64189280,"nhfr_facility_code":"10/19/1/1/1/0038","country":"Nigeria","iso":"NGA","state":"Delta","lga":"Ughelli North","lga_name_disagreement":0,"ward":"Orogun 2","ward_name_disagreement":0,"facility_name":"Aragba Primary Health Center","facility_name_source":"NHFR_2024","ownership":"Public","ownership_type":"Local Government","facility_level":"Primary","facility_level_option":"Primary Health Center","latitude":5.725211667,"longitude":6.135255,"geocoordinates_source":"GRID3_EHEALTH","last_updated":"2024-11-11"}},{"type":"Feature","id":2992,"geometry":{"type":"Point","coordinates":[5.60514333300006,5.89615333300003]},"properties":{"OBJECTID":2992,"globalid":"3b298246-03b6-480c-9b41-6779d7b4d44d","nhfr_uid":77447250,"nhfr_facility_code":"10/17/1/1/1/0025","country":"Nigeria","iso":"NGA","state":"Delta","lga":"Sapele","lga_name_disagreement":0,"ward":"Gana","ward_name_disagreement":0,"facility_name":"Oton Primary Health Center","facility_name_source":"NHFR_2024","ownership":"Public","ownership_type":"Local Government","facility_level":"Primary","facility_level_option":"Primary Health Center","latitude":5.896153333,"longitude":5.605143333,"geocoordinates_source":"GRID3_EHEALTH","last_updated":"2024-11-11"}},{"type":"Feature","id":2993,"geometry":{"type":"Point","coordinates":[6.03123333300005,5.51468500000004]},"properties":{"OBJECTID":2993,"globalid":"6fd600f0-3f02-4f63-87a3-7a0f16478383","nhfr_uid":65673541,"nhfr_facility_code":"10/19/1/1/1/0037","country":"Nigeria","iso":"NGA","state":"Delta","lga":"Ughelli North","lga_name_disagreement":0,"ward":"Afiesere","ward_name_disagreement":0,"facility_name":"Ekredjebo Primary Health Center","facility_name_source":"NHFR_2024","ownership":"Public","ownership_type":"Local Government","facility_level":"Primary","facility_level_option":"Primary Health Center","latitude":5.514685,"longitude":6.031233333,"geocoordinates_source":"GRID3_EHEALTH","last_updated":"2024-11-11"}},{"type":"Feature","id":2996,"geometry":{"type":"Point","coordinates":[5.46375590000002,6.00652980000007]},"properties":{"OBJECTID":2996,"globalid":"4e70edb9-b000-4069-aa0f-dfdbdeabf83f","nhfr_uid":66295220,"nhfr_facility_code":"10/23/1/1/1/0006","country":"Nigeria","iso":"NGA","state":"Delta","lga":"Warri North","lga_name_disagreement":0,"ward":"Koko","ward_name_disagreement":0,"facility_name":"Beach Primary Health Center","facility_name_source":"NHFR_2024","ownership":"Public","ownership_type":"Unknown","facility_level":"Primary","facility_level_option":"Primary Health Center","latitude":6.0065298,"longitude":5.4637559,"geocoordinates_source":"GRID3_EHEALTH","last_updated":"2024-11-11"}},{"type":"Feature","id":2997,"geometry":{"type":"Point","coordinates":[5.91043833300006,5.49579000000006]},"properties":{"OBJECTID":2997,"globalid":"a9e8050c-9fb2-4301-85ef-c2bb585776b3","nhfr_uid":49270827,"nhfr_facility_code":"10/20/1/1/2/0021","country":"Nigeria","iso":"NGA","state":"Delta","lga":"Ughelli South","lga_name_disagreement":0,"ward":"Jeremi 1","ward_name_disagreement":0,"facility_name":"Ughevwughe Primary Health Center","facility_name_source":"NHFR_2024","ownership":"Public","ownership_type":"Local Government","facility_level":"Primary","facility_level_option":"Primary Health Center","latitude":5.49579,"longitude":5.910438333,"geocoordinates_source":"GRID3_EHEALTH","last_updated":"2024-11-11"}},{"type":"Feature","id":3094,"geometry":{"type":"Point","coordinates":[5.74380000000002,5.64567000000005]},"properties":{"OBJECTID":3094,"globalid":"f6acbc03-18dd-4146-b3db-79117a4a6f74","nhfr_uid":76418146,"nhfr_facility_code":"10/13/1/1/1/0004","country":"Nigeria","iso":"NGA","state":"Delta","lga":"Okpe","lga_name_disagreement":0,"ward":"Okwabude","ward_name_disagreement":1,"facility_name":"Egborode Primary Health Care Center","facility_name_source":"NHFR_2024","ownership":"Public","ownership_type":"Local Government","facility_level":"Primary","facility_level_option":"Health Post","latitude":5.64567,"longitude":5.7438,"geocoordinates_source":"GRID3_EHEALTH","last_updated":"2024-11-11"}},{"type":"Feature","id":3242,"geometry":{"type":"Point","coordinates":[6.01441000000005,5.50566000000003]},"properties":{"OBJECTID":3242,"globalid":"bad9ccaa-535a-488f-b533-47220e0ccd23","nhfr_uid":34935004,"nhfr_facility_code":"10/19/1/1/1/0036","country":"Nigeria","iso":"NGA","state":"Delta","lga":"Ughelli North","lga_name_disagreement":0,"ward":"Afiesere","ward_name_disagreement":0,"facility_name":"Iwhrekpokpor Primary Health Center","facility_name_source":"NHFR_2024","ownership":"Public","ownership_type":"Local Government","facility_level":"Primary","facility_level_option":"Primary Health Center","latitude":5.50566,"longitude":6.01441,"geocoordinates_source":"GRID3_EHEALTH","last_updated":"2024-11-11"}},{"type":"Feature","id":3774,"geometry":{"type":"Point","coordinates":[6.48614000000003,6.31815000000006]},"properties":{"OBJECTID":3774,"globalid":"ee980d75-8650-4522-9998-5443c8dfc113","nhfr_uid":74278016,"nhfr_facility_code":"10/01/1/1/1/0001","country":"Nigeria","iso":"NGA","state":"Delta","lga":"Aniocha North","lga_name_disagreement":0,"ward":"Issele-Uku 2","ward_name_disagreement":0,"facility_name":"Ajulu Clinic","facility_name_source":"NHFR_2024","ownership":"Private","ownership_type":"For Profit","facility_level":"Secondary","facility_level_option":"Primary Health Center","latitude":6.31815,"longitude":6.48614,"geocoordinates_source":"GRID3_EHEALTH","last_updated":"2024-11-11"}},{"type":"Feature","id":3775,"geometry":{"type":"Point","coordinates":[6.35956000000004,6.01647000000003]},"properties":{"OBJECTID":3775,"globalid":"d595a6d7-4f28-46c9-adde-a24e0b66c62d","nhfr_uid":86140016,"nhfr_facility_code":"10/02/1/1/1/0005","country":"Nigeria","iso":"NGA","state":"Delta","lga":"Aniocha South","lga_name_disagreement":0,"ward":"Ejeme/Igbudu","ward_name_disagreement":0,"facility_name":"Ejeme Aniogor Primary Health Center","facility_name_source":"NHFR_2024","ownership":"Public","ownership_type":"Local Government","facility_level":"Primary","facility_level_option":"Primary Health Center","latitude":6.01647,"longitude":6.35956,"geocoordinates_source":"GRID3_EHEALTH","last_updated":"2024-11-11"}},{"type":"Feature","id":3933,"geometry":{"type":"Point","coordinates":[6.06311035200002,5.53271484400005]},"properties":{"OBJECTID":3933,"globalid":"72a1cae2-e792-4a3f-a6cf-479c344399f6","nhfr_uid":13060506,"nhfr_facility_code":"10/19/1/1/2/0035","country":"Nigeria","iso":"NGA","state":"Delta","lga":"Ughelli North","lga_name_disagreement":0,"ward":"Agbarha","ward_name_disagreement":0,"facility_name":"Ibru Centre Clinic","facility_name_source":"NHFR_2024","ownership":"Private","ownership_type":"Not For Profit","facility_level":"Primary","facility_level_option":"Primary Health Clinic","latitude":5.532714844,"longitude":6.063110352,"geocoordinates_source":"GRID3_EHEALTH","last_updated":"2024-11-11"}},{"type":"Feature","id":4029,"geometry":{"type":"Point","coordinates":[6.63848877000004,6.17010498000008]},"properties":{"OBJECTID":4029,"globalid":"f18881cd-41f9-413d-8d46-f22388ca4c29","nhfr_uid":86171622,"nhfr_facility_code":"10/14/1/2/2/0013","country":"Nigeria","iso":"NGA","state":"Delta","lga":"Oshimili North","lga_name_disagreement":0,"ward":"Achala/Ezukwu/Ogboli","ward_name_disagreement":1,"facility_name":"God 0 F Mantle","facility_name_source":"NHFR_2024","ownership":"Private","ownership_type":"For Profit","facility_level":"Secondary","facility_level_option":"Primary Health Center","latitude":6.17010498,"longitude":6.63848877,"geocoordinates_source":"GRID3_EHEALTH","last_updated":"2024-11-11"}},{"type":"Feature","id":4129,"geometry":{"type":"Point","coordinates":[5.86248779300007,5.59729003900003]},"properties":{"OBJECTID":4129,"globalid":"8d6ed950-4bf1-4112-b61d-4481f7bc9e63","nhfr_uid":37095634,"nhfr_facility_code":"10/19/1/2/2/0039","country":"Nigeria","iso":"NGA","state":"Delta","lga":"Ughelli North","lga_name_disagreement":0,"ward":"Agbarho 1","ward_name_disagreement":0,"facility_name":"Ufuoma Clinic","facility_name_source":"NHFR_2024","ownership":"Private","ownership_type":"For Profit","facility_level":"Secondary","facility_level_option":"Primary Health Center","latitude":5.597290039,"longitude":5.862487793,"geocoordinates_source":"GRID3_EHEALTH","last_updated":"2024-11-11"}},{"type":"Feature","id":4130,"geometry":{"type":"Point","coordinates":[6.01928710900006,5.57452392600004]},"properties":{"OBJECTID":4130,"globalid":"687f2d68-648a-4fda-9b5f-d2869ea33770","nhfr_uid":46252514,"nhfr_facility_code":"10/19/1/1/2/0022","country":"Nigeria","iso":"NGA","state":"Delta","lga":"Ughelli North","lga_name_disagreement":0,"ward":"Afiesere","ward_name_disagreement":0,"facility_name":"Odovie Primary Health Center","facility_name_source":"NHFR_2024","ownership":"Public","ownership_type":"Local Government","facility_level":"Primary","facility_level_option":"Primary Health Center","latitude":5.574523926,"longitude":6.019287109,"geocoordinates_source":"GRID3_EHEALTH","last_updated":"2024-11-11"}},{"type":"Feature","id":4131,"geometry":{"type":"Point","coordinates":[5.96447753900003,5.53509521500007]},"properties":{"OBJECTID":4131,"globalid":"63f53128-0716-4312-af62-a93bd778db2d","nhfr_uid":77675947,"nhfr_facility_code":"10/19/1/1/2/0021","country":"Nigeria","iso":"NGA","state":"Delta","lga":"Ughelli North","lga_name_disagreement":0,"ward":"Afiesere","ward_name_disagreement":0,"facility_name":"Ododegho Primary Health Center","facility_name_source":"NHFR_2024","ownership":"Public","ownership_type":"Local Government","facility_level":"Primary","facility_level_option":"Primary Health Center","latitude":5.535095215,"longitude":5.964477539,"geocoordinates_source":"GRID3_EHEALTH","last_updated":"2024-11-11"}},{"type":"Feature","id":4132,"geometry":{"type":"Point","coordinates":[5.70471191400003,5.57147216800007]},"properties":{"OBJECTID":4132,"globalid":"7f55da2f-289a-45e6-ae65-3263bb0a6a84","nhfr_uid":18277136,"nhfr_facility_code":"10/24/1/1/1/0017","country":"Nigeria","iso":"NGA","state":"Delta","lga":"Warri South","lga_name_disagreement":0,"ward":"Ubeji","ward_name_disagreement":0,"facility_name":"Ubeji Primary Health Care","facility_name_source":"NHFR_2024","ownership":"Public","ownership_type":"Local Government","facility_level":"Primary","facility_level_option":"Primary Health Center","latitude":5.571472168,"longitude":5.704711914,"geocoordinates_source":"GRID3_EHEALTH","last_updated":"2024-11-11"}},{"type":"Feature","id":4164,"geometry":{"type":"Point","coordinates":[5.68249511700003,5.73931884800004]},"properties":{"OBJECTID":4164,"globalid":"b66ef473-e841-4ac3-a5a3-a457450147e6","nhfr_uid":24812478,"nhfr_facility_code":"10/17/1/1/2/0001","country":"Nigeria","iso":"NGA","state":"Delta","lga":"Sapele","lga_name_disagreement":0,"ward":"Elume","ward_name_disagreement":0,"facility_name":"Adagbrassa (Sapele) Primary Health Center","facility_name_source":"NHFR_2024","ownership":"Public","ownership_type":"Local Government","facility_level":"Primary","facility_level_option":"Primary Health Center","latitude":5.739318848,"longitude":5.682495117,"geocoordinates_source":"GRID3_EHEALTH","last_updated":"2024-11-11"}},{"type":"Feature","id":4205,"geometry":{"type":"Point","coordinates":[5.79602000000006,5.50228000000004]},"properties":{"OBJECTID":4205,"globalid":"1053d076-3915-4d52-9ac1-3bcc20f809a9","nhfr_uid":35099083,"nhfr_facility_code":"10/18/1/2/1/0001","country":"Nigeria","iso":"NGA","state":"Delta","lga":"Udu","lga_name_disagreement":0,"ward":"Ekete","ward_name_disagreement":0,"facility_name":"Jodel Medical Clinic/Hospital","facility_name_source":"NHFR_2024","ownership":"Private","ownership_type":"For Profit","facility_level":"Primary","facility_level_option":"Primary Health Center","latitude":5.50228,"longitude":5.79602,"geocoordinates_source":"GRID3_EHEALTH","last_updated":"2024-11-11"}},{"type":"Feature","id":4309,"geometry":{"type":"Point","coordinates":[6.12072753900003,6.30749511700003]},"properties":{"OBJECTID":4309,"globalid":"432787d7-1c99-41d8-bbec-0f2123f052f2","nhfr_uid":60730648,"nhfr_facility_code":"10/08/1/1/1/0011","country":"Nigeria","iso":"NGA","state":"Delta","lga":"Ika South","lga_name_disagreement":0,"ward":"Ozonogogo Ward","ward_name_disagreement":1,"facility_name":"Ebudo Primary Health Center","facility_name_source":"NHFR_2024","ownership":"Public","ownership_type":"Unknown","facility_level":"Primary","facility_level_option":"Primary Health Center","latitude":6.307495117,"longitude":6.120727539,"geocoordinates_source":"GRID3_EHEALTH","last_updated":"2024-11-11"}},{"type":"Feature","id":4452,"geometry":{"type":"Point","coordinates":[6.19189453100006,6.18127441400003]},"properties":{"OBJECTID":4452,"globalid":"b26f1a41-8ab9-48f4-a6cd-48b3556ab455","nhfr_uid":73168171,"nhfr_facility_code":"10/07/1/1/2/0014","country":"Nigeria","iso":"NGA","state":"Delta","lga":"Ika North East","lga_name_disagreement":0,"ward":"Owa-Oyibu","ward_name_disagreement":0,"facility_name":"Owa Oyibu Primary Health Care Center","facility_name_source":"NHFR_2024","ownership":"Public","ownership_type":"Local Government","facility_level":"Primary","facility_level_option":"Primary Health Center","latitude":6.181274414,"longitude":6.191894531,"geocoordinates_source":"GRID3_EHEALTH","last_updated":"2024-11-11"}},{"type":"Feature","id":4453,"geometry":{"type":"Point","coordinates":[5.71990966800007,5.96850585900006]},"properties":{"OBJECTID":4453,"globalid":"f98741d4-7eb2-4674-885c-434d1853c9bc","nhfr_uid":48406894,"nhfr_facility_code":"10/06/1/1/2/0007","country":"Nigeria","iso":"NGA","state":"Delta","lga":"Ethiope West","lga_name_disagreement":0,"ward":"Ogharefe 1","ward_name_disagreement":0,"facility_name":"Ijomi Primary Health Center","facility_name_source":"NHFR_2024","ownership":"Public","ownership_type":"Local Government","facility_level":"Primary","facility_level_option":"Primary Health Center","latitude":5.968505859,"longitude":5.719909668,"geocoordinates_source":"GRID3_EHEALTH","last_updated":"2024-11-11"}},{"type":"Feature","id":4454,"geometry":{"type":"Point","coordinates":[6.40474000000006,6.36332000000004]},"properties":{"OBJECTID":4454,"globalid":"350372be-15df-46fc-b84e-6dfa8453b81a","nhfr_uid":25012811,"nhfr_facility_code":"10/01/1/2/1/0004","country":"Nigeria","iso":"NGA","state":"Delta","lga":"Aniocha North","lga_name_disagreement":0,"ward":"Idumuje","ward_name_disagreement":0,"facility_name":"Idumuje Ugboko Primary Health Center","facility_name_source":"NHFR_2024","ownership":"Public","ownership_type":"Local Government","facility_level":"Primary","facility_level_option":"Primary Health Center","latitude":6.36332,"longitude":6.40474,"geocoordinates_source":"GRID3_EHEALTH","last_updated":"2024-11-11"}},{"type":"Feature","id":4489,"geometry":{"type":"Point","coordinates":[6.71099000000004,6.21192000000002]},"properties":{"OBJECTID":4489,"globalid":"17ef5951-232e-402b-9593-0a6d3b635043","nhfr_uid":29601552,"nhfr_facility_code":"10/15/1/3/1/0001","country":"Nigeria","iso":"NGA","state":"Delta","lga":"Oshimili South","lga_name_disagreement":0,"ward":"West End","ward_name_disagreement":1,"facility_name":"Federal Asaba Medical Center","facility_name_source":"NHFR_2024","ownership":"Public","ownership_type":"Federal Government","facility_level":"Tertiary","facility_level_option":"Unknown","latitude":6.21192,"longitude":6.71099,"geocoordinates_source":"GRID3_EHEALTH","last_updated":"2024-11-11"}},{"type":"Feature","id":4490,"geometry":{"type":"Point","coordinates":[6.57807300000007,6.39356000000004]},"properties":{"OBJECTID":4490,"globalid":"70ca2703-4a47-4623-ba19-64328b287448","nhfr_uid":74628490,"nhfr_facility_code":"10/14/1/1/1/0010","country":"Nigeria","iso":"NGA","state":"Delta","lga":"Oshimili North","lga_name_disagreement":0,"ward":"Ukala/Aninwalo","ward_name_disagreement":0,"facility_name":"Ukalla Okpunor Primary Health Center","facility_name_source":"NHFR_2024","ownership":"Public","ownership_type":"Local Government","facility_level":"Primary","facility_level_option":"Primary Health Center","latitude":6.39356,"longitude":6.578073,"geocoordinates_source":"GRID3_EHEALTH","last_updated":"2024-11-11"}},{"type":"Feature","id":4524,"geometry":{"type":"Point","coordinates":[5.79993000000007,5.56067000000007]},"properties":{"OBJECTID":4524,"globalid":"780cd975-0495-4b10-903d-5adc5e1c67d9","nhfr_uid":55743071,"nhfr_facility_code":"10/22/1/1/2/0043","country":"Nigeria","iso":"NGA","state":"Delta","lga":"Uvwie","lga_name_disagreement":0,"ward":"Alaka","ward_name_disagreement":0,"facility_name":"Kibol Clinic","facility_name_source":"NHFR_2024","ownership":"Private","ownership_type":"For Profit","facility_level":"Primary","facility_level_option":"Primary Health Clinic","latitude":5.56067,"longitude":5.79993,"geocoordinates_source":"GRID3_EHEALTH","last_updated":"2024-11-11"}},{"type":"Feature","id":4592,"geometry":{"type":"Point","coordinates":[5.76989746100003,5.54107666000004]},"properties":{"OBJECTID":4592,"globalid":"d2e961ff-a980-4340-b768-26ec914d663c","nhfr_uid":46815299,"nhfr_facility_code":"10/24/1/1/2/0059","country":"Nigeria","iso":"NGA","state":"Delta","lga":"Warri South","lga_name_disagreement":0,"ward":"Esisi","ward_name_disagreement":0,"facility_name":"Mount Horeb Clinic","facility_name_source":"NHFR_2024","ownership":"Private","ownership_type":"For Profit","facility_level":"Primary","facility_level_option":"Primary Health Clinic","latitude":5.54107666,"longitude":5.769897461,"geocoordinates_source":"GRID3_EHEALTH","last_updated":"2024-11-11"}},{"type":"Feature","id":4679,"geometry":{"type":"Point","coordinates":[5.81315851200003,5.50684255800007]},"properties":{"OBJECTID":4679,"globalid":"afd06d28-aae7-4484-a91d-f321a38b1460","nhfr_uid":60305245,"nhfr_facility_code":"10/18/1/2/2/0040","country":"Nigeria","iso":"NGA","state":"Delta","lga":"Udu","lga_name_disagreement":0,"ward":"Orhuruworun","ward_name_disagreement":0,"facility_name":"Ashaka Clinic","facility_name_source":"NHFR_2024","ownership":"Private","ownership_type":"For Profit","facility_level":"Secondary","facility_level_option":"Primary Health Clinic","latitude":5.50684255788,"longitude":5.81315851158,"geocoordinates_source":"GRID3_EHEALTH","last_updated":"2024-11-11"}},{"type":"Feature","id":4913,"geometry":{"type":"Point","coordinates":[5.73490320000008,5.55221380000006]},"properties":{"OBJECTID":4913,"globalid":"35d7556b-be80-4ef3-80ad-ffab9d47cce4","nhfr_uid":15221595,"nhfr_facility_code":"10/22/1/1/1/0028","country":"Nigeria","iso":"NGA","state":"Delta","lga":"Uvwie","lga_name_disagreement":1,"ward":"Ugboroke","ward_name_disagreement":1,"facility_name":"Aruakpor Umah Primary Health Center","facility_name_source":"NHFR_2024","ownership":"Public","ownership_type":"Local Government","facility_level":"Primary","facility_level_option":"Primary Health Center","latitude":5.5522138,"longitude":5.7349032,"geocoordinates_source":"GRID3_EHEALTH","last_updated":"2024-11-11"}},{"type":"Feature","id":4915,"geometry":{"type":"Point","coordinates":[5.66115666700006,5.89599333300004]},"properties":{"OBJECTID":4915,"globalid":"d1afd37b-ecbe-41ff-8549-1c5b22ae379c","nhfr_uid":32235709,"nhfr_facility_code":"10/17/1/1/1/0001","country":"Nigeria","iso":"NGA","state":"Delta","lga":"Sapele","lga_name_disagreement":0,"ward":"Etamua","ward_name_disagreement":1,"facility_name":"Eta Amua Primary Health Center","facility_name_source":"NHFR_2024","ownership":"Public","ownership_type":"Local Government","facility_level":"Primary","facility_level_option":"Primary Health Clinic","latitude":5.895993333,"longitude":5.661156667,"geocoordinates_source":"GRID3_EHEALTH","last_updated":"2024-11-11"}},{"type":"Feature","id":5106,"geometry":{"type":"Point","coordinates":[5.79822130000002,5.55485410000006]},"properties":{"OBJECTID":5106,"globalid":"ae686f75-8386-48f8-97fb-4edda2d0552c","nhfr_uid":37214481,"nhfr_facility_code":"10/22/1/1/1/0027","country":"Nigeria","iso":"NGA","state":"Delta","lga":"Uvwie","lga_name_disagreement":0,"ward":"Alaka","ward_name_disagreement":0,"facility_name":"Erovie Primary Health Center","facility_name_source":"NHFR_2024","ownership":"Public","ownership_type":"Local Government","facility_level":"Primary","facility_level_option":"Primary Health Center","latitude":5.5548541,"longitude":5.7982213,"geocoordinates_source":"GRID3_EHEALTH","last_updated":"2024-11-11"}},{"type":"Feature","id":5107,"geometry":{"type":"Point","coordinates":[6.10732833300005,5.70309833300007]},"properties":{"OBJECTID":5107,"globalid":"ff5a5d7b-cf62-4e61-b15a-5e37f9c3c49d","nhfr_uid":68341264,"nhfr_facility_code":"10/19/1/1/2/0012","country":"Nigeria","iso":"NGA","state":"Delta","lga":"Ughelli North","lga_name_disagreement":0,"ward":"Orogun 2","ward_name_disagreement":0,"facility_name":"Emonu Primary Health Center","facility_name_source":"NHFR_2024","ownership":"Public","ownership_type":"Local Government","facility_level":"Primary","facility_level_option":"Primary Health Center","latitude":5.703098333,"longitude":6.107328333,"geocoordinates_source":"GRID3_EHEALTH","last_updated":"2024-11-11"}},{"type":"Feature","id":5108,"geometry":{"type":"Point","coordinates":[6.42455333300006,5.68781000000007]},"properties":{"OBJECTID":5108,"globalid":"5b805515-4ee5-4b91-92c7-1a13ee572144","nhfr_uid":63446622,"nhfr_facility_code":"10/12/1/2/1/0001","country":"Nigeria","iso":"NGA","state":"Delta","lga":"Ndokwa West","lga_name_disagreement":0,"ward":"Kwale","ward_name_disagreement":1,"facility_name":"Kwale General Hospital","facility_name_source":"NHFR_2024","ownership":"Public","ownership_type":"State Government","facility_level":"Secondary","facility_level_option":"Primary Health Center","latitude":5.68781,"longitude":6.424553333,"geocoordinates_source":"GRID3_EHEALTH","last_updated":"2024-11-11"}},{"type":"Feature","id":5109,"geometry":{"type":"Point","coordinates":[5.78370000000007,5.50867000000005]},"properties":{"OBJECTID":5109,"globalid":"4a32efe1-bb6f-4032-88d8-bd904a34d044","nhfr_uid":25193019,"nhfr_facility_code":"10/18/1/1/1/0036","country":"Nigeria","iso":"NGA","state":"Delta","lga":"Udu","lga_name_disagreement":0,"ward":"Ovwian","ward_name_disagreement":0,"facility_name":"Ovwian Health Post","facility_name_source":"NHFR_2024","ownership":"Public","ownership_type":"Local Government","facility_level":"Primary","facility_level_option":"Health Post","latitude":5.50867,"longitude":5.7837,"geocoordinates_source":"NHFR_2024","last_updated":"2024-11-11"}},{"type":"Feature","id":5110,"geometry":{"type":"Point","coordinates":[6.56550833300003,6.27562833300004]},"properties":{"OBJECTID":5110,"globalid":"fcef4629-e706-4856-9d15-24cf9a6269d6","nhfr_uid":18793629,"nhfr_facility_code":"10/02/1/1/1/0020","country":"Nigeria","iso":"NGA","state":"Delta","lga":"Aniocha South","lga_name_disagreement":0,"ward":"Otulu","ward_name_disagreement":0,"facility_name":"Otulu Primary Health Center","facility_name_source":"NHFR_2024","ownership":"Public","ownership_type":"Local Government","facility_level":"Primary","facility_level_option":"Primary Health Center","latitude":6.275628333,"longitude":6.565508333,"geocoordinates_source":"GRID3_EHEALTH","last_updated":"2024-11-11"}},{"type":"Feature","id":5111,"geometry":{"type":"Point","coordinates":[6.03568000000007,5.57745666700004]},"properties":{"OBJECTID":5111,"globalid":"fb493d08-e570-492a-9850-008df5071df3","nhfr_uid":62089822,"nhfr_facility_code":"10/19/1/1/1/0033","country":"Nigeria","iso":"NGA","state":"Delta","lga":"Ughelli North","lga_name_disagreement":0,"ward":"Afiesere","ward_name_disagreement":0,"facility_name":"Ofuoma Primary Health Center","facility_name_source":"NHFR_2024","ownership":"Public","ownership_type":"Local Government","facility_level":"Primary","facility_level_option":"Primary Health Center","latitude":5.577456667,"longitude":6.03568,"geocoordinates_source":"GRID3_EHEALTH","last_updated":"2024-11-11"}},{"type":"Feature","id":5112,"geometry":{"type":"Point","coordinates":[6.52410333300003,6.12018833300004]},"properties":{"OBJECTID":5112,"globalid":"4bd875a3-ecbb-4e3f-ac76-ad47c0c45be8","nhfr_uid":25676092,"nhfr_facility_code":"10/02/1/1/2/0010","country":"Nigeria","iso":"NGA","state":"Delta","lga":"Aniocha South","lga_name_disagreement":0,"ward":"Ewulu/Ishagu","ward_name_disagreement":1,"facility_name":"Olloh Primary Health Center","facility_name_source":"NHFR_2024","ownership":"Public","ownership_type":"Local Government","facility_level":"Primary","facility_level_option":"Primary Health Center","latitude":6.120188333,"longitude":6.524103333,"geocoordinates_source":"GRID3_EHEALTH","last_updated":"2024-11-11"}},{"type":"Feature","id":5113,"geometry":{"type":"Point","coordinates":[6.33727333300004,5.74331500000005]},"properties":{"OBJECTID":5113,"globalid":"f58fbfd5-9e0a-42e9-bf12-154266f8e31b","nhfr_uid":42700047,"nhfr_facility_code":"10/12/1/1/1/0007","country":"Nigeria","iso":"NGA","state":"Delta","lga":"Ndokwa West","lga_name_disagreement":0,"ward":"Ogume 2","ward_name_disagreement":1,"facility_name":"Ogbe Ole Primary Health Care Center","facility_name_source":"NHFR_2024","ownership":"Public","ownership_type":"Local Government","facility_level":"Primary","facility_level_option":"Primary Health Center","latitude":5.743315,"longitude":6.337273333,"geocoordinates_source":"GRID3_EHEALTH","last_updated":"2024-11-11"}},{"type":"Feature","id":5114,"geometry":{"type":"Point","coordinates":[6.29364500000003,5.65380666700003]},"properties":{"OBJECTID":5114,"globalid":"7f0546c3-5da0-4194-9ebc-6cc3445c0af2","nhfr_uid":19357775,"nhfr_facility_code":"10/12/1/1/1/0003","country":"Nigeria","iso":"NGA","state":"Delta","lga":"Ndokwa West","lga_name_disagreement":0,"ward":"Emu","ward_name_disagreement":0,"facility_name":"Emu Ebeoma Primary Health Care Center","facility_name_source":"NHFR_2024","ownership":"Public","ownership_type":"Local Government","facility_level":"Primary","facility_level_option":"Primary Health Center","latitude":5.653806667,"longitude":6.293645,"geocoordinates_source":"GRID3_EHEALTH","last_updated":"2024-11-11"}},{"type":"Feature","id":5115,"geometry":{"type":"Point","coordinates":[5.74030500000003,5.54100666700003]},"properties":{"OBJECTID":5115,"globalid":"0509f6b2-7da3-435b-89b9-85fffdf53888","nhfr_uid":73656155,"nhfr_facility_code":"10/24/1/1/1/0001","country":"Nigeria","iso":"NGA","state":"Delta","lga":"Warri South","lga_name_disagreement":0,"ward":"Avenue","ward_name_disagreement":0,"facility_name":"Edjeba Health Post","facility_name_source":"NHFR_2024","ownership":"Public","ownership_type":"Local Government","facility_level":"Primary","facility_level_option":"Health Post","latitude":5.541006667,"longitude":5.740305,"geocoordinates_source":"GRID3_EHEALTH","last_updated":"2024-11-11"}},{"type":"Feature","id":5116,"geometry":{"type":"Point","coordinates":[6.23049833300007,5.53445666700003]},"properties":{"OBJECTID":5116,"globalid":"47c4dbd6-b610-4dd0-b1a4-91bcab04e64e","nhfr_uid":29907404,"nhfr_facility_code":"10/09/1/1/1/0007","country":"Nigeria","iso":"NGA","state":"Delta","lga":"Isoko North","lga_name_disagreement":0,"ward":"Ozoro 2","ward_name_disagreement":0,"facility_name":"Erovie Primary Health Center","facility_name_source":"NHFR_2024","ownership":"Public","ownership_type":"Local Government","facility_level":"Primary","facility_level_option":"Primary Health Center","latitude":5.534456667,"longitude":6.230498333,"geocoordinates_source":"GRID3_EHEALTH","last_updated":"2024-11-11"}},{"type":"Feature","id":5117,"geometry":{"type":"Point","coordinates":[6.53770500000007,6.33994500000006]},"properties":{"OBJECTID":5117,"globalid":"9e0f5b7a-985b-4cc7-8ca3-4e6d37c8aaaf","nhfr_uid":23013759,"nhfr_facility_code":"10/01/1/2/2/0002","country":"Nigeria","iso":"NGA","state":"Delta","lga":"Aniocha North","lga_name_disagreement":0,"ward":"Issele-Nkpitime","ward_name_disagreement":0,"facility_name":"Issele Nkpitime Primary Health Center","facility_name_source":"NHFR_2024","ownership":"Public","ownership_type":"Local Government","facility_level":"Primary","facility_level_option":"Primary Health Center","latitude":6.339945,"longitude":6.537705,"geocoordinates_source":"GRID3_EHEALTH","last_updated":"2024-11-11"}},{"type":"Feature","id":5118,"geometry":{"type":"Point","coordinates":[6.55942666700003,6.26258333300007]},"properties":{"OBJECTID":5118,"globalid":"22874d56-933f-4456-b90b-d2828a05c5be","nhfr_uid":28431612,"nhfr_facility_code":"10/02/1/1/1/0022","country":"Nigeria","iso":"NGA","state":"Delta","lga":"Aniocha South","lga_name_disagreement":0,"ward":"Otulu","ward_name_disagreement":0,"facility_name":"Edo Ogwashi Uku Primary Health Center","facility_name_source":"NHFR_2024","ownership":"Public","ownership_type":"Local Government","facility_level":"Primary","facility_level_option":"Primary Health Center","latitude":6.262583333,"longitude":6.559426667,"geocoordinates_source":"GRID3_EHEALTH","last_updated":"2024-11-11"}},{"type":"Feature","id":5119,"geometry":{"type":"Point","coordinates":[5.79796450000003,5.86529460000003]},"properties":{"OBJECTID":5119,"globalid":"c7f60ad9-2772-4cc4-9649-5745daca5ff3","nhfr_uid":16147222,"nhfr_facility_code":"10/06/1/1/2/0005","country":"Nigeria","iso":"NGA","state":"Delta","lga":"Ethiope West","lga_name_disagreement":0,"ward":"Jesse 1","ward_name_disagreement":1,"facility_name":"Ejenesa Primary Health Center","facility_name_source":"NHFR_2024","ownership":"Public","ownership_type":"Local Government","facility_level":"Primary","facility_level_option":"Primary Health Center","latitude":5.8652946,"longitude":5.7979645,"geocoordinates_source":"GRID3_EHEALTH","last_updated":"2024-11-11"}},{"type":"Feature","id":5120,"geometry":{"type":"Point","coordinates":[5.67643833300002,5.74074500000006]},"properties":{"OBJECTID":5120,"globalid":"d198266d-5cad-4ac4-a63f-8c3ed4ea94b7","nhfr_uid":23482816,"nhfr_facility_code":"10/17/1/1/1/0023","country":"Nigeria","iso":"NGA","state":"Delta","lga":"Sapele","lga_name_disagreement":0,"ward":"Okpe","ward_name_disagreement":1,"facility_name":"Edegbrode Primary Health Center","facility_name_source":"NHFR_2024","ownership":"Public","ownership_type":"Local Government","facility_level":"Primary","facility_level_option":"Primary Health Center","latitude":5.740745,"longitude":5.676438333,"geocoordinates_source":"GRID3_EHEALTH","last_updated":"2024-11-11"}},{"type":"Feature","id":5121,"geometry":{"type":"Point","coordinates":[5.71088000000003,5.50264833300002]},"properties":{"OBJECTID":5121,"globalid":"8a054c28-ee0b-4be8-a73b-41c552c10fd9","nhfr_uid":12745387,"nhfr_facility_code":"10/24/1/1/1/0013","country":"Nigeria","iso":"NGA","state":"Delta","lga":"Warri South","lga_name_disagreement":0,"ward":"Ode-Itsekiri","ward_name_disagreement":0,"facility_name":"Orugbo Primary Health Care","facility_name_source":"NHFR_2024","ownership":"Public","ownership_type":"Local Government","facility_level":"Primary","facility_level_option":"Primary Health Center","latitude":5.502648333,"longitude":5.71088,"geocoordinates_source":"GRID3_EHEALTH","last_updated":"2024-11-11"}},{"type":"Feature","id":5122,"geometry":{"type":"Point","coordinates":[6.20320166700003,5.47610166700002]},"properties":{"OBJECTID":5122,"globalid":"ea88daf1-b686-40bf-b16a-9a34477cbeda","nhfr_uid":56649096,"nhfr_facility_code":"10/10/1/1/1/0018","country":"Nigeria","iso":"NGA","state":"Delta","lga":"Isoko South","lga_name_disagreement":0,"ward":"Oleh 1","ward_name_disagreement":1,"facility_name":"Oleh Primary Health Center","facility_name_source":"NHFR_2024","ownership":"Public","ownership_type":"Local Government","facility_level":"Primary","facility_level_option":"Primary Health Center","latitude":5.476101667,"longitude":6.203201667,"geocoordinates_source":"GRID3_EHEALTH","last_updated":"2024-11-11"}},{"type":"Feature","id":5123,"geometry":{"type":"Point","coordinates":[6.74528666700007,6.18732500000004]},"properties":{"OBJECTID":5123,"globalid":"49b5211c-884d-4c23-bccd-5c896fb34ccc","nhfr_uid":35316480,"nhfr_facility_code":"10/15/1/1/2/0006","country":"Nigeria","iso":"NGA","state":"Delta","lga":"Oshimili South","lga_name_disagreement":0,"ward":"Cable Point Ward","ward_name_disagreement":1,"facility_name":"Cable Point Asaba Primary Health Center","facility_name_source":"NHFR_2024","ownership":"Public","ownership_type":"Local Government","facility_level":"Primary","facility_level_option":"Primary Health Center","latitude":6.187325,"longitude":6.745286667,"geocoordinates_source":"GRID3_EHEALTH","last_updated":"2024-11-11"}},{"type":"Feature","id":5124,"geometry":{"type":"Point","coordinates":[5.20191510000006,6.14565670000007]},"properties":{"OBJECTID":5124,"globalid":"4090d32a-ef87-4653-8837-a052f06f6436","nhfr_uid":48569237,"nhfr_facility_code":"10/23/1/1/1/0015","country":"Nigeria","iso":"NGA","state":"Delta","lga":"Warri North","lga_name_disagreement":0,"ward":"Ogbinbiri","ward_name_disagreement":1,"facility_name":"Ogbonbiri Primary Health Center","facility_name_source":"NHFR_2024","ownership":"Public","ownership_type":"Unknown","facility_level":"Primary","facility_level_option":"Primary Health Center","latitude":6.1456567,"longitude":5.2019151,"geocoordinates_source":"GRID3_EHEALTH","last_updated":"2024-11-11"}},{"type":"Feature","id":5639,"geometry":{"type":"Point","coordinates":[6.41650000000004,6.31723000000005]},"properties":{"OBJECTID":5639,"globalid":"4cf5cfba-4a5f-450d-91f1-353f55a12748","nhfr_uid":27537539,"nhfr_facility_code":"10/01/1/2/1/0006","country":"Nigeria","iso":"NGA","state":"Delta","lga":"Aniocha North","lga_name_disagreement":0,"ward":"Onicha-Ugbo","ward_name_disagreement":0,"facility_name":"Onicha Ugbo Primary Health Center","facility_name_source":"NHFR_2024","ownership":"Public","ownership_type":"Local Government","facility_level":"Primary","facility_level_option":"Primary Health Center","latitude":6.31723,"longitude":6.4165,"geocoordinates_source":"GRID3_EHEALTH","last_updated":"2024-11-11"}},{"type":"Feature","id":5640,"geometry":{"type":"Point","coordinates":[6.32658000000004,5.48901000000006]},"properties":{"OBJECTID":5640,"globalid":"5d00bded-32e3-46c2-8c21-6ba38026907c","nhfr_uid":32940984,"nhfr_facility_code":"10/09/1/1/2/0004","country":"Nigeria","iso":"NGA","state":"Delta","lga":"Isoko North","lga_name_disagreement":0,"ward":"Okpe_Isoko","ward_name_disagreement":0,"facility_name":"Okpe Isoko Primary Health Center","facility_name_source":"NHFR_2024","ownership":"Public","ownership_type":"Local Government","facility_level":"Primary","facility_level_option":"Primary Health Center","latitude":5.48901,"longitude":6.32658,"geocoordinates_source":"GRID3_EHEALTH","last_updated":"2024-11-11"}},{"type":"Feature","id":6013,"geometry":{"type":"Point","coordinates":[6.02727000000004,5.50907000000007]},"properties":{"OBJECTID":6013,"globalid":"f06425f0-8ab2-4de2-a3f0-b8b54044beb4","nhfr_uid":67208611,"nhfr_facility_code":"10/19/1/1/2/0030","country":"Nigeria","iso":"NGA","state":"Delta","lga":"Ughelli North","lga_name_disagreement":0,"ward":"Agbarha","ward_name_disagreement":1,"facility_name":"St Nicolas Medical Center","facility_name_source":"NHFR_2024","ownership":"Private","ownership_type":"For Profit","facility_level":"Primary","facility_level_option":"Primary Health Center","latitude":5.50907,"longitude":6.02727,"geocoordinates_source":"GRID3_EHEALTH","last_updated":"2024-11-11"}},{"type":"Feature","id":6014,"geometry":{"type":"Point","coordinates":[6.01977000000005,5.47147000000007]},"properties":{"OBJECTID":6014,"globalid":"f1993420-b4c2-46ba-afcd-8c8befb70370","nhfr_uid":44998907,"nhfr_facility_code":"10/19/1/1/1/0004","country":"Nigeria","iso":"NGA","state":"Delta","lga":"Ughelli North","lga_name_disagreement":0,"ward":"Ughelli Urban 1","ward_name_disagreement":1,"facility_name":"Grace and Mercy Clinic","facility_name_source":"NHFR_2024","ownership":"Private","ownership_type":"For Profit","facility_level":"Primary","facility_level_option":"Health Post","latitude":5.47147,"longitude":6.01977,"geocoordinates_source":"GRID3_EHEALTH","last_updated":"2024-11-11"}},{"type":"Feature","id":6151,"geometry":{"type":"Point","coordinates":[5.90862000000004,5.38692000000003]},"properties":{"OBJECTID":6151,"globalid":"1efc229e-d264-4db3-a1c9-3a17f0b0e2ca","nhfr_uid":31085668,"nhfr_facility_code":"10/20/1/1/1/0022","country":"Nigeria","iso":"NGA","state":"Delta","lga":"Ughelli South","lga_name_disagreement":0,"ward":"Olumo 2","ward_name_disagreement":1,"facility_name":"Ovwodokpokpo Primary Health Center","facility_name_source":"NHFR_2024","ownership":"Public","ownership_type":"Local Government","facility_level":"Primary","facility_level_option":"Primary Health Center","latitude":5.38692,"longitude":5.90862,"geocoordinates_source":"GRID3_EHEALTH","last_updated":"2024-11-11"}},{"type":"Feature","id":6201,"geometry":{"type":"Point","coordinates":[6.12369000000007,6.28466000000003]},"properties":{"OBJECTID":6201,"globalid":"4e5ca095-939a-4cca-b294-0a93d3f4f027","nhfr_uid":80661642,"nhfr_facility_code":"10/08/1/1/1/0006","country":"Nigeria","iso":"NGA","state":"Delta","lga":"Ika South","lga_name_disagreement":0,"ward":"Ozonogogo Ward","ward_name_disagreement":1,"facility_name":"Alizomor Primary Health Center","facility_name_source":"NHFR_2024","ownership":"Public","ownership_type":"Unknown","facility_level":"Primary","facility_level_option":"Primary Health Center","latitude":6.28466,"longitude":6.12369,"geocoordinates_source":"GRID3_EHEALTH","last_updated":"2024-11-11"}},{"type":"Feature","id":7273,"geometry":{"type":"Point","coordinates":[5.73608398400006,5.47967529300007]},"properties":{"OBJECTID":7273,"globalid":"7e686a5a-2a73-4063-9aa1-97b8fa9a02f6","nhfr_uid":17288956,"nhfr_facility_code":"10/25/1/1/1/0010","country":"Nigeria","iso":"NGA","state":"Delta","lga":"Warri South West","lga_name_disagreement":0,"ward":"Ogbe-Ijoh","ward_name_disagreement":0,"facility_name":"Ogbe Ijoh Primary Health Center","facility_name_source":"NHFR_2024","ownership":"Public","ownership_type":"Local Government","facility_level":"Primary","facility_level_option":"Primary Health Center","latitude":5.479675293,"longitude":5.736083984,"geocoordinates_source":"GRID3_EHEALTH","last_updated":"2024-11-11"}},{"type":"Feature","id":8907,"geometry":{"type":"Point","coordinates":[6.14532470700004,5.14331054700006]},"properties":{"OBJECTID":8907,"globalid":"90e2a82a-3fc8-4353-8d71-b8c543780fcf","nhfr_uid":45159005,"nhfr_facility_code":"10/16/1/1/2/0004","country":"Nigeria","iso":"NGA","state":"Delta","lga":"Patani","lga_name_disagreement":0,"ward":"Bulu Angiama","ward_name_disagreement":0,"facility_name":"Toru Apelebiri Primary Health Center","facility_name_source":"NHFR_2024","ownership":"Public","ownership_type":"Local Government","facility_level":"Primary","facility_level_option":"Primary Health Center","latitude":5.143310547,"longitude":6.145324707,"geocoordinates_source":"GRID3_EHEALTH","last_updated":"2024-11-11"}},{"type":"Feature","id":9364,"geometry":{"type":"Point","coordinates":[5.81776000000002,5.57092000000006]},"properties":{"OBJECTID":9364,"globalid":"10eaae75-5289-49cd-9297-29951593e83c","nhfr_uid":85913638,"nhfr_facility_code":"10/22/1/1/1/0001","country":"Nigeria","iso":"NGA","state":"Delta","lga":"Uvwie","lga_name_disagreement":0,"ward":"Ugbomro","ward_name_disagreement":0,"facility_name":"Ebrumede Primary Health Center","facility_name_source":"NHFR_2024","ownership":"Public","ownership_type":"Local Government","facility_level":"Primary","facility_level_option":"Primary Health Center","latitude":5.57092,"longitude":5.81776,"geocoordinates_source":"NHFR_2024","last_updated":"2024-11-11"}},{"type":"Feature","id":9365,"geometry":{"type":"Point","coordinates":[6.74946000000006,6.18007000000006]},"properties":{"OBJECTID":9365,"globalid":"ea6658e1-a039-4209-8e50-2c662076515e","nhfr_uid":57623507,"nhfr_facility_code":"10/15/1/2/2/0020","country":"Nigeria","iso":"NGA","state":"Delta","lga":"Oshimili South","lga_name_disagreement":0,"ward":"Akuebulu","ward_name_disagreement":0,"facility_name":"Kanayo Hospital Specialist","facility_name_source":"NHFR_2024","ownership":"Private","ownership_type":"For Profit","facility_level":"Secondary","facility_level_option":"Unknown","latitude":6.18007,"longitude":6.74946,"geocoordinates_source":"GRID3_EHEALTH","last_updated":"2024-11-11"}},{"type":"Feature","id":9366,"geometry":{"type":"Point","coordinates":[6.74806000000007,6.19056000000006]},"properties":{"OBJECTID":9366,"globalid":"dc36be37-8c35-43bd-a479-ed3d87c3c6b5","nhfr_uid":59159225,"nhfr_facility_code":"10/15/1/2/2/0002","country":"Nigeria","iso":"NGA","state":"Delta","lga":"Oshimili South","lga_name_disagreement":0,"ward":"Akuebulu","ward_name_disagreement":0,"facility_name":"Good Samaritan Medical Clinic","facility_name_source":"NHFR_2024","ownership":"Private","ownership_type":"For Profit","facility_level":"Secondary","facility_level_option":"Unknown","latitude":6.19056,"longitude":6.74806,"geocoordinates_source":"GRID3_EHEALTH","last_updated":"2024-11-11"}},{"type":"Feature","id":9372,"geometry":{"type":"Point","coordinates":[5.85245000000003,5.58638000000008]},"properties":{"OBJECTID":9372,"globalid":"46a90144-5f2a-46ac-993e-375047226cb0","nhfr_uid":78751489,"nhfr_facility_code":"10/19/1/1/2/0041","country":"Nigeria","iso":"NGA","state":"Delta","lga":"Ughelli North","lga_name_disagreement":0,"ward":"Agbarho2","ward_name_disagreement":1,"facility_name":"Agbaroh Premier Clinic","facility_name_source":"NHFR_2024","ownership":"Private","ownership_type":"For Profit","facility_level":"Primary","facility_level_option":"Health Post","latitude":5.58638,"longitude":5.85245,"geocoordinates_source":"GRID3_EHEALTH","last_updated":"2024-11-11"}},{"type":"Feature","id":9376,"geometry":{"type":"Point","coordinates":[5.99330000000003,5.38986000000006]},"properties":{"OBJECTID":9376,"globalid":"b9d3e5d2-7c57-45d6-8300-f140b00ff705","nhfr_uid":22687535,"nhfr_facility_code":"10/20/1/1/1/0008","country":"Nigeria","iso":"NGA","state":"Delta","lga":"Ughelli South","lga_name_disagreement":0,"ward":"Ewu 1","ward_name_disagreement":1,"facility_name":"Ewu Primary Health Center","facility_name_source":"NHFR_2024","ownership":"Public","ownership_type":"Local Government","facility_level":"Primary","facility_level_option":"Primary Health Center","latitude":5.38986,"longitude":5.9933,"geocoordinates_source":"GRID3_EHEALTH","last_updated":"2024-11-11"}},{"type":"Feature","id":9540,"geometry":{"type":"Point","coordinates":[5.79388427700007,5.36669921900005]},"properties":{"OBJECTID":9540,"globalid":"219fa683-d4e8-4da8-a72f-14d6fc96cd45","nhfr_uid":46187037,"nhfr_facility_code":"10/20/1/1/2/0010","country":"Nigeria","iso":"NGA","state":"Delta","lga":"Ughelli South","lga_name_disagreement":0,"ward":"Jeremi 3","ward_name_disagreement":0,"facility_name":"God'S Favour Nursing and Maternity Home","facility_name_source":"NHFR_2024","ownership":"Private","ownership_type":"For Profit","facility_level":"Primary","facility_level_option":"Primary Health Center","latitude":5.366699219,"longitude":5.793884277,"geocoordinates_source":"GRID3_EHEALTH","last_updated":"2024-11-11"}},{"type":"Feature","id":9541,"geometry":{"type":"Point","coordinates":[6.20568847700002,5.67272949200003]},"properties":{"OBJECTID":9541,"globalid":"00c7affc-3fcf-434d-91f6-15ef712ddd9d","nhfr_uid":22800654,"nhfr_facility_code":"10/12/1/1/2/0009","country":"Nigeria","iso":"NGA","state":"Delta","lga":"Ndokwa West","lga_name_disagreement":0,"ward":"Abbi 1","ward_name_disagreement":1,"facility_name":"Joe Vin Abbi Nursing and Maternity Home","facility_name_source":"NHFR_2024","ownership":"Private","ownership_type":"For Profit","facility_level":"Primary","facility_level_option":"Health Post","latitude":5.672729492,"longitude":6.205688477,"geocoordinates_source":"GRID3_EHEALTH","last_updated":"2024-11-11"}},{"type":"Feature","id":9542,"geometry":{"type":"Point","coordinates":[6.45227050800003,6.36450195300006]},"properties":{"OBJECTID":9542,"globalid":"c64415b3-86eb-49d1-80aa-1a70e3ee0d2d","nhfr_uid":68592513,"nhfr_facility_code":"10/01/1/1/2/0004","country":"Nigeria","iso":"NGA","state":"Delta","lga":"Aniocha North","lga_name_disagreement":0,"ward":"Idumuje","ward_name_disagreement":1,"facility_name":"Idumuje Unor Comprehensive Health Center","facility_name_source":"NHFR_2024","ownership":"Public","ownership_type":"Local Government","facility_level":"Primary","facility_level_option":"Primary Health Center","latitude":6.364501953,"longitude":6.452270508,"geocoordinates_source":"GRID3_EHEALTH","last_updated":"2024-11-11"}},{"type":"Feature","id":9543,"geometry":{"type":"Point","coordinates":[6.56628418000003,6.38208007800006]},"properties":{"OBJECTID":9543,"globalid":"c52932fc-973b-4c0f-8906-a9b51ce966f0","nhfr_uid":21055136,"nhfr_facility_code":"10/01/1/2/1/0002","country":"Nigeria","iso":"NGA","state":"Delta","lga":"Aniocha North","lga_name_disagreement":0,"ward":"Onicha-Olone","ward_name_disagreement":0,"facility_name":"Onicha Olona Government Hospital","facility_name_source":"NHFR_2024","ownership":"Public","ownership_type":"State Government","facility_level":"Secondary","facility_level_option":"General Hospital","latitude":6.382080078,"longitude":6.56628418,"geocoordinates_source":"GRID3_EHEALTH","last_updated":"2024-11-11"}},{"type":"Feature","id":9544,"geometry":{"type":"Point","coordinates":[5.94012451200007,5.42730712900004]},"properties":{"OBJECTID":9544,"globalid":"3975810a-288a-48a9-9bd2-37b324a869ba","nhfr_uid":34135841,"nhfr_facility_code":"10/20/1/1/2/0017","country":"Nigeria","iso":"NGA","state":"Delta","lga":"Ughelli South","lga_name_disagreement":0,"ward":"Olumo 1","ward_name_disagreement":1,"facility_name":"Otorere Olomu Primary Health Center","facility_name_source":"NHFR_2024","ownership":"Public","ownership_type":"Local Government","facility_level":"Primary","facility_level_option":"Primary Health Center","latitude":5.427307129,"longitude":5.940124512,"geocoordinates_source":"GRID3_EHEALTH","last_updated":"2024-11-11"}},{"type":"Feature","id":9545,"geometry":{"type":"Point","coordinates":[5.75390625000006,5.34930419900007]},"properties":{"OBJECTID":9545,"globalid":"20d30cca-27bd-40a2-84a9-0e75c6385dd9","nhfr_uid":13543624,"nhfr_facility_code":"10/20/1/1/2/0001","country":"Nigeria","iso":"NGA","state":"Delta","lga":"Ughelli South","lga_name_disagreement":0,"ward":"Jeremi 4","ward_name_disagreement":1,"facility_name":"Egbo Ideh Primary Health Center","facility_name_source":"NHFR_2024","ownership":"Public","ownership_type":"Local Government","facility_level":"Primary","facility_level_option":"Primary Health Center","latitude":5.349304199,"longitude":5.75390625,"geocoordinates_source":"GRID3_EHEALTH","last_updated":"2024-11-11"}},{"type":"Feature","id":9546,"geometry":{"type":"Point","coordinates":[6.13549804700006,5.18487548800005]},"properties":{"OBJECTID":9546,"globalid":"d86ab620-0ee4-462e-a2ac-a46d2894dd89","nhfr_uid":41946609,"nhfr_facility_code":"10/16/1/1/1/0004","country":"Nigeria","iso":"NGA","state":"Delta","lga":"Patani","lga_name_disagreement":0,"ward":"Bulu Angiama","ward_name_disagreement":0,"facility_name":"Bulu Angiama Primary Health Center","facility_name_source":"NHFR_2024","ownership":"Public","ownership_type":"Local Government","facility_level":"Primary","facility_level_option":"Primary Health Center","latitude":5.184875488,"longitude":6.135498047,"geocoordinates_source":"GRID3_EHEALTH","last_updated":"2024-11-11"}},{"type":"Feature","id":9547,"geometry":{"type":"Point","coordinates":[6.07330322300004,5.47808837900004]},"properties":{"OBJECTID":9547,"globalid":"b7d2376e-0250-4513-a31b-070f985d3a57","nhfr_uid":46020497,"nhfr_facility_code":"10/09/1/1/1/0004","country":"Nigeria","iso":"NGA","state":"Delta","lga":"Isoko North","lga_name_disagreement":0,"ward":"Iyede 2","ward_name_disagreement":0,"facility_name":"Ekiugbo Iyede Primary Health Center","facility_name_source":"NHFR_2024","ownership":"Public","ownership_type":"Local Government","facility_level":"Primary","facility_level_option":"Primary Health Center","latitude":5.478088379,"longitude":6.073303223,"geocoordinates_source":"GRID3_EHEALTH","last_updated":"2024-11-11"}},{"type":"Feature","id":9548,"geometry":{"type":"Point","coordinates":[6.02911377000004,5.18231201200007]},"properties":{"OBJECTID":9548,"globalid":"a049af0b-df0e-4ce6-bf52-f6515d63e507","nhfr_uid":86548409,"nhfr_facility_code":"10/16/1/1/1/0005","country":"Nigeria","iso":"NGA","state":"Delta","lga":"Patani","lga_name_disagreement":0,"ward":"Odorubu","ward_name_disagreement":0,"facility_name":"Bulu Apelebiri Primary Health Center","facility_name_source":"NHFR_2024","ownership":"Public","ownership_type":"Local Government","facility_level":"Primary","facility_level_option":"Primary Health Center","latitude":5.182312012,"longitude":6.02911377,"geocoordinates_source":"GRID3_EHEALTH","last_updated":"2024-11-11"}},{"type":"Feature","id":9549,"geometry":{"type":"Point","coordinates":[6.40991210900006,5.69348144500003]},"properties":{"OBJECTID":9549,"globalid":"d493d161-d52c-40f2-944b-5415dd93ea81","nhfr_uid":24145541,"nhfr_facility_code":"10/12/1/2/2/0003","country":"Nigeria","iso":"NGA","state":"Delta","lga":"Ndokwa West","lga_name_disagreement":0,"ward":"Kwale","ward_name_disagreement":1,"facility_name":"Ogbe Ani Primary Health Care Center","facility_name_source":"NHFR_2024","ownership":"Public","ownership_type":"Local Government","facility_level":"Primary","facility_level_option":"Primary Health Center","latitude":5.693481445,"longitude":6.409912109,"geocoordinates_source":"GRID3_EHEALTH","last_updated":"2024-11-11"}},{"type":"Feature","id":9550,"geometry":{"type":"Point","coordinates":[6.13153076200007,5.56567382800006]},"properties":{"OBJECTID":9550,"globalid":"0ef6192c-2b6f-4491-8f18-865403c54e0c","nhfr_uid":57962712,"nhfr_facility_code":"10/09/1/1/1/0008","country":"Nigeria","iso":"NGA","state":"Delta","lga":"Isoko North","lga_name_disagreement":0,"ward":"Emevor","ward_name_disagreement":0,"facility_name":"Isi Emevor Primary Health Center","facility_name_source":"NHFR_2024","ownership":"Public","ownership_type":"Local Government","facility_level":"Primary","facility_level_option":"Primary Health Center","latitude":5.565673828,"longitude":6.131530762,"geocoordinates_source":"GRID3_EHEALTH","last_updated":"2024-11-11"}},{"type":"Feature","id":9551,"geometry":{"type":"Point","coordinates":[5.84130859400005,5.72448730500003]},"properties":{"OBJECTID":9551,"globalid":"c78f91b6-49d2-433d-8c7f-eadad7a7c562","nhfr_uid":37000585,"nhfr_facility_code":"10/13/1/1/2/0010","country":"Nigeria","iso":"NGA","state":"Delta","lga":"Okpe","lga_name_disagreement":0,"ward":"Oviri Okpe","ward_name_disagreement":0,"facility_name":"Oviri Okpe Primary Health Care Center","facility_name_source":"NHFR_2024","ownership":"Public","ownership_type":"Local Government","facility_level":"Primary","facility_level_option":"Primary Health Center","latitude":5.724487305,"longitude":5.841308594,"geocoordinates_source":"GRID3_EHEALTH","last_updated":"2024-11-11"}},{"type":"Feature","id":9552,"geometry":{"type":"Point","coordinates":[6.59887695300006,5.72229003900003]},"properties":{"OBJECTID":9552,"globalid":"742719ec-f481-4262-8228-3784147b662f","nhfr_uid":79261499,"nhfr_facility_code":"10/11/1/1/1/0023","country":"Nigeria","iso":"NGA","state":"Delta","lga":"Ndokwa East","lga_name_disagreement":0,"ward":"Beneku/Utchi/Okpai","ward_name_disagreement":0,"facility_name":"Okpai Oluchi Primary Health Care Center","facility_name_source":"NHFR_2024","ownership":"Public","ownership_type":"Local Government","facility_level":"Primary","facility_level_option":"Primary Health Center","latitude":5.722290039,"longitude":6.598876953,"geocoordinates_source":"GRID3_EHEALTH","last_updated":"2024-11-11"}},{"type":"Feature","id":9553,"geometry":{"type":"Point","coordinates":[6.49011230500003,6.06427002000004]},"properties":{"OBJECTID":9553,"globalid":"c61b994b-034c-43e0-bf5f-9b3b97a15cef","nhfr_uid":39316427,"nhfr_facility_code":"10/02/1/2/2/0001","country":"Nigeria","iso":"NGA","state":"Delta","lga":"Aniocha South","lga_name_disagreement":0,"ward":"Ewulu/Ishagu","ward_name_disagreement":1,"facility_name":"Abah Unor Primary Health Center","facility_name_source":"NHFR_2024","ownership":"Public","ownership_type":"Local Government","facility_level":"Primary","facility_level_option":"Primary Health Center","latitude":6.06427002,"longitude":6.490112305,"geocoordinates_source":"GRID3_EHEALTH","last_updated":"2024-11-11"}},{"type":"Feature","id":9554,"geometry":{"type":"Point","coordinates":[6.47729492200006,6.31811523400006]},"properties":{"OBJECTID":9554,"globalid":"392c2d0c-0828-4dbb-b0b1-1c1cd2b3af5e","nhfr_uid":78107972,"nhfr_facility_code":"10/01/1/2/1/0005","country":"Nigeria","iso":"NGA","state":"Delta","lga":"Aniocha North","lga_name_disagreement":0,"ward":"Issele-Uku 2","ward_name_disagreement":0,"facility_name":"Issele Uku Primary Health Center","facility_name_source":"NHFR_2024","ownership":"Public","ownership_type":"Local Government","facility_level":"Primary","facility_level_option":"Primary Health Center","latitude":6.318115234,"longitude":6.477294922,"geocoordinates_source":"GRID3_EHEALTH","last_updated":"2024-11-11"}},{"type":"Feature","id":9555,"geometry":{"type":"Point","coordinates":[6.44671630900007,6.23352050800003]},"properties":{"OBJECTID":9555,"globalid":"1fc14199-e1d2-4213-9ba8-751b1f234b74","nhfr_uid":60748913,"nhfr_facility_code":"10/02/1/1/1/0001","country":"Nigeria","iso":"NGA","state":"Delta","lga":"Aniocha South","lga_name_disagreement":0,"ward":"Ubulu-Uku 1","ward_name_disagreement":0,"facility_name":"Anglican Maternity Home","facility_name_source":"NHFR_2024","ownership":"Private","ownership_type":"For Profit","facility_level":"Secondary","facility_level_option":"Unknown","latitude":6.233520508,"longitude":6.446716309,"geocoordinates_source":"GRID3_EHEALTH","last_updated":"2024-11-11"}},{"type":"Feature","id":9556,"geometry":{"type":"Point","coordinates":[6.53247070300006,6.18109130900007]},"properties":{"OBJECTID":9556,"globalid":"eaebbf8f-91b7-45f1-aa3c-adcd5036ec54","nhfr_uid":56684548,"nhfr_facility_code":"10/02/1/1/1/0009","country":"Nigeria","iso":"NGA","state":"Delta","lga":"Aniocha South","lga_name_disagreement":0,"ward":"Agidiase","ward_name_disagreement":0,"facility_name":"Ogwashi Uku Primary Health Center","facility_name_source":"NHFR_2024","ownership":"Public","ownership_type":"Local Government","facility_level":"Primary","facility_level_option":"Primary Health Center","latitude":6.181091309,"longitude":6.532470703,"geocoordinates_source":"GRID3_EHEALTH","last_updated":"2024-11-11"}},{"type":"Feature","id":9557,"geometry":{"type":"Point","coordinates":[6.50488281200006,6.37170410200002]},"properties":{"OBJECTID":9557,"globalid":"893ba0b2-e1a0-4ac1-958d-253202745485","nhfr_uid":12443734,"nhfr_facility_code":"10/01/1/1/2/0005","country":"Nigeria","iso":"NGA","state":"Delta","lga":"Aniocha North","lga_name_disagreement":0,"ward":"Obomka","ward_name_disagreement":1,"facility_name":"Idumuogo Primary Health Care Center","facility_name_source":"NHFR_2024","ownership":"Public","ownership_type":"Local Government","facility_level":"Primary","facility_level_option":"Primary Health Center","latitude":6.371704102,"longitude":6.504882812,"geocoordinates_source":"GRID3_EHEALTH","last_updated":"2024-11-11"}},{"type":"Feature","id":9558,"geometry":{"type":"Point","coordinates":[6.47772216800007,6.38751220700004]},"properties":{"OBJECTID":9558,"globalid":"f90b757d-6d54-4a6b-a8f5-ff4a22c14a96","nhfr_uid":77134170,"nhfr_facility_code":"10/01/1/1/1/0017","country":"Nigeria","iso":"NGA","state":"Delta","lga":"Aniocha North","lga_name_disagreement":0,"ward":"Ugbodu","ward_name_disagreement":0,"facility_name":"Ukwuzu Primary Health Center","facility_name_source":"NHFR_2024","ownership":"Public","ownership_type":"Local Government","facility_level":"Primary","facility_level_option":"Primary Health Center","latitude":6.387512207,"longitude":6.477722168,"geocoordinates_source":"GRID3_EHEALTH","last_updated":"2024-11-11"}},{"type":"Feature","id":9559,"geometry":{"type":"Point","coordinates":[6.51568603500004,6.18609619100005]},"properties":{"OBJECTID":9559,"globalid":"146004e6-c964-448b-9aa9-2f5f6984ae08","nhfr_uid":74698011,"nhfr_facility_code":"10/02/1/2/1/0001","country":"Nigeria","iso":"NGA","state":"Delta","lga":"Aniocha South","lga_name_disagreement":0,"ward":"Agidiase","ward_name_disagreement":0,"facility_name":"Ogwashi Uku General Hospital","facility_name_source":"NHFR_2024","ownership":"Public","ownership_type":"Unknown","facility_level":"Secondary","facility_level_option":"General Hospital","latitude":6.186096191,"longitude":6.515686035,"geocoordinates_source":"GRID3_EHEALTH","last_updated":"2024-11-11"}},{"type":"Feature","id":9560,"geometry":{"type":"Point","coordinates":[6.10388183600003,5.44628906200006]},"properties":{"OBJECTID":9560,"globalid":"0cb0c115-27b4-4e84-b341-3729012b2d87","nhfr_uid":47579689,"nhfr_facility_code":"10/09/1/1/1/0013","country":"Nigeria","iso":"NGA","state":"Delta","lga":"Isoko North","lga_name_disagreement":0,"ward":"Iyede 1","ward_name_disagreement":0,"facility_name":"Otor Iyede Primary Health Center","facility_name_source":"NHFR_2024","ownership":"Public","ownership_type":"Local Government","facility_level":"Primary","facility_level_option":"Primary Health Center","latitude":5.446289062,"longitude":6.103881836,"geocoordinates_source":"GRID3_EHEALTH","last_updated":"2024-11-11"}},{"type":"Feature","id":9561,"geometry":{"type":"Point","coordinates":[6.14227294900007,5.51672363300003]},"properties":{"OBJECTID":9561,"globalid":"962d9479-3d3c-48a7-b2a1-fdcabc394000","nhfr_uid":37413638,"nhfr_facility_code":"10/09/1/1/1/0012","country":"Nigeria","iso":"NGA","state":"Delta","lga":"Isoko North","lga_name_disagreement":0,"ward":"Owhe 2","ward_name_disagreement":0,"facility_name":"Otor Owhe Primary Health Center","facility_name_source":"NHFR_2024","ownership":"Public","ownership_type":"Local Government","facility_level":"Primary","facility_level_option":"Primary Health Center","latitude":5.516723633,"longitude":6.142272949,"geocoordinates_source":"GRID3_EHEALTH","last_updated":"2024-11-11"}},{"type":"Feature","id":9562,"geometry":{"type":"Point","coordinates":[6.56250000000006,6.36968994100005]},"properties":{"OBJECTID":9562,"globalid":"30ff86ff-f37f-4998-8fe5-6db0a9f7bcbb","nhfr_uid":44826024,"nhfr_facility_code":"10/01/1/1/2/0006","country":"Nigeria","iso":"NGA","state":"Delta","lga":"Aniocha North","lga_name_disagreement":0,"ward":"Onicha-Olone","ward_name_disagreement":0,"facility_name":"Onicha Olona Primary Health Center","facility_name_source":"NHFR_2024","ownership":"Public","ownership_type":"Local Government","facility_level":"Primary","facility_level_option":"Primary Health Center","latitude":6.369689941,"longitude":6.5625,"geocoordinates_source":"GRID3_EHEALTH","last_updated":"2024-11-11"}},{"type":"Feature","id":9563,"geometry":{"type":"Point","coordinates":[6.49072265600006,6.41949462900004]},"properties":{"OBJECTID":9563,"globalid":"e551dce4-d335-4f45-b9ed-b6ca6e747133","nhfr_uid":41511296,"nhfr_facility_code":"10/01/1/1/1/0011","country":"Nigeria","iso":"NGA","state":"Delta","lga":"Aniocha North","lga_name_disagreement":0,"ward":"Obomka","ward_name_disagreement":1,"facility_name":"Obomkpa Primary Health Center","facility_name_source":"NHFR_2024","ownership":"Public","ownership_type":"Local Government","facility_level":"Primary","facility_level_option":"Primary Health Center","latitude":6.419494629,"longitude":6.490722656,"geocoordinates_source":"GRID3_EHEALTH","last_updated":"2024-11-11"}},{"type":"Feature","id":9625,"geometry":{"type":"Point","coordinates":[5.76068115200007,5.52307128900003]},"properties":{"OBJECTID":9625,"globalid":"7201d12f-83e4-4be3-bdef-3d99b8697a5f","nhfr_uid":26170560,"nhfr_facility_code":"10/24/1/1/2/0022","country":"Nigeria","iso":"NGA","state":"Delta","lga":"Warri South","lga_name_disagreement":0,"ward":"Igbudu","ward_name_disagreement":0,"facility_name":"Healing Steams Services Limited","facility_name_source":"NHFR_2024","ownership":"Private","ownership_type":"For Profit","facility_level":"Primary","facility_level_option":"Primary Health Clinic","latitude":5.523071289,"longitude":5.760681152,"geocoordinates_source":"GRID3_EHEALTH","last_updated":"2024-11-11"}},{"type":"Feature","id":9626,"geometry":{"type":"Point","coordinates":[5.75952148400006,5.52807617200006]},"properties":{"OBJECTID":9626,"globalid":"778e3d69-1307-4441-b1c5-5c769d093069","nhfr_uid":48386369,"nhfr_facility_code":"10/24/1/1/2/0001","country":"Nigeria","iso":"NGA","state":"Delta","lga":"Warri South","lga_name_disagreement":0,"ward":"Esisi","ward_name_disagreement":0,"facility_name":"Bryant Hospital Clinic","facility_name_source":"NHFR_2024","ownership":"Private","ownership_type":"For Profit","facility_level":"Primary","facility_level_option":"Primary Health Clinic","latitude":5.528076172,"longitude":5.759521484,"geocoordinates_source":"GRID3_EHEALTH","last_updated":"2024-11-11"}},{"type":"Feature","id":9638,"geometry":{"type":"Point","coordinates":[6.27032470700004,6.18969726600005]},"properties":{"OBJECTID":9638,"globalid":"b2a3cccb-d670-4937-b979-61c39e565fb1","nhfr_uid":41234462,"nhfr_facility_code":"10/07/1/1/2/0019","country":"Nigeria","iso":"NGA","state":"Delta","lga":"Ika North East","lga_name_disagreement":0,"ward":"Ute-Okpu","ward_name_disagreement":0,"facility_name":"Ute Okpu Primary Health Care Center","facility_name_source":"NHFR_2024","ownership":"Public","ownership_type":"Local Government","facility_level":"Primary","facility_level_option":"Primary Health Center","latitude":6.189697266,"longitude":6.270324707,"geocoordinates_source":"GRID3_EHEALTH","last_updated":"2024-11-11"}},{"type":"Feature","id":9639,"geometry":{"type":"Point","coordinates":[6.24353027300003,5.96588134800004]},"properties":{"OBJECTID":9639,"globalid":"a423d7a5-41c3-4050-82f8-1c26e831338e","nhfr_uid":21075604,"nhfr_facility_code":"10/21/1/1/2/0019","country":"Nigeria","iso":"NGA","state":"Delta","lga":"Ukwuani","lga_name_disagreement":0,"ward":"Akoku","ward_name_disagreement":0,"facility_name":"Obi Obeti Primary Health Care Center","facility_name_source":"NHFR_2024","ownership":"Public","ownership_type":"Local Government","facility_level":"Primary","facility_level_option":"Primary Health Center","latitude":5.965881348,"longitude":6.243530273,"geocoordinates_source":"GRID3_EHEALTH","last_updated":"2024-11-11"}},{"type":"Feature","id":9640,"geometry":{"type":"Point","coordinates":[5.73870849600007,5.48571777300003]},"properties":{"OBJECTID":9640,"globalid":"3007eca2-d85d-4c57-9ee4-f93c137dbdb8","nhfr_uid":50713745,"nhfr_facility_code":"10/25/1/2/1/0004","country":"Nigeria","iso":"NGA","state":"Delta","lga":"Warri South West","lga_name_disagreement":0,"ward":"Ogbe-Ijoh","ward_name_disagreement":1,"facility_name":"Ogbe Ijoh General Hospital","facility_name_source":"NHFR_2024","ownership":"Public","ownership_type":"Unknown","facility_level":"Secondary","facility_level_option":"General Hospital","latitude":5.485717773,"longitude":5.738708496,"geocoordinates_source":"GRID3_EHEALTH","last_updated":"2024-11-11"}},{"type":"Feature","id":9641,"geometry":{"type":"Point","coordinates":[6.21612548800005,5.89648437500006]},"properties":{"OBJECTID":9641,"globalid":"8663acea-1aef-4d83-8793-8c23ed12d685","nhfr_uid":40198746,"nhfr_facility_code":"10/21/1/1/2/0009","country":"Nigeria","iso":"NGA","state":"Delta","lga":"Ukwuani","lga_name_disagreement":0,"ward":"Ebedei","ward_name_disagreement":0,"facility_name":"Ebedei Obi Iloh Primary Health Care Center","facility_name_source":"NHFR_2024","ownership":"Public","ownership_type":"Local Government","facility_level":"Primary","facility_level_option":"Primary Health Center","latitude":5.896484375,"longitude":6.216125488,"geocoordinates_source":"GRID3_EHEALTH","last_updated":"2024-11-11"}},{"type":"Feature","id":9642,"geometry":{"type":"Point","coordinates":[5.93127441400003,5.17132568400007]},"properties":{"OBJECTID":9642,"globalid":"ca5c9110-d830-4d02-a959-f2181dfd0441","nhfr_uid":14450446,"nhfr_facility_code":"10/03/1/1/1/0016","country":"Nigeria","iso":"NGA","state":"Delta","lga":"Bomadi","lga_name_disagreement":0,"ward":"Bomadi","ward_name_disagreement":0,"facility_name":"Our Saviour'S Hospital","facility_name_source":"NHFR_2024","ownership":"Private","ownership_type":"For Profit","facility_level":"Secondary","facility_level_option":"Primary Health Center","latitude":5.171325684,"longitude":5.931274414,"geocoordinates_source":"GRID3_EHEALTH","last_updated":"2024-11-11"}},{"type":"Feature","id":9643,"geometry":{"type":"Point","coordinates":[6.14672851600005,6.30450439500004]},"properties":{"OBJECTID":9643,"globalid":"ffa33e0f-6dc9-4011-8bac-3952c6e867e4","nhfr_uid":45598538,"nhfr_facility_code":"10/08/1/1/1/0025","country":"Nigeria","iso":"NGA","state":"Delta","lga":"Ika South","lga_name_disagreement":0,"ward":"Ozonogogo Ward","ward_name_disagreement":1,"facility_name":"Ozanogogo Primary Health Center","facility_name_source":"NHFR_2024","ownership":"Public","ownership_type":"Unknown","facility_level":"Primary","facility_level_option":"Primary Health Center","latitude":6.304504395,"longitude":6.146728516,"geocoordinates_source":"GRID3_EHEALTH","last_updated":"2024-11-11"}},{"type":"Feature","id":9644,"geometry":{"type":"Point","coordinates":[6.34790039100005,6.25848388700007]},"properties":{"OBJECTID":9644,"globalid":"e8781ba5-860a-4589-996b-f05baf756a66","nhfr_uid":70813461,"nhfr_facility_code":"10/07/1/1/1/0011","country":"Nigeria","iso":"NGA","state":"Delta","lga":"Ika North East","lga_name_disagreement":0,"ward":"Akumazi","ward_name_disagreement":0,"facility_name":"Owerre Olubor Primary Health Care Center","facility_name_source":"NHFR_2024","ownership":"Public","ownership_type":"Local Government","facility_level":"Primary","facility_level_option":"Primary Health Center","latitude":6.258483887,"longitude":6.347900391,"geocoordinates_source":"GRID3_EHEALTH","last_updated":"2024-11-11"}},{"type":"Feature","id":9645,"geometry":{"type":"Point","coordinates":[6.36212158200004,6.24108886700003]},"properties":{"OBJECTID":9645,"globalid":"a3dbd31a-2069-4d57-a541-d44fbdddd482","nhfr_uid":37279702,"nhfr_facility_code":"10/07/1/1/1/0014","country":"Nigeria","iso":"NGA","state":"Delta","lga":"Ika North East","lga_name_disagreement":0,"ward":"Ute-Ogbeje","ward_name_disagreement":0,"facility_name":"Ute Ogbeje Primary Health Care Center","facility_name_source":"NHFR_2024","ownership":"Public","ownership_type":"Local Government","facility_level":"Primary","facility_level_option":"Primary Health Center","latitude":6.241088867,"longitude":6.362121582,"geocoordinates_source":"GRID3_EHEALTH","last_updated":"2024-11-11"}},{"type":"Feature","id":9646,"geometry":{"type":"Point","coordinates":[5.84429931600005,5.85211181600005]},"properties":{"OBJECTID":9646,"globalid":"afc8e9d3-a2fc-4ee2-b6dc-c01fed7f94bc","nhfr_uid":85138586,"nhfr_facility_code":"10/06/1/1/2/0006","country":"Nigeria","iso":"NGA","state":"Delta","lga":"Ethiope West","lga_name_disagreement":0,"ward":"Jesse 2","ward_name_disagreement":0,"facility_name":"Ekroda Primary Health Care Center","facility_name_source":"NHFR_2024","ownership":"Public","ownership_type":"Local Government","facility_level":"Primary","facility_level_option":"Primary Health Center","latitude":5.852111816,"longitude":5.844299316,"geocoordinates_source":"GRID3_EHEALTH","last_updated":"2024-11-11"}},{"type":"Feature","id":9743,"geometry":{"type":"Point","coordinates":[5.69207763700007,5.88610839800003]},"properties":{"OBJECTID":9743,"globalid":"8a0e7bec-fcf9-4b25-a8be-fcc8b45475bd","nhfr_uid":36637886,"nhfr_facility_code":"10/17/1/1/1/0008","country":"Nigeria","iso":"NGA","state":"Delta","lga":"Sapele","lga_name_disagreement":0,"ward":"Amuogodo","ward_name_disagreement":1,"facility_name":"Obule Medical Center","facility_name_source":"NHFR_2024","ownership":"Private","ownership_type":"For Profit","facility_level":"Primary","facility_level_option":"Primary Health Clinic","latitude":5.886108398,"longitude":5.692077637,"geocoordinates_source":"GRID3_EHEALTH","last_updated":"2024-11-11"}},{"type":"Feature","id":9923,"geometry":{"type":"Point","coordinates":[5.67767334000007,5.89709472700002]},"properties":{"OBJECTID":9923,"globalid":"fa37d8bd-013f-417e-b9fc-0be6ccd87564","nhfr_uid":20259246,"nhfr_facility_code":"10/17/1/1/1/0021","country":"Nigeria","iso":"NGA","state":"Delta","lga":"Sapele","lga_name_disagreement":0,"ward":"Hausa","ward_name_disagreement":1,"facility_name":"St Elizabeth Catholic Hospital","facility_name_source":"NHFR_2024","ownership":"Private","ownership_type":"For Profit","facility_level":"Primary","facility_level_option":"Primary Health Clinic","latitude":5.897094727,"longitude":5.67767334,"geocoordinates_source":"GRID3_EHEALTH","last_updated":"2024-11-11"}},{"type":"Feature","id":10034,"geometry":{"type":"Point","coordinates":[5.80688476600005,5.37847900400004]},"properties":{"OBJECTID":10034,"globalid":"64ce09fb-abb3-4720-9f62-cafdca627c6b","nhfr_uid":83910446,"nhfr_facility_code":"10/20/1/1/2/0020","country":"Nigeria","iso":"NGA","state":"Delta","lga":"Ughelli South","lga_name_disagreement":0,"ward":"Jeremi 3","ward_name_disagreement":0,"facility_name":"Our Lady'S Of The Sick Catholic Clinic and Maternity","facility_name_source":"NHFR_2024","ownership":"Private","ownership_type":"For Profit","facility_level":"Primary","facility_level_option":"Primary Health Center","latitude":5.378479004,"longitude":5.806884766,"geocoordinates_source":"GRID3_EHEALTH","last_updated":"2024-11-11"}},{"type":"Feature","id":10035,"geometry":{"type":"Point","coordinates":[5.74230957000003,5.57012939500004]},"properties":{"OBJECTID":10035,"globalid":"edbab380-b655-4ad6-8ca8-deaa6f865be1","nhfr_uid":66868074,"nhfr_facility_code":"10/22/1/1/2/0039","country":"Nigeria","iso":"NGA","state":"Delta","lga":"Uvwie","lga_name_disagreement":0,"ward":"Ekpan 2","ward_name_disagreement":1,"facility_name":"Urban Hospital Specialist","facility_name_source":"NHFR_2024","ownership":"Private","ownership_type":"For Profit","facility_level":"Primary","facility_level_option":"Primary Health Clinic","latitude":5.570129395,"longitude":5.74230957,"geocoordinates_source":"GRID3_EHEALTH","last_updated":"2024-11-11"}},{"type":"Feature","id":10036,"geometry":{"type":"Point","coordinates":[5.76568603500004,5.56427002000004]},"properties":{"OBJECTID":10036,"globalid":"d330f4d3-0123-4adf-9214-f476bfc4c7de","nhfr_uid":64124298,"nhfr_facility_code":"10/22/1/2/2/0045","country":"Nigeria","iso":"NGA","state":"Delta","lga":"Uvwie","lga_name_disagreement":0,"ward":"Urhumarho","ward_name_disagreement":1,"facility_name":"Grace Fill Medical Center","facility_name_source":"NHFR_2024","ownership":"Private","ownership_type":"For Profit","facility_level":"Secondary","facility_level_option":"Primary Health Clinic","latitude":5.56427002,"longitude":5.765686035,"geocoordinates_source":"GRID3_EHEALTH","last_updated":"2024-11-11"}},{"type":"Feature","id":10037,"geometry":{"type":"Point","coordinates":[5.79949951200007,5.55468750000006]},"properties":{"OBJECTID":10037,"globalid":"92cf8c1e-bcfa-44e9-82b0-f60c8b32edd4","nhfr_uid":67759889,"nhfr_facility_code":"10/22/1/1/2/0011","country":"Nigeria","iso":"NGA","state":"Delta","lga":"Uvwie","lga_name_disagreement":0,"ward":"Alaka","ward_name_disagreement":1,"facility_name":"Faith Clinic and Maternity","facility_name_source":"NHFR_2024","ownership":"Private","ownership_type":"Unknown","facility_level":"Primary","facility_level_option":"Primary Health Clinic","latitude":5.5546875,"longitude":5.799499512,"geocoordinates_source":"GRID3_EHEALTH","last_updated":"2024-11-11"}},{"type":"Feature","id":10038,"geometry":{"type":"Point","coordinates":[5.76190185500008,5.56469726600005]},"properties":{"OBJECTID":10038,"globalid":"6493a2e5-2436-474a-a426-91e720bd9d55","nhfr_uid":87150504,"nhfr_facility_code":"10/22/1/1/2/0042","country":"Nigeria","iso":"NGA","state":"Delta","lga":"Uvwie","lga_name_disagreement":0,"ward":"Urhumarho","ward_name_disagreement":1,"facility_name":"Mudiaga Faith Medical Center","facility_name_source":"NHFR_2024","ownership":"Private","ownership_type":"For Profit","facility_level":"Primary","facility_level_option":"Primary Health Clinic","latitude":5.564697266,"longitude":5.761901855,"geocoordinates_source":"GRID3_EHEALTH","last_updated":"2024-11-11"}},{"type":"Feature","id":10039,"geometry":{"type":"Point","coordinates":[5.79809570300006,5.56427002000004]},"properties":{"OBJECTID":10039,"globalid":"7c93cff6-df52-4bae-831b-2cc0853fcf2f","nhfr_uid":70955101,"nhfr_facility_code":"10/22/1/1/2/0003","country":"Nigeria","iso":"NGA","state":"Delta","lga":"Uvwie","lga_name_disagreement":0,"ward":"Alaka","ward_name_disagreement":0,"facility_name":"Abieyuwa Specialist Clinic and Maternity","facility_name_source":"NHFR_2024","ownership":"Private","ownership_type":"For Profit","facility_level":"Primary","facility_level_option":"Primary Health Clinic","latitude":5.56427002,"longitude":5.798095703,"geocoordinates_source":"GRID3_EHEALTH","last_updated":"2024-11-11"}},{"type":"Feature","id":10040,"geometry":{"type":"Point","coordinates":[6.18090820300006,5.42889404300007]},"properties":{"OBJECTID":10040,"globalid":"50660bd0-b3f9-4caf-86f8-a6b923d78509","nhfr_uid":39108028,"nhfr_facility_code":"10/10/1/1/1/0007","country":"Nigeria","iso":"NGA","state":"Delta","lga":"Isoko South","lga_name_disagreement":0,"ward":"Igbide","ward_name_disagreement":1,"facility_name":"Ayo Clinic and Maternity","facility_name_source":"NHFR_2024","ownership":"Public","ownership_type":"Unknown","facility_level":"Primary","facility_level_option":"Primary Health Clinic","latitude":5.428894043,"longitude":6.180908203,"geocoordinates_source":"GRID3_EHEALTH","last_updated":"2024-11-11"}},{"type":"Feature","id":10041,"geometry":{"type":"Point","coordinates":[6.20947265600006,5.67230224600007]},"properties":{"OBJECTID":10041,"globalid":"02cc4194-4d7d-4952-a3cd-521b127ab956","nhfr_uid":33028093,"nhfr_facility_code":"10/12/1/2/2/0002","country":"Nigeria","iso":"NGA","state":"Delta","lga":"Ndokwa West","lga_name_disagreement":0,"ward":"Abbi 2","ward_name_disagreement":1,"facility_name":"Chika Abbi Nursing and Maternity Home","facility_name_source":"NHFR_2024","ownership":"Private","ownership_type":"For Profit","facility_level":"Primary","facility_level_option":"Primary Health Clinic","latitude":5.672302246,"longitude":6.209472656,"geocoordinates_source":"GRID3_EHEALTH","last_updated":"2024-11-11"}},{"type":"Feature","id":10042,"geometry":{"type":"Point","coordinates":[6.22290039100005,5.53869628900003]},"properties":{"OBJECTID":10042,"globalid":"8b4cfbad-17a5-4410-8d81-386e1823efec","nhfr_uid":56076559,"nhfr_facility_code":"10/20/1/2/2/0002","country":"Nigeria","iso":"NGA","state":"Delta","lga":"Isoko North","lga_name_disagreement":0,"ward":"Ozoro 1","ward_name_disagreement":1,"facility_name":"St Mary'S Catholic Hospital","facility_name_source":"NHFR_2024","ownership":"Private","ownership_type":"For Profit","facility_level":"Secondary","facility_level_option":"Primary Health Clinic","latitude":5.538696289,"longitude":6.222900391,"geocoordinates_source":"GRID3_EHEALTH","last_updated":"2024-11-11"}},{"type":"Feature","id":10043,"geometry":{"type":"Point","coordinates":[5.85571289100005,5.63128662100007]},"properties":{"OBJECTID":10043,"globalid":"bb6e5f4e-ac85-41db-ba38-5037edeb707b","nhfr_uid":40451766,"nhfr_facility_code":"10/13/1/1/1/0033","country":"Nigeria","iso":"NGA","state":"Delta","lga":"Okpe","lga_name_disagreement":0,"ward":"Oha\tWard","ward_name_disagreement":0,"facility_name":"Oha Primary Health Care Center","facility_name_source":"NHFR_2024","ownership":"Public","ownership_type":"Local Government","facility_level":"Primary","facility_level_option":"Primary Health Center","latitude":5.631286621,"longitude":5.855712891,"geocoordinates_source":"GRID3_EHEALTH","last_updated":"2024-11-11"}},{"type":"Feature","id":10044,"geometry":{"type":"Point","coordinates":[6.73968505900007,6.17108154300007]},"properties":{"OBJECTID":10044,"globalid":"200397e7-89ce-4805-9c54-8e216149e478","nhfr_uid":36370496,"nhfr_facility_code":"10/15/1/2/1/0001","country":"Nigeria","iso":"NGA","state":"Delta","lga":"Oshimili South","lga_name_disagreement":0,"ward":"Okwe","ward_name_disagreement":0,"facility_name":"St Michael Nursing and Maternity","facility_name_source":"NHFR_2024","ownership":"Private","ownership_type":"For Profit","facility_level":"Primary","facility_level_option":"Primary Health Clinic","latitude":6.171081543,"longitude":6.739685059,"geocoordinates_source":"GRID3_EHEALTH","last_updated":"2024-11-11"}},{"type":"Feature","id":10045,"geometry":{"type":"Point","coordinates":[6.70031738300003,6.20367431600005]},"properties":{"OBJECTID":10045,"globalid":"17de0df8-0d08-4f5f-b00c-0228fd948098","nhfr_uid":47976982,"nhfr_facility_code":"10/15/1/1/1/0019","country":"Nigeria","iso":"NGA","state":"Delta","lga":"Oshimili South","lga_name_disagreement":0,"ward":"West End","ward_name_disagreement":1,"facility_name":"Fruitful Clinic","facility_name_source":"NHFR_2024","ownership":"Public","ownership_type":"Unknown","facility_level":"Primary","facility_level_option":"General Hospital","latitude":6.203674316,"longitude":6.700317383,"geocoordinates_source":"GRID3_EHEALTH","last_updated":"2024-11-11"}},{"type":"Feature","id":10046,"geometry":{"type":"Point","coordinates":[6.73132324200003,6.20367431600005]},"properties":{"OBJECTID":10046,"globalid":"11465732-7a14-493c-876f-5ed4228272bd","nhfr_uid":32774741,"nhfr_facility_code":"10/15/1/2/2/0003","country":"Nigeria","iso":"NGA","state":"Delta","lga":"Oshimili South","lga_name_disagreement":0,"ward":"Ugbomanta","ward_name_disagreement":1,"facility_name":"St Joseph'S Catholic Hospital and Maternity","facility_name_source":"NHFR_2024","ownership":"Private","ownership_type":"For Profit","facility_level":"Secondary","facility_level_option":"Primary Health Clinic","latitude":6.203674316,"longitude":6.731323242,"geocoordinates_source":"GRID3_EHEALTH","last_updated":"2024-11-11"}},{"type":"Feature","id":10047,"geometry":{"type":"Point","coordinates":[6.43591308600003,6.16632080100004]},"properties":{"OBJECTID":10047,"globalid":"43424c0a-eddb-4e2f-b5e8-ee891937574a","nhfr_uid":62004407,"nhfr_facility_code":"10/02/1/1/1/0002","country":"Nigeria","iso":"NGA","state":"Delta","lga":"Aniocha South","lga_name_disagreement":0,"ward":"Ubulu-Unor","ward_name_disagreement":1,"facility_name":"Ashama Primary Health Center","facility_name_source":"NHFR_2024","ownership":"Public","ownership_type":"Local Government","facility_level":"Primary","facility_level_option":"Primary Health Center","latitude":6.166320801,"longitude":6.435913086,"geocoordinates_source":"GRID3_EHEALTH","last_updated":"2024-11-11"}},{"type":"Feature","id":10048,"geometry":{"type":"Point","coordinates":[6.72491455100004,6.20452880900007]},"properties":{"OBJECTID":10048,"globalid":"4116aa01-8d13-4a7c-9171-5366d12086f5","nhfr_uid":15003492,"nhfr_facility_code":"10/15/1/1/2/0011","country":"Nigeria","iso":"NGA","state":"Delta","lga":"Oshimili South","lga_name_disagreement":0,"ward":"Umuagu","ward_name_disagreement":0,"facility_name":"Icon Clinic","facility_name_source":"NHFR_2024","ownership":"Private","ownership_type":"For Profit","facility_level":"Primary","facility_level_option":"Primary Health Clinic","latitude":6.204528809,"longitude":6.724914551,"geocoordinates_source":"GRID3_EHEALTH","last_updated":"2024-11-11"}},{"type":"Feature","id":10049,"geometry":{"type":"Point","coordinates":[6.60052490200007,6.26190185500008]},"properties":{"OBJECTID":10049,"globalid":"5b2fe5ce-4f98-4df1-ad5e-49e06ff08453","nhfr_uid":62008959,"nhfr_facility_code":"10/02/1/1/1/0018","country":"Nigeria","iso":"NGA","state":"Delta","lga":"Aniocha South","lga_name_disagreement":0,"ward":"Umudei","ward_name_disagreement":1,"facility_name":"Holy Child Nursing\\Maternity Home Ogwashi Uku","facility_name_source":"NHFR_2024","ownership":"Private","ownership_type":"For Profit","facility_level":"Primary","facility_level_option":"Primary Health Clinic","latitude":6.261901855,"longitude":6.600524902,"geocoordinates_source":"GRID3_EHEALTH","last_updated":"2024-11-11"}},{"type":"Feature","id":10050,"geometry":{"type":"Point","coordinates":[5.86987304700006,5.77209472700002]},"properties":{"OBJECTID":10050,"globalid":"1149150d-81d1-4182-9db7-a3372a8e5fad","nhfr_uid":26892150,"nhfr_facility_code":"10/13/1/1/1/0024","country":"Nigeria","iso":"NGA","state":"Delta","lga":"Okpe","lga_name_disagreement":0,"ward":"Aghalokpe","ward_name_disagreement":0,"facility_name":"Aghalokpe Primary Health Care Center","facility_name_source":"NHFR_2024","ownership":"Public","ownership_type":"Local Government","facility_level":"Primary","facility_level_option":"Primary Health Center","latitude":5.772094727,"longitude":5.869873047,"geocoordinates_source":"GRID3_EHEALTH","last_updated":"2024-11-11"}},{"type":"Feature","id":10051,"geometry":{"type":"Point","coordinates":[6.64770507800006,6.17272949200003]},"properties":{"OBJECTID":10051,"globalid":"869174c5-82b9-4a08-adff-09979c95688d","nhfr_uid":72451872,"nhfr_facility_code":"10/14/1/1/1/0007","country":"Nigeria","iso":"NGA","state":"Delta","lga":"Oshimili North","lga_name_disagreement":0,"ward":"Achala/Ezukwu/Ogboli","ward_name_disagreement":1,"facility_name":"Ogboli Comprehensive Health Center","facility_name_source":"NHFR_2024","ownership":"Public","ownership_type":"Local Government","facility_level":"Primary","facility_level_option":"Primary Health Center","latitude":6.172729492,"longitude":6.647705078,"geocoordinates_source":"GRID3_EHEALTH","last_updated":"2024-11-11"}},{"type":"Feature","id":10052,"geometry":{"type":"Point","coordinates":[6.54168701200007,6.47888183600003]},"properties":{"OBJECTID":10052,"globalid":"0eb35f2e-c65e-49d8-ac03-707acf83e719","nhfr_uid":31971843,"nhfr_facility_code":"10/01/1/1/1/0012","country":"Nigeria","iso":"NGA","state":"Delta","lga":"Aniocha North","lga_name_disagreement":0,"ward":"Ezi","ward_name_disagreement":0,"facility_name":"Ogordo Primary Health Center","facility_name_source":"NHFR_2024","ownership":"Public","ownership_type":"Local Government","facility_level":"Primary","facility_level_option":"Primary Health Center","latitude":6.478881836,"longitude":6.541687012,"geocoordinates_source":"GRID3_EHEALTH","last_updated":"2024-11-11"}},{"type":"Feature","id":10110,"geometry":{"type":"Point","coordinates":[5.82012939500004,5.40490722700002]},"properties":{"OBJECTID":10110,"globalid":"a3149069-4271-46e5-af35-b57c3e8b4355","nhfr_uid":23499862,"nhfr_facility_code":"10/20/1/1/1/0010","country":"Nigeria","iso":"NGA","state":"Delta","lga":"Ughelli South","lga_name_disagreement":0,"ward":"Jeremi 4","ward_name_disagreement":1,"facility_name":"Owawha Primary Health Center","facility_name_source":"NHFR_2024","ownership":"Public","ownership_type":"Local Government","facility_level":"Primary","facility_level_option":"Primary Health Center","latitude":5.404907227,"longitude":5.820129395,"geocoordinates_source":"GRID3_EHEALTH","last_updated":"2024-11-11"}},{"type":"Feature","id":10111,"geometry":{"type":"Point","coordinates":[5.90747070300006,5.45568847700002]},"properties":{"OBJECTID":10111,"globalid":"60bf209f-4f89-4f59-bc2e-14a37eed04b5","nhfr_uid":34756091,"nhfr_facility_code":"10/20/1/1/2/0008","country":"Nigeria","iso":"NGA","state":"Delta","lga":"Ughelli South","lga_name_disagreement":0,"ward":"Olumo 3","ward_name_disagreement":1,"facility_name":"Okpare Primary Health Center","facility_name_source":"NHFR_2024","ownership":"Public","ownership_type":"Local Government","facility_level":"Primary","facility_level_option":"Primary Health Center","latitude":5.455688477,"longitude":5.907470703,"geocoordinates_source":"GRID3_EHEALTH","last_updated":"2024-11-11"}},{"type":"Feature","id":10112,"geometry":{"type":"Point","coordinates":[5.96173095700004,5.27709960900006]},"properties":{"OBJECTID":10112,"globalid":"986bb389-d24c-4891-978d-a6f48f24d91d","nhfr_uid":79304086,"nhfr_facility_code":"10/20/1/1/2/0015","country":"Nigeria","iso":"NGA","state":"Delta","lga":"Ughelli South","lga_name_disagreement":0,"ward":"Ewu 2","ward_name_disagreement":1,"facility_name":"Orere Health Post","facility_name_source":"NHFR_2024","ownership":"Public","ownership_type":"Local Government","facility_level":"Primary","facility_level_option":"Health Post","latitude":5.277099609,"longitude":5.961730957,"geocoordinates_source":"GRID3_EHEALTH","last_updated":"2024-11-11"}},{"type":"Feature","id":10113,"geometry":{"type":"Point","coordinates":[5.87548828100006,5.42510986300005]},"properties":{"OBJECTID":10113,"globalid":"0a754622-a98f-46cf-ba15-61563a51710e","nhfr_uid":21794902,"nhfr_facility_code":"10/20/1/1/2/0003","country":"Nigeria","iso":"NGA","state":"Delta","lga":"Ughelli South","lga_name_disagreement":0,"ward":"Jeremi 2","ward_name_disagreement":0,"facility_name":"Eyara Primary Health Center","facility_name_source":"NHFR_2024","ownership":"Public","ownership_type":"Local Government","facility_level":"Primary","facility_level_option":"Primary Health Center","latitude":5.425109863,"longitude":5.875488281,"geocoordinates_source":"GRID3_EHEALTH","last_updated":"2024-11-11"}},{"type":"Feature","id":10115,"geometry":{"type":"Point","coordinates":[5.83227539100005,5.58007812500006]},"properties":{"OBJECTID":10115,"globalid":"2f722040-20cb-4662-bc12-e0394295ffe4","nhfr_uid":87294222,"nhfr_facility_code":"10/13/1/1/1/0006","country":"Nigeria","iso":"NGA","state":"Delta","lga":"Okpe","lga_name_disagreement":1,"ward":"Egborode","ward_name_disagreement":1,"facility_name":"Okuokoko Primary Health Center","facility_name_source":"NHFR_2024","ownership":"Public","ownership_type":"Local Government","facility_level":"Primary","facility_level_option":"Primary Health Center","latitude":5.580078125,"longitude":5.832275391,"geocoordinates_source":"GRID3_EHEALTH","last_updated":"2024-11-11"}},{"type":"Feature","id":10116,"geometry":{"type":"Point","coordinates":[5.81188964800003,5.56091308600003]},"properties":{"OBJECTID":10116,"globalid":"4d75f147-9f1a-47a9-b2ac-03581ef86083","nhfr_uid":20716053,"nhfr_facility_code":"10/22/1/1/1/0016","country":"Nigeria","iso":"NGA","state":"Delta","lga":"Uvwie","lga_name_disagreement":0,"ward":"Ugbomro","ward_name_disagreement":1,"facility_name":"Ugbolokposo Primary Health Center","facility_name_source":"NHFR_2024","ownership":"Public","ownership_type":"Local Government","facility_level":"Primary","facility_level_option":"Primary Health Center","latitude":5.560913086,"longitude":5.811889648,"geocoordinates_source":"GRID3_EHEALTH","last_updated":"2024-11-11"}},{"type":"Feature","id":10117,"geometry":{"type":"Point","coordinates":[5.74932861300005,5.56231689500004]},"properties":{"OBJECTID":10117,"globalid":"9be215c3-9fbc-491a-a364-2e8e9a4f62b7","nhfr_uid":64500449,"nhfr_facility_code":"10/24/1/2/1/0001","country":"Nigeria","iso":"NGA","state":"Delta","lga":"Uvwie","lga_name_disagreement":0,"ward":"Ekpan 1","ward_name_disagreement":1,"facility_name":"Ekpan General Hospital","facility_name_source":"NHFR_2024","ownership":"Public","ownership_type":"State Government","facility_level":"Secondary","facility_level_option":"General Hospital","latitude":5.562316895,"longitude":5.749328613,"geocoordinates_source":"GRID3_EHEALTH","last_updated":"2024-11-11"}},{"type":"Feature","id":10119,"geometry":{"type":"Point","coordinates":[5.89331054700006,5.52227783200004]},"properties":{"OBJECTID":10119,"globalid":"64ad2bb7-ce1b-41c2-808c-96e64b36013c","nhfr_uid":69190852,"nhfr_facility_code":"10/20/1/1/1/0005","country":"Nigeria","iso":"NGA","state":"Delta","lga":"Ughelli South","lga_name_disagreement":0,"ward":"Ekakpamre","ward_name_disagreement":0,"facility_name":"Ekrokpe Primary Health Center","facility_name_source":"NHFR_2024","ownership":"Public","ownership_type":"Local Government","facility_level":"Primary","facility_level_option":"Primary Health Center","latitude":5.522277832,"longitude":5.893310547,"geocoordinates_source":"GRID3_EHEALTH","last_updated":"2024-11-11"}},{"type":"Feature","id":10120,"geometry":{"type":"Point","coordinates":[5.77447509800004,5.57232666000004]},"properties":{"OBJECTID":10120,"globalid":"451ecb43-a4a2-4e5f-8699-5001bad21c44","nhfr_uid":50031159,"nhfr_facility_code":"10/22/1/1/1/0006","country":"Nigeria","iso":"NGA","state":"Delta","lga":"Uvwie","lga_name_disagreement":0,"ward":"Ohorhe","ward_name_disagreement":1,"facility_name":"Nigerian Navy Effurun Hospital","facility_name_source":"NHFR_2024","ownership":"Public","ownership_type":"Military & Paramilitary formations","facility_level":"Secondary","facility_level_option":"Unknown","latitude":5.57232666,"longitude":5.774475098,"geocoordinates_source":"GRID3_EHEALTH","last_updated":"2024-11-11"}},{"type":"Feature","id":10121,"geometry":{"type":"Point","coordinates":[5.78790283200004,5.56048584000007]},"properties":{"OBJECTID":10121,"globalid":"afdd5974-f830-41e5-911c-213b43734237","nhfr_uid":21072821,"nhfr_facility_code":"10/22/1/1/2/0004","country":"Nigeria","iso":"NGA","state":"Delta","lga":"Uvwie","lga_name_disagreement":0,"ward":"Alaka","ward_name_disagreement":0,"facility_name":"Alaka Primary Health Center","facility_name_source":"NHFR_2024","ownership":"Public","ownership_type":"Local Government","facility_level":"Primary","facility_level_option":"Primary Health Center","latitude":5.56048584,"longitude":5.787902832,"geocoordinates_source":"GRID3_EHEALTH","last_updated":"2024-11-11"}},{"type":"Feature","id":10122,"geometry":{"type":"Point","coordinates":[5.83367919900007,5.54650878900003]},"properties":{"OBJECTID":10122,"globalid":"625a96a7-f305-4c46-b363-8e3f73c6d66b","nhfr_uid":61091950,"nhfr_facility_code":"10/20/1/1/2/0016","country":"Nigeria","iso":"NGA","state":"Delta","lga":"Ughelli South","lga_name_disagreement":0,"ward":"Ekakpamre","ward_name_disagreement":0,"facility_name":"Otokutu Primary Health Care Center","facility_name_source":"NHFR_2024","ownership":"Public","ownership_type":"Local Government","facility_level":"Primary","facility_level_option":"Primary Health Center","latitude":5.546508789,"longitude":5.833679199,"geocoordinates_source":"GRID3_EHEALTH","last_updated":"2024-11-11"}},{"type":"Feature","id":10123,"geometry":{"type":"Point","coordinates":[5.90771484400005,5.52288818400007]},"properties":{"OBJECTID":10123,"globalid":"6750f576-1837-47ae-a31b-72b830dfe16c","nhfr_uid":53004784,"nhfr_facility_code":"10/20/1/1/1/0004","country":"Nigeria","iso":"NGA","state":"Delta","lga":"Ughelli South","lga_name_disagreement":0,"ward":"Ekakpamre","ward_name_disagreement":0,"facility_name":"Ekakpame Primary Health Center","facility_name_source":"NHFR_2024","ownership":"Public","ownership_type":"Local Government","facility_level":"Primary","facility_level_option":"Primary Health Center","latitude":5.522888184,"longitude":5.907714844,"geocoordinates_source":"GRID3_EHEALTH","last_updated":"2024-11-11"}},{"type":"Feature","id":10124,"geometry":{"type":"Point","coordinates":[5.71429443400007,5.58331298800005]},"properties":{"OBJECTID":10124,"globalid":"93f80d8a-ad6d-481a-8ef3-5a8c43fbd4e4","nhfr_uid":48445483,"nhfr_facility_code":"10/22/1/2/2/0002","country":"Nigeria","iso":"NGA","state":"Delta","lga":"Uvwie","lga_name_disagreement":0,"ward":"Ekpan 1","ward_name_disagreement":1,"facility_name":"Nigerian National Petroleum Cooperation Clinic","facility_name_source":"NHFR_2024","ownership":"Public","ownership_type":"Federal Government","facility_level":"Secondary","facility_level_option":"Unknown","latitude":5.583312988,"longitude":5.714294434,"geocoordinates_source":"GRID3_EHEALTH","last_updated":"2024-11-11"}},{"type":"Feature","id":10125,"geometry":{"type":"Point","coordinates":[5.81829834000007,5.58691406200006]},"properties":{"OBJECTID":10125,"globalid":"9183ec54-a57f-489c-8f15-6dbc60bf11c8","nhfr_uid":19447782,"nhfr_facility_code":"10/13/1/1/1/0009","country":"Nigeria","iso":"NGA","state":"Delta","lga":"Okpe","lga_name_disagreement":1,"ward":"Oha\tWard","ward_name_disagreement":1,"facility_name":"Osubi Primary Health Care Center","facility_name_source":"NHFR_2024","ownership":"Public","ownership_type":"Local Government","facility_level":"Primary","facility_level_option":"Primary Health Center","latitude":5.586914062,"longitude":5.81829834,"geocoordinates_source":"GRID3_EHEALTH","last_updated":"2024-11-11"}},{"type":"Feature","id":10126,"geometry":{"type":"Point","coordinates":[5.78631591800007,5.52349853500004]},"properties":{"OBJECTID":10126,"globalid":"e73af7ea-74f6-42c3-af01-f95cbac18603","nhfr_uid":73774911,"nhfr_facility_code":"10/22/1/2/2/0036","country":"Nigeria","iso":"NGA","state":"Delta","lga":"Uvwie","lga_name_disagreement":0,"ward":"Ugbomro","ward_name_disagreement":1,"facility_name":"Delta Procare Hospital Clinic","facility_name_source":"NHFR_2024","ownership":"Private","ownership_type":"For Profit","facility_level":"Secondary","facility_level_option":"Primary Health Center","latitude":5.523498535,"longitude":5.786315918,"geocoordinates_source":"GRID3_EHEALTH","last_updated":"2024-11-11"}},{"type":"Feature","id":10127,"geometry":{"type":"Point","coordinates":[5.79071044900007,5.37030029300007]},"properties":{"OBJECTID":10127,"globalid":"c34d1d71-1e3f-4838-8a8a-7661401ae674","nhfr_uid":36518811,"nhfr_facility_code":"10/20/1/1/2/0011","country":"Nigeria","iso":"NGA","state":"Delta","lga":"Ughelli South","lga_name_disagreement":0,"ward":"Jeremi 3","ward_name_disagreement":0,"facility_name":"Okwagbe Primary Health Center","facility_name_source":"NHFR_2024","ownership":"Public","ownership_type":"Local Government","facility_level":"Primary","facility_level_option":"Primary Health Center","latitude":5.370300293,"longitude":5.790710449,"geocoordinates_source":"GRID3_EHEALTH","last_updated":"2024-11-11"}},{"type":"Feature","id":10128,"geometry":{"type":"Point","coordinates":[5.85510253900003,5.53790283200004]},"properties":{"OBJECTID":10128,"globalid":"1d63a92d-2547-4fb1-a69f-abd232c1e8ba","nhfr_uid":81992671,"nhfr_facility_code":"10/20/1/1/1/0003","country":"Nigeria","iso":"NGA","state":"Delta","lga":"Ughelli South","lga_name_disagreement":0,"ward":"Ekakpamre","ward_name_disagreement":0,"facility_name":"Egbo Uhurie Primary Health Center","facility_name_source":"NHFR_2024","ownership":"Public","ownership_type":"Local Government","facility_level":"Primary","facility_level_option":"Primary Health Center","latitude":5.537902832,"longitude":5.855102539,"geocoordinates_source":"GRID3_EHEALTH","last_updated":"2024-11-11"}},{"type":"Feature","id":10129,"geometry":{"type":"Point","coordinates":[5.74328613300003,5.56231689500004]},"properties":{"OBJECTID":10129,"globalid":"cf67d35a-501e-4931-b7d0-6851d4dea69c","nhfr_uid":31880983,"nhfr_facility_code":"10/22/1/1/1/0003","country":"Nigeria","iso":"NGA","state":"Delta","lga":"Uvwie","lga_name_disagreement":0,"ward":"Ekpan 1","ward_name_disagreement":0,"facility_name":"Ekpan 1 Primary Health Center","facility_name_source":"NHFR_2024","ownership":"Public","ownership_type":"Local Government","facility_level":"Primary","facility_level_option":"Primary Health Center","latitude":5.562316895,"longitude":5.743286133,"geocoordinates_source":"GRID3_EHEALTH","last_updated":"2024-11-11"}},{"type":"Feature","id":10130,"geometry":{"type":"Point","coordinates":[5.78649902300003,5.53332519500003]},"properties":{"OBJECTID":10130,"globalid":"f689376e-496a-419b-8bb3-a0124d480829","nhfr_uid":28462276,"nhfr_facility_code":"10/22/1/1/1/0004","country":"Nigeria","iso":"NGA","state":"Delta","lga":"Uvwie","lga_name_disagreement":0,"ward":"Enerhen 1","ward_name_disagreement":1,"facility_name":"Enerhen 1 Primary Health Center","facility_name_source":"NHFR_2024","ownership":"Public","ownership_type":"Local Government","facility_level":"Primary","facility_level_option":"Primary Health Center","latitude":5.533325195,"longitude":5.786499023,"geocoordinates_source":"GRID3_EHEALTH","last_updated":"2024-11-11"}},{"type":"Feature","id":10131,"geometry":{"type":"Point","coordinates":[5.78027343700006,5.57812500000006]},"properties":{"OBJECTID":10131,"globalid":"25f95428-95bd-4c9b-b3b6-3ce239cbe95b","nhfr_uid":49928434,"nhfr_facility_code":"10/22/1/1/1/0010","country":"Nigeria","iso":"NGA","state":"Delta","lga":"Uvwie","lga_name_disagreement":0,"ward":"Ohorhe","ward_name_disagreement":0,"facility_name":"Ohorhe Primary Health Center","facility_name_source":"NHFR_2024","ownership":"Public","ownership_type":"Local Government","facility_level":"Primary","facility_level_option":"Primary Health Center","latitude":5.578125,"longitude":5.780273437,"geocoordinates_source":"GRID3_EHEALTH","last_updated":"2024-11-11"}},{"type":"Feature","id":10132,"geometry":{"type":"Point","coordinates":[5.83471679700006,5.56750488300003]},"properties":{"OBJECTID":10132,"globalid":"e48d9704-1875-48ad-89d9-2467c07cd2c2","nhfr_uid":19282514,"nhfr_facility_code":"10/22/1/1/1/0017","country":"Nigeria","iso":"NGA","state":"Delta","lga":"Uvwie","lga_name_disagreement":0,"ward":"Ugbomro","ward_name_disagreement":0,"facility_name":"Ugbomro Primary Health Center","facility_name_source":"NHFR_2024","ownership":"Public","ownership_type":"Local Government","facility_level":"Primary","facility_level_option":"Primary Health Center","latitude":5.567504883,"longitude":5.834716797,"geocoordinates_source":"GRID3_EHEALTH","last_updated":"2024-11-11"}},{"type":"Feature","id":10133,"geometry":{"type":"Point","coordinates":[5.67547607400007,5.88592529300007]},"properties":{"OBJECTID":10133,"globalid":"aebcdd3c-769a-4fcd-a199-7b9d97ccec6d","nhfr_uid":14428219,"nhfr_facility_code":"10/17/1/1/2/0012","country":"Nigeria","iso":"NGA","state":"Delta","lga":"Sapele","lga_name_disagreement":0,"ward":"Okpe","ward_name_disagreement":1,"facility_name":"Sapele Limited Clinic","facility_name_source":"NHFR_2024","ownership":"Private","ownership_type":"For Profit","facility_level":"Primary","facility_level_option":"Primary Health Clinic","latitude":5.885925293,"longitude":5.675476074,"geocoordinates_source":"GRID3_EHEALTH","last_updated":"2024-11-11"}},{"type":"Feature","id":10135,"geometry":{"type":"Point","coordinates":[5.66992187500006,5.89129638700007]},"properties":{"OBJECTID":10135,"globalid":"960d0ba3-805b-4d57-b62c-83f937095100","nhfr_uid":14864106,"nhfr_facility_code":"10/17/1/1/1/0013","country":"Nigeria","iso":"NGA","state":"Delta","lga":"Sapele","lga_name_disagreement":0,"ward":"Okpe","ward_name_disagreement":1,"facility_name":"Omiemiedi Primary Health Center","facility_name_source":"NHFR_2024","ownership":"Public","ownership_type":"Local Government","facility_level":"Primary","facility_level_option":"Primary Health Center","latitude":5.891296387,"longitude":5.669921875,"geocoordinates_source":"GRID3_EHEALTH","last_updated":"2024-11-11"}},{"type":"Feature","id":10137,"geometry":{"type":"Point","coordinates":[6.00207519500003,5.11907959000007]},"properties":{"OBJECTID":10137,"globalid":"9b23a126-6510-42de-a066-5165cbb8c080","nhfr_uid":13090361,"nhfr_facility_code":"10/16/1/1/1/0002","country":"Nigeria","iso":"NGA","state":"Delta","lga":"Patani","lga_name_disagreement":0,"ward":"Odorubu","ward_name_disagreement":0,"facility_name":"Adobu Primary Health Center","facility_name_source":"NHFR_2024","ownership":"Public","ownership_type":"Local Government","facility_level":"Primary","facility_level_option":"Primary Health Center","latitude":5.11907959,"longitude":6.002075195,"geocoordinates_source":"GRID3_EHEALTH","last_updated":"2024-11-11"}},{"type":"Feature","id":10138,"geometry":{"type":"Point","coordinates":[6.34289550800003,5.42791748000008]},"properties":{"OBJECTID":10138,"globalid":"3ca12379-aec7-471f-8e07-ba45c1dfb775","nhfr_uid":37892919,"nhfr_facility_code":"10/10/1/1/1/0015","country":"Nigeria","iso":"NGA","state":"Delta","lga":"Isoko South","lga_name_disagreement":0,"ward":"Irri","ward_name_disagreement":0,"facility_name":"Ivrogbo Primary Health Center","facility_name_source":"NHFR_2024","ownership":"Public","ownership_type":"Local Government","facility_level":"Primary","facility_level_option":"Primary Health Center","latitude":5.42791748,"longitude":6.342895508,"geocoordinates_source":"GRID3_EHEALTH","last_updated":"2024-11-11"}},{"type":"Feature","id":10139,"geometry":{"type":"Point","coordinates":[6.26629638700007,5.39068603500004]},"properties":{"OBJECTID":10139,"globalid":"446b7a1b-c9e5-4140-b2be-22658b4c26f7","nhfr_uid":84367125,"nhfr_facility_code":"10/10/1/2/1/0002","country":"Nigeria","iso":"NGA","state":"Delta","lga":"Isoko South","lga_name_disagreement":0,"ward":"Aviara","ward_name_disagreement":0,"facility_name":"Aviara General Hospital","facility_name_source":"NHFR_2024","ownership":"Public","ownership_type":"Unknown","facility_level":"Secondary","facility_level_option":"General Hospital","latitude":5.390686035,"longitude":6.266296387,"geocoordinates_source":"GRID3_EHEALTH","last_updated":"2024-11-11"}},{"type":"Feature","id":10140,"geometry":{"type":"Point","coordinates":[6.20367431600005,5.47729492200006]},"properties":{"OBJECTID":10140,"globalid":"16245eea-fc18-4b29-b026-8cbc1a85dffc","nhfr_uid":33922275,"nhfr_facility_code":"10/10/1/1/1/0017","country":"Nigeria","iso":"NGA","state":"Delta","lga":"Isoko South","lga_name_disagreement":0,"ward":"Oleh 1","ward_name_disagreement":1,"facility_name":"Oleh Central Hospital","facility_name_source":"NHFR_2024","ownership":"Public","ownership_type":"State Government","facility_level":"Secondary","facility_level_option":"Primary Health Center","latitude":5.477294922,"longitude":6.203674316,"geocoordinates_source":"GRID3_EHEALTH","last_updated":"2024-11-11"}},{"type":"Feature","id":10141,"geometry":{"type":"Point","coordinates":[6.00628662100007,5.13989257800006]},"properties":{"OBJECTID":10141,"globalid":"3266ac40-3f3e-4152-866c-a768b50be594","nhfr_uid":52464330,"nhfr_facility_code":"10/16/1/1/2/0003","country":"Nigeria","iso":"NGA","state":"Delta","lga":"Patani","lga_name_disagreement":0,"ward":"Patani 2","ward_name_disagreement":1,"facility_name":"Raco Nursing and Maternity Home","facility_name_source":"NHFR_2024","ownership":"Private","ownership_type":"For Profit","facility_level":"Primary","facility_level_option":"Primary Health Clinic","latitude":5.139892578,"longitude":6.006286621,"geocoordinates_source":"GRID3_EHEALTH","last_updated":"2024-11-11"}},{"type":"Feature","id":10142,"geometry":{"type":"Point","coordinates":[6.28967285200002,5.36389160200002]},"properties":{"OBJECTID":10142,"globalid":"2af28cfb-3999-4fe4-ae64-bc98b8c51089","nhfr_uid":84157964,"nhfr_facility_code":"10/10/1/1/1/0005","country":"Nigeria","iso":"NGA","state":"Delta","lga":"Isoko South","lga_name_disagreement":0,"ward":"Aviara","ward_name_disagreement":0,"facility_name":"Araya Primary Health Center","facility_name_source":"NHFR_2024","ownership":"Public","ownership_type":"Local Government","facility_level":"Primary","facility_level_option":"Primary Health Center","latitude":5.363891602,"longitude":6.289672852,"geocoordinates_source":"GRID3_EHEALTH","last_updated":"2024-11-11"}},{"type":"Feature","id":10143,"geometry":{"type":"Point","coordinates":[6.14447021500007,5.36352539100005]},"properties":{"OBJECTID":10143,"globalid":"3b2e17d1-e133-4bb3-bae4-55eb3e53d18b","nhfr_uid":50871318,"nhfr_facility_code":"10/10/1/1/1/0012","country":"Nigeria","iso":"NGA","state":"Delta","lga":"Isoko South","lga_name_disagreement":0,"ward":"Igbide","ward_name_disagreement":0,"facility_name":"Igbide Primary Health Center","facility_name_source":"NHFR_2024","ownership":"Public","ownership_type":"Local Government","facility_level":"Primary","facility_level_option":"Primary Health Center","latitude":5.363525391,"longitude":6.144470215,"geocoordinates_source":"GRID3_EHEALTH","last_updated":"2024-11-11"}},{"type":"Feature","id":10144,"geometry":{"type":"Point","coordinates":[6.19287109400005,5.23547363300003]},"properties":{"OBJECTID":10144,"globalid":"32069eb7-4533-4bdc-bedd-993c9d653a21","nhfr_uid":50633074,"nhfr_facility_code":"10/16/1/1/2/0002","country":"Nigeria","iso":"NGA","state":"Delta","lga":"Patani","lga_name_disagreement":0,"ward":"Patani 2","ward_name_disagreement":1,"facility_name":"Patani Government Hospital","facility_name_source":"NHFR_2024","ownership":"Public","ownership_type":"Local Government","facility_level":"Primary","facility_level_option":"Primary Health Center","latitude":5.235473633,"longitude":6.192871094,"geocoordinates_source":"GRID3_EHEALTH","last_updated":"2024-11-11"}},{"type":"Feature","id":10145,"geometry":{"type":"Point","coordinates":[6.15008544900007,5.26312255900007]},"properties":{"OBJECTID":10145,"globalid":"6f4d7a7a-a163-4332-a5c1-d5c7e98c8bec","nhfr_uid":28618565,"nhfr_facility_code":"10/10/1/1/1/0021","country":"Nigeria","iso":"NGA","state":"Delta","lga":"Isoko South","lga_name_disagreement":0,"ward":"Umeh/Erowha","ward_name_disagreement":0,"facility_name":"Umeh Primary Health Center","facility_name_source":"NHFR_2024","ownership":"Public","ownership_type":"Local Government","facility_level":"Primary","facility_level_option":"Primary Health Center","latitude":5.263122559,"longitude":6.150085449,"geocoordinates_source":"GRID3_EHEALTH","last_updated":"2024-11-11"}},{"type":"Feature","id":10146,"geometry":{"type":"Point","coordinates":[6.17492675800003,5.41552734400005]},"properties":{"OBJECTID":10146,"globalid":"9291886d-e7ac-478d-91a2-137eed847617","nhfr_uid":44901106,"nhfr_facility_code":"10/10/1/2/1/0003","country":"Nigeria","iso":"NGA","state":"Delta","lga":"Isoko South","lga_name_disagreement":0,"ward":"Emede","ward_name_disagreement":0,"facility_name":"Emede Primary Health Center","facility_name_source":"NHFR_2024","ownership":"Public","ownership_type":"Local Government","facility_level":"Primary","facility_level_option":"Primary Health Center","latitude":5.415527344,"longitude":6.174926758,"geocoordinates_source":"GRID3_EHEALTH","last_updated":"2024-11-11"}},{"type":"Feature","id":10147,"geometry":{"type":"Point","coordinates":[6.20507812500006,5.45849609400005]},"properties":{"OBJECTID":10147,"globalid":"02ef87b7-8812-48aa-86e0-a0e19e4c36e9","nhfr_uid":32982592,"nhfr_facility_code":"10/10/1/2/2/0044","country":"Nigeria","iso":"NGA","state":"Delta","lga":"Isoko South","lga_name_disagreement":0,"ward":"Oleh 2","ward_name_disagreement":0,"facility_name":"Jombo Memorial Nursing and Maternity Home","facility_name_source":"NHFR_2024","ownership":"Private","ownership_type":"For Profit","facility_level":"Secondary","facility_level_option":"Primary Health Center","latitude":5.458496094,"longitude":6.205078125,"geocoordinates_source":"GRID3_EHEALTH","last_updated":"2024-11-11"}},{"type":"Feature","id":10148,"geometry":{"type":"Point","coordinates":[6.31848144500003,5.46789550800003]},"properties":{"OBJECTID":10148,"globalid":"41dbaf8f-8b2b-4f4b-b409-82e480f97f5a","nhfr_uid":35961845,"nhfr_facility_code":"10/10/1/1/1/0022","country":"Nigeria","iso":"NGA","state":"Delta","lga":"Isoko South","lga_name_disagreement":0,"ward":"Irri","ward_name_disagreement":0,"facility_name":"Uro Primary Health Center","facility_name_source":"NHFR_2024","ownership":"Public","ownership_type":"Local Government","facility_level":"Primary","facility_level_option":"Primary Health Center","latitude":5.467895508,"longitude":6.318481445,"geocoordinates_source":"GRID3_EHEALTH","last_updated":"2024-11-11"}},{"type":"Feature","id":10149,"geometry":{"type":"Point","coordinates":[6.09252929700006,5.45989990200007]},"properties":{"OBJECTID":10149,"globalid":"40024c40-744b-4790-82a9-6a986306fb15","nhfr_uid":51679649,"nhfr_facility_code":"10/09/1/2/1/0005","country":"Nigeria","iso":"NGA","state":"Delta","lga":"Isoko North","lga_name_disagreement":0,"ward":"Iyede 1","ward_name_disagreement":0,"facility_name":"Iwride Iyede Primary Health Center","facility_name_source":"NHFR_2024","ownership":"Public","ownership_type":"Local Government","facility_level":"Primary","facility_level_option":"Primary Health Center","latitude":5.459899902,"longitude":6.092529297,"geocoordinates_source":"GRID3_EHEALTH","last_updated":"2024-11-11"}},{"type":"Feature","id":10150,"geometry":{"type":"Point","coordinates":[6.12908935500008,5.41851806600005]},"properties":{"OBJECTID":10150,"globalid":"7c3695fe-223c-4a58-8a01-9511d222f557","nhfr_uid":31984262,"nhfr_facility_code":"10/10/1/1/1/0019","country":"Nigeria","iso":"NGA","state":"Delta","lga":"Isoko South","lga_name_disagreement":0,"ward":"Olomoro","ward_name_disagreement":0,"facility_name":"Olomoro Government Hospital","facility_name_source":"NHFR_2024","ownership":"Public","ownership_type":"State Government","facility_level":"Secondary","facility_level_option":"Primary Health Center","latitude":5.418518066,"longitude":6.129089355,"geocoordinates_source":"GRID3_EHEALTH","last_updated":"2024-11-11"}},{"type":"Feature","id":10151,"geometry":{"type":"Point","coordinates":[6.23248291000004,5.34411621100003]},"properties":{"OBJECTID":10151,"globalid":"5635b1ad-b01a-4286-83d3-2f3b8d215c18","nhfr_uid":74276020,"nhfr_facility_code":"10/10/1/1/1/0024","country":"Nigeria","iso":"NGA","state":"Delta","lga":"Isoko South","lga_name_disagreement":0,"ward":"Uzere","ward_name_disagreement":0,"facility_name":"Uzere Primary Health Center","facility_name_source":"NHFR_2024","ownership":"Public","ownership_type":"Local Government","facility_level":"Primary","facility_level_option":"Primary Health Center","latitude":5.344116211,"longitude":6.23248291,"geocoordinates_source":"GRID3_EHEALTH","last_updated":"2024-11-11"}},{"type":"Feature","id":10152,"geometry":{"type":"Point","coordinates":[6.19152832000003,5.22747802700007]},"properties":{"OBJECTID":10152,"globalid":"3f5d6ebb-790e-4ea2-80d2-02395b6a5b93","nhfr_uid":63926218,"nhfr_facility_code":"10/16/1/2/2/0001","country":"Nigeria","iso":"NGA","state":"Delta","lga":"Patani","lga_name_disagreement":0,"ward":"Patani 2","ward_name_disagreement":1,"facility_name":"Patani Primary Health Center","facility_name_source":"NHFR_2024","ownership":"Public","ownership_type":"Local Government","facility_level":"Primary","facility_level_option":"Primary Health Center","latitude":5.227478027,"longitude":6.19152832,"geocoordinates_source":"GRID3_EHEALTH","last_updated":"2024-11-11"}},{"type":"Feature","id":10153,"geometry":{"type":"Point","coordinates":[6.10809326200007,5.14709472700002]},"properties":{"OBJECTID":10153,"globalid":"4fa12bb2-3565-4b6e-bf67-0e76b29b1a3d","nhfr_uid":51139736,"nhfr_facility_code":"10/16/1/1/1/0008","country":"Nigeria","iso":"NGA","state":"Delta","lga":"Patani","lga_name_disagreement":0,"ward":"Turu Angiama","ward_name_disagreement":1,"facility_name":"Toru Angiama Primary Health Care Center","facility_name_source":"NHFR_2024","ownership":"Public","ownership_type":"Local Government","facility_level":"Primary","facility_level_option":"Primary Health Center","latitude":5.147094727,"longitude":6.108093262,"geocoordinates_source":"GRID3_EHEALTH","last_updated":"2024-11-11"}},{"type":"Feature","id":10154,"geometry":{"type":"Point","coordinates":[6.20812988300003,5.45428466800007]},"properties":{"OBJECTID":10154,"globalid":"e2defe6b-5056-4237-a149-0580ddfc3abf","nhfr_uid":58419631,"nhfr_facility_code":"10/10/1/1/1/0001","country":"Nigeria","iso":"NGA","state":"Delta","lga":"Isoko South","lga_name_disagreement":0,"ward":"Oleh 1","ward_name_disagreement":0,"facility_name":"Aluta Memorial Clinic","facility_name_source":"NHFR_2024","ownership":"Public","ownership_type":"Unknown","facility_level":"Primary","facility_level_option":"Primary Health Center","latitude":5.454284668,"longitude":6.208129883,"geocoordinates_source":"GRID3_EHEALTH","last_updated":"2024-11-11"}},{"type":"Feature","id":10155,"geometry":{"type":"Point","coordinates":[6.36029052700007,5.43267822300004]},"properties":{"OBJECTID":10155,"globalid":"26132367-132b-4b4f-84e1-c9b8a35bf253","nhfr_uid":55696127,"nhfr_facility_code":"10/11/1/1/1/0014","country":"Nigeria","iso":"NGA","state":"Delta","lga":"Ndokwa East","lga_name_disagreement":0,"ward":"Azagba/Ibedeni","ward_name_disagreement":0,"facility_name":"Ekpe Primary Health Center","facility_name_source":"NHFR_2024","ownership":"Public","ownership_type":"Local Government","facility_level":"Primary","facility_level_option":"Primary Health Center","latitude":5.432678223,"longitude":6.360290527,"geocoordinates_source":"GRID3_EHEALTH","last_updated":"2024-11-11"}},{"type":"Feature","id":10156,"geometry":{"type":"Point","coordinates":[6.18847656200006,5.45068359400005]},"properties":{"OBJECTID":10156,"globalid":"f0796c7a-a6fb-49cc-a790-926aa2be9a00","nhfr_uid":49025882,"nhfr_facility_code":"10/10/1/1/1/0003","country":"Nigeria","iso":"NGA","state":"Delta","lga":"Isoko South","lga_name_disagreement":0,"ward":"Oleh 2","ward_name_disagreement":1,"facility_name":"Oweh Memorial Clinic","facility_name_source":"NHFR_2024","ownership":"Private","ownership_type":"For Profit","facility_level":"Secondary","facility_level_option":"Primary Health Center","latitude":5.450683594,"longitude":6.188476562,"geocoordinates_source":"GRID3_EHEALTH","last_updated":"2024-11-11"}},{"type":"Feature","id":10157,"geometry":{"type":"Point","coordinates":[6.39508056600005,5.56408691400003]},"properties":{"OBJECTID":10157,"globalid":"23c68a13-6482-4771-836f-2950bc8366ba","nhfr_uid":38543465,"nhfr_facility_code":"10/11/1/2/1/0004","country":"Nigeria","iso":"NGA","state":"Delta","lga":"Ndokwa East","lga_name_disagreement":0,"ward":"Ibrede/Igbuku","ward_name_disagreement":1,"facility_name":"Ibrede Primary Health Center","facility_name_source":"NHFR_2024","ownership":"Public","ownership_type":"Local Government","facility_level":"Primary","facility_level_option":"Primary Health Center","latitude":5.564086914,"longitude":6.395080566,"geocoordinates_source":"GRID3_EHEALTH","last_updated":"2024-11-11"}},{"type":"Feature","id":10158,"geometry":{"type":"Point","coordinates":[6.24731445300006,5.55090332000003]},"properties":{"OBJECTID":10158,"globalid":"6ee7b923-96dc-4c41-9f23-35a0a550079f","nhfr_uid":29585641,"nhfr_facility_code":"10/09/1/1/1/0017","country":"Nigeria","iso":"NGA","state":"Delta","lga":"Isoko North","lga_name_disagreement":0,"ward":"Ozoro 3","ward_name_disagreement":0,"facility_name":"Ozoro Primary Health Center","facility_name_source":"NHFR_2024","ownership":"Public","ownership_type":"Local Government","facility_level":"Primary","facility_level_option":"Primary Health Center","latitude":5.55090332,"longitude":6.247314453,"geocoordinates_source":"GRID3_EHEALTH","last_updated":"2024-11-11"}},{"type":"Feature","id":10159,"geometry":{"type":"Point","coordinates":[6.29772949200003,5.62091064500004]},"properties":{"OBJECTID":10159,"globalid":"64178add-ff9d-4ea9-b01d-b5fb6da60574","nhfr_uid":24914776,"nhfr_facility_code":"10/09/1/1/1/0002","country":"Nigeria","iso":"NGA","state":"Delta","lga":"Isoko North","lga_name_disagreement":0,"ward":"Ellu","ward_name_disagreement":1,"facility_name":"Aradhe Primary Health Care Center","facility_name_source":"NHFR_2024","ownership":"Public","ownership_type":"Local Government","facility_level":"Primary","facility_level_option":"Primary Health Center","latitude":5.620910645,"longitude":6.297729492,"geocoordinates_source":"GRID3_EHEALTH","last_updated":"2024-11-11"}},{"type":"Feature","id":10160,"geometry":{"type":"Point","coordinates":[6.24768066400003,5.56011962900004]},"properties":{"OBJECTID":10160,"globalid":"9a4e72c2-e7d2-4949-96c9-b60608e5dbc7","nhfr_uid":22210389,"nhfr_facility_code":"10/09/1/1/1/0018","country":"Nigeria","iso":"NGA","state":"Delta","lga":"Isoko North","lga_name_disagreement":0,"ward":"Ozoro 3","ward_name_disagreement":1,"facility_name":"Ozoro Polytechnic Ozoro Health Center","facility_name_source":"NHFR_2024","ownership":"Public","ownership_type":"State Government","facility_level":"Primary","facility_level_option":"Primary Health Center","latitude":5.560119629,"longitude":6.247680664,"geocoordinates_source":"GRID3_EHEALTH","last_updated":"2024-11-11"}},{"type":"Feature","id":10161,"geometry":{"type":"Point","coordinates":[6.34448242200006,5.55627441400003]},"properties":{"OBJECTID":10161,"globalid":"97b2897e-18e5-46f5-a127-425c2ba00a59","nhfr_uid":76299509,"nhfr_facility_code":"10/09/1/1/2/0003","country":"Nigeria","iso":"NGA","state":"Delta","lga":"Isoko North","lga_name_disagreement":0,"ward":"Ofagbe","ward_name_disagreement":0,"facility_name":"Ofagbe Primary Health Center","facility_name_source":"NHFR_2024","ownership":"Public","ownership_type":"Local Government","facility_level":"Primary","facility_level_option":"Primary Health Center","latitude":5.556274414,"longitude":6.344482422,"geocoordinates_source":"GRID3_EHEALTH","last_updated":"2024-11-11"}},{"type":"Feature","id":10162,"geometry":{"type":"Point","coordinates":[6.16448974600007,5.51568603500004]},"properties":{"OBJECTID":10162,"globalid":"d4986ad0-9778-4335-91cb-7135ee5de0a7","nhfr_uid":48655030,"nhfr_facility_code":"10/09/1/1/1/0001","country":"Nigeria","iso":"NGA","state":"Delta","lga":"Isoko North","lga_name_disagreement":0,"ward":"Owhe 2","ward_name_disagreement":0,"facility_name":"Akiewhe Primary Health Center","facility_name_source":"NHFR_2024","ownership":"Public","ownership_type":"Local Government","facility_level":"Primary","facility_level_option":"Primary Health Center","latitude":5.515686035,"longitude":6.164489746,"geocoordinates_source":"GRID3_EHEALTH","last_updated":"2024-11-11"}},{"type":"Feature","id":10163,"geometry":{"type":"Point","coordinates":[6.20629882800006,5.74908447300004]},"properties":{"OBJECTID":10163,"globalid":"230d16e7-c97a-4984-99b9-2e05a8a4b60d","nhfr_uid":67012202,"nhfr_facility_code":"10/21/1/1/2/0018","country":"Nigeria","iso":"NGA","state":"Delta","lga":"Ukwuani","lga_name_disagreement":1,"ward":"Amai","ward_name_disagreement":1,"facility_name":"Novena Medical Center","facility_name_source":"NHFR_2024","ownership":"Private","ownership_type":"Not For Profit","facility_level":"Secondary","facility_level_option":"Primary Health Clinic","latitude":5.749084473,"longitude":6.206298828,"geocoordinates_source":"GRID3_EHEALTH","last_updated":"2024-11-11"}},{"type":"Feature","id":10164,"geometry":{"type":"Point","coordinates":[6.23028564500004,5.53790283200004]},"properties":{"OBJECTID":10164,"globalid":"cd53c874-5e7e-4d3b-9e81-b93a1dbf3694","nhfr_uid":44687009,"nhfr_facility_code":"10/09/1/1/2/0027","country":"Nigeria","iso":"NGA","state":"Delta","lga":"Isoko North","lga_name_disagreement":0,"ward":"Ozoro 2","ward_name_disagreement":1,"facility_name":"Victory Okeleke Obokparo Clinic","facility_name_source":"NHFR_2024","ownership":"Private","ownership_type":"For Profit","facility_level":"Primary","facility_level_option":"Primary Health Clinic","latitude":5.537902832,"longitude":6.230285645,"geocoordinates_source":"GRID3_EHEALTH","last_updated":"2024-11-11"}},{"type":"Feature","id":10165,"geometry":{"type":"Point","coordinates":[5.70190429700006,5.87487793000003]},"properties":{"OBJECTID":10165,"globalid":"c373293a-c886-4514-a4e1-7be7fa749b9a","nhfr_uid":57573244,"nhfr_facility_code":"10/17/1/1/1/0010","country":"Nigeria","iso":"NGA","state":"Delta","lga":"Sapele","lga_name_disagreement":0,"ward":"Okpe","ward_name_disagreement":0,"facility_name":"Okparavero Memorial Hospital","facility_name_source":"NHFR_2024","ownership":"Private","ownership_type":"For Profit","facility_level":"Primary","facility_level_option":"Primary Health Clinic","latitude":5.87487793,"longitude":5.701904297,"geocoordinates_source":"GRID3_EHEALTH","last_updated":"2024-11-11"}},{"type":"Feature","id":10166,"geometry":{"type":"Point","coordinates":[5.71307373000008,5.86492919900007]},"properties":{"OBJECTID":10166,"globalid":"fb92917b-7d13-43da-ba8a-f7fd364061fd","nhfr_uid":83855929,"nhfr_facility_code":"10/17/1/1/2/0027","country":"Nigeria","iso":"NGA","state":"Delta","lga":"Sapele","lga_name_disagreement":0,"ward":"Amukpe","ward_name_disagreement":1,"facility_name":"James Services Maternity Clinic","facility_name_source":"NHFR_2024","ownership":"Private","ownership_type":"For Profit","facility_level":"Primary","facility_level_option":"Primary Health Clinic","latitude":5.864929199,"longitude":5.71307373,"geocoordinates_source":"GRID3_EHEALTH","last_updated":"2024-11-11"}},{"type":"Feature","id":10167,"geometry":{"type":"Point","coordinates":[5.69830322300004,5.87768554700006]},"properties":{"OBJECTID":10167,"globalid":"12eafca9-4cfc-4513-bb96-3d7dafd49fdc","nhfr_uid":84961295,"nhfr_facility_code":"10/17/1/1/1/0015","country":"Nigeria","iso":"NGA","state":"Delta","lga":"Sapele","lga_name_disagreement":0,"ward":"Okpe","ward_name_disagreement":0,"facility_name":"Patoner Limited Hospital","facility_name_source":"NHFR_2024","ownership":"Private","ownership_type":"For Profit","facility_level":"Primary","facility_level_option":"Primary Health Clinic","latitude":5.877685547,"longitude":5.698303223,"geocoordinates_source":"GRID3_EHEALTH","last_updated":"2024-11-11"}},{"type":"Feature","id":10168,"geometry":{"type":"Point","coordinates":[5.85827636700003,5.77148437500006]},"properties":{"OBJECTID":10168,"globalid":"7de7bf5f-4c38-415f-8ae4-6e80ea06fa28","nhfr_uid":59954865,"nhfr_facility_code":"10/13/1/1/1/0015","country":"Nigeria","iso":"NGA","state":"Delta","lga":"Okpe","lga_name_disagreement":0,"ward":"Adagbrassa","ward_name_disagreement":0,"facility_name":"Adagbrassa Primary Health Care Center","facility_name_source":"NHFR_2024","ownership":"Public","ownership_type":"Local Government","facility_level":"Primary","facility_level_option":"Primary Health Center","latitude":5.771484375,"longitude":5.858276367,"geocoordinates_source":"GRID3_EHEALTH","last_updated":"2024-11-11"}},{"type":"Feature","id":10169,"geometry":{"type":"Point","coordinates":[5.76367187500006,5.68450927700007]},"properties":{"OBJECTID":10169,"globalid":"8387a00f-42a0-496a-8379-c3006692e852","nhfr_uid":74796197,"nhfr_facility_code":"10/13/1/1/2/0003","country":"Nigeria","iso":"NGA","state":"Delta","lga":"Okpe","lga_name_disagreement":0,"ward":"Adeje","ward_name_disagreement":0,"facility_name":"Adeje Primary Health Center","facility_name_source":"NHFR_2024","ownership":"Public","ownership_type":"Local Government","facility_level":"Primary","facility_level_option":"Primary Health Center","latitude":5.684509277,"longitude":5.763671875,"geocoordinates_source":"GRID3_EHEALTH","last_updated":"2024-11-11"}},{"type":"Feature","id":10170,"geometry":{"type":"Point","coordinates":[6.43170166000004,5.70489502000004]},"properties":{"OBJECTID":10170,"globalid":"679bcffd-999b-42f7-a146-4177e207bec3","nhfr_uid":84552625,"nhfr_facility_code":"10/12/1/1/2/0002","country":"Nigeria","iso":"NGA","state":"Delta","lga":"Ndokwa West","lga_name_disagreement":0,"ward":"Kwale","ward_name_disagreement":1,"facility_name":"Donak Kwale Hospital","facility_name_source":"NHFR_2024","ownership":"Private","ownership_type":"For Profit","facility_level":"Secondary","facility_level_option":"Primary Health Center","latitude":5.70489502,"longitude":6.43170166,"geocoordinates_source":"GRID3_EHEALTH","last_updated":"2024-11-11"}},{"type":"Feature","id":10171,"geometry":{"type":"Point","coordinates":[6.20288085900006,5.67669677700007]},"properties":{"OBJECTID":10171,"globalid":"278c4069-43bd-4f67-b162-e22b167ab982","nhfr_uid":63645894,"nhfr_facility_code":"10/12/1/1/1/0001","country":"Nigeria","iso":"NGA","state":"Delta","lga":"Ndokwa West","lga_name_disagreement":0,"ward":"Abbi 1","ward_name_disagreement":1,"facility_name":"Abbi Primary Health Center","facility_name_source":"NHFR_2024","ownership":"Public","ownership_type":"Local Government","facility_level":"Primary","facility_level_option":"Primary Health Center","latitude":5.676696777,"longitude":6.202880859,"geocoordinates_source":"GRID3_EHEALTH","last_updated":"2024-11-11"}},{"type":"Feature","id":10172,"geometry":{"type":"Point","coordinates":[6.41552734400005,5.68927002000004]},"properties":{"OBJECTID":10172,"globalid":"0179deed-80a5-4ec9-8d7b-d2f51e38186a","nhfr_uid":29451684,"nhfr_facility_code":"10/12/1/2/2/0020","country":"Nigeria","iso":"NGA","state":"Delta","lga":"Ndokwa West","lga_name_disagreement":0,"ward":"Kwale","ward_name_disagreement":1,"facility_name":"Gabson Family Kwale Hospital","facility_name_source":"NHFR_2024","ownership":"Private","ownership_type":"For Profit","facility_level":"Secondary","facility_level_option":"Primary Health Center","latitude":5.68927002,"longitude":6.415527344,"geocoordinates_source":"GRID3_EHEALTH","last_updated":"2024-11-11"}},{"type":"Feature","id":10173,"geometry":{"type":"Point","coordinates":[6.38092041000004,5.88647460900006]},"properties":{"OBJECTID":10173,"globalid":"70d78e7c-2bb4-4a16-ad04-aec68e5befaa","nhfr_uid":77319378,"nhfr_facility_code":"10/12/1/1/2/0018","country":"Nigeria","iso":"NGA","state":"Delta","lga":"Ndokwa West","lga_name_disagreement":0,"ward":"Utagba-Uno","ward_name_disagreement":0,"facility_name":"Utagba Uno Primary Health Care Center","facility_name_source":"NHFR_2024","ownership":"Public","ownership_type":"Local Government","facility_level":"Primary","facility_level_option":"Primary Health Center","latitude":5.886474609,"longitude":6.38092041,"geocoordinates_source":"GRID3_EHEALTH","last_updated":"2024-11-11"}},{"type":"Feature","id":10174,"geometry":{"type":"Point","coordinates":[6.32348632800006,5.65692138700007]},"properties":{"OBJECTID":10174,"globalid":"b2630afe-8617-497a-bbac-6ed6aaaa4b20","nhfr_uid":81140383,"nhfr_facility_code":"10/12/1/1/2/0005","country":"Nigeria","iso":"NGA","state":"Delta","lga":"Ndokwa West","lga_name_disagreement":0,"ward":"Emu","ward_name_disagreement":0,"facility_name":"Emu Obodeti Primary Health Care Center","facility_name_source":"NHFR_2024","ownership":"Public","ownership_type":"Local Government","facility_level":"Primary","facility_level_option":"Primary Health Center","latitude":5.656921387,"longitude":6.323486328,"geocoordinates_source":"GRID3_EHEALTH","last_updated":"2024-11-11"}},{"type":"Feature","id":10175,"geometry":{"type":"Point","coordinates":[6.39489746100003,5.83471679700006]},"properties":{"OBJECTID":10175,"globalid":"8cf4d358-3aa1-4f1c-97d1-6ee42052ba3b","nhfr_uid":46543727,"nhfr_facility_code":"10/12/1/2/2/0005","country":"Nigeria","iso":"NGA","state":"Delta","lga":"Ndokwa West","lga_name_disagreement":0,"ward":"Onicha Okwuani","ward_name_disagreement":1,"facility_name":"Onicha Ukwani Primary Health Care Center","facility_name_source":"NHFR_2024","ownership":"Public","ownership_type":"Local Government","facility_level":"Primary","facility_level_option":"Primary Health Center","latitude":5.834716797,"longitude":6.394897461,"geocoordinates_source":"GRID3_EHEALTH","last_updated":"2024-11-11"}},{"type":"Feature","id":10176,"geometry":{"type":"Point","coordinates":[6.29931640600006,5.71771240200007]},"properties":{"OBJECTID":10176,"globalid":"ce76d9ef-4084-4480-ac0c-d3efd315c4ae","nhfr_uid":30840758,"nhfr_facility_code":"10/12/1/1/2/0019","country":"Nigeria","iso":"NGA","state":"Delta","lga":"Ndokwa West","lga_name_disagreement":0,"ward":"Ogume 1","ward_name_disagreement":1,"facility_name":"Utue Ogume Primary Health Care Center","facility_name_source":"NHFR_2024","ownership":"Public","ownership_type":"Local Government","facility_level":"Primary","facility_level_option":"Primary Health Center","latitude":5.717712402,"longitude":6.299316406,"geocoordinates_source":"GRID3_EHEALTH","last_updated":"2024-11-11"}},{"type":"Feature","id":10177,"geometry":{"type":"Point","coordinates":[6.25531005900007,5.99792480500003]},"properties":{"OBJECTID":10177,"globalid":"70fe06e1-bca7-401b-941a-a27a07752ee7","nhfr_uid":57975503,"nhfr_facility_code":"10/12/1/1/2/0017","country":"Nigeria","iso":"NGA","state":"Delta","lga":"Ndokwa West","lga_name_disagreement":0,"ward":"Ndemili","ward_name_disagreement":0,"facility_name":"Oliogo Umuseti Primary Health Care Center","facility_name_source":"NHFR_2024","ownership":"Public","ownership_type":"Local Government","facility_level":"Primary","facility_level_option":"Primary Health Center","latitude":5.997924805,"longitude":6.255310059,"geocoordinates_source":"GRID3_EHEALTH","last_updated":"2024-11-11"}},{"type":"Feature","id":10178,"geometry":{"type":"Point","coordinates":[6.40472412100007,5.63409423800005]},"properties":{"OBJECTID":10178,"globalid":"f6cd0400-b513-48ea-b033-c0282a03da14","nhfr_uid":48216360,"nhfr_facility_code":"10/11/1/1/2/0002","country":"Nigeria","iso":"NGA","state":"Delta","lga":"Ndokwa East","lga_name_disagreement":0,"ward":"Ashaka / Ushie","ward_name_disagreement":0,"facility_name":"Ashaka Primary Health Center","facility_name_source":"NHFR_2024","ownership":"Public","ownership_type":"Local Government","facility_level":"Primary","facility_level_option":"Primary Health Center","latitude":5.634094238,"longitude":6.404724121,"geocoordinates_source":"GRID3_EHEALTH","last_updated":"2024-11-11"}},{"type":"Feature","id":10179,"geometry":{"type":"Point","coordinates":[6.39068603500004,5.63250732400007]},"properties":{"OBJECTID":10179,"globalid":"3b305736-7fb5-45bb-9dca-1d1f701cc66e","nhfr_uid":49158732,"nhfr_facility_code":"10/11/1/2/1/0002","country":"Nigeria","iso":"NGA","state":"Delta","lga":"Ndokwa East","lga_name_disagreement":0,"ward":"Ashaka / Ushie","ward_name_disagreement":0,"facility_name":"Ashaka Government Hospital","facility_name_source":"NHFR_2024","ownership":"Public","ownership_type":"State Government","facility_level":"Secondary","facility_level_option":"General Hospital","latitude":5.632507324,"longitude":6.390686035,"geocoordinates_source":"GRID3_EHEALTH","last_updated":"2024-11-11"}},{"type":"Feature","id":10180,"geometry":{"type":"Point","coordinates":[6.32427978500004,5.51208496100003]},"properties":{"OBJECTID":10180,"globalid":"bad4f0d8-59da-4fa6-8e11-a29a1a1cdf66","nhfr_uid":85025937,"nhfr_facility_code":"10/10/1/2/2/0001","country":"Nigeria","iso":"NGA","state":"Delta","lga":"Isoko South","lga_name_disagreement":1,"ward":"Irri","ward_name_disagreement":1,"facility_name":"Orie Primary Health Center","facility_name_source":"NHFR_2024","ownership":"Public","ownership_type":"Local Government","facility_level":"Primary","facility_level_option":"Primary Health Center","latitude":5.512084961,"longitude":6.324279785,"geocoordinates_source":"GRID3_EHEALTH","last_updated":"2024-11-11"}},{"type":"Feature","id":10181,"geometry":{"type":"Point","coordinates":[6.23950195300006,5.54827880900007]},"properties":{"OBJECTID":10181,"globalid":"b7b99747-2069-46eb-a7bc-20012c38f533","nhfr_uid":78552008,"nhfr_facility_code":"10/09/1/2/1/0004","country":"Nigeria","iso":"NGA","state":"Delta","lga":"Isoko North","lga_name_disagreement":0,"ward":"Ozoro 3","ward_name_disagreement":0,"facility_name":"Ozoro Governmentl Hospital","facility_name_source":"NHFR_2024","ownership":"Public","ownership_type":"State Government","facility_level":"Secondary","facility_level_option":"General Hospital","latitude":5.548278809,"longitude":6.239501953,"geocoordinates_source":"GRID3_EHEALTH","last_updated":"2024-11-11"}},{"type":"Feature","id":10182,"geometry":{"type":"Point","coordinates":[6.32769775400004,5.58868408200004]},"properties":{"OBJECTID":10182,"globalid":"2d538a8a-18d6-4aa6-8e20-4e45a23a8a64","nhfr_uid":32761815,"nhfr_facility_code":"10/09/1/1/1/0014","country":"Nigeria","iso":"NGA","state":"Delta","lga":"Isoko North","lga_name_disagreement":0,"ward":"Ellu","ward_name_disagreement":0,"facility_name":"Ovrode Primary Health Center","facility_name_source":"NHFR_2024","ownership":"Public","ownership_type":"Local Government","facility_level":"Primary","facility_level_option":"Primary Health Center","latitude":5.588684082,"longitude":6.327697754,"geocoordinates_source":"GRID3_EHEALTH","last_updated":"2024-11-11"}},{"type":"Feature","id":10183,"geometry":{"type":"Point","coordinates":[5.89147949200003,5.63287353500004]},"properties":{"OBJECTID":10183,"globalid":"2df16857-1d0a-4cf1-86b4-aa7f56955816","nhfr_uid":16728342,"nhfr_facility_code":"10/13/1/1/1/0007","country":"Nigeria","iso":"NGA","state":"Delta","lga":"Okpe","lga_name_disagreement":0,"ward":"Orerokpe","ward_name_disagreement":0,"facility_name":"Orerokpe General Hospital","facility_name_source":"NHFR_2024","ownership":"Public","ownership_type":"State Government","facility_level":"Secondary","facility_level_option":"General Hospital","latitude":5.632873535,"longitude":5.891479492,"geocoordinates_source":"GRID3_EHEALTH","last_updated":"2024-11-11"}},{"type":"Feature","id":10184,"geometry":{"type":"Point","coordinates":[5.71472168000003,5.66528320300006]},"properties":{"OBJECTID":10184,"globalid":"ba3a1448-0165-48e7-b578-cc13938db41e","nhfr_uid":29999534,"nhfr_facility_code":"10/13/1/1/2/0009","country":"Nigeria","iso":"NGA","state":"Delta","lga":"Okpe","lga_name_disagreement":0,"ward":"Okwabude","ward_name_disagreement":1,"facility_name":"Mereje Government Hospital","facility_name_source":"NHFR_2024","ownership":"Public","ownership_type":"State Government","facility_level":"Secondary","facility_level_option":"Primary Health Center","latitude":5.665283203,"longitude":5.71472168,"geocoordinates_source":"GRID3_EHEALTH","last_updated":"2024-11-11"}},{"type":"Feature","id":10185,"geometry":{"type":"Point","coordinates":[6.42407226600005,5.68548584000007]},"properties":{"OBJECTID":10185,"globalid":"21c78377-9913-4b39-900f-23fdab0c68ba","nhfr_uid":69300930,"nhfr_facility_code":"10/12/1/1/1/0002","country":"Nigeria","iso":"NGA","state":"Delta","lga":"Ndokwa West","lga_name_disagreement":0,"ward":"Kwale","ward_name_disagreement":1,"facility_name":"Brema Hospital","facility_name_source":"NHFR_2024","ownership":"Private","ownership_type":"For Profit","facility_level":"Primary","facility_level_option":"Primary Health Center","latitude":5.68548584,"longitude":6.424072266,"geocoordinates_source":"GRID3_EHEALTH","last_updated":"2024-11-11"}},{"type":"Feature","id":10186,"geometry":{"type":"Point","coordinates":[6.69732666000004,5.97131347700002]},"properties":{"OBJECTID":10186,"globalid":"6eabccdb-e2d8-41b0-8969-87b68575d5c9","nhfr_uid":46923947,"nhfr_facility_code":"10/11/1/1/1/0004","country":"Nigeria","iso":"NGA","state":"Delta","lga":"Ndokwa East","lga_name_disagreement":0,"ward":"Onuaboh / Inyi / Aballa","ward_name_disagreement":0,"facility_name":"Aballa Oshimili Primary Health Center","facility_name_source":"NHFR_2024","ownership":"Public","ownership_type":"Unknown","facility_level":"Primary","facility_level_option":"Primary Health Center","latitude":5.971313477,"longitude":6.69732666,"geocoordinates_source":"GRID3_EHEALTH","last_updated":"2024-11-11"}},{"type":"Feature","id":10187,"geometry":{"type":"Point","coordinates":[6.19970703100006,5.59307861300005]},"properties":{"OBJECTID":10187,"globalid":"60b49bb1-6f77-44de-abff-17f8e110a31f","nhfr_uid":15294512,"nhfr_facility_code":"10/09/1/1/1/0015","country":"Nigeria","iso":"NGA","state":"Delta","lga":"Isoko North","lga_name_disagreement":0,"ward":"Owhe 1","ward_name_disagreement":0,"facility_name":"Owhelogbo Primary Health Center","facility_name_source":"NHFR_2024","ownership":"Public","ownership_type":"Local Government","facility_level":"Primary","facility_level_option":"Primary Health Center","latitude":5.593078613,"longitude":6.199707031,"geocoordinates_source":"GRID3_EHEALTH","last_updated":"2024-11-11"}},{"type":"Feature","id":10188,"geometry":{"type":"Point","coordinates":[6.34729003900003,6.11169433600003]},"properties":{"OBJECTID":10188,"globalid":"c5b92b53-efa8-4521-abc9-bee8d49befb1","nhfr_uid":63220620,"nhfr_facility_code":"10/02/1/1/1/0004","country":"Nigeria","iso":"NGA","state":"Delta","lga":"Aniocha South","lga_name_disagreement":0,"ward":"Ejeme/Igbudu","ward_name_disagreement":0,"facility_name":"Egbudu Akah Primary Health Center","facility_name_source":"NHFR_2024","ownership":"Public","ownership_type":"Local Government","facility_level":"Primary","facility_level_option":"Primary Health Center","latitude":6.111694336,"longitude":6.347290039,"geocoordinates_source":"GRID3_EHEALTH","last_updated":"2024-11-11"}},{"type":"Feature","id":10189,"geometry":{"type":"Point","coordinates":[6.33508300800003,5.94952392600004]},"properties":{"OBJECTID":10189,"globalid":"a2d290b9-4495-422c-874c-93832f089e3f","nhfr_uid":15159325,"nhfr_facility_code":"10/12/1/1/2/0007","country":"Nigeria","iso":"NGA","state":"Delta","lga":"Ndokwa West","lga_name_disagreement":0,"ward":"Ndemili","ward_name_disagreement":0,"facility_name":"Farm Settlement Primary Health Care Center","facility_name_source":"NHFR_2024","ownership":"Public","ownership_type":"Local Government","facility_level":"Primary","facility_level_option":"Primary Health Center","latitude":5.949523926,"longitude":6.335083008,"geocoordinates_source":"GRID3_EHEALTH","last_updated":"2024-11-11"}},{"type":"Feature","id":10190,"geometry":{"type":"Point","coordinates":[6.35192871100003,5.54852294900007]},"properties":{"OBJECTID":10190,"globalid":"06f25c9d-60ff-43cf-8ed7-a8e607199dbe","nhfr_uid":48681197,"nhfr_facility_code":"10/09/1/2/1/0003","country":"Nigeria","iso":"NGA","state":"Delta","lga":"Isoko North","lga_name_disagreement":0,"ward":"Ofagbe","ward_name_disagreement":0,"facility_name":"Ofagbe Government Hospital","facility_name_source":"NHFR_2024","ownership":"Public","ownership_type":"State Government","facility_level":"Secondary","facility_level_option":"Primary Health Center","latitude":5.548522949,"longitude":6.351928711,"geocoordinates_source":"GRID3_EHEALTH","last_updated":"2024-11-11"}},{"type":"Feature","id":10191,"geometry":{"type":"Point","coordinates":[6.49047851600005,5.93048095700004]},"properties":{"OBJECTID":10191,"globalid":"719d0e32-2e25-4a6d-8e30-fb4e7c906ff0","nhfr_uid":40843457,"nhfr_facility_code":"10/11/1/1/1/0031","country":"Nigeria","iso":"NGA","state":"Delta","lga":"Ndokwa East","lga_name_disagreement":0,"ward":"Ossissa","ward_name_disagreement":0,"facility_name":"Ossissa Umuoshimili Primary Health Center","facility_name_source":"NHFR_2024","ownership":"Public","ownership_type":"Local Government","facility_level":"Primary","facility_level_option":"Primary Health Center","latitude":5.930480957,"longitude":6.490478516,"geocoordinates_source":"GRID3_EHEALTH","last_updated":"2024-11-11"}},{"type":"Feature","id":10192,"geometry":{"type":"Point","coordinates":[6.44207763700007,5.70471191400003]},"properties":{"OBJECTID":10192,"globalid":"1aaaa08c-afad-4973-9965-efa5150f1f9c","nhfr_uid":24263905,"nhfr_facility_code":"10/12/1/1/1/0006","country":"Nigeria","iso":"NGA","state":"Delta","lga":"Ndokwa West","lga_name_disagreement":0,"ward":"Kwale","ward_name_disagreement":1,"facility_name":"Urban Primary Health Care Center","facility_name_source":"NHFR_2024","ownership":"Public","ownership_type":"Local Government","facility_level":"Primary","facility_level_option":"Primary Health Center","latitude":5.704711914,"longitude":6.442077637,"geocoordinates_source":"GRID3_EHEALTH","last_updated":"2024-11-11"}},{"type":"Feature","id":10193,"geometry":{"type":"Point","coordinates":[6.58892822300004,5.85491943400007]},"properties":{"OBJECTID":10193,"globalid":"190c209b-3de7-4842-a263-ecb563fba2c5","nhfr_uid":31960046,"nhfr_facility_code":"10/11/1/1/2/0003","country":"Nigeria","iso":"NGA","state":"Delta","lga":"Ndokwa East","lga_name_disagreement":0,"ward":"Onuaboh / Inyi / Aballa","ward_name_disagreement":0,"facility_name":"Invi Primary Health Center","facility_name_source":"NHFR_2024","ownership":"Private","ownership_type":"Unknown","facility_level":"Primary","facility_level_option":"Primary Health Center","latitude":5.854919434,"longitude":6.588928223,"geocoordinates_source":"GRID3_EHEALTH","last_updated":"2024-11-11"}},{"type":"Feature","id":10194,"geometry":{"type":"Point","coordinates":[6.47247314500004,5.84191894500003]},"properties":{"OBJECTID":10194,"globalid":"edc8a01f-cb99-4c03-ac57-e891d82488fd","nhfr_uid":65037595,"nhfr_facility_code":"10/11/1/1/1/0019","country":"Nigeria","iso":"NGA","state":"Delta","lga":"Ndokwa East","lga_name_disagreement":0,"ward":"Afor/Obikwele","ward_name_disagreement":0,"facility_name":"Iselegu Primary Health Center","facility_name_source":"NHFR_2024","ownership":"Public","ownership_type":"Local Government","facility_level":"Primary","facility_level_option":"Primary Health Center","latitude":5.841918945,"longitude":6.472473145,"geocoordinates_source":"GRID3_EHEALTH","last_updated":"2024-11-11"}},{"type":"Feature","id":10195,"geometry":{"type":"Point","coordinates":[6.53088378900003,6.03131103500004]},"properties":{"OBJECTID":10195,"globalid":"e09e5685-7beb-4031-b054-4b380b252530","nhfr_uid":62891304,"nhfr_facility_code":"10/02/1/1/2/0005","country":"Nigeria","iso":"NGA","state":"Delta","lga":"Aniocha South","lga_name_disagreement":0,"ward":"Ewulu/Ishagu","ward_name_disagreement":0,"facility_name":"Isheagu Government Hospital","facility_name_source":"NHFR_2024","ownership":"Public","ownership_type":"State Government","facility_level":"Primary","facility_level_option":"Primary Health Center","latitude":6.031311035,"longitude":6.530883789,"geocoordinates_source":"GRID3_EHEALTH","last_updated":"2024-11-11"}},{"type":"Feature","id":10196,"geometry":{"type":"Point","coordinates":[6.47528076200007,6.02069091800007]},"properties":{"OBJECTID":10196,"globalid":"d25e8f2a-a13e-4399-b2b8-508b2bb2e36f","nhfr_uid":38492849,"nhfr_facility_code":"10/02/1/1/1/0016","country":"Nigeria","iso":"NGA","state":"Delta","lga":"Aniocha South","lga_name_disagreement":0,"ward":"Adonte","ward_name_disagreement":0,"facility_name":"Umute Primary Health Center","facility_name_source":"NHFR_2024","ownership":"Public","ownership_type":"Local Government","facility_level":"Primary","facility_level_option":"Primary Health Center","latitude":6.020690918,"longitude":6.475280762,"geocoordinates_source":"GRID3_EHEALTH","last_updated":"2024-11-11"}},{"type":"Feature","id":10197,"geometry":{"type":"Point","coordinates":[6.63787841800007,5.76849365200007]},"properties":{"OBJECTID":10197,"globalid":"a12d5876-36db-4b80-967e-4850e848385e","nhfr_uid":47516581,"nhfr_facility_code":"10/11/1/1/1/0022","country":"Nigeria","iso":"NGA","state":"Delta","lga":"Ndokwa East","lga_name_disagreement":0,"ward":"Beneku/Utchi/Okpai","ward_name_disagreement":0,"facility_name":"Okpai Anieze Primary Health Care Center","facility_name_source":"NHFR_2024","ownership":"Public","ownership_type":"Local Government","facility_level":"Primary","facility_level_option":"Primary Health Center","latitude":5.768493652,"longitude":6.637878418,"geocoordinates_source":"GRID3_EHEALTH","last_updated":"2024-11-11"}},{"type":"Feature","id":10198,"geometry":{"type":"Point","coordinates":[6.70532226600005,6.00567627000004]},"properties":{"OBJECTID":10198,"globalid":"255b5158-3b7c-48b5-a4db-eb401133b5ca","nhfr_uid":55053468,"nhfr_facility_code":"10/15/1/1/1/0010","country":"Nigeria","iso":"NGA","state":"Delta","lga":"Oshimili South","lga_name_disagreement":0,"ward":"Oko Ogbele","ward_name_disagreement":0,"facility_name":"Oko Ogbele Primary Health Center","facility_name_source":"NHFR_2024","ownership":"Public","ownership_type":"Unknown","facility_level":"Primary","facility_level_option":"Primary Health Center","latitude":6.00567627,"longitude":6.705322266,"geocoordinates_source":"GRID3_EHEALTH","last_updated":"2024-11-11"}},{"type":"Feature","id":10199,"geometry":{"type":"Point","coordinates":[6.44787597700002,6.22729492200006]},"properties":{"OBJECTID":10199,"globalid":"90149ed2-d444-48ef-9e45-a354c7f243d6","nhfr_uid":15064393,"nhfr_facility_code":"10/02/1/1/1/0013","country":"Nigeria","iso":"NGA","state":"Delta","lga":"Aniocha South","lga_name_disagreement":0,"ward":"Ubulu-Uku 2","ward_name_disagreement":1,"facility_name":"Ubulu Uku Primary Health Center","facility_name_source":"NHFR_2024","ownership":"Public","ownership_type":"Local Government","facility_level":"Primary","facility_level_option":"Primary Health Center","latitude":6.227294922,"longitude":6.447875977,"geocoordinates_source":"GRID3_EHEALTH","last_updated":"2024-11-11"}},{"type":"Feature","id":10200,"geometry":{"type":"Point","coordinates":[6.70227050800003,6.25671386700003]},"properties":{"OBJECTID":10200,"globalid":"0a63cdc5-bdb1-4e7e-b9e6-e069f91ce5ca","nhfr_uid":66785158,"nhfr_facility_code":"10/15/1/1/1/0012","country":"Nigeria","iso":"NGA","state":"Delta","lga":"Oshimili South","lga_name_disagreement":1,"ward":"West End","ward_name_disagreement":1,"facility_name":"Anwai Primary Health Center","facility_name_source":"NHFR_2024","ownership":"Public","ownership_type":"Local Government","facility_level":"Primary","facility_level_option":"Primary Health Center","latitude":6.256713867,"longitude":6.702270508,"geocoordinates_source":"GRID3_EHEALTH","last_updated":"2024-11-11"}},{"type":"Feature","id":10201,"geometry":{"type":"Point","coordinates":[6.71008300800003,6.09692382800006]},"properties":{"OBJECTID":10201,"globalid":"1b640c16-2576-4806-9dfb-0ac1a326fa9d","nhfr_uid":56454824,"nhfr_facility_code":"10/15/1/1/1/0009","country":"Nigeria","iso":"NGA","state":"Delta","lga":"Oshimili South","lga_name_disagreement":0,"ward":"Oko-Amakom","ward_name_disagreement":0,"facility_name":"Oko Anala Primary Health Center","facility_name_source":"NHFR_2024","ownership":"Public","ownership_type":"Local Government","facility_level":"Primary","facility_level_option":"Primary Health Center","latitude":6.096923828,"longitude":6.710083008,"geocoordinates_source":"GRID3_EHEALTH","last_updated":"2024-11-11"}},{"type":"Feature","id":10202,"geometry":{"type":"Point","coordinates":[6.61529541000004,6.17211914100005]},"properties":{"OBJECTID":10202,"globalid":"f52d37f9-04ab-40dc-a0ec-844d8ca61cdd","nhfr_uid":83936187,"nhfr_facility_code":"10/14/1/2/1/0001","country":"Nigeria","iso":"NGA","state":"Delta","lga":"Oshimili North","lga_name_disagreement":0,"ward":"Ogbeowele","ward_name_disagreement":1,"facility_name":"Government Ibusa Hospital","facility_name_source":"NHFR_2024","ownership":"Public","ownership_type":"Local Government","facility_level":"Secondary","facility_level_option":"Primary Health Center","latitude":6.172119141,"longitude":6.61529541,"geocoordinates_source":"GRID3_EHEALTH","last_updated":"2024-11-11"}},{"type":"Feature","id":10203,"geometry":{"type":"Point","coordinates":[6.73211669900007,6.18267822300004]},"properties":{"OBJECTID":10203,"globalid":"44c7ba09-d720-46d4-ad34-7edb37284b8a","nhfr_uid":82367060,"nhfr_facility_code":"10/15/1/1/2/0008","country":"Nigeria","iso":"NGA","state":"Delta","lga":"Oshimili South","lga_name_disagreement":0,"ward":"West End","ward_name_disagreement":1,"facility_name":"Comfort Consult Clinic","facility_name_source":"NHFR_2024","ownership":"Private","ownership_type":"Unknown","facility_level":"Primary","facility_level_option":"Primary Health Center","latitude":6.182678223,"longitude":6.732116699,"geocoordinates_source":"GRID3_EHEALTH","last_updated":"2024-11-11"}},{"type":"Feature","id":10204,"geometry":{"type":"Point","coordinates":[6.74090576200007,6.16888427700007]},"properties":{"OBJECTID":10204,"globalid":"f8036573-a2e4-4ecc-b61c-fb0c9d8b36b5","nhfr_uid":71362033,"nhfr_facility_code":"10/15/1/1/2/0001","country":"Nigeria","iso":"NGA","state":"Delta","lga":"Oshimili South","lga_name_disagreement":0,"ward":"Okwe","ward_name_disagreement":0,"facility_name":"Divine Care Clinic","facility_name_source":"NHFR_2024","ownership":"Private","ownership_type":"For Profit","facility_level":"Primary","facility_level_option":"Primary Health Clinic","latitude":6.168884277,"longitude":6.740905762,"geocoordinates_source":"GRID3_EHEALTH","last_updated":"2024-11-11"}},{"type":"Feature","id":10205,"geometry":{"type":"Point","coordinates":[6.72552490200007,6.20550537100007]},"properties":{"OBJECTID":10205,"globalid":"ffce1ac5-ec56-4b00-a498-2f57f3807282","nhfr_uid":38060764,"nhfr_facility_code":"10/15/1/1/1/0015","country":"Nigeria","iso":"NGA","state":"Delta","lga":"Oshimili South","lga_name_disagreement":0,"ward":"Umuagu","ward_name_disagreement":1,"facility_name":"Up Christ Medical Center","facility_name_source":"NHFR_2024","ownership":"Private","ownership_type":"For Profit","facility_level":"Secondary","facility_level_option":"Unknown","latitude":6.205505371,"longitude":6.725524902,"geocoordinates_source":"GRID3_EHEALTH","last_updated":"2024-11-11"}},{"type":"Feature","id":10206,"geometry":{"type":"Point","coordinates":[6.74090576200007,6.13049316400003]},"properties":{"OBJECTID":10206,"globalid":"49b7ff09-475e-4116-8804-7c2738bda159","nhfr_uid":35120479,"nhfr_facility_code":"10/15/1/1/1/0008","country":"Nigeria","iso":"NGA","state":"Delta","lga":"Oshimili South","lga_name_disagreement":0,"ward":"Oko-Amakom","ward_name_disagreement":1,"facility_name":"Oko Amakon Primary Health Center","facility_name_source":"NHFR_2024","ownership":"Public","ownership_type":"Local Government","facility_level":"Primary","facility_level_option":"Primary Health Center","latitude":6.130493164,"longitude":6.740905762,"geocoordinates_source":"GRID3_EHEALTH","last_updated":"2024-11-11"}},{"type":"Feature","id":10207,"geometry":{"type":"Point","coordinates":[6.68469238300003,6.21911621100003]},"properties":{"OBJECTID":10207,"globalid":"ede046ca-1059-41f1-9e50-56b449b6d7d0","nhfr_uid":45881459,"nhfr_facility_code":"10/14/1/2/1/0011","country":"Nigeria","iso":"NGA","state":"Delta","lga":"Oshimili North","lga_name_disagreement":0,"ward":"Okpanam / Ugbolu","ward_name_disagreement":0,"facility_name":"Asaba Hospital Specialist","facility_name_source":"NHFR_2024","ownership":"Public","ownership_type":"State Government","facility_level":"Secondary","facility_level_option":"Unknown","latitude":6.219116211,"longitude":6.684692383,"geocoordinates_source":"GRID3_EHEALTH","last_updated":"2024-11-11"}},{"type":"Feature","id":10208,"geometry":{"type":"Point","coordinates":[6.60827636700003,6.48229980500003]},"properties":{"OBJECTID":10208,"globalid":"80d30a24-8c6e-4cf5-9c0a-3346c74226e2","nhfr_uid":23320708,"nhfr_facility_code":"10/14/1/1/1/0004","country":"Nigeria","iso":"NGA","state":"Delta","lga":"Oshimili North","lga_name_disagreement":0,"ward":"Ebu","ward_name_disagreement":0,"facility_name":"Ebu Primary Health Center","facility_name_source":"NHFR_2024","ownership":"Public","ownership_type":"Local Government","facility_level":"Primary","facility_level_option":"Primary Health Center","latitude":6.482299805,"longitude":6.608276367,"geocoordinates_source":"GRID3_EHEALTH","last_updated":"2024-11-11"}},{"type":"Feature","id":10209,"geometry":{"type":"Point","coordinates":[6.57409668000003,6.33990478500004]},"properties":{"OBJECTID":10209,"globalid":"0ddc05f3-adec-4c9f-86f0-56abbd12cfa5","nhfr_uid":13923255,"nhfr_facility_code":"10/14/1/1/1/0003","country":"Nigeria","iso":"NGA","state":"Delta","lga":"Oshimili North","lga_name_disagreement":0,"ward":"Akwukwu/Atuma","ward_name_disagreement":0,"facility_name":"Atuma Primary Health Center","facility_name_source":"NHFR_2024","ownership":"Public","ownership_type":"Local Government","facility_level":"Primary","facility_level_option":"Primary Health Center","latitude":6.339904785,"longitude":6.57409668,"geocoordinates_source":"GRID3_EHEALTH","last_updated":"2024-11-11"}},{"type":"Feature","id":10210,"geometry":{"type":"Point","coordinates":[6.62908935500008,6.46850585900006]},"properties":{"OBJECTID":10210,"globalid":"6523e887-ca08-43f7-b46d-8265f613e41e","nhfr_uid":12931274,"nhfr_facility_code":"10/14/1/1/2/0001","country":"Nigeria","iso":"NGA","state":"Delta","lga":"Oshimili North","lga_name_disagreement":0,"ward":"Ebu","ward_name_disagreement":0,"facility_name":"Ebu Government Hospital","facility_name_source":"NHFR_2024","ownership":"Public","ownership_type":"State Government","facility_level":"Secondary","facility_level_option":"Primary Health Center","latitude":6.468505859,"longitude":6.629089355,"geocoordinates_source":"GRID3_EHEALTH","last_updated":"2024-11-11"}},{"type":"Feature","id":10211,"geometry":{"type":"Point","coordinates":[6.64270019500003,6.23370361300005]},"properties":{"OBJECTID":10211,"globalid":"9068a7ae-f84c-47d2-9d5b-39ad72232dba","nhfr_uid":33722603,"nhfr_facility_code":"10/14/1/1/1/0010","country":"Nigeria","iso":"NGA","state":"Delta","lga":"Oshimili North","lga_name_disagreement":0,"ward":"Okpanam / Ugbolu","ward_name_disagreement":0,"facility_name":"Okpanam Primary Health Center","facility_name_source":"NHFR_2024","ownership":"Public","ownership_type":"Local Government","facility_level":"Primary","facility_level_option":"Primary Health Center","latitude":6.233703613,"longitude":6.642700195,"geocoordinates_source":"GRID3_EHEALTH","last_updated":"2024-11-11"}},{"type":"Feature","id":10212,"geometry":{"type":"Point","coordinates":[6.51831054700006,6.30090332000003]},"properties":{"OBJECTID":10212,"globalid":"a23d89fa-f601-4752-b116-04bdb92dc9b3","nhfr_uid":26918282,"nhfr_facility_code":"10/02/1/1/1/0012","country":"Nigeria","iso":"NGA","state":"Delta","lga":"Aniocha South","lga_name_disagreement":0,"ward":"Ubulu-Okiti","ward_name_disagreement":0,"facility_name":"Ubulu Okiti Primary Health Center","facility_name_source":"NHFR_2024","ownership":"Public","ownership_type":"Local Government","facility_level":"Primary","facility_level_option":"Primary Health Center","latitude":6.30090332,"longitude":6.518310547,"geocoordinates_source":"GRID3_EHEALTH","last_updated":"2024-11-11"}},{"type":"Feature","id":10213,"geometry":{"type":"Point","coordinates":[6.59692382800006,6.24310302700007]},"properties":{"OBJECTID":10213,"globalid":"4336eb5c-c505-42dc-842b-902c9c4c7757","nhfr_uid":61674802,"nhfr_facility_code":"10/02/1/1/2/0002","country":"Nigeria","iso":"NGA","state":"Delta","lga":"Aniocha South","lga_name_disagreement":0,"ward":"Otulu","ward_name_disagreement":0,"facility_name":"Azagba (Aniocha South) Primary Health Center","facility_name_source":"NHFR_2024","ownership":"Public","ownership_type":"Local Government","facility_level":"Primary","facility_level_option":"Primary Health Center","latitude":6.243103027,"longitude":6.596923828,"geocoordinates_source":"GRID3_EHEALTH","last_updated":"2024-11-11"}},{"type":"Feature","id":10214,"geometry":{"type":"Point","coordinates":[6.48791503900003,6.31488037100007]},"properties":{"OBJECTID":10214,"globalid":"c6a712c2-a707-4604-8728-72c414dd7b57","nhfr_uid":76023168,"nhfr_facility_code":"10/01/1/1/1/0007","country":"Nigeria","iso":"NGA","state":"Delta","lga":"Aniocha North","lga_name_disagreement":0,"ward":"Issele-Uku 1","ward_name_disagreement":1,"facility_name":"Glory To God Medical Clinic","facility_name_source":"NHFR_2024","ownership":"Private","ownership_type":"For Profit","facility_level":"Secondary","facility_level_option":"Primary Health Center","latitude":6.314880371,"longitude":6.487915039,"geocoordinates_source":"GRID3_EHEALTH","last_updated":"2024-11-11"}},{"type":"Feature","id":10215,"geometry":{"type":"Point","coordinates":[6.48071289100005,6.33428955100004]},"properties":{"OBJECTID":10215,"globalid":"6761f09f-8b89-4051-801a-3e3419ffb57d","nhfr_uid":36791215,"nhfr_facility_code":"10/01/1/2/1/0001","country":"Nigeria","iso":"NGA","state":"Delta","lga":"Aniocha North","lga_name_disagreement":0,"ward":"Issele-Uku 1","ward_name_disagreement":1,"facility_name":"Issele Uku General Hospital","facility_name_source":"NHFR_2024","ownership":"Public","ownership_type":"State Government","facility_level":"Secondary","facility_level_option":"General Hospital","latitude":6.334289551,"longitude":6.480712891,"geocoordinates_source":"GRID3_EHEALTH","last_updated":"2024-11-11"}},{"type":"Feature","id":10216,"geometry":{"type":"Point","coordinates":[6.47351074200003,6.31872558600003]},"properties":{"OBJECTID":10216,"globalid":"1cc24624-4b60-446d-aefe-8c89cf4ca3bd","nhfr_uid":61502738,"nhfr_facility_code":"10/01/1/1/1/0009","country":"Nigeria","iso":"NGA","state":"Delta","lga":"Aniocha North","lga_name_disagreement":0,"ward":"Issele-Uku 2","ward_name_disagreement":0,"facility_name":"Issele Uku Goodnews Clinic","facility_name_source":"NHFR_2024","ownership":"Private","ownership_type":"For Profit","facility_level":"Secondary","facility_level_option":"Primary Health Center","latitude":6.318725586,"longitude":6.473510742,"geocoordinates_source":"GRID3_EHEALTH","last_updated":"2024-11-11"}},{"type":"Feature","id":10217,"geometry":{"type":"Point","coordinates":[6.50128173800005,6.45227050800003]},"properties":{"OBJECTID":10217,"globalid":"04c54fa2-1046-45b3-9b5f-72f5e488679e","nhfr_uid":12969707,"nhfr_facility_code":"10/01/1/1/2/0008","country":"Nigeria","iso":"NGA","state":"Delta","lga":"Aniocha North","lga_name_disagreement":0,"ward":"Ugbodu","ward_name_disagreement":1,"facility_name":"Ubulubu Primary Health Center","facility_name_source":"NHFR_2024","ownership":"Public","ownership_type":"Local Government","facility_level":"Primary","facility_level_option":"Primary Health Center","latitude":6.452270508,"longitude":6.501281738,"geocoordinates_source":"GRID3_EHEALTH","last_updated":"2024-11-11"}},{"type":"Feature","id":10218,"geometry":{"type":"Point","coordinates":[6.46270752000004,6.38067627000004]},"properties":{"OBJECTID":10218,"globalid":"4e5c6050-d8dc-41a3-ae95-6b8270e48bc7","nhfr_uid":36036617,"nhfr_facility_code":"10/01/1/2/1/0007","country":"Nigeria","iso":"NGA","state":"Delta","lga":"Aniocha North","lga_name_disagreement":0,"ward":"Ugbodu","ward_name_disagreement":0,"facility_name":"Ugbodu Primary Health Center","facility_name_source":"NHFR_2024","ownership":"Public","ownership_type":"Local Government","facility_level":"Primary","facility_level_option":"Primary Health Center","latitude":6.38067627,"longitude":6.46270752,"geocoordinates_source":"GRID3_EHEALTH","last_updated":"2024-11-11"}},{"type":"Feature","id":10219,"geometry":{"type":"Point","coordinates":[6.47552490200007,6.22430419900007]},"properties":{"OBJECTID":10219,"globalid":"ce163623-4e2c-4ade-9d96-54c74ba10faf","nhfr_uid":26083887,"nhfr_facility_code":"10/02/1/1/1/0011","country":"Nigeria","iso":"NGA","state":"Delta","lga":"Aniocha South","lga_name_disagreement":0,"ward":"Ubulu-Uku 1","ward_name_disagreement":0,"facility_name":"Ubulu Uku General Hospital","facility_name_source":"NHFR_2024","ownership":"Public","ownership_type":"Local Government","facility_level":"Primary","facility_level_option":"Primary Health Center","latitude":6.224304199,"longitude":6.475524902,"geocoordinates_source":"GRID3_EHEALTH","last_updated":"2024-11-11"}},{"type":"Feature","id":10220,"geometry":{"type":"Point","coordinates":[6.59167480500003,6.09887695300006]},"properties":{"OBJECTID":10220,"globalid":"c99a3c8f-23ff-466e-b2e7-3ece3cd7e36a","nhfr_uid":24777558,"nhfr_facility_code":"10/02/1/1/1/0010","country":"Nigeria","iso":"NGA","state":"Delta","lga":"Aniocha South","lga_name_disagreement":0,"ward":"Ewulu/Ishagu","ward_name_disagreement":1,"facility_name":"Olodu Primary Health Center","facility_name_source":"NHFR_2024","ownership":"Public","ownership_type":"Local Government","facility_level":"Primary","facility_level_option":"Primary Health Center","latitude":6.098876953,"longitude":6.591674805,"geocoordinates_source":"GRID3_EHEALTH","last_updated":"2024-11-11"}},{"type":"Feature","id":10221,"geometry":{"type":"Point","coordinates":[6.68048095700004,6.15411377000004]},"properties":{"OBJECTID":10221,"globalid":"17017a7d-1e59-456d-b888-4887b022ac80","nhfr_uid":79054589,"nhfr_facility_code":"10/14/1/1/1/0001","country":"Nigeria","iso":"NGA","state":"Delta","lga":"Oshimili North","lga_name_disagreement":0,"ward":"Achala/Ezukwu/Ogboli","ward_name_disagreement":1,"facility_name":"Achala Ibusa Primary Health Center","facility_name_source":"NHFR_2024","ownership":"Public","ownership_type":"Local Government","facility_level":"Primary","facility_level_option":"Primary Health Center","latitude":6.15411377,"longitude":6.680480957,"geocoordinates_source":"GRID3_EHEALTH","last_updated":"2024-11-11"}},{"type":"Feature","id":10222,"geometry":{"type":"Point","coordinates":[6.59631347700002,6.26947021500007]},"properties":{"OBJECTID":10222,"globalid":"0f11721b-173d-4200-bfdf-e57b2058b5e4","nhfr_uid":78606439,"nhfr_facility_code":"10/01/1/1/1/0008","country":"Nigeria","iso":"NGA","state":"Delta","lga":"Aniocha North","lga_name_disagreement":1,"ward":"Issele-Nkpitime","ward_name_disagreement":1,"facility_name":"Issele Azagba Primary Health Care Center","facility_name_source":"NHFR_2024","ownership":"Public","ownership_type":"Local Government","facility_level":"Primary","facility_level_option":"Primary Health Center","latitude":6.269470215,"longitude":6.596313477,"geocoordinates_source":"GRID3_EHEALTH","last_updated":"2024-11-11"}},{"type":"Feature","id":10223,"geometry":{"type":"Point","coordinates":[6.69848632800006,6.22869873000008]},"properties":{"OBJECTID":10223,"globalid":"d0327dfb-6331-414b-abae-8e87907d7aa2","nhfr_uid":49741880,"nhfr_facility_code":"10/15/1/1/2/0005","country":"Nigeria","iso":"NGA","state":"Delta","lga":"Oshimili South","lga_name_disagreement":0,"ward":"West End","ward_name_disagreement":0,"facility_name":"Asaba Government House Clinic","facility_name_source":"NHFR_2024","ownership":"Public","ownership_type":"State Government","facility_level":"Primary","facility_level_option":"Primary Health Center","latitude":6.22869873,"longitude":6.698486328,"geocoordinates_source":"GRID3_EHEALTH","last_updated":"2024-11-11"}},{"type":"Feature","id":10224,"geometry":{"type":"Point","coordinates":[6.46508789100005,6.19207763700007]},"properties":{"OBJECTID":10224,"globalid":"2477d35c-023f-4d48-a5c8-8e3425d29ca9","nhfr_uid":34532824,"nhfr_facility_code":"10/02/1/1/1/0014","country":"Nigeria","iso":"NGA","state":"Delta","lga":"Aniocha South","lga_name_disagreement":0,"ward":"Ubulu-Unor","ward_name_disagreement":1,"facility_name":"Ubulu Unor Primary Health Center","facility_name_source":"NHFR_2024","ownership":"Public","ownership_type":"Local Government","facility_level":"Primary","facility_level_option":"Primary Health Center","latitude":6.192077637,"longitude":6.465087891,"geocoordinates_source":"GRID3_EHEALTH","last_updated":"2024-11-11"}},{"type":"Feature","id":10225,"geometry":{"type":"Point","coordinates":[6.70568847700002,6.22210693400007]},"properties":{"OBJECTID":10225,"globalid":"556bf8d9-b95a-4c75-9721-53fe4b00916d","nhfr_uid":32893879,"nhfr_facility_code":"10/15/1/1/2/0019","country":"Nigeria","iso":"NGA","state":"Delta","lga":"Oshimili South","lga_name_disagreement":0,"ward":"Ugbomanta","ward_name_disagreement":1,"facility_name":"Temple Clinic","facility_name_source":"NHFR_2024","ownership":"Private","ownership_type":"Unknown","facility_level":"Primary","facility_level_option":"Primary Health Center","latitude":6.222106934,"longitude":6.705688477,"geocoordinates_source":"GRID3_EHEALTH","last_updated":"2024-11-11"}},{"type":"Feature","id":10226,"geometry":{"type":"Point","coordinates":[6.59332275400004,6.35888671900005]},"properties":{"OBJECTID":10226,"globalid":"e670b3ff-35d2-48aa-99e1-b693ffd81655","nhfr_uid":65091363,"nhfr_facility_code":"10/14/1/2/2/0001","country":"Nigeria","iso":"NGA","state":"Delta","lga":"Oshimili North","lga_name_disagreement":0,"ward":"Akwukwu/Atuma","ward_name_disagreement":0,"facility_name":"Government Akwukwu Igbo Hospital","facility_name_source":"NHFR_2024","ownership":"Private","ownership_type":"Unknown","facility_level":"Secondary","facility_level_option":"General Hospital","latitude":6.358886719,"longitude":6.593322754,"geocoordinates_source":"GRID3_EHEALTH","last_updated":"2024-11-11"}},{"type":"Feature","id":10228,"geometry":{"type":"Point","coordinates":[6.06530761700003,5.14312744100005]},"properties":{"OBJECTID":10228,"globalid":"bb29516e-0bb1-4698-934e-3996f21d1d7a","nhfr_uid":27642327,"nhfr_facility_code":"10/16/1/1/2/0005","country":"Nigeria","iso":"NGA","state":"Delta","lga":"Patani","lga_name_disagreement":0,"ward":"Uduophori","ward_name_disagreement":0,"facility_name":"Uduophori Primary Health Center","facility_name_source":"NHFR_2024","ownership":"Public","ownership_type":"Local Government","facility_level":"Primary","facility_level_option":"Primary Health Center","latitude":5.143127441,"longitude":6.065307617,"geocoordinates_source":"GRID3_EHEALTH","last_updated":"2024-11-11"}},{"type":"Feature","id":10229,"geometry":{"type":"Point","coordinates":[6.41052246100003,5.61291503900003]},"properties":{"OBJECTID":10229,"globalid":"f743f880-185d-43e1-abe3-e8a45443d00a","nhfr_uid":61416994,"nhfr_facility_code":"10/11/1/1/1/0018","country":"Nigeria","iso":"NGA","state":"Delta","lga":"Ndokwa East","lga_name_disagreement":0,"ward":"Ibrede/Igbuku","ward_name_disagreement":1,"facility_name":"Igbuku Primary Health Care Center","facility_name_source":"NHFR_2024","ownership":"Public","ownership_type":"Local Government","facility_level":"Primary","facility_level_option":"Primary Health Center","latitude":5.612915039,"longitude":6.410522461,"geocoordinates_source":"GRID3_EHEALTH","last_updated":"2024-11-11"}},{"type":"Feature","id":10230,"geometry":{"type":"Point","coordinates":[6.46307373000008,5.68670654300007]},"properties":{"OBJECTID":10230,"globalid":"5bd55f9e-3109-4538-86d8-fe4c93326a5b","nhfr_uid":24502935,"nhfr_facility_code":"10/11/1/1/1/0013","country":"Nigeria","iso":"NGA","state":"Delta","lga":"Ndokwa East","lga_name_disagreement":0,"ward":"Beneku/Utchi/Okpai","ward_name_disagreement":0,"facility_name":"Beneku Primary Health Care Center","facility_name_source":"NHFR_2024","ownership":"Public","ownership_type":"Local Government","facility_level":"Primary","facility_level_option":"Primary Health Center","latitude":5.686706543,"longitude":6.46307373,"geocoordinates_source":"GRID3_EHEALTH","last_updated":"2024-11-11"}},{"type":"Feature","id":10231,"geometry":{"type":"Point","coordinates":[5.80090332000003,5.65191650400004]},"properties":{"OBJECTID":10231,"globalid":"44039777-a24c-4e43-bf26-438e3250404d","nhfr_uid":32838991,"nhfr_facility_code":"10/13/1/1/2/0007","country":"Nigeria","iso":"NGA","state":"Delta","lga":"Okpe","lga_name_disagreement":0,"ward":"Evwrigen","ward_name_disagreement":0,"facility_name":"Evwriyen Primary Health Center","facility_name_source":"NHFR_2024","ownership":"Public","ownership_type":"Local Government","facility_level":"Primary","facility_level_option":"Primary Health Center","latitude":5.651916504,"longitude":5.80090332,"geocoordinates_source":"GRID3_EHEALTH","last_updated":"2024-11-11"}},{"type":"Feature","id":10232,"geometry":{"type":"Point","coordinates":[6.45648193400007,6.08209228500004]},"properties":{"OBJECTID":10232,"globalid":"594b7552-9562-4a73-9b0e-73a1fdae1eec","nhfr_uid":40869913,"nhfr_facility_code":"10/02/1/1/2/0001","country":"Nigeria","iso":"NGA","state":"Delta","lga":"Aniocha South","lga_name_disagreement":0,"ward":"Adonte","ward_name_disagreement":1,"facility_name":"Adonte Primary Health Center","facility_name_source":"NHFR_2024","ownership":"Public","ownership_type":"Local Government","facility_level":"Primary","facility_level_option":"Primary Health Center","latitude":6.082092285,"longitude":6.456481934,"geocoordinates_source":"GRID3_EHEALTH","last_updated":"2024-11-11"}},{"type":"Feature","id":10233,"geometry":{"type":"Point","coordinates":[6.37768554700006,6.26989746100003]},"properties":{"OBJECTID":10233,"globalid":"1e919166-3727-4f20-ae47-8c34e153cbec","nhfr_uid":31182147,"nhfr_facility_code":"10/01/1/1/1/0010","country":"Nigeria","iso":"NGA","state":"Delta","lga":"Aniocha North","lga_name_disagreement":0,"ward":"Obior / Onicha-Uku","ward_name_disagreement":0,"facility_name":"Obior Primary Health Center","facility_name_source":"NHFR_2024","ownership":"Public","ownership_type":"Local Government","facility_level":"Primary","facility_level_option":"Primary Health Center","latitude":6.269897461,"longitude":6.377685547,"geocoordinates_source":"GRID3_EHEALTH","last_updated":"2024-11-11"}},{"type":"Feature","id":10234,"geometry":{"type":"Point","coordinates":[6.41491699200003,6.38067627000004]},"properties":{"OBJECTID":10234,"globalid":"990115b4-cc82-4a82-b556-45c376869f6d","nhfr_uid":80060196,"nhfr_facility_code":"10/01/1/1/1/0002","country":"Nigeria","iso":"NGA","state":"Delta","lga":"Aniocha North","lga_name_disagreement":0,"ward":"Idumuje","ward_name_disagreement":0,"facility_name":"Aniofu Health Post","facility_name_source":"NHFR_2024","ownership":"Public","ownership_type":"Local Government","facility_level":"Primary","facility_level_option":"Primary Health Center","latitude":6.38067627,"longitude":6.414916992,"geocoordinates_source":"GRID3_EHEALTH","last_updated":"2024-11-11"}},{"type":"Feature","id":10235,"geometry":{"type":"Point","coordinates":[6.64849853500004,5.88970947300004]},"properties":{"OBJECTID":10235,"globalid":"df3ed348-8258-4a84-9913-47a544dfdd1e","nhfr_uid":39444740,"nhfr_facility_code":"10/11/1/1/2/0005","country":"Nigeria","iso":"NGA","state":"Delta","lga":"Ndokwa East","lga_name_disagreement":0,"ward":"Beneku/Utchi/Okpai","ward_name_disagreement":0,"facility_name":"Utchi Umuochi Primary Health Center","facility_name_source":"NHFR_2024","ownership":"Private","ownership_type":"Unknown","facility_level":"Primary","facility_level_option":"Primary Health Center","latitude":5.889709473,"longitude":6.648498535,"geocoordinates_source":"GRID3_EHEALTH","last_updated":"2024-11-11"}},{"type":"Feature","id":10236,"geometry":{"type":"Point","coordinates":[5.65490722700002,5.91491699200003]},"properties":{"OBJECTID":10236,"globalid":"00159c23-d40b-4980-bef3-c2911bbe77db","nhfr_uid":79525051,"nhfr_facility_code":"10/17/1/1/1/0005","country":"Nigeria","iso":"NGA","state":"Delta","lga":"Sapele","lga_name_disagreement":0,"ward":"Okpe","ward_name_disagreement":1,"facility_name":"Naval Medical Center","facility_name_source":"NHFR_2024","ownership":"Public","ownership_type":"Military & Paramilitary formations","facility_level":"Primary","facility_level_option":"Primary Health Center","latitude":5.914916992,"longitude":5.654907227,"geocoordinates_source":"GRID3_EHEALTH","last_updated":"2024-11-11"}},{"type":"Feature","id":10237,"geometry":{"type":"Point","coordinates":[6.68829345700004,6.30810546900005]},"properties":{"OBJECTID":10237,"globalid":"89ef210b-87c5-414b-ab4b-d9f90992c56e","nhfr_uid":16551681,"nhfr_facility_code":"10/14/1/1/1/0009","country":"Nigeria","iso":"NGA","state":"Delta","lga":"Oshimili North","lga_name_disagreement":0,"ward":"Okpanam / Ugbolu","ward_name_disagreement":1,"facility_name":"Ugbolu Primary Health Center","facility_name_source":"NHFR_2024","ownership":"Public","ownership_type":"Local Government","facility_level":"Primary","facility_level_option":"Primary Health Center","latitude":6.308105469,"longitude":6.688293457,"geocoordinates_source":"GRID3_EHEALTH","last_updated":"2024-11-11"}},{"type":"Feature","id":10238,"geometry":{"type":"Point","coordinates":[6.29327392600004,5.50268554700006]},"properties":{"OBJECTID":10238,"globalid":"157c5fc2-59b5-4628-9697-5a1ad94a0aab","nhfr_uid":31429911,"nhfr_facility_code":"10/10/1/1/1/0027","country":"Nigeria","iso":"NGA","state":"Delta","lga":"Isoko South","lga_name_disagreement":0,"ward":"Irri","ward_name_disagreement":0,"facility_name":"Idheze Primary Health Center","facility_name_source":"NHFR_2024","ownership":"Public","ownership_type":"Local Government","facility_level":"Primary","facility_level_option":"Primary Health Center","latitude":5.502685547,"longitude":6.293273926,"geocoordinates_source":"GRID3_EHEALTH","last_updated":"2024-11-11"}},{"type":"Feature","id":10239,"geometry":{"type":"Point","coordinates":[6.58532714800003,5.62530517600004]},"properties":{"OBJECTID":10239,"globalid":"b7c63a5d-94eb-4699-b3a9-77607c04c3e0","nhfr_uid":45444535,"nhfr_facility_code":"10/11/1/1/1/0036","country":"Nigeria","iso":"NGA","state":"Delta","lga":"Ndokwa East","lga_name_disagreement":0,"ward":"Aboh / Akarai","ward_name_disagreement":0,"facility_name":"Abalagada Primary Health Care Center","facility_name_source":"NHFR_2024","ownership":"Public","ownership_type":"Local Government","facility_level":"Primary","facility_level_option":"Primary Health Center","latitude":5.625305176,"longitude":6.585327148,"geocoordinates_source":"GRID3_EHEALTH","last_updated":"2024-11-11"}},{"type":"Feature","id":10240,"geometry":{"type":"Point","coordinates":[6.48712158200004,6.41827392600004]},"properties":{"OBJECTID":10240,"globalid":"e5fde18b-6c4c-429c-855c-f5a598177444","nhfr_uid":56022539,"nhfr_facility_code":"10/01/1/2/2/0003","country":"Nigeria","iso":"NGA","state":"Delta","lga":"Aniocha North","lga_name_disagreement":0,"ward":"Obomka","ward_name_disagreement":1,"facility_name":"Ugboba Health Post","facility_name_source":"NHFR_2024","ownership":"Public","ownership_type":"Local Government","facility_level":"Primary","facility_level_option":"Primary Health Center","latitude":6.418273926,"longitude":6.487121582,"geocoordinates_source":"GRID3_EHEALTH","last_updated":"2024-11-11"}},{"type":"Feature","id":10241,"geometry":{"type":"Point","coordinates":[5.66107177700007,5.89050293000003]},"properties":{"OBJECTID":10241,"globalid":"6e9174d8-b907-4517-bd73-6ac190898693","nhfr_uid":76412449,"nhfr_facility_code":"10/17/1/1/2/0007","country":"Nigeria","iso":"NGA","state":"Delta","lga":"Sapele","lga_name_disagreement":0,"ward":"Gana","ward_name_disagreement":1,"facility_name":"Gana Primary Health Center","facility_name_source":"NHFR_2024","ownership":"Public","ownership_type":"Local Government","facility_level":"Primary","facility_level_option":"Primary Health Center","latitude":5.89050293,"longitude":5.661071777,"geocoordinates_source":"GRID3_EHEALTH","last_updated":"2024-11-11"}},{"type":"Feature","id":10242,"geometry":{"type":"Point","coordinates":[6.26129150400004,5.40008544900007]},"properties":{"OBJECTID":10242,"globalid":"806f09df-f39a-4b6c-bbcb-94012eac8597","nhfr_uid":52685816,"nhfr_facility_code":"10/10/1/1/2/0002","country":"Nigeria","iso":"NGA","state":"Delta","lga":"Isoko South","lga_name_disagreement":0,"ward":"Aviara","ward_name_disagreement":0,"facility_name":"Aviara Primary Health Center","facility_name_source":"NHFR_2024","ownership":"Public","ownership_type":"Local Government","facility_level":"Primary","facility_level_option":"Primary Health Center","latitude":5.400085449,"longitude":6.261291504,"geocoordinates_source":"GRID3_EHEALTH","last_updated":"2024-11-11"}},{"type":"Feature","id":10243,"geometry":{"type":"Point","coordinates":[6.21887207000003,5.44427490200007]},"properties":{"OBJECTID":10243,"globalid":"12397024-d34b-4022-97b8-46d72c93bad2","nhfr_uid":29973517,"nhfr_facility_code":"10/10/1/1/2/0004","country":"Nigeria","iso":"NGA","state":"Delta","lga":"Isoko South","lga_name_disagreement":0,"ward":"Irri","ward_name_disagreement":1,"facility_name":"Irri Primary Health Center","facility_name_source":"NHFR_2024","ownership":"Public","ownership_type":"Local Government","facility_level":"Primary","facility_level_option":"Primary Health Center","latitude":5.444274902,"longitude":6.21887207,"geocoordinates_source":"GRID3_EHEALTH","last_updated":"2024-11-11"}},{"type":"Feature","id":10244,"geometry":{"type":"Point","coordinates":[6.11213000000004,5.37470000000008]},"properties":{"OBJECTID":10244,"globalid":"bba431f7-657d-4ef1-aa7e-d9719b933129","nhfr_uid":24141984,"nhfr_facility_code":"10/10/1/1/1/0009","country":"Nigeria","iso":"NGA","state":"Delta","lga":"Isoko South","lga_name_disagreement":0,"ward":"Enwhe","ward_name_disagreement":1,"facility_name":"Enhwe Primary Health Center","facility_name_source":"NHFR_2024","ownership":"Public","ownership_type":"Local Government","facility_level":"Primary","facility_level_option":"Primary Health Center","latitude":5.3747,"longitude":6.11213,"geocoordinates_source":"NHFR_2024","last_updated":"2024-11-11"}},{"type":"Feature","id":10245,"geometry":{"type":"Point","coordinates":[5.75488281200006,5.72308349600007]},"properties":{"OBJECTID":10245,"globalid":"0b111734-1f3e-4d6d-8f5f-f60ccbd9ea2d","nhfr_uid":72908316,"nhfr_facility_code":"10/13/1/2/2/0001","country":"Nigeria","iso":"NGA","state":"Delta","lga":"Okpe","lga_name_disagreement":0,"ward":"Okwabude","ward_name_disagreement":0,"facility_name":"Okuabude Primary Health Center","facility_name_source":"NHFR_2024","ownership":"Public","ownership_type":"Local Government","facility_level":"Primary","facility_level_option":"Primary Health Center","latitude":5.723083496,"longitude":5.754882812,"geocoordinates_source":"GRID3_EHEALTH","last_updated":"2024-11-11"}},{"type":"Feature","id":10246,"geometry":{"type":"Point","coordinates":[6.41149902300003,5.68750000000006]},"properties":{"OBJECTID":10246,"globalid":"e8c5b703-ad0c-49b4-a034-43a2006d0896","nhfr_uid":66118119,"nhfr_facility_code":"10/12/1/1/2/0016","country":"Nigeria","iso":"NGA","state":"Delta","lga":"Ndokwa West","lga_name_disagreement":0,"ward":"Kwale","ward_name_disagreement":1,"facility_name":"Umusam Primary Health Care Center","facility_name_source":"NHFR_2024","ownership":"Public","ownership_type":"Local Government","facility_level":"Primary","facility_level_option":"Primary Health Center","latitude":5.6875,"longitude":6.411499023,"geocoordinates_source":"GRID3_EHEALTH","last_updated":"2024-11-11"}},{"type":"Feature","id":10247,"geometry":{"type":"Point","coordinates":[5.73992919900007,5.77111816400003]},"properties":{"OBJECTID":10247,"globalid":"ac5e5832-f375-4d70-8e2e-17e2e272c814","nhfr_uid":30816336,"nhfr_facility_code":"10/17/1/1/2/0010","country":"Nigeria","iso":"NGA","state":"Delta","lga":"Sapele","lga_name_disagreement":0,"ward":"Elume","ward_name_disagreement":1,"facility_name":"Ibada Elume Primary Health Center","facility_name_source":"NHFR_2024","ownership":"Public","ownership_type":"Local Government","facility_level":"Primary","facility_level_option":"Primary Health Center","latitude":5.771118164,"longitude":5.739929199,"geocoordinates_source":"GRID3_EHEALTH","last_updated":"2024-11-11"}},{"type":"Feature","id":10248,"geometry":{"type":"Point","coordinates":[5.71527099600007,5.86328125000006]},"properties":{"OBJECTID":10248,"globalid":"df75e16b-e155-4b35-9bc3-93f0ac51ce84","nhfr_uid":31463417,"nhfr_facility_code":"10/17/1/1/2/0002","country":"Nigeria","iso":"NGA","state":"Delta","lga":"Sapele","lga_name_disagreement":0,"ward":"Amukpe","ward_name_disagreement":0,"facility_name":"Amukpe Primary Health Center","facility_name_source":"NHFR_2024","ownership":"Public","ownership_type":"Local Government","facility_level":"Primary","facility_level_option":"Primary Health Center","latitude":5.86328125,"longitude":5.715270996,"geocoordinates_source":"GRID3_EHEALTH","last_updated":"2024-11-11"}},{"type":"Feature","id":10249,"geometry":{"type":"Point","coordinates":[6.38549804700006,5.99810791000004]},"properties":{"OBJECTID":10249,"globalid":"f3b30da9-288d-4bb7-87b8-3165b7f42edc","nhfr_uid":85926735,"nhfr_facility_code":"10/12/1/1/1/0004","country":"Nigeria","iso":"NGA","state":"Delta","lga":"Ndokwa West","lga_name_disagreement":0,"ward":"Etua","ward_name_disagreement":0,"facility_name":"Etua Primary Health Care Center","facility_name_source":"NHFR_2024","ownership":"Public","ownership_type":"Local Government","facility_level":"Primary","facility_level_option":"Primary Health Center","latitude":5.99810791,"longitude":6.385498047,"geocoordinates_source":"GRID3_EHEALTH","last_updated":"2024-11-11"}},{"type":"Feature","id":10250,"geometry":{"type":"Point","coordinates":[6.32647705100004,5.75408935500008]},"properties":{"OBJECTID":10250,"globalid":"409390d0-b737-4b6f-8a52-d8818e8c78f3","nhfr_uid":75124645,"nhfr_facility_code":"10/12/1/2/2/0004","country":"Nigeria","iso":"NGA","state":"Delta","lga":"Ndokwa West","lga_name_disagreement":0,"ward":"Ogume 1","ward_name_disagreement":1,"facility_name":"Ogbe Ogume Primary Health Care Center","facility_name_source":"NHFR_2024","ownership":"Public","ownership_type":"Local Government","facility_level":"Primary","facility_level_option":"Primary Health Center","latitude":5.754089355,"longitude":6.326477051,"geocoordinates_source":"GRID3_EHEALTH","last_updated":"2024-11-11"}},{"type":"Feature","id":10251,"geometry":{"type":"Point","coordinates":[6.47570800800003,5.91607666000004]},"properties":{"OBJECTID":10251,"globalid":"183a5fa9-a045-4bb8-a35c-b6bfbdbe7f46","nhfr_uid":12391547,"nhfr_facility_code":"10/11/1/1/1/0026","country":"Nigeria","iso":"NGA","state":"Delta","lga":"Ndokwa East","lga_name_disagreement":0,"ward":"Ossissa","ward_name_disagreement":0,"facility_name":"Ossissa Umuleke Primary Health Center","facility_name_source":"NHFR_2024","ownership":"Public","ownership_type":"Local Government","facility_level":"Primary","facility_level_option":"Primary Health Center","latitude":5.91607666,"longitude":6.475708008,"geocoordinates_source":"GRID3_EHEALTH","last_updated":"2024-11-11"}},{"type":"Feature","id":10252,"geometry":{"type":"Point","coordinates":[6.52709960900006,5.54870605500003]},"properties":{"OBJECTID":10252,"globalid":"eb38ffd0-6fb0-4c58-bb34-c74bc909386e","nhfr_uid":51164820,"nhfr_facility_code":"10/11/1/1/1/0007","country":"Nigeria","iso":"NGA","state":"Delta","lga":"Ndokwa East","lga_name_disagreement":0,"ward":"Aboh / Akarai","ward_name_disagreement":0,"facility_name":"Aboh Primary Health Center","facility_name_source":"NHFR_2024","ownership":"Public","ownership_type":"Local Government","facility_level":"Primary","facility_level_option":"Primary Health Center","latitude":5.548706055,"longitude":6.527099609,"geocoordinates_source":"GRID3_EHEALTH","last_updated":"2024-11-11"}},{"type":"Feature","id":10253,"geometry":{"type":"Point","coordinates":[6.54687500000006,6.03887939500004]},"properties":{"OBJECTID":10253,"globalid":"b1237965-2ac9-42db-b9f6-cf7df935dad4","nhfr_uid":31024163,"nhfr_facility_code":"10/02/1/1/2/0006","country":"Nigeria","iso":"NGA","state":"Delta","lga":"Aniocha South","lga_name_disagreement":0,"ward":"Ewulu/Ishagu","ward_name_disagreement":0,"facility_name":"Isheagu Primary Health Center","facility_name_source":"NHFR_2024","ownership":"Public","ownership_type":"Local Government","facility_level":"Primary","facility_level_option":"Primary Health Center","latitude":6.038879395,"longitude":6.546875,"geocoordinates_source":"GRID3_EHEALTH","last_updated":"2024-11-11"}},{"type":"Feature","id":10254,"geometry":{"type":"Point","coordinates":[6.62847900400004,6.17889404300007]},"properties":{"OBJECTID":10254,"globalid":"5613f3df-9b82-4cb0-9c87-227a31011f6a","nhfr_uid":63264980,"nhfr_facility_code":"10/14/1/2/1/0002","country":"Nigeria","iso":"NGA","state":"Delta","lga":"Oshimili North","lga_name_disagreement":0,"ward":"Umuodafe","ward_name_disagreement":1,"facility_name":"Ibusa Primary Health Center","facility_name_source":"NHFR_2024","ownership":"Public","ownership_type":"Local Government","facility_level":"Primary","facility_level_option":"Primary Health Center","latitude":6.178894043,"longitude":6.628479004,"geocoordinates_source":"GRID3_EHEALTH","last_updated":"2024-11-11"}},{"type":"Feature","id":10255,"geometry":{"type":"Point","coordinates":[6.46191406200006,6.37432861300005]},"properties":{"OBJECTID":10255,"globalid":"5bf1a46d-ccd1-4794-9d92-fa9aebb71642","nhfr_uid":78978928,"nhfr_facility_code":"10/01/1/1/1/0013","country":"Nigeria","iso":"NGA","state":"Delta","lga":"Aniocha North","lga_name_disagreement":0,"ward":"Obior / Onicha-Uku","ward_name_disagreement":1,"facility_name":"Onicha Uku Primary Health Center","facility_name_source":"NHFR_2024","ownership":"Public","ownership_type":"Local Government","facility_level":"Primary","facility_level_option":"Primary Health Center","latitude":6.374328613,"longitude":6.461914062,"geocoordinates_source":"GRID3_EHEALTH","last_updated":"2024-11-11"}},{"type":"Feature","id":10256,"geometry":{"type":"Point","coordinates":[6.72332763700007,6.20507812500006]},"properties":{"OBJECTID":10256,"globalid":"d943ffeb-b114-4a85-9c09-ef9551839560","nhfr_uid":64535924,"nhfr_facility_code":"10/15/1/1/1/0007","country":"Nigeria","iso":"NGA","state":"Delta","lga":"Oshimili South","lga_name_disagreement":0,"ward":"Umuagu","ward_name_disagreement":0,"facility_name":"Umuagu Asaba Primary Health Center","facility_name_source":"NHFR_2024","ownership":"Public","ownership_type":"Local Government","facility_level":"Primary","facility_level_option":"Primary Health Center","latitude":6.205078125,"longitude":6.723327637,"geocoordinates_source":"GRID3_EHEALTH","last_updated":"2024-11-11"}},{"type":"Feature","id":10257,"geometry":{"type":"Point","coordinates":[6.56591796900005,6.40447998000008]},"properties":{"OBJECTID":10257,"globalid":"b8f91a47-c2a1-478f-b3e6-35cc1f7de161","nhfr_uid":15422605,"nhfr_facility_code":"10/01/1/1/1/0005","country":"Nigeria","iso":"NGA","state":"Delta","lga":"Aniocha North","lga_name_disagreement":0,"ward":"Ezi","ward_name_disagreement":1,"facility_name":"Ezi Primary Health Center","facility_name_source":"NHFR_2024","ownership":"Public","ownership_type":"Local Government","facility_level":"Primary","facility_level_option":"Primary Health Center","latitude":6.40447998,"longitude":6.565917969,"geocoordinates_source":"GRID3_EHEALTH","last_updated":"2024-11-11"}},{"type":"Feature","id":10258,"geometry":{"type":"Point","coordinates":[6.44515000000007,6.01723000000004]},"properties":{"OBJECTID":10258,"globalid":"88603573-34f6-4f70-b932-9005125a5ae2","nhfr_uid":79855813,"nhfr_facility_code":"10/02/1/1/2/0008","country":"Nigeria","iso":"NGA","state":"Delta","lga":"Aniocha South","lga_name_disagreement":0,"ward":"Nsukwa","ward_name_disagreement":0,"facility_name":"Nsukwa Primary Health Center","facility_name_source":"NHFR_2024","ownership":"Public","ownership_type":"Local Government","facility_level":"Primary","facility_level_option":"Primary Health Center","latitude":6.01723,"longitude":6.44515,"geocoordinates_source":"NHFR_2024","last_updated":"2024-11-11"}},{"type":"Feature","id":10259,"geometry":{"type":"Point","coordinates":[6.55767822300004,6.06347656300005]},"properties":{"OBJECTID":10259,"globalid":"4fcf5721-f8c9-42ba-a5e8-194b393b8d9f","nhfr_uid":16671948,"nhfr_facility_code":"10/02/1/1/1/0007","country":"Nigeria","iso":"NGA","state":"Delta","lga":"Aniocha South","lga_name_disagreement":0,"ward":"Ewulu/Ishagu","ward_name_disagreement":0,"facility_name":"Ewulu Primary Health Center","facility_name_source":"NHFR_2024","ownership":"Public","ownership_type":"Local Government","facility_level":"Primary","facility_level_option":"Primary Health Center","latitude":6.063476563,"longitude":6.557678223,"geocoordinates_source":"GRID3_EHEALTH","last_updated":"2024-11-11"}},{"type":"Feature","id":10260,"geometry":{"type":"Point","coordinates":[6.64832038100008,6.42588363900006]},"properties":{"OBJECTID":10260,"globalid":"c9b5a933-4882-4da5-896e-d70086144ab4","nhfr_uid":80241899,"nhfr_facility_code":"10/14/1/1/2/0003","country":"Nigeria","iso":"NGA","state":"Delta","lga":"Oshimili North","lga_name_disagreement":0,"ward":"Illah","ward_name_disagreement":0,"facility_name":"Illah Primary Health Center","facility_name_source":"NHFR_2024","ownership":"Public","ownership_type":"Local Government","facility_level":"Primary","facility_level_option":"Primary Health Center","latitude":6.42588363944,"longitude":6.64832038124,"geocoordinates_source":"GRID3_EHEALTH","last_updated":"2024-11-11"}},{"type":"Feature","id":10261,"geometry":{"type":"Point","coordinates":[6.48723339900005,6.04551086300006]},"properties":{"OBJECTID":10261,"globalid":"16de0a55-c56c-4f21-b773-76af98cbc730","nhfr_uid":37537218,"nhfr_facility_code":"10/02/1/1/1/0015","country":"Nigeria","iso":"NGA","state":"Delta","lga":"Aniocha South","lga_name_disagreement":0,"ward":"Adonte","ward_name_disagreement":1,"facility_name":"Ukwuoba Primary Health Center","facility_name_source":"NHFR_2024","ownership":"Public","ownership_type":"Local Government","facility_level":"Primary","facility_level_option":"Primary Health Center","latitude":6.04551086309,"longitude":6.48723339933,"geocoordinates_source":"GRID3_EHEALTH","last_updated":"2024-11-11"}},{"type":"Feature","id":10596,"geometry":{"type":"Point","coordinates":[5.68231201200007,5.88952636700003]},"properties":{"OBJECTID":10596,"globalid":"dcbe2f9d-5cbd-4153-a84f-e95f429362f5","nhfr_uid":31055339,"nhfr_facility_code":"10/17/1/1/2/0005","country":"Nigeria","iso":"NGA","state":"Delta","lga":"Sapele","lga_name_disagreement":0,"ward":"Agbawan","ward_name_disagreement":1,"facility_name":"Ego Maternity and Nursing Home","facility_name_source":"NHFR_2024","ownership":"Private","ownership_type":"For Profit","facility_level":"Primary","facility_level_option":"Primary Health Clinic","latitude":5.889526367,"longitude":5.682312012,"geocoordinates_source":"GRID3_EHEALTH","last_updated":"2024-11-11"}},{"type":"Feature","id":10783,"geometry":{"type":"Point","coordinates":[6.06823833300007,5.44612000000006]},"properties":{"OBJECTID":10783,"globalid":"b48336bc-4c1f-4511-8209-04aab0e7a10f","nhfr_uid":62135076,"nhfr_facility_code":"10/09/1/1/1/0024","country":"Nigeria","iso":"NGA","state":"Delta","lga":"Isoko North","lga_name_disagreement":0,"ward":"Iyede 1","ward_name_disagreement":1,"facility_name":"Oghenerurie Iyede Primary Health Center","facility_name_source":"NHFR_2024","ownership":"Public","ownership_type":"Local Government","facility_level":"Primary","facility_level_option":"Primary Health Center","latitude":5.44612,"longitude":6.068238333,"geocoordinates_source":"GRID3_EHEALTH","last_updated":"2024-11-11"}},{"type":"Feature","id":11774,"geometry":{"type":"Point","coordinates":[5.94024680000007,5.67924370000003]},"properties":{"OBJECTID":11774,"globalid":"d7266b73-b4c7-4ca4-b7a4-110c1d396248","nhfr_uid":85587903,"nhfr_facility_code":"10/05/1/1/1/0011","country":"Nigeria","iso":"NGA","state":"Delta","lga":"Ethiope East","lga_name_disagreement":0,"ward":"Okpara","ward_name_disagreement":1,"facility_name":"Okoredafe Health Post","facility_name_source":"NHFR_2024","ownership":"Public","ownership_type":"Local Government","facility_level":"Primary","facility_level_option":"Health Post","latitude":5.6792437,"longitude":5.9402468,"geocoordinates_source":"GRID3_EHEALTH","last_updated":"2024-11-11"}},{"type":"Feature","id":12083,"geometry":{"type":"Point","coordinates":[5.72070312500006,5.38647460900006]},"properties":{"OBJECTID":12083,"globalid":"ccda5426-3fb8-44e3-b85c-0a5a2973bc68","nhfr_uid":87301317,"nhfr_facility_code":"10/20/1/1/2/0014","country":"Nigeria","iso":"NGA","state":"Delta","lga":"Ughelli South","lga_name_disagreement":0,"ward":"Jeremi 4","ward_name_disagreement":1,"facility_name":"Ophorigbala Health Post","facility_name_source":"NHFR_2024","ownership":"Public","ownership_type":"Local Government","facility_level":"Primary","facility_level_option":"Health Post","latitude":5.386474609,"longitude":5.720703125,"geocoordinates_source":"GRID3_EHEALTH","last_updated":"2024-11-11"}},{"type":"Feature","id":12248,"geometry":{"type":"Point","coordinates":[5.76287841800007,5.52050781200006]},"properties":{"OBJECTID":12248,"globalid":"b7b1fef7-4918-4f1c-bc99-9ca56ed5c31e","nhfr_uid":73536429,"nhfr_facility_code":"10/24/1/1/2/0045","country":"Nigeria","iso":"NGA","state":"Delta","lga":"Warri South","lga_name_disagreement":0,"ward":"Igbudu","ward_name_disagreement":0,"facility_name":"Salem Clinic and Maternity","facility_name_source":"NHFR_2024","ownership":"Private","ownership_type":"For Profit","facility_level":"Primary","facility_level_option":"Primary Health Clinic","latitude":5.520507812,"longitude":5.762878418,"geocoordinates_source":"GRID3_EHEALTH","last_updated":"2024-11-11"}},{"type":"Feature","id":12249,"geometry":{"type":"Point","coordinates":[5.75567627000004,5.52752685500008]},"properties":{"OBJECTID":12249,"globalid":"98c725a2-2e52-47e2-8143-61d312a9bd58","nhfr_uid":29226911,"nhfr_facility_code":"10/24/1/1/2/0016","country":"Nigeria","iso":"NGA","state":"Delta","lga":"Warri South","lga_name_disagreement":0,"ward":"Avenue","ward_name_disagreement":1,"facility_name":"Ebonny Maternity Clinic","facility_name_source":"NHFR_2024","ownership":"Private","ownership_type":"For Profit","facility_level":"Primary","facility_level_option":"Primary Health Clinic","latitude":5.527526855,"longitude":5.75567627,"geocoordinates_source":"GRID3_EHEALTH","last_updated":"2024-11-11"}},{"type":"Feature","id":12250,"geometry":{"type":"Point","coordinates":[5.74829101600005,5.54370117200006]},"properties":{"OBJECTID":12250,"globalid":"403243ac-3291-4ffa-8a26-e1a87d026d00","nhfr_uid":75411961,"nhfr_facility_code":"10/22/1/1/1/0019","country":"Nigeria","iso":"NGA","state":"Delta","lga":"Uvwie","lga_name_disagreement":1,"ward":"Ugboroke","ward_name_disagreement":1,"facility_name":"Ugboroke Comprehensive Primary Health Care Center","facility_name_source":"NHFR_2024","ownership":"Public","ownership_type":"Local Government","facility_level":"Primary","facility_level_option":"Primary Health Center","latitude":5.543701172,"longitude":5.748291016,"geocoordinates_source":"GRID3_EHEALTH","last_updated":"2024-11-11"}},{"type":"Feature","id":12251,"geometry":{"type":"Point","coordinates":[5.76269531200006,5.52630615200007]},"properties":{"OBJECTID":12251,"globalid":"d33de079-dfae-40a0-a575-ed96015ba079","nhfr_uid":29713169,"nhfr_facility_code":"10/24/1/1/2/0052","country":"Nigeria","iso":"NGA","state":"Delta","lga":"Warri South","lga_name_disagreement":0,"ward":"Igbudu","ward_name_disagreement":0,"facility_name":"Twins Hospital Clinic","facility_name_source":"NHFR_2024","ownership":"Private","ownership_type":"For Profit","facility_level":"Primary","facility_level_option":"Primary Health Clinic","latitude":5.526306152,"longitude":5.762695312,"geocoordinates_source":"GRID3_EHEALTH","last_updated":"2024-11-11"}},{"type":"Feature","id":12252,"geometry":{"type":"Point","coordinates":[5.74847412100007,5.53051757800006]},"properties":{"OBJECTID":12252,"globalid":"ca3a713b-9e7e-47ef-b264-c36f54d1a0f6","nhfr_uid":66266776,"nhfr_facility_code":"10/24/1/1/2/0057","country":"Nigeria","iso":"NGA","state":"Delta","lga":"Warri South","lga_name_disagreement":0,"ward":"Esisi","ward_name_disagreement":0,"facility_name":"Viva Maternity Clinic","facility_name_source":"NHFR_2024","ownership":"Private","ownership_type":"For Profit","facility_level":"Primary","facility_level_option":"Primary Health Clinic","latitude":5.530517578,"longitude":5.748474121,"geocoordinates_source":"GRID3_EHEALTH","last_updated":"2024-11-11"}},{"type":"Feature","id":12253,"geometry":{"type":"Point","coordinates":[5.76812744100005,5.50970459000007]},"properties":{"OBJECTID":12253,"globalid":"9fe3dd7d-815f-4447-a900-a947a49c7d5f","nhfr_uid":61760135,"nhfr_facility_code":"10/24/1/1/2/0055","country":"Nigeria","iso":"NGA","state":"Delta","lga":"Warri South","lga_name_disagreement":0,"ward":"Igbudu","ward_name_disagreement":0,"facility_name":"Vertimon Medical Center","facility_name_source":"NHFR_2024","ownership":"Private","ownership_type":"For Profit","facility_level":"Primary","facility_level_option":"Primary Health Clinic","latitude":5.50970459,"longitude":5.768127441,"geocoordinates_source":"GRID3_EHEALTH","last_updated":"2024-11-11"}},{"type":"Feature","id":12260,"geometry":{"type":"Point","coordinates":[5.62487793000003,5.63250732400007]},"properties":{"OBJECTID":12260,"globalid":"6d3bae81-db0e-4c35-8575-f7eaf46e5b36","nhfr_uid":64529338,"nhfr_facility_code":"10/24/1/1/1/0011","country":"Nigeria","iso":"NGA","state":"Delta","lga":"Warri South","lga_name_disagreement":0,"ward":"Obodo","ward_name_disagreement":0,"facility_name":"Ukpokiti Primary Health Center","facility_name_source":"NHFR_2024","ownership":"Public","ownership_type":"Unknown","facility_level":"Primary","facility_level_option":"Primary Health Center","latitude":5.632507324,"longitude":5.62487793,"geocoordinates_source":"GRID3_EHEALTH","last_updated":"2024-11-11"}},{"type":"Feature","id":12261,"geometry":{"type":"Point","coordinates":[5.65069580100004,5.62652587900004]},"properties":{"OBJECTID":12261,"globalid":"84176d50-488b-48e8-93f9-0d0c9619596f","nhfr_uid":57340235,"nhfr_facility_code":"10/24/1/2/1/0003","country":"Nigeria","iso":"NGA","state":"Delta","lga":"Warri South","lga_name_disagreement":0,"ward":"Obodo","ward_name_disagreement":0,"facility_name":"Omadino Cottage Hospital","facility_name_source":"NHFR_2024","ownership":"Public","ownership_type":"State Government","facility_level":"Secondary","facility_level_option":"Unknown","latitude":5.626525879,"longitude":5.650695801,"geocoordinates_source":"GRID3_EHEALTH","last_updated":"2024-11-11"}},{"type":"Feature","id":12262,"geometry":{"type":"Point","coordinates":[6.05108642600004,5.28131103500004]},"properties":{"OBJECTID":12262,"globalid":"d4c98f06-a847-4b52-9750-96ef4da5a2bb","nhfr_uid":87532860,"nhfr_facility_code":"10/19/1/1/2/0027","country":"Nigeria","iso":"NGA","state":"Delta","lga":"Ughelli North","lga_name_disagreement":0,"ward":"Uwheru","ward_name_disagreement":0,"facility_name":"Owarovwon Primary Health Center","facility_name_source":"NHFR_2024","ownership":"Public","ownership_type":"Local Government","facility_level":"Primary","facility_level_option":"Primary Health Center","latitude":5.281311035,"longitude":6.051086426,"geocoordinates_source":"GRID3_EHEALTH","last_updated":"2024-11-11"}},{"type":"Feature","id":12263,"geometry":{"type":"Point","coordinates":[6.05908203100006,5.36950683600003]},"properties":{"OBJECTID":12263,"globalid":"53fd16a4-bb3e-484e-9a4c-cbc0ddd14424","nhfr_uid":67675078,"nhfr_facility_code":"10/19/1/1/2/0033","country":"Nigeria","iso":"NGA","state":"Delta","lga":"Ughelli North","lga_name_disagreement":0,"ward":"Evwreni","ward_name_disagreement":0,"facility_name":"Unenurhie Primary Health Center","facility_name_source":"NHFR_2024","ownership":"Public","ownership_type":"Local Government","facility_level":"Primary","facility_level_option":"Primary Health Center","latitude":5.369506836,"longitude":6.059082031,"geocoordinates_source":"GRID3_EHEALTH","last_updated":"2024-11-11"}},{"type":"Feature","id":12264,"geometry":{"type":"Point","coordinates":[6.03112793000003,5.45550537100007]},"properties":{"OBJECTID":12264,"globalid":"d7fa9570-af7f-4f7e-9ae3-110d43cb33e0","nhfr_uid":79062873,"nhfr_facility_code":"10/19/1/1/2/0025","country":"Nigeria","iso":"NGA","state":"Delta","lga":"Ughelli North","lga_name_disagreement":0,"ward":"Otor-Ogor","ward_name_disagreement":0,"facility_name":"Otor Ogor Primary Health Center","facility_name_source":"NHFR_2024","ownership":"Public","ownership_type":"Local Government","facility_level":"Primary","facility_level_option":"Primary Health Center","latitude":5.455505371,"longitude":6.03112793,"geocoordinates_source":"GRID3_EHEALTH","last_updated":"2024-11-11"}},{"type":"Feature","id":12265,"geometry":{"type":"Point","coordinates":[6.12731933600003,5.70269775400004]},"properties":{"OBJECTID":12265,"globalid":"47fbcf60-3dc2-4dba-8e5f-fb02e4f384f2","nhfr_uid":49804901,"nhfr_facility_code":"10/19/1/1/2/0008","country":"Nigeria","iso":"NGA","state":"Delta","lga":"Ughelli North","lga_name_disagreement":0,"ward":"Orogun 2","ward_name_disagreement":0,"facility_name":"Eboh Orogun Primary Health Center","facility_name_source":"NHFR_2024","ownership":"Public","ownership_type":"Local Government","facility_level":"Primary","facility_level_option":"Primary Health Center","latitude":5.702697754,"longitude":6.127319336,"geocoordinates_source":"GRID3_EHEALTH","last_updated":"2024-11-11"}},{"type":"Feature","id":12266,"geometry":{"type":"Point","coordinates":[5.85211181600005,5.58947753900003]},"properties":{"OBJECTID":12266,"globalid":"72d917b2-282c-44c1-8402-b15c151c7a73","nhfr_uid":41438302,"nhfr_facility_code":"10/19/1/2/1/0001","country":"Nigeria","iso":"NGA","state":"Delta","lga":"Ughelli North","lga_name_disagreement":0,"ward":"Agbarho 1","ward_name_disagreement":0,"facility_name":"Agbarho Primary Health Center","facility_name_source":"NHFR_2024","ownership":"Public","ownership_type":"Local Government","facility_level":"Primary","facility_level_option":"Primary Health Center","latitude":5.589477539,"longitude":5.852111816,"geocoordinates_source":"GRID3_EHEALTH","last_updated":"2024-11-11"}},{"type":"Feature","id":12267,"geometry":{"type":"Point","coordinates":[5.77447509800004,5.52551269500003]},"properties":{"OBJECTID":12267,"globalid":"884522c7-9954-41db-8f4c-75be2ebe20c0","nhfr_uid":66578101,"nhfr_facility_code":"10/22/1/1/1/0005","country":"Nigeria","iso":"NGA","state":"Delta","lga":"Uvwie","lga_name_disagreement":1,"ward":"Enerhen 2","ward_name_disagreement":1,"facility_name":"Enerhen 2 Primary Health Center","facility_name_source":"NHFR_2024","ownership":"Public","ownership_type":"Local Government","facility_level":"Primary","facility_level_option":"Primary Health Center","latitude":5.525512695,"longitude":5.774475098,"geocoordinates_source":"GRID3_EHEALTH","last_updated":"2024-11-11"}},{"type":"Feature","id":12268,"geometry":{"type":"Point","coordinates":[6.06591796900005,5.69012451200007]},"properties":{"OBJECTID":12268,"globalid":"631716e1-6333-48b8-8917-df5bab5f642b","nhfr_uid":14929696,"nhfr_facility_code":"10/19/1/1/1/0009","country":"Nigeria","iso":"NGA","state":"Delta","lga":"Ughelli North","lga_name_disagreement":0,"ward":"Orogun 1","ward_name_disagreement":1,"facility_name":"Ugono Orogun Primary Health Center","facility_name_source":"NHFR_2024","ownership":"Public","ownership_type":"Local Government","facility_level":"Primary","facility_level_option":"Primary Health Center","latitude":5.690124512,"longitude":6.065917969,"geocoordinates_source":"GRID3_EHEALTH","last_updated":"2024-11-11"}},{"type":"Feature","id":12269,"geometry":{"type":"Point","coordinates":[6.09112548800005,5.66790771500007]},"properties":{"OBJECTID":12269,"globalid":"127f106f-dcd3-4a07-9adb-d2161cb8b532","nhfr_uid":26956704,"nhfr_facility_code":"10/19/1/1/1/0007","country":"Nigeria","iso":"NGA","state":"Delta","lga":"Ughelli North","lga_name_disagreement":0,"ward":"Orogun 2","ward_name_disagreement":0,"facility_name":"Ovara Unukpo Primary Health Center","facility_name_source":"NHFR_2024","ownership":"Public","ownership_type":"Local Government","facility_level":"Primary","facility_level_option":"Primary Health Center","latitude":5.667907715,"longitude":6.091125488,"geocoordinates_source":"GRID3_EHEALTH","last_updated":"2024-11-11"}},{"type":"Feature","id":12270,"geometry":{"type":"Point","coordinates":[5.74609375000006,5.52349853500004]},"properties":{"OBJECTID":12270,"globalid":"69f51717-de1b-4be8-8e63-8a961eab5e1b","nhfr_uid":22931970,"nhfr_facility_code":"10/24/1/1/2/0065","country":"Nigeria","iso":"NGA","state":"Delta","lga":"Warri South","lga_name_disagreement":0,"ward":"Ekurede","ward_name_disagreement":1,"facility_name":"Kings Hospital Clinic","facility_name_source":"NHFR_2024","ownership":"Private","ownership_type":"For Profit","facility_level":"Primary","facility_level_option":"Primary Health Clinic","latitude":5.523498535,"longitude":5.74609375,"geocoordinates_source":"GRID3_EHEALTH","last_updated":"2024-11-11"}},{"type":"Feature","id":12271,"geometry":{"type":"Point","coordinates":[5.75189209000007,5.51770019500003]},"properties":{"OBJECTID":12271,"globalid":"a8c985da-a19e-4a1f-8dc9-3048a976cfb3","nhfr_uid":34299644,"nhfr_facility_code":"10/24/1/1/2/0056","country":"Nigeria","iso":"NGA","state":"Delta","lga":"Warri South","lga_name_disagreement":0,"ward":"Bowen","ward_name_disagreement":1,"facility_name":"Victory Clinic","facility_name_source":"NHFR_2024","ownership":"Private","ownership_type":"For Profit","facility_level":"Primary","facility_level_option":"Primary Health Clinic","latitude":5.517700195,"longitude":5.75189209,"geocoordinates_source":"GRID3_EHEALTH","last_updated":"2024-11-11"}},{"type":"Feature","id":12272,"geometry":{"type":"Point","coordinates":[5.74249267600004,5.53027343700006]},"properties":{"OBJECTID":12272,"globalid":"dc994e08-8839-4d15-9804-fa1e4b7b71a3","nhfr_uid":18526556,"nhfr_facility_code":"10/24/1/1/2/0006","country":"Nigeria","iso":"NGA","state":"Delta","lga":"Warri South","lga_name_disagreement":0,"ward":"Avenue","ward_name_disagreement":0,"facility_name":"Ame Specialist Clinic","facility_name_source":"NHFR_2024","ownership":"Private","ownership_type":"For Profit","facility_level":"Primary","facility_level_option":"Primary Health Clinic","latitude":5.530273437,"longitude":5.742492676,"geocoordinates_source":"GRID3_EHEALTH","last_updated":"2024-11-11"}},{"type":"Feature","id":12273,"geometry":{"type":"Point","coordinates":[5.73309326200007,5.52612304700006]},"properties":{"OBJECTID":12273,"globalid":"d52c9e0f-2e5a-4995-83a6-f2a406d80a9a","nhfr_uid":14840097,"nhfr_facility_code":"10/24/1/1/2/0060","country":"Nigeria","iso":"NGA","state":"Delta","lga":"Warri South","lga_name_disagreement":0,"ward":"Ekurede","ward_name_disagreement":0,"facility_name":"Agbowu Medical Center","facility_name_source":"NHFR_2024","ownership":"Private","ownership_type":"For Profit","facility_level":"Primary","facility_level_option":"Primary Health Clinic","latitude":5.526123047,"longitude":5.733093262,"geocoordinates_source":"GRID3_EHEALTH","last_updated":"2024-11-11"}},{"type":"Feature","id":12274,"geometry":{"type":"Point","coordinates":[5.75109863300003,5.51812744100005]},"properties":{"OBJECTID":12274,"globalid":"52cb880d-bee5-4870-b475-728da9ea56e5","nhfr_uid":39355726,"nhfr_facility_code":"10/24/1/1/2/0076","country":"Nigeria","iso":"NGA","state":"Delta","lga":"Warri South","lga_name_disagreement":0,"ward":"Bowen","ward_name_disagreement":1,"facility_name":"Ogana Memoral Clinic","facility_name_source":"NHFR_2024","ownership":"Private","ownership_type":"For Profit","facility_level":"Primary","facility_level_option":"Primary Health Clinic","latitude":5.518127441,"longitude":5.751098633,"geocoordinates_source":"GRID3_EHEALTH","last_updated":"2024-11-11"}},{"type":"Feature","id":12275,"geometry":{"type":"Point","coordinates":[5.76489257800006,5.51770019500003]},"properties":{"OBJECTID":12275,"globalid":"6b068ea4-7dda-42c2-93ce-da80a80a0089","nhfr_uid":52564378,"nhfr_facility_code":"10/24/1/1/1/0007","country":"Nigeria","iso":"NGA","state":"Delta","lga":"Warri South","lga_name_disagreement":0,"ward":"Igbudu","ward_name_disagreement":0,"facility_name":"Igbudu Primary Health Care","facility_name_source":"NHFR_2024","ownership":"Public","ownership_type":"Local Government","facility_level":"Primary","facility_level_option":"Primary Health Center","latitude":5.517700195,"longitude":5.764892578,"geocoordinates_source":"GRID3_EHEALTH","last_updated":"2024-11-11"}},{"type":"Feature","id":12276,"geometry":{"type":"Point","coordinates":[5.75347900400004,5.50891113300003]},"properties":{"OBJECTID":12276,"globalid":"6d7722f2-14bd-4d3d-a368-9af461552172","nhfr_uid":35016452,"nhfr_facility_code":"10/24/1/1/1/0014","country":"Nigeria","iso":"NGA","state":"Delta","lga":"Warri South","lga_name_disagreement":0,"ward":"Pessu","ward_name_disagreement":0,"facility_name":"Pessu Primary Health Care","facility_name_source":"NHFR_2024","ownership":"Public","ownership_type":"Local Government","facility_level":"Primary","facility_level_option":"Primary Health Center","latitude":5.508911133,"longitude":5.753479004,"geocoordinates_source":"GRID3_EHEALTH","last_updated":"2024-11-11"}},{"type":"Feature","id":12277,"geometry":{"type":"Point","coordinates":[5.71331787100007,5.53167724600007]},"properties":{"OBJECTID":12277,"globalid":"b38479c5-9696-4ed7-99a4-1dbb482d0e05","nhfr_uid":55400796,"nhfr_facility_code":"10/24/1/1/1/0010","country":"Nigeria","iso":"NGA","state":"Delta","lga":"Warri South","lga_name_disagreement":0,"ward":"Ekurede","ward_name_disagreement":0,"facility_name":"Ogunu Primary Health Care","facility_name_source":"NHFR_2024","ownership":"Public","ownership_type":"Local Government","facility_level":"Primary","facility_level_option":"Primary Health Center","latitude":5.531677246,"longitude":5.713317871,"geocoordinates_source":"GRID3_EHEALTH","last_updated":"2024-11-11"}},{"type":"Feature","id":12278,"geometry":{"type":"Point","coordinates":[5.76007080100004,5.52807617200006]},"properties":{"OBJECTID":12278,"globalid":"3a0b1d38-f500-40dd-9ecc-197b01af75fd","nhfr_uid":82421291,"nhfr_facility_code":"10/24/1/1/2/0039","country":"Nigeria","iso":"NGA","state":"Delta","lga":"Warri South","lga_name_disagreement":0,"ward":"Esisi","ward_name_disagreement":1,"facility_name":"Robaj Nursing and Maternity Home","facility_name_source":"NHFR_2024","ownership":"Private","ownership_type":"Unknown","facility_level":"Primary","facility_level_option":"Primary Health Center","latitude":5.528076172,"longitude":5.760070801,"geocoordinates_source":"GRID3_EHEALTH","last_updated":"2024-11-11"}},{"type":"Feature","id":12279,"geometry":{"type":"Point","coordinates":[5.71832275400004,5.52947998000008]},"properties":{"OBJECTID":12279,"globalid":"21f05b21-424f-4477-8c5b-80a1c71e0b13","nhfr_uid":82644981,"nhfr_facility_code":"10/24/1/1/1/0018","country":"Nigeria","iso":"NGA","state":"Delta","lga":"Warri South","lga_name_disagreement":0,"ward":"Ekurede","ward_name_disagreement":0,"facility_name":"Ugbuwangwe Primary Health Care Center","facility_name_source":"NHFR_2024","ownership":"Public","ownership_type":"Local Government","facility_level":"Primary","facility_level_option":"Primary Health Center","latitude":5.52947998,"longitude":5.718322754,"geocoordinates_source":"GRID3_EHEALTH","last_updated":"2024-11-11"}},{"type":"Feature","id":12280,"geometry":{"type":"Point","coordinates":[5.75988769500003,5.52368164100005]},"properties":{"OBJECTID":12280,"globalid":"5ec4e8eb-fa3c-4017-bfb0-1171e17d8c67","nhfr_uid":15046302,"nhfr_facility_code":"10/24/1/1/2/0030","country":"Nigeria","iso":"NGA","state":"Delta","lga":"Warri South","lga_name_disagreement":0,"ward":"Igbudu","ward_name_disagreement":1,"facility_name":"New Era Clinic","facility_name_source":"NHFR_2024","ownership":"Private","ownership_type":"Unknown","facility_level":"Primary","facility_level_option":"Primary Health Center","latitude":5.523681641,"longitude":5.759887695,"geocoordinates_source":"GRID3_EHEALTH","last_updated":"2024-11-11"}},{"type":"Feature","id":12281,"geometry":{"type":"Point","coordinates":[5.74688720700004,5.52709960900006]},"properties":{"OBJECTID":12281,"globalid":"0b86b973-aa85-4554-b385-8e69483dba6a","nhfr_uid":43187469,"nhfr_facility_code":"10/24/1/1/1/0057","country":"Nigeria","iso":"NGA","state":"Delta","lga":"Warri South","lga_name_disagreement":0,"ward":"Okere Ward","ward_name_disagreement":0,"facility_name":"Eboh Primary Health Care","facility_name_source":"NHFR_2024","ownership":"Public","ownership_type":"Local Government","facility_level":"Primary","facility_level_option":"Primary Health Center","latitude":5.527099609,"longitude":5.746887207,"geocoordinates_source":"GRID3_EHEALTH","last_updated":"2024-11-11"}},{"type":"Feature","id":12282,"geometry":{"type":"Point","coordinates":[5.75592041000004,5.54669189500004]},"properties":{"OBJECTID":12282,"globalid":"26fe92ef-31c0-4b0f-876e-6db82fb572d0","nhfr_uid":36628949,"nhfr_facility_code":"10/22/1/2/2/0037","country":"Nigeria","iso":"NGA","state":"Delta","lga":"Uvwie","lga_name_disagreement":1,"ward":"Ugboroke","ward_name_disagreement":1,"facility_name":"Sunrise Clinic","facility_name_source":"NHFR_2024","ownership":"Private","ownership_type":"For Profit","facility_level":"Secondary","facility_level_option":"Primary Health Center","latitude":5.546691895,"longitude":5.75592041,"geocoordinates_source":"GRID3_EHEALTH","last_updated":"2024-11-11"}},{"type":"Feature","id":12283,"geometry":{"type":"Point","coordinates":[5.76007080100004,5.53527832000003]},"properties":{"OBJECTID":12283,"globalid":"39bc79e1-b4b8-4af9-99e0-3cf39f8e1ba2","nhfr_uid":13648277,"nhfr_facility_code":"10/22/1/1/1/0018","country":"Nigeria","iso":"NGA","state":"Delta","lga":"Uvwie","lga_name_disagreement":1,"ward":"Ugborikoko","ward_name_disagreement":1,"facility_name":"Ugborikoko Primary Health Center","facility_name_source":"NHFR_2024","ownership":"Public","ownership_type":"Local Government","facility_level":"Primary","facility_level_option":"Primary Health Center","latitude":5.53527832,"longitude":5.760070801,"geocoordinates_source":"GRID3_EHEALTH","last_updated":"2024-11-11"}},{"type":"Feature","id":12284,"geometry":{"type":"Point","coordinates":[5.98388671900005,5.49267578100006]},"properties":{"OBJECTID":12284,"globalid":"b9b66052-c92c-404e-afcb-6e758ff18535","nhfr_uid":30184218,"nhfr_facility_code":"10/19/1/1/1/0008","country":"Nigeria","iso":"NGA","state":"Delta","lga":"Ughelli North","lga_name_disagreement":0,"ward":"Ughelli Urban 2","ward_name_disagreement":1,"facility_name":"Ughelli Central Hospital","facility_name_source":"NHFR_2024","ownership":"Public","ownership_type":"State Government","facility_level":"Secondary","facility_level_option":"Primary Health Center","latitude":5.492675781,"longitude":5.983886719,"geocoordinates_source":"GRID3_EHEALTH","last_updated":"2024-11-11"}},{"type":"Feature","id":12285,"geometry":{"type":"Point","coordinates":[5.89508056600005,5.60888671900005]},"properties":{"OBJECTID":12285,"globalid":"0b4b234b-41bf-4252-866a-8ddaedd95822","nhfr_uid":77917889,"nhfr_facility_code":"10/19/1/1/2/0009","country":"Nigeria","iso":"NGA","state":"Delta","lga":"Ughelli North","lga_name_disagreement":0,"ward":"Agbarho 1","ward_name_disagreement":0,"facility_name":"Ehwerhe Government Hospital","facility_name_source":"NHFR_2024","ownership":"Public","ownership_type":"State Government","facility_level":"Secondary","facility_level_option":"Primary Health Center","latitude":5.608886719,"longitude":5.895080566,"geocoordinates_source":"GRID3_EHEALTH","last_updated":"2024-11-11"}},{"type":"Feature","id":12286,"geometry":{"type":"Point","coordinates":[5.85247802700007,5.58190918000003]},"properties":{"OBJECTID":12286,"globalid":"fa6d59ea-a5c7-4aa9-85c0-7796c2aafca3","nhfr_uid":13208598,"nhfr_facility_code":"10/19/1/1/1/0002","country":"Nigeria","iso":"NGA","state":"Delta","lga":"Ughelli North","lga_name_disagreement":0,"ward":"Agbarho2","ward_name_disagreement":1,"facility_name":"Agbarho Government Hospital","facility_name_source":"NHFR_2024","ownership":"Public","ownership_type":"State Government","facility_level":"Secondary","facility_level_option":"Primary Health Center","latitude":5.58190918,"longitude":5.852478027,"geocoordinates_source":"GRID3_EHEALTH","last_updated":"2024-11-11"}},{"type":"Feature","id":12287,"geometry":{"type":"Point","coordinates":[6.01205000000004,5.47457000000003]},"properties":{"OBJECTID":12287,"globalid":"154e19af-0769-432d-8eab-0b9d7946a179","nhfr_uid":43692702,"nhfr_facility_code":"10/19/1/1/2/0026","country":"Nigeria","iso":"NGA","state":"Delta","lga":"Ughelli North","lga_name_disagreement":0,"ward":"Ughelli Urban 1","ward_name_disagreement":1,"facility_name":"Otovwodo Primary Health Center","facility_name_source":"NHFR_2024","ownership":"Public","ownership_type":"Local Government","facility_level":"Primary","facility_level_option":"Primary Health Center","latitude":5.47457,"longitude":6.01205,"geocoordinates_source":"NHFR_2024","last_updated":"2024-11-11"}},{"type":"Feature","id":12288,"geometry":{"type":"Point","coordinates":[5.99810791000004,5.49291992200006]},"properties":{"OBJECTID":12288,"globalid":"82fac5c6-4ebb-4087-ab98-2ebbedfc7d50","nhfr_uid":47140963,"nhfr_facility_code":"10/19/1/1/2/0019","country":"Nigeria","iso":"NGA","state":"Delta","lga":"Ughelli North","lga_name_disagreement":0,"ward":"Ughelli Urban 2","ward_name_disagreement":1,"facility_name":"Kowa Clinic","facility_name_source":"NHFR_2024","ownership":"Private","ownership_type":"For Profit","facility_level":"Secondary","facility_level_option":"Primary Health Center","latitude":5.492919922,"longitude":5.99810791,"geocoordinates_source":"GRID3_EHEALTH","last_updated":"2024-11-11"}},{"type":"Feature","id":12289,"geometry":{"type":"Point","coordinates":[5.70227050800003,5.48852539100005]},"properties":{"OBJECTID":12289,"globalid":"23ea5ee0-b3e4-40bf-96d8-ae9e189e0c9b","nhfr_uid":79398272,"nhfr_facility_code":"10/24/1/1/1/0009","country":"Nigeria","iso":"NGA","state":"Delta","lga":"Warri South","lga_name_disagreement":0,"ward":"Ode-Itsekiri","ward_name_disagreement":0,"facility_name":"Ode Itsekiri Health Facility","facility_name_source":"NHFR_2024","ownership":"Public","ownership_type":"State Government","facility_level":"Secondary","facility_level_option":"Primary Health Center","latitude":5.488525391,"longitude":5.702270508,"geocoordinates_source":"GRID3_EHEALTH","last_updated":"2024-11-11"}},{"type":"Feature","id":12290,"geometry":{"type":"Point","coordinates":[5.75030517600004,5.52868652300003]},"properties":{"OBJECTID":12290,"globalid":"b4da604c-cba8-4843-b482-ac1102b03fd5","nhfr_uid":32999290,"nhfr_facility_code":"10/24/1/1/2/0017","country":"Nigeria","iso":"NGA","state":"Delta","lga":"Warri South","lga_name_disagreement":0,"ward":"Esisi","ward_name_disagreement":0,"facility_name":"Fair View Limited Hospital","facility_name_source":"NHFR_2024","ownership":"Private","ownership_type":"For Profit","facility_level":"Primary","facility_level_option":"Primary Health Clinic","latitude":5.528686523,"longitude":5.750305176,"geocoordinates_source":"GRID3_EHEALTH","last_updated":"2024-11-11"}},{"type":"Feature","id":12291,"geometry":{"type":"Point","coordinates":[6.01330566400003,5.49511718700006]},"properties":{"OBJECTID":12291,"globalid":"1a6fef90-4a12-49e6-86dd-0dd26723ec81","nhfr_uid":82721196,"nhfr_facility_code":"10/19/1/1/2/0029","country":"Nigeria","iso":"NGA","state":"Delta","lga":"Ughelli North","lga_name_disagreement":0,"ward":"Ughelli Urban 1","ward_name_disagreement":1,"facility_name":"Shekinah Medical Center","facility_name_source":"NHFR_2024","ownership":"Private","ownership_type":"For Profit","facility_level":"Secondary","facility_level_option":"Primary Health Clinic","latitude":5.495117187,"longitude":6.013305664,"geocoordinates_source":"GRID3_EHEALTH","last_updated":"2024-11-11"}},{"type":"Feature","id":12292,"geometry":{"type":"Point","coordinates":[5.99987793000003,5.48907470700004]},"properties":{"OBJECTID":12292,"globalid":"ea223018-8d62-41a2-b3ff-8cdbf1d3ec15","nhfr_uid":60737640,"nhfr_facility_code":"10/19/1/1/2/0031","country":"Nigeria","iso":"NGA","state":"Delta","lga":"Ughelli North","lga_name_disagreement":0,"ward":"Ughelli Urban 2","ward_name_disagreement":1,"facility_name":"Ufor Hospital","facility_name_source":"NHFR_2024","ownership":"Private","ownership_type":"For Profit","facility_level":"Secondary","facility_level_option":"Primary Health Center","latitude":5.489074707,"longitude":5.99987793,"geocoordinates_source":"GRID3_EHEALTH","last_updated":"2024-11-11"}},{"type":"Feature","id":12293,"geometry":{"type":"Point","coordinates":[5.76367187500006,5.52532959000007]},"properties":{"OBJECTID":12293,"globalid":"08d8fbb7-71e2-4246-9a20-f3c0a69ded7f","nhfr_uid":41959295,"nhfr_facility_code":"10/24/1/1/2/0008","country":"Nigeria","iso":"NGA","state":"Delta","lga":"Warri South","lga_name_disagreement":0,"ward":"Igbudu","ward_name_disagreement":0,"facility_name":"Capitol Hill Hospital Clinic","facility_name_source":"NHFR_2024","ownership":"Private","ownership_type":"For Profit","facility_level":"Primary","facility_level_option":"Primary Health Clinic","latitude":5.52532959,"longitude":5.763671875,"geocoordinates_source":"GRID3_EHEALTH","last_updated":"2024-11-11"}},{"type":"Feature","id":12294,"geometry":{"type":"Point","coordinates":[5.73712158200004,5.52551269500003]},"properties":{"OBJECTID":12294,"globalid":"c33fdfb1-5026-46f3-9524-68d719e9f639","nhfr_uid":69858177,"nhfr_facility_code":"10/24/1/1/1/0015","country":"Nigeria","iso":"NGA","state":"Delta","lga":"Warri South","lga_name_disagreement":0,"ward":"Ekurede","ward_name_disagreement":0,"facility_name":"Ajamimogha Primary Health Care","facility_name_source":"NHFR_2024","ownership":"Public","ownership_type":"Local Government","facility_level":"Primary","facility_level_option":"Primary Health Center","latitude":5.525512695,"longitude":5.737121582,"geocoordinates_source":"GRID3_EHEALTH","last_updated":"2024-11-11"}},{"type":"Feature","id":12295,"geometry":{"type":"Point","coordinates":[5.72808837900004,5.53387451200007]},"properties":{"OBJECTID":12295,"globalid":"329b4cf5-6e27-41b6-b699-6e403bd0e597","nhfr_uid":18912853,"nhfr_facility_code":"10/24/1/1/1/0005","country":"Nigeria","iso":"NGA","state":"Delta","lga":"Warri South","lga_name_disagreement":0,"ward":"Ekurede","ward_name_disagreement":0,"facility_name":"Ekurede Urhobo Primary Health Care","facility_name_source":"NHFR_2024","ownership":"Public","ownership_type":"Local Government","facility_level":"Primary","facility_level_option":"Primary Health Center","latitude":5.533874512,"longitude":5.728088379,"geocoordinates_source":"GRID3_EHEALTH","last_updated":"2024-11-11"}},{"type":"Feature","id":12296,"geometry":{"type":"Point","coordinates":[5.76507568400007,5.52587890600006]},"properties":{"OBJECTID":12296,"globalid":"f5bf4b05-9b0e-4d37-a2ea-c05a4ad8fe20","nhfr_uid":28839714,"nhfr_facility_code":"10/24/1/1/2/0025","country":"Nigeria","iso":"NGA","state":"Delta","lga":"Warri South","lga_name_disagreement":0,"ward":"Igbudu","ward_name_disagreement":0,"facility_name":"Lily Limited Hospital","facility_name_source":"NHFR_2024","ownership":"Private","ownership_type":"For Profit","facility_level":"Primary","facility_level_option":"Primary Health Clinic","latitude":5.525878906,"longitude":5.765075684,"geocoordinates_source":"GRID3_EHEALTH","last_updated":"2024-11-11"}},{"type":"Feature","id":12297,"geometry":{"type":"Point","coordinates":[5.68811035200002,5.55932617200006]},"properties":{"OBJECTID":12297,"globalid":"f959e733-9395-451f-8f4b-c3dc06d26083","nhfr_uid":33760116,"nhfr_facility_code":"10/24/1/1/1/0006","country":"Nigeria","iso":"NGA","state":"Delta","lga":"Warri South","lga_name_disagreement":0,"ward":"Ubeji","ward_name_disagreement":0,"facility_name":"Ifie Primary Health Care","facility_name_source":"NHFR_2024","ownership":"Public","ownership_type":"Local Government","facility_level":"Primary","facility_level_option":"Primary Health Center","latitude":5.559326172,"longitude":5.688110352,"geocoordinates_source":"GRID3_EHEALTH","last_updated":"2024-11-11"}},{"type":"Feature","id":12298,"geometry":{"type":"Point","coordinates":[6.07232666000004,5.40887451200007]},"properties":{"OBJECTID":12298,"globalid":"c9fe45ad-dd24-4065-ac9d-0b7b690d37cc","nhfr_uid":50485896,"nhfr_facility_code":"10/19/1/1/2/0016","country":"Nigeria","iso":"NGA","state":"Delta","lga":"Ughelli North","lga_name_disagreement":0,"ward":"Evwreni","ward_name_disagreement":0,"facility_name":"Evwreni Primary Health Center","facility_name_source":"NHFR_2024","ownership":"Public","ownership_type":"Local Government","facility_level":"Primary","facility_level_option":"Primary Health Center","latitude":5.408874512,"longitude":6.07232666,"geocoordinates_source":"GRID3_EHEALTH","last_updated":"2024-11-11"}},{"type":"Feature","id":12299,"geometry":{"type":"Point","coordinates":[6.05871582000003,5.33270263700007]},"properties":{"OBJECTID":12299,"globalid":"2099b434-a3a7-46dd-87f0-23bc0b49e908","nhfr_uid":44704159,"nhfr_facility_code":"10/19/1/1/1/0012","country":"Nigeria","iso":"NGA","state":"Delta","lga":"Ughelli North","lga_name_disagreement":0,"ward":"Uwheru","ward_name_disagreement":0,"facility_name":"Uwheru Primary Health Center","facility_name_source":"NHFR_2024","ownership":"Public","ownership_type":"Local Government","facility_level":"Primary","facility_level_option":"Primary Health Center","latitude":5.332702637,"longitude":6.05871582,"geocoordinates_source":"GRID3_EHEALTH","last_updated":"2024-11-11"}},{"type":"Feature","id":12300,"geometry":{"type":"Point","coordinates":[6.05590820300006,5.51269531200006]},"properties":{"OBJECTID":12300,"globalid":"af59efe5-0bab-4277-9881-fd32902c9016","nhfr_uid":25902230,"nhfr_facility_code":"10/19/1/1/2/0028","country":"Nigeria","iso":"NGA","state":"Delta","lga":"Ughelli North","lga_name_disagreement":0,"ward":"Agbarha","ward_name_disagreement":0,"facility_name":"Owevwe Primary Health Center","facility_name_source":"NHFR_2024","ownership":"Public","ownership_type":"Local Government","facility_level":"Primary","facility_level_option":"Primary Health Center","latitude":5.512695312,"longitude":6.055908203,"geocoordinates_source":"GRID3_EHEALTH","last_updated":"2024-11-11"}},{"type":"Feature","id":12301,"geometry":{"type":"Point","coordinates":[6.01489257800006,5.53027343700006]},"properties":{"OBJECTID":12301,"globalid":"463b1efe-9fc0-42e6-be2a-0fd3a0d99e9a","nhfr_uid":26654060,"nhfr_facility_code":"10/19/1/1/2/0001","country":"Nigeria","iso":"NGA","state":"Delta","lga":"Ughelli North","lga_name_disagreement":0,"ward":"Afiesere","ward_name_disagreement":0,"facility_name":"Afiesere Primary Health Center","facility_name_source":"NHFR_2024","ownership":"Public","ownership_type":"Local Government","facility_level":"Primary","facility_level_option":"Primary Health Center","latitude":5.530273437,"longitude":6.014892578,"geocoordinates_source":"GRID3_EHEALTH","last_updated":"2024-11-11"}},{"type":"Feature","id":12302,"geometry":{"type":"Point","coordinates":[6.07373046900005,5.53387451200007]},"properties":{"OBJECTID":12302,"globalid":"7cbdb98b-ee28-4373-bf7e-47897c93fe3d","nhfr_uid":41105401,"nhfr_facility_code":"10/19/1/1/2/0002","country":"Nigeria","iso":"NGA","state":"Delta","lga":"Ughelli North","lga_name_disagreement":0,"ward":"Agbarha","ward_name_disagreement":0,"facility_name":"Agbarha Otor Primary Health Center","facility_name_source":"NHFR_2024","ownership":"Public","ownership_type":"Local Government","facility_level":"Primary","facility_level_option":"Primary Health Center","latitude":5.533874512,"longitude":6.073730469,"geocoordinates_source":"GRID3_EHEALTH","last_updated":"2024-11-11"}},{"type":"Feature","id":12303,"geometry":{"type":"Point","coordinates":[5.91711425800003,5.55670166000004]},"properties":{"OBJECTID":12303,"globalid":"f836a281-7a94-45e5-9995-5e99ffc41f1f","nhfr_uid":53821417,"nhfr_facility_code":"10/19/1/1/2/0011","country":"Nigeria","iso":"NGA","state":"Delta","lga":"Ughelli North","lga_name_disagreement":0,"ward":"Agbarho2","ward_name_disagreement":0,"facility_name":"Ekrerhavwe Primary Health Center","facility_name_source":"NHFR_2024","ownership":"Public","ownership_type":"Local Government","facility_level":"Primary","facility_level_option":"Primary Health Center","latitude":5.55670166,"longitude":5.917114258,"geocoordinates_source":"GRID3_EHEALTH","last_updated":"2024-11-11"}},{"type":"Feature","id":12304,"geometry":{"type":"Point","coordinates":[5.87829589800003,5.55987548800005]},"properties":{"OBJECTID":12304,"globalid":"eee30242-c0e9-4d6d-912b-6d13510b9834","nhfr_uid":40823933,"nhfr_facility_code":"10/19/1/1/1/0011","country":"Nigeria","iso":"NGA","state":"Delta","lga":"Ughelli North","lga_name_disagreement":0,"ward":"Agbarho2","ward_name_disagreement":0,"facility_name":"Uvwiama Primary Health Center","facility_name_source":"NHFR_2024","ownership":"Public","ownership_type":"Local Government","facility_level":"Primary","facility_level_option":"Primary Health Center","latitude":5.559875488,"longitude":5.878295898,"geocoordinates_source":"GRID3_EHEALTH","last_updated":"2024-11-11"}},{"type":"Feature","id":12305,"geometry":{"type":"Point","coordinates":[5.73413085900006,5.51727294900007]},"properties":{"OBJECTID":12305,"globalid":"41d59d1f-ab30-4a61-b4f5-01e4514c44a4","nhfr_uid":83490203,"nhfr_facility_code":"10/24/1/2/1/0005","country":"Nigeria","iso":"NGA","state":"Delta","lga":"Warri South","lga_name_disagreement":0,"ward":"Esisi","ward_name_disagreement":1,"facility_name":"Warri Central Hospital","facility_name_source":"NHFR_2024","ownership":"Public","ownership_type":"State Government","facility_level":"Secondary","facility_level_option":"General Hospital","latitude":5.517272949,"longitude":5.734130859,"geocoordinates_source":"GRID3_EHEALTH","last_updated":"2024-11-11"}},{"type":"Feature","id":12306,"geometry":{"type":"Point","coordinates":[5.97290039100005,5.51770019500003]},"properties":{"OBJECTID":12306,"globalid":"29b91da5-a64f-4799-a686-6ada4b919ad4","nhfr_uid":18412910,"nhfr_facility_code":"10/19/1/1/2/0010","country":"Nigeria","iso":"NGA","state":"Delta","lga":"Ughelli North","lga_name_disagreement":0,"ward":"Ughelli Urban 1","ward_name_disagreement":0,"facility_name":"Ekiugbo Primary Health Center","facility_name_source":"NHFR_2024","ownership":"Public","ownership_type":"Not For Profit","facility_level":"Primary","facility_level_option":"Primary Health Center","latitude":5.517700195,"longitude":5.972900391,"geocoordinates_source":"GRID3_EHEALTH","last_updated":"2024-11-11"}},{"type":"Feature","id":12307,"geometry":{"type":"Point","coordinates":[6.09027099600007,5.66088867200006]},"properties":{"OBJECTID":12307,"globalid":"3887fac8-8bf5-4502-9d2f-16539c0073fd","nhfr_uid":26013198,"nhfr_facility_code":"10/19/1/1/2/0014","country":"Nigeria","iso":"NGA","state":"Delta","lga":"Ughelli North","lga_name_disagreement":0,"ward":"Orogun 1","ward_name_disagreement":1,"facility_name":"Erhobaro Primary Health Center","facility_name_source":"NHFR_2024","ownership":"Public","ownership_type":"Local Government","facility_level":"Primary","facility_level_option":"Primary Health Center","latitude":5.660888672,"longitude":6.090270996,"geocoordinates_source":"GRID3_EHEALTH","last_updated":"2024-11-11"}},{"type":"Feature","id":12308,"geometry":{"type":"Point","coordinates":[6.06170654300007,5.60247802700007]},"properties":{"OBJECTID":12308,"globalid":"b6199cab-4076-4741-ae19-bb6c37e57cc8","nhfr_uid":71726432,"nhfr_facility_code":"10/19/1/1/1/0005","country":"Nigeria","iso":"NGA","state":"Delta","lga":"Ughelli North","lga_name_disagreement":0,"ward":"Agbarha","ward_name_disagreement":0,"facility_name":"Omovwodorirhibo Primary Health Center","facility_name_source":"NHFR_2024","ownership":"Public","ownership_type":"Local Government","facility_level":"Primary","facility_level_option":"Primary Health Center","latitude":5.602478027,"longitude":6.061706543,"geocoordinates_source":"GRID3_EHEALTH","last_updated":"2024-11-11"}},{"type":"Feature","id":12487,"geometry":{"type":"Point","coordinates":[5.91949462900004,5.37310791000004]},"properties":{"OBJECTID":12487,"globalid":"0decede4-bbc7-4b04-b0ce-c2360d0a73cf","nhfr_uid":61083277,"nhfr_facility_code":"10/20/1/1/1/0009","country":"Nigeria","iso":"NGA","state":"Delta","lga":"Ughelli South","lga_name_disagreement":0,"ward":"Olumo 2","ward_name_disagreement":1,"facility_name":"Oviri Olomu Primary Health Center","facility_name_source":"NHFR_2024","ownership":"Public","ownership_type":"Local Government","facility_level":"Primary","facility_level_option":"Primary Health Center","latitude":5.37310791,"longitude":5.919494629,"geocoordinates_source":"GRID3_EHEALTH","last_updated":"2024-11-11"}},{"type":"Feature","id":12488,"geometry":{"type":"Point","coordinates":[5.99047851600005,5.36511230500003]},"properties":{"OBJECTID":12488,"globalid":"659bfa48-065b-4bec-8c43-45f82219f343","nhfr_uid":76769738,"nhfr_facility_code":"10/20/1/1/1/0007","country":"Nigeria","iso":"NGA","state":"Delta","lga":"Ughelli South","lga_name_disagreement":0,"ward":"Ewu 1","ward_name_disagreement":1,"facility_name":"Ewu Government Hospital","facility_name_source":"NHFR_2024","ownership":"Public","ownership_type":"State Government","facility_level":"Secondary","facility_level_option":"Primary Health Center","latitude":5.365112305,"longitude":5.990478516,"geocoordinates_source":"GRID3_EHEALTH","last_updated":"2024-11-11"}},{"type":"Feature","id":12489,"geometry":{"type":"Point","coordinates":[5.90815000000003,5.41549000000003]},"properties":{"OBJECTID":12489,"globalid":"c1c8c703-f6c6-468b-ac86-d8bea640d79f","nhfr_uid":65116496,"nhfr_facility_code":"10/20/1/1/1/0011","country":"Nigeria","iso":"NGA","state":"Delta","lga":"Ughelli South","lga_name_disagreement":0,"ward":"Olumo 2","ward_name_disagreement":1,"facility_name":"Umolo Primary Health Center","facility_name_source":"NHFR_2024","ownership":"Public","ownership_type":"Local Government","facility_level":"Primary","facility_level_option":"Primary Health Center","latitude":5.41549,"longitude":5.90815,"geocoordinates_source":"NHFR_2024","last_updated":"2024-11-11"}},{"type":"Feature","id":12490,"geometry":{"type":"Point","coordinates":[6.28027343700006,5.26507568400007]},"properties":{"OBJECTID":12490,"globalid":"1f555f35-fc1c-47c6-8ac3-f8c3a4024310","nhfr_uid":77786387,"nhfr_facility_code":"10/16/1/1/1/0001","country":"Nigeria","iso":"NGA","state":"Delta","lga":"Patani","lga_name_disagreement":0,"ward":"Abari","ward_name_disagreement":0,"facility_name":"Abare Primary Health Center","facility_name_source":"NHFR_2024","ownership":"Public","ownership_type":"Local Government","facility_level":"Primary","facility_level_option":"Primary Health Center","latitude":5.265075684,"longitude":6.280273437,"geocoordinates_source":"GRID3_EHEALTH","last_updated":"2024-11-11"}},{"type":"Feature","id":12491,"geometry":{"type":"Point","coordinates":[5.62587000000002,5.80261000000007]},"properties":{"OBJECTID":12491,"globalid":"03971c83-8d00-4922-9ada-611f27928619","nhfr_uid":39404603,"nhfr_facility_code":"10/17/1/1/1/0023","country":"Nigeria","iso":"NGA","state":"Delta","lga":"Sapele","lga_name_disagreement":0,"ward":"Ugborhen","ward_name_disagreement":0,"facility_name":"Ugborhen Primary Health Center","facility_name_source":"NHFR_2024","ownership":"Public","ownership_type":"Local Government","facility_level":"Primary","facility_level_option":"Primary Health Center","latitude":5.80261,"longitude":5.62587,"geocoordinates_source":"NHFR_2024","last_updated":"2024-11-11"}},{"type":"Feature","id":12492,"geometry":{"type":"Point","coordinates":[5.72692871100003,5.73730468700006]},"properties":{"OBJECTID":12492,"globalid":"5867de42-e052-4248-b348-e40eec3ff41b","nhfr_uid":72450318,"nhfr_facility_code":"10/17/1/1/1/0011","country":"Nigeria","iso":"NGA","state":"Delta","lga":"Sapele","lga_name_disagreement":0,"ward":"Elume","ward_name_disagreement":0,"facility_name":"Okuoke Primary Health Center","facility_name_source":"NHFR_2024","ownership":"Public","ownership_type":"Local Government","facility_level":"Primary","facility_level_option":"Primary Health Center","latitude":5.737304687,"longitude":5.726928711,"geocoordinates_source":"GRID3_EHEALTH","last_updated":"2024-11-11"}},{"type":"Feature","id":12806,"geometry":{"type":"Point","coordinates":[5.75292968700006,5.49029541000004]},"properties":{"OBJECTID":12806,"globalid":"667bd06b-3599-474a-a298-0863679c9678","nhfr_uid":34827809,"nhfr_facility_code":"10/18/1/1/2/0001","country":"Nigeria","iso":"NGA","state":"Delta","lga":"Udu","lga_name_disagreement":0,"ward":"Aladja","ward_name_disagreement":0,"facility_name":"Aladja Primary Health Center","facility_name_source":"NHFR_2024","ownership":"Public","ownership_type":"Local Government","facility_level":"Primary","facility_level_option":"Primary Health Center","latitude":5.49029541,"longitude":5.752929687,"geocoordinates_source":"GRID3_EHEALTH","last_updated":"2024-11-11"}},{"type":"Feature","id":12807,"geometry":{"type":"Point","coordinates":[5.72528076200007,5.04852294900007]},"properties":{"OBJECTID":12807,"globalid":"6541507a-26ff-45dd-9a75-3b9441a2b4d5","nhfr_uid":86964183,"nhfr_facility_code":"10/04/1/1/2/0004","country":"Nigeria","iso":"NGA","state":"Delta","lga":"Burutu","lga_name_disagreement":0,"ward":"Torugbene","ward_name_disagreement":1,"facility_name":"Torugbene Primary Health Care Center","facility_name_source":"NHFR_2024","ownership":"Public","ownership_type":"Local Government","facility_level":"Primary","facility_level_option":"Primary Health Center","latitude":5.048522949,"longitude":5.725280762,"geocoordinates_source":"GRID3_EHEALTH","last_updated":"2024-11-11"}},{"type":"Feature","id":12808,"geometry":{"type":"Point","coordinates":[6.30688476600005,6.26831054700006]},"properties":{"OBJECTID":12808,"globalid":"f030f5cc-a72d-4cb2-980d-550209775bcb","nhfr_uid":64454761,"nhfr_facility_code":"10/07/1/1/2/0008","country":"Nigeria","iso":"NGA","state":"Delta","lga":"Ika North East","lga_name_disagreement":0,"ward":"Umunede","ward_name_disagreement":0,"facility_name":"Kifa Clinic and Maternity Home","facility_name_source":"NHFR_2024","ownership":"Private","ownership_type":"For Profit","facility_level":"Secondary","facility_level_option":"Primary Health Clinic","latitude":6.268310547,"longitude":6.306884766,"geocoordinates_source":"GRID3_EHEALTH","last_updated":"2024-11-11"}},{"type":"Feature","id":12809,"geometry":{"type":"Point","coordinates":[6.09747314500004,5.79187011700003]},"properties":{"OBJECTID":12809,"globalid":"3d6ed719-47c2-44fc-8ab2-77c3fd32a8b0","nhfr_uid":67694326,"nhfr_facility_code":"10/05/1/1/1/0003","country":"Nigeria","iso":"NGA","state":"Delta","lga":"Ethiope East","lga_name_disagreement":0,"ward":"Abraka","ward_name_disagreement":0,"facility_name":"Delta University Clinic","facility_name_source":"NHFR_2024","ownership":"Public","ownership_type":"State Government","facility_level":"Primary","facility_level_option":"Primary Health Clinic","latitude":5.791870117,"longitude":6.097473145,"geocoordinates_source":"GRID3_EHEALTH","last_updated":"2024-11-11"}},{"type":"Feature","id":12810,"geometry":{"type":"Point","coordinates":[5.83630371100003,5.50848388700007]},"properties":{"OBJECTID":12810,"globalid":"ddaaff30-8f59-4c05-8d74-4c54ff51d7b0","nhfr_uid":38928178,"nhfr_facility_code":"10/18/1/1/2/0042","country":"Nigeria","iso":"NGA","state":"Delta","lga":"Udu","lga_name_disagreement":0,"ward":"Orhuruworun","ward_name_disagreement":0,"facility_name":"Global Nursing and Maternity Home","facility_name_source":"NHFR_2024","ownership":"Private","ownership_type":"For Profit","facility_level":"Primary","facility_level_option":"Primary Health Clinic","latitude":5.508483887,"longitude":5.836303711,"geocoordinates_source":"GRID3_EHEALTH","last_updated":"2024-11-11"}},{"type":"Feature","id":12811,"geometry":{"type":"Point","coordinates":[6.10968017600004,5.80047607400007]},"properties":{"OBJECTID":12811,"globalid":"0d3789ff-e0f9-46ae-9e7d-0d77bf529fc8","nhfr_uid":30566544,"nhfr_facility_code":"10/05/1/1/2/0005","country":"Nigeria","iso":"NGA","state":"Delta","lga":"Ethiope East","lga_name_disagreement":0,"ward":"Abraka","ward_name_disagreement":0,"facility_name":"Wima Clinic","facility_name_source":"NHFR_2024","ownership":"Private","ownership_type":"Unknown","facility_level":"Primary","facility_level_option":"Primary Health Clinic","latitude":5.800476074,"longitude":6.109680176,"geocoordinates_source":"GRID3_EHEALTH","last_updated":"2024-11-11"}},{"type":"Feature","id":12814,"geometry":{"type":"Point","coordinates":[5.43109130900007,5.99389648400006]},"properties":{"OBJECTID":12814,"globalid":"659fe25c-352e-470a-9a6c-c450a8a829bc","nhfr_uid":71846126,"nhfr_facility_code":"10/23/1/2/1/0002","country":"Nigeria","iso":"NGA","state":"Delta","lga":"Warri North","lga_name_disagreement":0,"ward":"Koko","ward_name_disagreement":0,"facility_name":"Koko General Hospital","facility_name_source":"NHFR_2024","ownership":"Public","ownership_type":"Unknown","facility_level":"Secondary","facility_level_option":"Primary Health Center","latitude":5.993896484,"longitude":5.431091309,"geocoordinates_source":"GRID3_EHEALTH","last_updated":"2024-11-11"}},{"type":"Feature","id":12815,"geometry":{"type":"Point","coordinates":[5.44708252000004,6.00427246100003]},"properties":{"OBJECTID":12815,"globalid":"d4b26abc-10e8-4280-b9c7-cc428d0966c0","nhfr_uid":40660651,"nhfr_facility_code":"10/23/1/1/1/0021","country":"Nigeria","iso":"NGA","state":"Delta","lga":"Warri North","lga_name_disagreement":0,"ward":"Itsekelewu","ward_name_disagreement":1,"facility_name":"Tsekelewu Primary Health Center","facility_name_source":"NHFR_2024","ownership":"Public","ownership_type":"Local Government","facility_level":"Primary","facility_level_option":"Primary Health Center","latitude":6.004272461,"longitude":5.44708252,"geocoordinates_source":"GRID3_EHEALTH","last_updated":"2024-11-11"}},{"type":"Feature","id":12816,"geometry":{"type":"Point","coordinates":[5.53692627000004,5.89288330100004]},"properties":{"OBJECTID":12816,"globalid":"d7fa5d0c-d6fc-4af9-a23c-ff63a310e22a","nhfr_uid":85209020,"nhfr_facility_code":"10/23/1/2/1/0001","country":"Nigeria","iso":"NGA","state":"Delta","lga":"Warri North","lga_name_disagreement":1,"ward":"Gana","ward_name_disagreement":1,"facility_name":"Abigborode General Hospital","facility_name_source":"NHFR_2024","ownership":"Public","ownership_type":"Unknown","facility_level":"Secondary","facility_level_option":"Primary Health Center","latitude":5.892883301,"longitude":5.53692627,"geocoordinates_source":"GRID3_EHEALTH","last_updated":"2024-11-11"}},{"type":"Feature","id":12817,"geometry":{"type":"Point","coordinates":[5.18292236300005,5.55572509800004]},"properties":{"OBJECTID":12817,"globalid":"a9de3a28-c707-457e-87ac-5087d7c3af02","nhfr_uid":51459430,"nhfr_facility_code":"10/25/1/1/1/0011","country":"Nigeria","iso":"NGA","state":"Delta","lga":"Warri South West","lga_name_disagreement":0,"ward":"Ogidingbe","ward_name_disagreement":0,"facility_name":"Ogidigben Primary Health Center","facility_name_source":"NHFR_2024","ownership":"Public","ownership_type":"Unknown","facility_level":"Primary","facility_level_option":"Primary Health Center","latitude":5.555725098,"longitude":5.182922363,"geocoordinates_source":"GRID3_EHEALTH","last_updated":"2024-11-11"}},{"type":"Feature","id":12818,"geometry":{"type":"Point","coordinates":[5.21551513700007,5.60009765600006]},"properties":{"OBJECTID":12818,"globalid":"696ae85a-d86b-4110-8c01-6344648b06a8","nhfr_uid":77472393,"nhfr_facility_code":"10/25/1/1/1/0009","country":"Nigeria","iso":"NGA","state":"Delta","lga":"Warri South West","lga_name_disagreement":0,"ward":"Madangho","ward_name_disagreement":0,"facility_name":"Madagho Primary Health Center","facility_name_source":"NHFR_2024","ownership":"Public","ownership_type":"Local Government","facility_level":"Primary","facility_level_option":"Primary Health Center","latitude":5.600097656,"longitude":5.215515137,"geocoordinates_source":"GRID3_EHEALTH","last_updated":"2024-11-11"}},{"type":"Feature","id":12819,"geometry":{"type":"Point","coordinates":[5.19531250000006,6.14172363300003]},"properties":{"OBJECTID":12819,"globalid":"f1f72600-697e-4f37-8cba-8b185f6ba061","nhfr_uid":64739696,"nhfr_facility_code":"10/23/1/1/1/0016","country":"Nigeria","iso":"NGA","state":"Delta","lga":"Warri North","lga_name_disagreement":0,"ward":"Ogbudugbudu","ward_name_disagreement":1,"facility_name":"Ogbudugbudu Primary Health Center","facility_name_source":"NHFR_2024","ownership":"Public","ownership_type":"Unknown","facility_level":"Primary","facility_level_option":"Primary Health Center","latitude":6.141723633,"longitude":5.1953125,"geocoordinates_source":"GRID3_EHEALTH","last_updated":"2024-11-11"}},{"type":"Feature","id":12820,"geometry":{"type":"Point","coordinates":[5.27471923800005,5.59649658200004]},"properties":{"OBJECTID":12820,"globalid":"e565e35c-89cb-4da5-8188-396e71f49c7b","nhfr_uid":59199405,"nhfr_facility_code":"10/25/1/1/1/0001","country":"Nigeria","iso":"NGA","state":"Delta","lga":"Warri South West","lga_name_disagreement":0,"ward":"Oporaza","ward_name_disagreement":1,"facility_name":"Oporoza Primary Health Center","facility_name_source":"NHFR_2024","ownership":"Public","ownership_type":"Local Government","facility_level":"Primary","facility_level_option":"Primary Health Center","latitude":5.596496582,"longitude":5.274719238,"geocoordinates_source":"GRID3_EHEALTH","last_updated":"2024-11-11"}},{"type":"Feature","id":12821,"geometry":{"type":"Point","coordinates":[5.13549804700006,5.77972412100007]},"properties":{"OBJECTID":12821,"globalid":"40a51e55-68fa-485c-a2ec-014247b0f4c7","nhfr_uid":74153909,"nhfr_facility_code":"10/23/1/1/1/0005","country":"Nigeria","iso":"NGA","state":"Delta","lga":"Warri North","lga_name_disagreement":0,"ward":"Ogbinbiri","ward_name_disagreement":1,"facility_name":"Bateren Primary Health Center","facility_name_source":"NHFR_2024","ownership":"Public","ownership_type":"Unknown","facility_level":"Primary","facility_level_option":"Primary Health Center","latitude":5.779724121,"longitude":5.135498047,"geocoordinates_source":"GRID3_EHEALTH","last_updated":"2024-11-11"}},{"type":"Feature","id":12822,"geometry":{"type":"Point","coordinates":[5.28710937500006,5.42651367200006]},"properties":{"OBJECTID":12822,"globalid":"8307a6da-fb94-47bb-9ad2-446fb333699b","nhfr_uid":21177514,"nhfr_facility_code":"10/04/1/2/2/0002","country":"Nigeria","iso":"NGA","state":"Delta","lga":"Burutu","lga_name_disagreement":0,"ward":"Egodor","ward_name_disagreement":1,"facility_name":"Sokebolou Primary Health Center","facility_name_source":"NHFR_2024","ownership":"Private","ownership_type":"Unknown","facility_level":"Secondary","facility_level_option":"Primary Health Center","latitude":5.426513672,"longitude":5.287109375,"geocoordinates_source":"GRID3_EHEALTH","last_updated":"2024-11-11"}},{"type":"Feature","id":12823,"geometry":{"type":"Point","coordinates":[5.18188476600005,5.55328369100005]},"properties":{"OBJECTID":12823,"globalid":"7c9b9548-a102-4142-95eb-ad8a17e677f8","nhfr_uid":86909389,"nhfr_facility_code":"10/25/1/2/1/0001","country":"Nigeria","iso":"NGA","state":"Delta","lga":"Warri South West","lga_name_disagreement":0,"ward":"Ogidingbe","ward_name_disagreement":1,"facility_name":"Ogidigben General Hospital","facility_name_source":"NHFR_2024","ownership":"Public","ownership_type":"Unknown","facility_level":"Secondary","facility_level_option":"General Hospital","latitude":5.553283691,"longitude":5.181884766,"geocoordinates_source":"GRID3_EHEALTH","last_updated":"2024-11-11"}},{"type":"Feature","id":12824,"geometry":{"type":"Point","coordinates":[6.23388671900005,5.93432617200006]},"properties":{"OBJECTID":12824,"globalid":"26731b02-fd92-400d-87f9-ff74c91d5693","nhfr_uid":12993901,"nhfr_facility_code":"10/21/1/1/2/0028","country":"Nigeria","iso":"NGA","state":"Delta","lga":"Ukwuani","lga_name_disagreement":0,"ward":"Akoku","ward_name_disagreement":0,"facility_name":"Umuaja Primary Health Care Center","facility_name_source":"NHFR_2024","ownership":"Public","ownership_type":"Local Government","facility_level":"Primary","facility_level_option":"Primary Health Center","latitude":5.934326172,"longitude":6.233886719,"geocoordinates_source":"GRID3_EHEALTH","last_updated":"2024-11-11"}},{"type":"Feature","id":12825,"geometry":{"type":"Point","coordinates":[6.22589111300005,5.91467285200002]},"properties":{"OBJECTID":12825,"globalid":"ac352a2c-e422-4ed4-8dc9-bcad3d6d74cb","nhfr_uid":42597329,"nhfr_facility_code":"10/21/1/1/2/0033","country":"Nigeria","iso":"NGA","state":"Delta","lga":"Ukwuani","lga_name_disagreement":0,"ward":"Umutu","ward_name_disagreement":0,"facility_name":"Umutu Health Clinic","facility_name_source":"NHFR_2024","ownership":"Private","ownership_type":"Unknown","facility_level":"Primary","facility_level_option":"Primary Health Center","latitude":5.914672852,"longitude":6.225891113,"geocoordinates_source":"GRID3_EHEALTH","last_updated":"2024-11-11"}},{"type":"Feature","id":12826,"geometry":{"type":"Point","coordinates":[6.23010253900003,5.92968750000006]},"properties":{"OBJECTID":12826,"globalid":"aac25b9a-172f-4a9d-b4ed-59abe179e45f","nhfr_uid":52204649,"nhfr_facility_code":"10/21/1/1/2/0005","country":"Nigeria","iso":"NGA","state":"Delta","lga":"Ukwuani","lga_name_disagreement":0,"ward":"Umutu","ward_name_disagreement":0,"facility_name":"Bik Nursing and Maternity Home","facility_name_source":"NHFR_2024","ownership":"Private","ownership_type":"For Profit","facility_level":"Primary","facility_level_option":"Primary Health Clinic","latitude":5.9296875,"longitude":6.230102539,"geocoordinates_source":"GRID3_EHEALTH","last_updated":"2024-11-11"}},{"type":"Feature","id":12827,"geometry":{"type":"Point","coordinates":[6.29412841800007,5.84130859400005]},"properties":{"OBJECTID":12827,"globalid":"768d91a8-fce1-4d62-b465-0e6742bdd778","nhfr_uid":43186976,"nhfr_facility_code":"10/21/1/1/2/0002","country":"Nigeria","iso":"NGA","state":"Delta","lga":"Ukwuani","lga_name_disagreement":0,"ward":"Akoku","ward_name_disagreement":0,"facility_name":"Akoku Uno Primary Health Care Center","facility_name_source":"NHFR_2024","ownership":"Public","ownership_type":"Local Government","facility_level":"Primary","facility_level_option":"Primary Health Center","latitude":5.841308594,"longitude":6.294128418,"geocoordinates_source":"GRID3_EHEALTH","last_updated":"2024-11-11"}},{"type":"Feature","id":12828,"geometry":{"type":"Point","coordinates":[6.22570800800003,5.90850830100004]},"properties":{"OBJECTID":12828,"globalid":"95b5a3d0-d6df-4616-b3c3-0cf5d8a8c49b","nhfr_uid":54573770,"nhfr_facility_code":"10/21/1/1/2/0032","country":"Nigeria","iso":"NGA","state":"Delta","lga":"Ukwuani","lga_name_disagreement":0,"ward":"Umutu","ward_name_disagreement":0,"facility_name":"Umutu General Hospital","facility_name_source":"NHFR_2024","ownership":"Public","ownership_type":"State Government","facility_level":"Secondary","facility_level_option":"Primary Health Center","latitude":5.908508301,"longitude":6.225708008,"geocoordinates_source":"GRID3_EHEALTH","last_updated":"2024-11-11"}},{"type":"Feature","id":12829,"geometry":{"type":"Point","coordinates":[6.18652343700006,5.87408447300004]},"properties":{"OBJECTID":12829,"globalid":"919470bf-2f4d-4ae3-84be-cd213e1a40fb","nhfr_uid":27851329,"nhfr_facility_code":"10/21/1/1/2/0023","country":"Nigeria","iso":"NGA","state":"Delta","lga":"Ukwuani","lga_name_disagreement":0,"ward":"Umukwata","ward_name_disagreement":0,"facility_name":"Owa Abbi Primary Health Care Center","facility_name_source":"NHFR_2024","ownership":"Public","ownership_type":"Local Government","facility_level":"Primary","facility_level_option":"Primary Health Center","latitude":5.874084473,"longitude":6.186523437,"geocoordinates_source":"GRID3_EHEALTH","last_updated":"2024-11-11"}},{"type":"Feature","id":12830,"geometry":{"type":"Point","coordinates":[6.27349853500004,5.81970214800003]},"properties":{"OBJECTID":12830,"globalid":"4c7fa0ab-a86a-4ca7-afb5-b402dad44c59","nhfr_uid":40671250,"nhfr_facility_code":"10/21/1/1/2/0010","country":"Nigeria","iso":"NGA","state":"Delta","lga":"Ukwuani","lga_name_disagreement":0,"ward":"Ebedei","ward_name_disagreement":0,"facility_name":"Ebedei Uno Primary Health Care Center","facility_name_source":"NHFR_2024","ownership":"Public","ownership_type":"Local Government","facility_level":"Primary","facility_level_option":"Primary Health Center","latitude":5.819702148,"longitude":6.273498535,"geocoordinates_source":"GRID3_EHEALTH","last_updated":"2024-11-11"}},{"type":"Feature","id":12831,"geometry":{"type":"Point","coordinates":[5.19390869100005,5.57531738300003]},"properties":{"OBJECTID":12831,"globalid":"771a5d4e-2016-4eb2-8b62-e941ad3c8e72","nhfr_uid":57323496,"nhfr_facility_code":"10/25/1/1/1/0003","country":"Nigeria","iso":"NGA","state":"Delta","lga":"Warri South West","lga_name_disagreement":0,"ward":"Ajudaibo","ward_name_disagreement":1,"facility_name":"Ajudiabo Primary Health Center","facility_name_source":"NHFR_2024","ownership":"Public","ownership_type":"Unknown","facility_level":"Primary","facility_level_option":"Primary Health Center","latitude":5.575317383,"longitude":5.193908691,"geocoordinates_source":"GRID3_EHEALTH","last_updated":"2024-11-11"}},{"type":"Feature","id":12832,"geometry":{"type":"Point","coordinates":[5.12451171900005,5.84008789100005]},"properties":{"OBJECTID":12832,"globalid":"1159149c-9acb-4a4a-83bd-bed8904feefc","nhfr_uid":69778069,"nhfr_facility_code":"10/23/1/1/1/0012","country":"Nigeria","iso":"NGA","state":"Delta","lga":"Warri North","lga_name_disagreement":0,"ward":"Gbokoda","ward_name_disagreement":0,"facility_name":"Gbokoda Primary Health Care","facility_name_source":"NHFR_2024","ownership":"Public","ownership_type":"Local Government","facility_level":"Primary","facility_level_option":"Primary Health Center","latitude":5.840087891,"longitude":5.124511719,"geocoordinates_source":"GRID3_EHEALTH","last_updated":"2024-11-11"}},{"type":"Feature","id":12833,"geometry":{"type":"Point","coordinates":[5.19409179700006,5.81488037100007]},"properties":{"OBJECTID":12833,"globalid":"717085b1-1917-4d5f-ae39-928970f6101d","nhfr_uid":67787291,"nhfr_facility_code":"10/23/1/1/1/0011","country":"Nigeria","iso":"NGA","state":"Delta","lga":"Warri North","lga_name_disagreement":0,"ward":"Eghoro","ward_name_disagreement":1,"facility_name":"Itisun Primary Health Center","facility_name_source":"NHFR_2024","ownership":"Public","ownership_type":"Local Government","facility_level":"Primary","facility_level_option":"Primary Health Center","latitude":5.814880371,"longitude":5.194091797,"geocoordinates_source":"GRID3_EHEALTH","last_updated":"2024-11-11"}},{"type":"Feature","id":12834,"geometry":{"type":"Point","coordinates":[5.18371582000003,5.59808349600007]},"properties":{"OBJECTID":12834,"globalid":"dcbb38cd-2fac-4af5-beb1-051af389d182","nhfr_uid":26669440,"nhfr_facility_code":"10/23/1/1/1/0002","country":"Nigeria","iso":"NGA","state":"Delta","lga":"Warri North","lga_name_disagreement":0,"ward":"Abigborode","ward_name_disagreement":1,"facility_name":"Abeugborodo Primary Health Center","facility_name_source":"NHFR_2024","ownership":"Public","ownership_type":"Local Government","facility_level":"Primary","facility_level_option":"Primary Health Center","latitude":5.598083496,"longitude":5.18371582,"geocoordinates_source":"GRID3_EHEALTH","last_updated":"2024-11-11"}},{"type":"Feature","id":12835,"geometry":{"type":"Point","coordinates":[5.06848144500003,5.90527343700006]},"properties":{"OBJECTID":12835,"globalid":"37648436-4dd6-4167-a163-403e1df5b5fb","nhfr_uid":52268519,"nhfr_facility_code":"10/23/1/1/1/0019","country":"Nigeria","iso":"NGA","state":"Delta","lga":"Warri North","lga_name_disagreement":0,"ward":"Opuama Ward 13","ward_name_disagreement":1,"facility_name":"Opuama Primary Health Center","facility_name_source":"NHFR_2024","ownership":"Public","ownership_type":"Unknown","facility_level":"Primary","facility_level_option":"Primary Health Center","latitude":5.905273437,"longitude":5.068481445,"geocoordinates_source":"GRID3_EHEALTH","last_updated":"2024-11-11"}},{"type":"Feature","id":12836,"geometry":{"type":"Point","coordinates":[5.44549560500008,5.99871826200007]},"properties":{"OBJECTID":12836,"globalid":"88c08fd9-a85f-4e37-bfc7-e77a96a192ff","nhfr_uid":73218401,"nhfr_facility_code":"10/23/1/1/1/0013","country":"Nigeria","iso":"NGA","state":"Delta","lga":"Warri North","lga_name_disagreement":0,"ward":"Koko","ward_name_disagreement":0,"facility_name":"Koko Primary Health Center","facility_name_source":"NHFR_2024","ownership":"Public","ownership_type":"Unknown","facility_level":"Primary","facility_level_option":"Primary Health Center","latitude":5.998718262,"longitude":5.445495605,"geocoordinates_source":"GRID3_EHEALTH","last_updated":"2024-11-11"}},{"type":"Feature","id":12837,"geometry":{"type":"Point","coordinates":[6.24987793000003,5.80548095700004]},"properties":{"OBJECTID":12837,"globalid":"5b6f7041-67b5-4e95-ad8d-ffb01cf14ff1","nhfr_uid":85695730,"nhfr_facility_code":"10/21/1/1/2/0031","country":"Nigeria","iso":"NGA","state":"Delta","lga":"Ukwuani","lga_name_disagreement":0,"ward":"Umukwata","ward_name_disagreement":0,"facility_name":"Umukwata Primary Health Care Center","facility_name_source":"NHFR_2024","ownership":"Public","ownership_type":"Local Government","facility_level":"Primary","facility_level_option":"Primary Health Center","latitude":5.805480957,"longitude":6.24987793,"geocoordinates_source":"GRID3_EHEALTH","last_updated":"2024-11-11"}},{"type":"Feature","id":12838,"geometry":{"type":"Point","coordinates":[6.16412353500004,5.75469970700004]},"properties":{"OBJECTID":12838,"globalid":"bda37dc8-378f-48a0-bcdd-95b5a552f6b8","nhfr_uid":61459276,"nhfr_facility_code":"10/21/1/2/2/0001","country":"Nigeria","iso":"NGA","state":"Delta","lga":"Ukwuani","lga_name_disagreement":0,"ward":"Umuebu","ward_name_disagreement":0,"facility_name":"Umuebu Primary Health Care Center","facility_name_source":"NHFR_2024","ownership":"Public","ownership_type":"Local Government","facility_level":"Primary","facility_level_option":"Primary Health Center","latitude":5.754699707,"longitude":6.164123535,"geocoordinates_source":"GRID3_EHEALTH","last_updated":"2024-11-11"}},{"type":"Feature","id":12839,"geometry":{"type":"Point","coordinates":[5.80548095700004,5.49932861300005]},"properties":{"OBJECTID":12839,"globalid":"7110a82d-c7e3-495d-aedd-6d0dc3266456","nhfr_uid":44724443,"nhfr_facility_code":"10/18/1/1/1/0006","country":"Nigeria","iso":"NGA","state":"Delta","lga":"Udu","lga_name_disagreement":0,"ward":"Ekete","ward_name_disagreement":0,"facility_name":"Ekete Primary Health Care Center","facility_name_source":"NHFR_2024","ownership":"Public","ownership_type":"Local Government","facility_level":"Primary","facility_level_option":"Primary Health Center","latitude":5.499328613,"longitude":5.805480957,"geocoordinates_source":"GRID3_EHEALTH","last_updated":"2024-11-11"}},{"type":"Feature","id":12840,"geometry":{"type":"Point","coordinates":[5.83410644500003,5.50671386700003]},"properties":{"OBJECTID":12840,"globalid":"99c170ef-6e6d-4ed5-a10a-0002884bf40c","nhfr_uid":67697251,"nhfr_facility_code":"10/18/1/2/2/0001","country":"Nigeria","iso":"NGA","state":"Delta","lga":"Udu","lga_name_disagreement":0,"ward":"Orhuruworun","ward_name_disagreement":0,"facility_name":"Orhuwhorun Primary Health Care Center","facility_name_source":"NHFR_2024","ownership":"Public","ownership_type":"Local Government","facility_level":"Primary","facility_level_option":"Primary Health Center","latitude":5.506713867,"longitude":5.834106445,"geocoordinates_source":"GRID3_EHEALTH","last_updated":"2024-11-11"}},{"type":"Feature","id":12841,"geometry":{"type":"Point","coordinates":[5.68109130900007,5.03027343700006]},"properties":{"OBJECTID":12841,"globalid":"bc043218-4ad6-46e7-98c3-7ad87e1b2295","nhfr_uid":85088251,"nhfr_facility_code":"10/04/1/1/1/0011","country":"Nigeria","iso":"NGA","state":"Delta","lga":"Burutu","lga_name_disagreement":0,"ward":"Ojobo","ward_name_disagreement":1,"facility_name":"Ojobo Government Hospital","facility_name_source":"NHFR_2024","ownership":"Public","ownership_type":"State Government","facility_level":"Secondary","facility_level_option":"Primary Health Center","latitude":5.030273437,"longitude":5.681091309,"geocoordinates_source":"GRID3_EHEALTH","last_updated":"2024-11-11"}},{"type":"Feature","id":12842,"geometry":{"type":"Point","coordinates":[5.34289550800003,5.35107421900005]},"properties":{"OBJECTID":12842,"globalid":"31aa2cf8-a41f-4fb0-ad90-616159187197","nhfr_uid":69106253,"nhfr_facility_code":"10/04/1/1/1/0010","country":"Nigeria","iso":"NGA","state":"Delta","lga":"Burutu","lga_name_disagreement":0,"ward":"Ogulagha","ward_name_disagreement":0,"facility_name":"Ogulagba Cottage Hospital","facility_name_source":"NHFR_2024","ownership":"Public","ownership_type":"Unknown","facility_level":"Primary","facility_level_option":"Unknown","latitude":5.351074219,"longitude":5.342895508,"geocoordinates_source":"GRID3_EHEALTH","last_updated":"2024-11-11"}},{"type":"Feature","id":12843,"geometry":{"type":"Point","coordinates":[5.43371582000003,5.35870361300005]},"properties":{"OBJECTID":12843,"globalid":"96072720-d328-45ef-8aab-de4dbd218bf7","nhfr_uid":60412046,"nhfr_facility_code":"10/04/1/1/1/0005","country":"Nigeria","iso":"NGA","state":"Delta","lga":"Burutu","lga_name_disagreement":0,"ward":"Ojobo","ward_name_disagreement":1,"facility_name":"Forcados Government Hospital","facility_name_source":"NHFR_2024","ownership":"Public","ownership_type":"Unknown","facility_level":"Primary","facility_level_option":"Primary Health Center","latitude":5.358703613,"longitude":5.43371582,"geocoordinates_source":"GRID3_EHEALTH","last_updated":"2024-11-11"}},{"type":"Feature","id":12844,"geometry":{"type":"Point","coordinates":[5.61608886700003,5.07409668000003]},"properties":{"OBJECTID":12844,"globalid":"ccc9007a-d655-48d2-a097-51036bef58d7","nhfr_uid":77023530,"nhfr_facility_code":"10/04/1/1/1/0001","country":"Nigeria","iso":"NGA","state":"Delta","lga":"Burutu","lga_name_disagreement":0,"ward":"Bolou Ndoro","ward_name_disagreement":1,"facility_name":"Bulou Ndoro Primary Health Center","facility_name_source":"NHFR_2024","ownership":"Public","ownership_type":"Unknown","facility_level":"Primary","facility_level_option":"Primary Health Center","latitude":5.07409668,"longitude":5.616088867,"geocoordinates_source":"GRID3_EHEALTH","last_updated":"2024-11-11"}},{"type":"Feature","id":12845,"geometry":{"type":"Point","coordinates":[5.57049560500008,5.15447998000008]},"properties":{"OBJECTID":12845,"globalid":"5e8a4437-cc9b-4f9d-9ea8-5832340522bc","nhfr_uid":45976389,"nhfr_facility_code":"10/04/1/1/1/0003","country":"Nigeria","iso":"NGA","state":"Delta","lga":"Burutu","lga_name_disagreement":0,"ward":"Obetebe","ward_name_disagreement":1,"facility_name":"Ekogbene Primary Health Center","facility_name_source":"NHFR_2024","ownership":"Public","ownership_type":"Unknown","facility_level":"Primary","facility_level_option":"Primary Health Center","latitude":5.15447998,"longitude":5.570495605,"geocoordinates_source":"GRID3_EHEALTH","last_updated":"2024-11-11"}},{"type":"Feature","id":12846,"geometry":{"type":"Point","coordinates":[5.83007812500006,5.21807861300005]},"properties":{"OBJECTID":12846,"globalid":"e8a918f4-8102-4848-857f-64d6b97fb537","nhfr_uid":14467950,"nhfr_facility_code":"10/03/1/1/1/0010","country":"Nigeria","iso":"NGA","state":"Delta","lga":"Bomadi","lga_name_disagreement":0,"ward":"Ugbeinma/Okoloba","ward_name_disagreement":0,"facility_name":"Ogbeinma Primary Health Center","facility_name_source":"NHFR_2024","ownership":"Public","ownership_type":"Local Government","facility_level":"Primary","facility_level_option":"Primary Health Center","latitude":5.218078613,"longitude":5.830078125,"geocoordinates_source":"GRID3_EHEALTH","last_updated":"2024-11-11"}},{"type":"Feature","id":12847,"geometry":{"type":"Point","coordinates":[5.83691406200006,5.24230957000003]},"properties":{"OBJECTID":12847,"globalid":"daa63aaf-7921-4e42-aa6c-9459533ef549","nhfr_uid":74039560,"nhfr_facility_code":"10/03/1/1/1/0001","country":"Nigeria","iso":"NGA","state":"Delta","lga":"Bomadi","lga_name_disagreement":0,"ward":"Akugbene 1","ward_name_disagreement":1,"facility_name":"Akugbene Primary Health Center","facility_name_source":"NHFR_2024","ownership":"Public","ownership_type":"Local Government","facility_level":"Primary","facility_level_option":"Primary Health Center","latitude":5.24230957,"longitude":5.836914062,"geocoordinates_source":"GRID3_EHEALTH","last_updated":"2024-11-11"}},{"type":"Feature","id":12848,"geometry":{"type":"Point","coordinates":[5.85352000000006,5.42982000000006]},"properties":{"OBJECTID":12848,"globalid":"6e4813d4-8a91-43aa-8da7-b63ea4df239c","nhfr_uid":85203539,"nhfr_facility_code":"10/18/1/1/2/0008","country":"Nigeria","iso":"NGA","state":"Delta","lga":"Udu","lga_name_disagreement":0,"ward":"Otor-Udu","ward_name_disagreement":1,"facility_name":"Oghior Primary Health Care Center","facility_name_source":"NHFR_2024","ownership":"Public","ownership_type":"Local Government","facility_level":"Primary","facility_level_option":"Primary Health Center","latitude":5.42982,"longitude":5.85352,"geocoordinates_source":"NHFR_2024","last_updated":"2024-11-11"}},{"type":"Feature","id":12849,"geometry":{"type":"Point","coordinates":[5.78833007800006,5.08428955100004]},"properties":{"OBJECTID":12849,"globalid":"a5605b59-22ed-4254-8ebb-e359960bcfc7","nhfr_uid":22265465,"nhfr_facility_code":"10/04/1/1/2/0003","country":"Nigeria","iso":"NGA","state":"Delta","lga":"Burutu","lga_name_disagreement":0,"ward":"Tamigbe","ward_name_disagreement":1,"facility_name":"Tamigbe Primary Health Care Center","facility_name_source":"NHFR_2024","ownership":"Public","ownership_type":"Local Government","facility_level":"Primary","facility_level_option":"Primary Health Center","latitude":5.084289551,"longitude":5.788330078,"geocoordinates_source":"GRID3_EHEALTH","last_updated":"2024-11-11"}},{"type":"Feature","id":12850,"geometry":{"type":"Point","coordinates":[5.79827880900007,5.08392334000007]},"properties":{"OBJECTID":12850,"globalid":"9bd303bf-7264-4a32-bb93-bf6a48a25f77","nhfr_uid":82275154,"nhfr_facility_code":"10/04/1/1/1/0014","country":"Nigeria","iso":"NGA","state":"Delta","lga":"Burutu","lga_name_disagreement":0,"ward":"Tuomo","ward_name_disagreement":1,"facility_name":"Tobegbe Primary Health Center","facility_name_source":"NHFR_2024","ownership":"Public","ownership_type":"Local Government","facility_level":"Primary","facility_level_option":"Primary Health Center","latitude":5.08392334,"longitude":5.798278809,"geocoordinates_source":"GRID3_EHEALTH","last_updated":"2024-11-11"}},{"type":"Feature","id":12851,"geometry":{"type":"Point","coordinates":[5.81512451200007,5.08392334000007]},"properties":{"OBJECTID":12851,"globalid":"72d6de63-84b4-4af3-b562-b2d293f977d0","nhfr_uid":56689291,"nhfr_facility_code":"10/04/1/2/1/0006","country":"Nigeria","iso":"NGA","state":"Delta","lga":"Burutu","lga_name_disagreement":0,"ward":"Tuomo","ward_name_disagreement":1,"facility_name":"Ogbobagbene Primary Health Center","facility_name_source":"NHFR_2024","ownership":"Public","ownership_type":"Local Government","facility_level":"Primary","facility_level_option":"Primary Health Center","latitude":5.08392334,"longitude":5.815124512,"geocoordinates_source":"GRID3_EHEALTH","last_updated":"2024-11-11"}},{"type":"Feature","id":12852,"geometry":{"type":"Point","coordinates":[5.84027099600007,5.17248535200002]},"properties":{"OBJECTID":12852,"globalid":"ea149f53-403b-453c-83b8-8a1d59227584","nhfr_uid":66922060,"nhfr_facility_code":"10/04/1/1/1/0013","country":"Nigeria","iso":"NGA","state":"Delta","lga":"Burutu","lga_name_disagreement":0,"ward":"Eseinbiri","ward_name_disagreement":1,"facility_name":"Okpokunou Primary Health Care Center","facility_name_source":"NHFR_2024","ownership":"Public","ownership_type":"Local Government","facility_level":"Primary","facility_level_option":"Primary Health Center","latitude":5.172485352,"longitude":5.840270996,"geocoordinates_source":"GRID3_EHEALTH","last_updated":"2024-11-11"}},{"type":"Feature","id":12853,"geometry":{"type":"Point","coordinates":[5.91412353500004,5.16870117200006]},"properties":{"OBJECTID":12853,"globalid":"42dd464b-dbd5-49fc-abe3-fb54b8e73905","nhfr_uid":59550047,"nhfr_facility_code":"10/03/1/2/1/0002","country":"Nigeria","iso":"NGA","state":"Delta","lga":"Bomadi","lga_name_disagreement":0,"ward":"Bomadi","ward_name_disagreement":1,"facility_name":"Bomadi Bomadi General Hospital","facility_name_source":"NHFR_2024","ownership":"Public","ownership_type":"State Government","facility_level":"Secondary","facility_level_option":"General Hospital","latitude":5.168701172,"longitude":5.914123535,"geocoordinates_source":"GRID3_EHEALTH","last_updated":"2024-11-11"}},{"type":"Feature","id":12854,"geometry":{"type":"Point","coordinates":[5.80371093700006,5.20947265600006]},"properties":{"OBJECTID":12854,"globalid":"777ec801-8488-45b8-bf46-673f7fd5392c","nhfr_uid":35989491,"nhfr_facility_code":"10/03/1/1/1/0004","country":"Nigeria","iso":"NGA","state":"Delta","lga":"Bomadi","lga_name_disagreement":0,"ward":"Esanma","ward_name_disagreement":1,"facility_name":"Esanma Primary Health Center","facility_name_source":"NHFR_2024","ownership":"Public","ownership_type":"Local Government","facility_level":"Primary","facility_level_option":"Primary Health Center","latitude":5.209472656,"longitude":5.803710937,"geocoordinates_source":"GRID3_EHEALTH","last_updated":"2024-11-11"}},{"type":"Feature","id":12855,"geometry":{"type":"Point","coordinates":[5.87451171900005,5.10467529300007]},"properties":{"OBJECTID":12855,"globalid":"878950e9-2de2-437f-8b08-a9ec5a384516","nhfr_uid":50188092,"nhfr_facility_code":"10/04/1/1/1/0015","country":"Nigeria","iso":"NGA","state":"Delta","lga":"Burutu","lga_name_disagreement":0,"ward":"Tuomo","ward_name_disagreement":1,"facility_name":"Tuomo Primary Health Care Center","facility_name_source":"NHFR_2024","ownership":"Public","ownership_type":"Local Government","facility_level":"Primary","facility_level_option":"Primary Health Center","latitude":5.104675293,"longitude":5.874511719,"geocoordinates_source":"GRID3_EHEALTH","last_updated":"2024-11-11"}},{"type":"Feature","id":12856,"geometry":{"type":"Point","coordinates":[5.92132568400007,5.15692138700007]},"properties":{"OBJECTID":12856,"globalid":"16fb5683-e267-45ac-9a5d-80ac0e48df85","nhfr_uid":38936347,"nhfr_facility_code":"10/03/1/1/1/0002","country":"Nigeria","iso":"NGA","state":"Delta","lga":"Bomadi","lga_name_disagreement":0,"ward":"Bomadi","ward_name_disagreement":1,"facility_name":"Amazing Grace God Clinic","facility_name_source":"NHFR_2024","ownership":"Private","ownership_type":"For Profit","facility_level":"Primary","facility_level_option":"Primary Health Center","latitude":5.156921387,"longitude":5.921325684,"geocoordinates_source":"GRID3_EHEALTH","last_updated":"2024-11-11"}},{"type":"Feature","id":12857,"geometry":{"type":"Point","coordinates":[5.91729736300005,5.16528320300006]},"properties":{"OBJECTID":12857,"globalid":"bf35d36a-6c52-4774-b1ee-8b00387cc765","nhfr_uid":22384341,"nhfr_facility_code":"10/03/1/1/1/0015","country":"Nigeria","iso":"NGA","state":"Delta","lga":"Bomadi","lga_name_disagreement":0,"ward":"Bomadi","ward_name_disagreement":1,"facility_name":"Our Lady Of The Water Primary Health Center","facility_name_source":"NHFR_2024","ownership":"Private","ownership_type":"For Profit","facility_level":"Primary","facility_level_option":"Primary Health Center","latitude":5.165283203,"longitude":5.917297363,"geocoordinates_source":"GRID3_EHEALTH","last_updated":"2024-11-11"}},{"type":"Feature","id":12858,"geometry":{"type":"Point","coordinates":[6.30090332000003,6.03192138700007]},"properties":{"OBJECTID":12858,"globalid":"765ce199-5540-4413-9749-01b714ef6819","nhfr_uid":37870328,"nhfr_facility_code":"10/08/1/1/2/0009","country":"Nigeria","iso":"NGA","state":"Delta","lga":"Ika South","lga_name_disagreement":0,"ward":"Ekuku Agbor","ward_name_disagreement":0,"facility_name":"Agbor Alindinma Government Hospital","facility_name_source":"NHFR_2024","ownership":"Public","ownership_type":"State Government","facility_level":"Secondary","facility_level_option":"Primary Health Center","latitude":6.031921387,"longitude":6.30090332,"geocoordinates_source":"GRID3_EHEALTH","last_updated":"2024-11-11"}},{"type":"Feature","id":12859,"geometry":{"type":"Point","coordinates":[6.32531738300003,6.25671386700003]},"properties":{"OBJECTID":12859,"globalid":"051ed827-a1c0-4263-9553-de1d41b0b6d9","nhfr_uid":52067567,"nhfr_facility_code":"10/07/1/1/1/0026","country":"Nigeria","iso":"NGA","state":"Delta","lga":"Ika North East","lga_name_disagreement":0,"ward":"Akumazi","ward_name_disagreement":0,"facility_name":"Akumazi Primary Health Care Center","facility_name_source":"NHFR_2024","ownership":"Public","ownership_type":"Local Government","facility_level":"Primary","facility_level_option":"Primary Health Center","latitude":6.256713867,"longitude":6.325317383,"geocoordinates_source":"GRID3_EHEALTH","last_updated":"2024-11-11"}},{"type":"Feature","id":12860,"geometry":{"type":"Point","coordinates":[5.79968261700003,5.49871826200007]},"properties":{"OBJECTID":12860,"globalid":"62fbda79-c7e2-42e0-8788-3db009985445","nhfr_uid":55570308,"nhfr_facility_code":"10/18/1/2/2/0039","country":"Nigeria","iso":"NGA","state":"Delta","lga":"Udu","lga_name_disagreement":0,"ward":"Ekete","ward_name_disagreement":0,"facility_name":"Lonia Hospital Clinic","facility_name_source":"NHFR_2024","ownership":"Private","ownership_type":"For Profit","facility_level":"Secondary","facility_level_option":"Primary Health Center","latitude":5.498718262,"longitude":5.799682617,"geocoordinates_source":"GRID3_EHEALTH","last_updated":"2024-11-11"}},{"type":"Feature","id":12861,"geometry":{"type":"Point","coordinates":[5.80169677700007,5.54028320300006]},"properties":{"OBJECTID":12861,"globalid":"26410333-db87-4e42-9240-f974cdc4df85","nhfr_uid":64324083,"nhfr_facility_code":"10/18/1/1/1/0010","country":"Nigeria","iso":"NGA","state":"Delta","lga":"Udu","lga_name_disagreement":0,"ward":"Opete","ward_name_disagreement":0,"facility_name":"Opete Primary Health Care Center","facility_name_source":"NHFR_2024","ownership":"Public","ownership_type":"Local Government","facility_level":"Primary","facility_level_option":"Primary Health Center","latitude":5.540283203,"longitude":5.801696777,"geocoordinates_source":"GRID3_EHEALTH","last_updated":"2024-11-11"}},{"type":"Feature","id":12862,"geometry":{"type":"Point","coordinates":[5.78527832000003,5.49688720700004]},"properties":{"OBJECTID":12862,"globalid":"63d10b54-ada0-4aec-a219-83d0bb14d1c3","nhfr_uid":83937313,"nhfr_facility_code":"10/18/1/1/2/0010","country":"Nigeria","iso":"NGA","state":"Delta","lga":"Udu","lga_name_disagreement":0,"ward":"Ovwian","ward_name_disagreement":0,"facility_name":"Ovwian Primary Health Care Center","facility_name_source":"NHFR_2024","ownership":"Public","ownership_type":"Local Government","facility_level":"Primary","facility_level_option":"Primary Health Center","latitude":5.496887207,"longitude":5.78527832,"geocoordinates_source":"GRID3_EHEALTH","last_updated":"2024-11-11"}},{"type":"Feature","id":12863,"geometry":{"type":"Point","coordinates":[5.80651855500003,5.49987793000003]},"properties":{"OBJECTID":12863,"globalid":"8b083c3a-3fee-4826-9e40-ca2a96029aa0","nhfr_uid":47676082,"nhfr_facility_code":"10/18/1/1/2/0002","country":"Nigeria","iso":"NGA","state":"Delta","lga":"Udu","lga_name_disagreement":0,"ward":"Ekete","ward_name_disagreement":0,"facility_name":"Hebrew Nursing and Maternity Home","facility_name_source":"NHFR_2024","ownership":"Private","ownership_type":"For Profit","facility_level":"Primary","facility_level_option":"Primary Health Center","latitude":5.49987793,"longitude":5.806518555,"geocoordinates_source":"GRID3_EHEALTH","last_updated":"2024-11-11"}},{"type":"Feature","id":12864,"geometry":{"type":"Point","coordinates":[6.28332519500003,6.02032470700004]},"properties":{"OBJECTID":12864,"globalid":"9cad1945-2a4e-4676-89ff-3a4757b88f77","nhfr_uid":25689725,"nhfr_facility_code":"10/12/1/2/1/0002","country":"Nigeria","iso":"NGA","state":"Delta","lga":"Ndokwa West","lga_name_disagreement":1,"ward":"Ndemili","ward_name_disagreement":1,"facility_name":"Ndemili Primary Health Care Center","facility_name_source":"NHFR_2024","ownership":"Public","ownership_type":"Local Government","facility_level":"Primary","facility_level_option":"Primary Health Center","latitude":6.020324707,"longitude":6.283325195,"geocoordinates_source":"GRID3_EHEALTH","last_updated":"2024-11-11"}},{"type":"Feature","id":12865,"geometry":{"type":"Point","coordinates":[6.31408691400003,6.01568603500004]},"properties":{"OBJECTID":12865,"globalid":"00724832-9b77-4eaa-aad7-c1f893dbb2f4","nhfr_uid":57822931,"nhfr_facility_code":"10/12/1/1/2/0015","country":"Nigeria","iso":"NGA","state":"Delta","lga":"Ndokwa West","lga_name_disagreement":1,"ward":"Ndemili","ward_name_disagreement":1,"facility_name":"Ulogwe Isumpe Primary Health Care Center","facility_name_source":"NHFR_2024","ownership":"Public","ownership_type":"Local Government","facility_level":"Primary","facility_level_option":"Primary Health Center","latitude":6.015686035,"longitude":6.314086914,"geocoordinates_source":"GRID3_EHEALTH","last_updated":"2024-11-11"}},{"type":"Feature","id":12866,"geometry":{"type":"Point","coordinates":[6.08728027300003,6.27648925800003]},"properties":{"OBJECTID":12866,"globalid":"96e732fd-4c1b-46d0-a2b7-aad1c7097665","nhfr_uid":49076026,"nhfr_facility_code":"10/08/1/1/2/0006","country":"Nigeria","iso":"NGA","state":"Delta","lga":"Ika South","lga_name_disagreement":0,"ward":"Alihagwu","ward_name_disagreement":1,"facility_name":"Alifekede Primary Health Center","facility_name_source":"NHFR_2024","ownership":"Private","ownership_type":"Unknown","facility_level":"Primary","facility_level_option":"Primary Health Center","latitude":6.276489258,"longitude":6.087280273,"geocoordinates_source":"GRID3_EHEALTH","last_updated":"2024-11-11"}},{"type":"Feature","id":12867,"geometry":{"type":"Point","coordinates":[6.17468261700003,6.10211181600005]},"properties":{"OBJECTID":12867,"globalid":"ea138b13-2b56-4b82-a532-aed2c24882ca","nhfr_uid":33833392,"nhfr_facility_code":"10/08/1/1/1/0024","country":"Nigeria","iso":"NGA","state":"Delta","lga":"Ika South","lga_name_disagreement":0,"ward":"Oyoko","ward_name_disagreement":1,"facility_name":"Oyoko Primary Health Center","facility_name_source":"NHFR_2024","ownership":"Public","ownership_type":"Unknown","facility_level":"Primary","facility_level_option":"Primary Health Center","latitude":6.102111816,"longitude":6.174682617,"geocoordinates_source":"GRID3_EHEALTH","last_updated":"2024-11-11"}},{"type":"Feature","id":12868,"geometry":{"type":"Point","coordinates":[6.27490234400005,6.30487060500008]},"properties":{"OBJECTID":12868,"globalid":"f5d2daa2-7029-4c5a-8a2f-d56cf9f074e6","nhfr_uid":21673633,"nhfr_facility_code":"10/07/1/1/1/0007","country":"Nigeria","iso":"NGA","state":"Delta","lga":"Ika North East","lga_name_disagreement":0,"ward":"Mbiri","ward_name_disagreement":0,"facility_name":"Mbiri Primary Health Care Center","facility_name_source":"NHFR_2024","ownership":"Public","ownership_type":"Local Government","facility_level":"Primary","facility_level_option":"Primary Health Center","latitude":6.304870605,"longitude":6.274902344,"geocoordinates_source":"GRID3_EHEALTH","last_updated":"2024-11-11"}},{"type":"Feature","id":12869,"geometry":{"type":"Point","coordinates":[6.30749511700003,6.24548339800003]},"properties":{"OBJECTID":12869,"globalid":"29810698-8394-4f04-bb7b-8247db7bc19f","nhfr_uid":17438401,"nhfr_facility_code":"10/07/1/1/1/0012","country":"Nigeria","iso":"NGA","state":"Delta","lga":"Ika North East","lga_name_disagreement":0,"ward":"Umunede","ward_name_disagreement":0,"facility_name":"Umunede Government Hospital","facility_name_source":"NHFR_2024","ownership":"Public","ownership_type":"State Government","facility_level":"Secondary","facility_level_option":"Primary Health Center","latitude":6.245483398,"longitude":6.307495117,"geocoordinates_source":"GRID3_EHEALTH","last_updated":"2024-11-11"}},{"type":"Feature","id":12870,"geometry":{"type":"Point","coordinates":[6.24127197300004,6.17187500000006]},"properties":{"OBJECTID":12870,"globalid":"0fc27b0b-f850-449e-a84f-b85090900db9","nhfr_uid":27653860,"nhfr_facility_code":"10/07/1/1/2/0006","country":"Nigeria","iso":"NGA","state":"Delta","lga":"Ika North East","lga_name_disagreement":0,"ward":"Idumuesah","ward_name_disagreement":0,"facility_name":"Idumuesah Primary Health Care Center","facility_name_source":"NHFR_2024","ownership":"Public","ownership_type":"Local Government","facility_level":"Primary","facility_level_option":"Primary Health Center","latitude":6.171875,"longitude":6.241271973,"geocoordinates_source":"GRID3_EHEALTH","last_updated":"2024-11-11"}},{"type":"Feature","id":12871,"geometry":{"type":"Point","coordinates":[5.83648681600005,5.85931396500007]},"properties":{"OBJECTID":12871,"globalid":"aa9800e2-f350-4acb-882d-731b8c373236","nhfr_uid":25567768,"nhfr_facility_code":"10/06/1/1/1/0005","country":"Nigeria","iso":"NGA","state":"Delta","lga":"Ethiope West","lga_name_disagreement":0,"ward":"Jesse 2","ward_name_disagreement":0,"facility_name":"Irhodo Primary Health Center","facility_name_source":"NHFR_2024","ownership":"Public","ownership_type":"Local Government","facility_level":"Primary","facility_level_option":"Primary Health Center","latitude":5.859313965,"longitude":5.836486816,"geocoordinates_source":"GRID3_EHEALTH","last_updated":"2024-11-11"}},{"type":"Feature","id":12872,"geometry":{"type":"Point","coordinates":[5.77569580100004,5.91851806600005]},"properties":{"OBJECTID":12872,"globalid":"01e95c5e-9cff-4067-bb00-9f5dc6460edf","nhfr_uid":15670803,"nhfr_facility_code":"10/06/1/1/1/0010","country":"Nigeria","iso":"NGA","state":"Delta","lga":"Ethiope West","lga_name_disagreement":0,"ward":"Mosogar 2","ward_name_disagreement":1,"facility_name":"Ugbokpa Primary Health Center","facility_name_source":"NHFR_2024","ownership":"Public","ownership_type":"Local Government","facility_level":"Primary","facility_level_option":"Primary Health Center","latitude":5.918518066,"longitude":5.775695801,"geocoordinates_source":"GRID3_EHEALTH","last_updated":"2024-11-11"}},{"type":"Feature","id":12873,"geometry":{"type":"Point","coordinates":[5.73168945300006,5.90368652300003]},"properties":{"OBJECTID":12873,"globalid":"eab6dce2-4b40-42bf-81f2-68771a4624d0","nhfr_uid":29288602,"nhfr_facility_code":"10/06/1/2/2/0002","country":"Nigeria","iso":"NGA","state":"Delta","lga":"Ethiope West","lga_name_disagreement":0,"ward":"Mosogar 1","ward_name_disagreement":0,"facility_name":"Mosogar Town Primary Health Center","facility_name_source":"NHFR_2024","ownership":"Public","ownership_type":"Local Government","facility_level":"Primary","facility_level_option":"Primary Health Center","latitude":5.903686523,"longitude":5.731689453,"geocoordinates_source":"GRID3_EHEALTH","last_updated":"2024-11-11"}},{"type":"Feature","id":12874,"geometry":{"type":"Point","coordinates":[6.10211181600005,5.79052734400005]},"properties":{"OBJECTID":12874,"globalid":"0fdc17b9-c900-4d96-a232-fc01a6cae139","nhfr_uid":17743383,"nhfr_facility_code":"10/05/1/1/1/0001","country":"Nigeria","iso":"NGA","state":"Delta","lga":"Ethiope East","lga_name_disagreement":0,"ward":"Abraka","ward_name_disagreement":0,"facility_name":"Abraka Po Primary Health Center","facility_name_source":"NHFR_2024","ownership":"Public","ownership_type":"Local Government","facility_level":"Primary","facility_level_option":"Primary Health Center","latitude":5.790527344,"longitude":6.102111816,"geocoordinates_source":"GRID3_EHEALTH","last_updated":"2024-11-11"}},{"type":"Feature","id":12875,"geometry":{"type":"Point","coordinates":[6.10290527300003,5.79528808600003]},"properties":{"OBJECTID":12875,"globalid":"0fbae49a-bb02-4268-a5dc-9692977cb93a","nhfr_uid":75516937,"nhfr_facility_code":"10/05/1/1/1/0009","country":"Nigeria","iso":"NGA","state":"Delta","lga":"Ethiope East","lga_name_disagreement":0,"ward":"Abraka","ward_name_disagreement":1,"facility_name":"Majoroh Clinic","facility_name_source":"NHFR_2024","ownership":"Public","ownership_type":"Unknown","facility_level":"Primary","facility_level_option":"Primary Health Clinic","latitude":5.795288086,"longitude":6.102905273,"geocoordinates_source":"GRID3_EHEALTH","last_updated":"2024-11-11"}},{"type":"Feature","id":12876,"geometry":{"type":"Point","coordinates":[6.30712890600006,6.08190918000003]},"properties":{"OBJECTID":12876,"globalid":"a10fd75c-73eb-43d6-bc05-8018fd35e2f1","nhfr_uid":80616927,"nhfr_facility_code":"10/08/1/2/1/0002","country":"Nigeria","iso":"NGA","state":"Delta","lga":"Ika South","lga_name_disagreement":0,"ward":"Ekuku Agbor","ward_name_disagreement":0,"facility_name":"Ekuku Agbor Primary Health Center","facility_name_source":"NHFR_2024","ownership":"Public","ownership_type":"Local Government","facility_level":"Primary","facility_level_option":"Primary Health Center","latitude":6.08190918,"longitude":6.307128906,"geocoordinates_source":"GRID3_EHEALTH","last_updated":"2024-11-11"}},{"type":"Feature","id":12877,"geometry":{"type":"Point","coordinates":[6.24511718800005,6.05767822300004]},"properties":{"OBJECTID":12877,"globalid":"ebef5f11-b2fe-46a3-a499-82bf29379394","nhfr_uid":13213018,"nhfr_facility_code":"10/08/1/1/1/0035","country":"Nigeria","iso":"NGA","state":"Delta","lga":"Ika South","lga_name_disagreement":0,"ward":"Oyoko","ward_name_disagreement":1,"facility_name":"Obiayima Primary Health Center","facility_name_source":"NHFR_2024","ownership":"Public","ownership_type":"Unknown","facility_level":"Primary","facility_level_option":"Primary Health Center","latitude":6.057678223,"longitude":6.245117188,"geocoordinates_source":"GRID3_EHEALTH","last_updated":"2024-11-11"}},{"type":"Feature","id":12878,"geometry":{"type":"Point","coordinates":[5.92352294900007,5.15972900400004]},"properties":{"OBJECTID":12878,"globalid":"b6445b4d-2ee2-45c5-842a-253b5080791f","nhfr_uid":14867985,"nhfr_facility_code":"10/03/1/1/1/0003","country":"Nigeria","iso":"NGA","state":"Delta","lga":"Bomadi","lga_name_disagreement":0,"ward":"Bomadi","ward_name_disagreement":1,"facility_name":"Bomadi Primary Health Center","facility_name_source":"NHFR_2024","ownership":"Public","ownership_type":"Local Government","facility_level":"Primary","facility_level_option":"Primary Health Center","latitude":5.159729004,"longitude":5.923522949,"geocoordinates_source":"GRID3_EHEALTH","last_updated":"2024-11-11"}},{"type":"Feature","id":12879,"geometry":{"type":"Point","coordinates":[5.37170410200002,5.29412841800007]},"properties":{"OBJECTID":12879,"globalid":"906f3c32-3aaa-46c4-b510-fb5d327c39d4","nhfr_uid":73266115,"nhfr_facility_code":"10/04/1/2/1/0005","country":"Nigeria","iso":"NGA","state":"Delta","lga":"Burutu","lga_name_disagreement":0,"ward":"Ogulagha","ward_name_disagreement":0,"facility_name":"Odimodi Primary Health Center","facility_name_source":"NHFR_2024","ownership":"Public","ownership_type":"Unknown","facility_level":"Secondary","facility_level_option":"Primary Health Center","latitude":5.294128418,"longitude":5.371704102,"geocoordinates_source":"GRID3_EHEALTH","last_updated":"2024-11-11"}},{"type":"Feature","id":12880,"geometry":{"type":"Point","coordinates":[6.31390380900007,6.26788330100004]},"properties":{"OBJECTID":12880,"globalid":"1092dcbf-9e7b-4fa4-909f-3ab248dc066d","nhfr_uid":40104637,"nhfr_facility_code":"10/07/1/1/1/0013","country":"Nigeria","iso":"NGA","state":"Delta","lga":"Ika North East","lga_name_disagreement":0,"ward":"Umunede","ward_name_disagreement":0,"facility_name":"Umunede Primary Health Care Center","facility_name_source":"NHFR_2024","ownership":"Public","ownership_type":"Local Government","facility_level":"Primary","facility_level_option":"Primary Health Center","latitude":6.267883301,"longitude":6.313903809,"geocoordinates_source":"GRID3_EHEALTH","last_updated":"2024-11-11"}},{"type":"Feature","id":12881,"geometry":{"type":"Point","coordinates":[5.67407226600005,5.03009033200004]},"properties":{"OBJECTID":12881,"globalid":"078ab47f-bd8e-44d4-a618-917fdcf4a43c","nhfr_uid":84569044,"nhfr_facility_code":"10/04/1/1/1/0012","country":"Nigeria","iso":"NGA","state":"Delta","lga":"Burutu","lga_name_disagreement":0,"ward":"Ojobo","ward_name_disagreement":1,"facility_name":"Ojobo Primary Health Care Center","facility_name_source":"NHFR_2024","ownership":"Public","ownership_type":"Local Government","facility_level":"Primary","facility_level_option":"Primary Health Center","latitude":5.030090332,"longitude":5.674072266,"geocoordinates_source":"GRID3_EHEALTH","last_updated":"2024-11-11"}},{"type":"Feature","id":12882,"geometry":{"type":"Point","coordinates":[6.29888916000004,6.21551513700007]},"properties":{"OBJECTID":12882,"globalid":"c1c2fea1-5c32-4552-ba5d-08941ecd2619","nhfr_uid":77397762,"nhfr_facility_code":"10/07/1/1/2/0009","country":"Nigeria","iso":"NGA","state":"Delta","lga":"Ika North East","lga_name_disagreement":0,"ward":"Otolokpo","ward_name_disagreement":0,"facility_name":"Otolokpo Primary Health Care Center","facility_name_source":"NHFR_2024","ownership":"Public","ownership_type":"Local Government","facility_level":"Primary","facility_level_option":"Primary Health Center","latitude":6.215515137,"longitude":6.29888916,"geocoordinates_source":"GRID3_EHEALTH","last_updated":"2024-11-11"}},{"type":"Feature","id":12883,"geometry":{"type":"Point","coordinates":[5.81311035200002,5.88067627000004]},"properties":{"OBJECTID":12883,"globalid":"3ba5e618-0e93-4806-bf75-94c241f3008b","nhfr_uid":62853423,"nhfr_facility_code":"10/06/1/1/2/0004","country":"Nigeria","iso":"NGA","state":"Delta","lga":"Ethiope West","lga_name_disagreement":0,"ward":"Jesse 2","ward_name_disagreement":0,"facility_name":"Ugbevwe Government Ugbevwe Jesse Hospital","facility_name_source":"NHFR_2024","ownership":"Public","ownership_type":"State Government","facility_level":"Secondary","facility_level_option":"Primary Health Center","latitude":5.88067627,"longitude":5.813110352,"geocoordinates_source":"GRID3_EHEALTH","last_updated":"2024-11-11"}},{"type":"Feature","id":12884,"geometry":{"type":"Point","coordinates":[5.74127197300004,5.90490722700002]},"properties":{"OBJECTID":12884,"globalid":"8fbb43af-b0b6-4846-b8d1-ccce476c554f","nhfr_uid":69125059,"nhfr_facility_code":"10/06/1/2/2/0001","country":"Nigeria","iso":"NGA","state":"Delta","lga":"Ethiope West","lga_name_disagreement":0,"ward":"Mosogar 2","ward_name_disagreement":1,"facility_name":"Mosogar Cottage Hospital","facility_name_source":"NHFR_2024","ownership":"Public","ownership_type":"Local Government","facility_level":"Primary","facility_level_option":"Primary Health Center","latitude":5.904907227,"longitude":5.741271973,"geocoordinates_source":"GRID3_EHEALTH","last_updated":"2024-11-11"}},{"type":"Feature","id":12885,"geometry":{"type":"Point","coordinates":[5.94488525400004,5.16632080100004]},"properties":{"OBJECTID":12885,"globalid":"16a51d4e-48a3-4e5c-a1b7-ecdecddefef7","nhfr_uid":30986837,"nhfr_facility_code":"10/03/1/1/1/0008","country":"Nigeria","iso":"NGA","state":"Delta","lga":"Bomadi","lga_name_disagreement":0,"ward":"Kpakiama","ward_name_disagreement":1,"facility_name":"Kpakiama Primary Health Center","facility_name_source":"NHFR_2024","ownership":"Public","ownership_type":"Local Government","facility_level":"Primary","facility_level_option":"Primary Health Center","latitude":5.166320801,"longitude":5.944885254,"geocoordinates_source":"GRID3_EHEALTH","last_updated":"2024-11-11"}},{"type":"Feature","id":13551,"geometry":{"type":"Point","coordinates":[6.73229980500003,6.19812011700003]},"properties":{"OBJECTID":13551,"globalid":"90e3319f-e585-4ec2-8bc7-408909baf460","nhfr_uid":86323423,"nhfr_facility_code":"10/15/1/2/2/0029","country":"Nigeria","iso":"NGA","state":"Delta","lga":"Oshimili South","lga_name_disagreement":0,"ward":"Umuonaje","ward_name_disagreement":1,"facility_name":"Divine Victory Excel Clinic","facility_name_source":"NHFR_2024","ownership":"Private","ownership_type":"For Profit","facility_level":"Secondary","facility_level_option":"Unknown","latitude":6.198120117,"longitude":6.732299805,"geocoordinates_source":"GRID3_EHEALTH","last_updated":"2024-11-11"}},{"type":"Feature","id":13779,"geometry":{"type":"Point","coordinates":[6.14648437500006,5.82891845700004]},"properties":{"OBJECTID":13779,"globalid":"e863a832-5386-4817-a803-dfae0a03f0bc","nhfr_uid":61149933,"nhfr_facility_code":"10/21/1/1/2/0007","country":"Nigeria","iso":"NGA","state":"Delta","lga":"Ukwuani","lga_name_disagreement":0,"ward":"Ogbe Obiaruku","ward_name_disagreement":0,"facility_name":"Dominion Children Medical Centre","facility_name_source":"NHFR_2024","ownership":"Private","ownership_type":"For Profit","facility_level":"Secondary","facility_level_option":"Primary Health Clinic","latitude":5.828918457,"longitude":6.146484375,"geocoordinates_source":"GRID3_EHEALTH","last_updated":"2024-11-11"}},{"type":"Feature","id":13790,"geometry":{"type":"Point","coordinates":[6.13848877000004,5.84307861300005]},"properties":{"OBJECTID":13790,"globalid":"ce11b523-2b13-45a6-a0fc-3feee3133802","nhfr_uid":65649337,"nhfr_facility_code":"10/21/1/2/2/0002","country":"Nigeria","iso":"NGA","state":"Delta","lga":"Ukwuani","lga_name_disagreement":0,"ward":"Ogbe Obiaruku","ward_name_disagreement":0,"facility_name":"Veeray Clinic","facility_name_source":"NHFR_2024","ownership":"Private","ownership_type":"Unknown","facility_level":"Secondary","facility_level_option":"Primary Health Clinic","latitude":5.843078613,"longitude":6.13848877,"geocoordinates_source":"GRID3_EHEALTH","last_updated":"2024-11-11"}},{"type":"Feature","id":13791,"geometry":{"type":"Point","coordinates":[6.16088867200006,5.85131835900006]},"properties":{"OBJECTID":13791,"globalid":"be687c47-b358-4121-bfd0-c4771620e413","nhfr_uid":78244041,"nhfr_facility_code":"10/21/1/1/2/0013","country":"Nigeria","iso":"NGA","state":"Delta","lga":"Ukwuani","lga_name_disagreement":0,"ward":"Okuzu","ward_name_disagreement":1,"facility_name":"Queen Of The Apostles Catholic Hospital","facility_name_source":"NHFR_2024","ownership":"Private","ownership_type":"For Profit","facility_level":"Secondary","facility_level_option":"Unknown","latitude":5.851318359,"longitude":6.160888672,"geocoordinates_source":"GRID3_EHEALTH","last_updated":"2024-11-11"}},{"type":"Feature","id":13792,"geometry":{"type":"Point","coordinates":[6.14508056600005,5.85028076200007]},"properties":{"OBJECTID":13792,"globalid":"0ff837e9-10a8-4c96-8b6b-1ea1bdf87d28","nhfr_uid":62476881,"nhfr_facility_code":"10/21/1/1/2/0016","country":"Nigeria","iso":"NGA","state":"Delta","lga":"Ukwuani","lga_name_disagreement":0,"ward":"Ogbe Obiaruku","ward_name_disagreement":0,"facility_name":"Lady Tonia Nursing and Maternity Home","facility_name_source":"NHFR_2024","ownership":"Private","ownership_type":"For Profit","facility_level":"Primary","facility_level_option":"Primary Health Center","latitude":5.850280762,"longitude":6.145080566,"geocoordinates_source":"GRID3_EHEALTH","last_updated":"2024-11-11"}},{"type":"Feature","id":13793,"geometry":{"type":"Point","coordinates":[6.14532470700004,5.84729003900003]},"properties":{"OBJECTID":13793,"globalid":"eababaa4-87ab-49f8-a4b4-1802d3b79fec","nhfr_uid":71491131,"nhfr_facility_code":"10/21/1/1/1/0001","country":"Nigeria","iso":"NGA","state":"Delta","lga":"Ukwuani","lga_name_disagreement":0,"ward":"Ogbe Obiaruku","ward_name_disagreement":1,"facility_name":"Urban Obiaruku Health Center","facility_name_source":"NHFR_2024","ownership":"Public","ownership_type":"Unknown","facility_level":"Primary","facility_level_option":"Primary Health Center","latitude":5.847290039,"longitude":6.145324707,"geocoordinates_source":"GRID3_EHEALTH","last_updated":"2024-11-11"}},{"type":"Feature","id":13794,"geometry":{"type":"Point","coordinates":[6.15649414100005,5.84552002000004]},"properties":{"OBJECTID":13794,"globalid":"20ae308c-4067-4390-ae99-61feacb83dc5","nhfr_uid":15877365,"nhfr_facility_code":"10/21/1/1/2/0024","country":"Nigeria","iso":"NGA","state":"Delta","lga":"Ukwuani","lga_name_disagreement":0,"ward":"Okuzu","ward_name_disagreement":1,"facility_name":"Spring Hospital","facility_name_source":"NHFR_2024","ownership":"Private","ownership_type":"For Profit","facility_level":"Secondary","facility_level_option":"Primary Health Center","latitude":5.84552002,"longitude":6.156494141,"geocoordinates_source":"GRID3_EHEALTH","last_updated":"2024-11-11"}},{"type":"Feature","id":13795,"geometry":{"type":"Point","coordinates":[6.15332031200006,5.84350585900006]},"properties":{"OBJECTID":13795,"globalid":"0f887c00-1e74-414e-bfcb-81ebba92b6e5","nhfr_uid":57829709,"nhfr_facility_code":"10/21/1/1/2/0015","country":"Nigeria","iso":"NGA","state":"Delta","lga":"Ukwuani","lga_name_disagreement":0,"ward":"Okuzu","ward_name_disagreement":1,"facility_name":"Kem Nursing and Maternity Home","facility_name_source":"NHFR_2024","ownership":"Private","ownership_type":"For Profit","facility_level":"Primary","facility_level_option":"Primary Health Center","latitude":5.843505859,"longitude":6.153320312,"geocoordinates_source":"GRID3_EHEALTH","last_updated":"2024-11-11"}},{"type":"Feature","id":13796,"geometry":{"type":"Point","coordinates":[6.14489746100003,5.84588623000008]},"properties":{"OBJECTID":13796,"globalid":"4567cac1-7d26-4c92-bc0b-261a20ba0cc0","nhfr_uid":22796813,"nhfr_facility_code":"10/21/1/2/1/0001","country":"Nigeria","iso":"NGA","state":"Delta","lga":"Ukwuani","lga_name_disagreement":0,"ward":"Ogbe Obiaruku","ward_name_disagreement":1,"facility_name":"Obiaruku General Hospital","facility_name_source":"NHFR_2024","ownership":"Public","ownership_type":"Unknown","facility_level":"Secondary","facility_level_option":"General Hospital","latitude":5.84588623,"longitude":6.144897461,"geocoordinates_source":"GRID3_EHEALTH","last_updated":"2024-11-11"}},{"type":"Feature","id":13797,"geometry":{"type":"Point","coordinates":[5.81768798800005,5.43670654300007]},"properties":{"OBJECTID":13797,"globalid":"090ee0fa-65fc-4460-a527-bdb777444beb","nhfr_uid":34154115,"nhfr_facility_code":"10/18/1/1/1/0007","country":"Nigeria","iso":"NGA","state":"Delta","lga":"Udu","lga_name_disagreement":0,"ward":"Emadadja","ward_name_disagreement":0,"facility_name":"Emadadja Primary Health Care Center","facility_name_source":"NHFR_2024","ownership":"Public","ownership_type":"Local Government","facility_level":"Primary","facility_level_option":"Primary Health Center","latitude":5.436706543,"longitude":5.817687988,"geocoordinates_source":"GRID3_EHEALTH","last_updated":"2024-11-11"}},{"type":"Feature","id":13798,"geometry":{"type":"Point","coordinates":[5.50952148400006,5.35491943400007]},"properties":{"OBJECTID":13798,"globalid":"097e6846-f049-4c07-86b1-82708c8cd8aa","nhfr_uid":73103839,"nhfr_facility_code":"10/04/1/1/1/0007","country":"Nigeria","iso":"NGA","state":"Delta","lga":"Burutu","lga_name_disagreement":0,"ward":"Obetebe","ward_name_disagreement":1,"facility_name":"Burutu Government Hospital","facility_name_source":"NHFR_2024","ownership":"Public","ownership_type":"State Government","facility_level":"Secondary","facility_level_option":"Primary Health Center","latitude":5.354919434,"longitude":5.509521484,"geocoordinates_source":"GRID3_EHEALTH","last_updated":"2024-11-11"}},{"type":"Feature","id":13799,"geometry":{"type":"Point","coordinates":[5.80969238300003,5.30151367200006]},"properties":{"OBJECTID":13799,"globalid":"e2791aaa-3abe-4722-b5eb-f402b1cfd36f","nhfr_uid":81306150,"nhfr_facility_code":"10/03/1/1/1/0011","country":"Nigeria","iso":"NGA","state":"Delta","lga":"Bomadi","lga_name_disagreement":0,"ward":"Ogo / Eze","ward_name_disagreement":1,"facility_name":"Ogodobiri Ezebir Primary Health Center","facility_name_source":"NHFR_2024","ownership":"Public","ownership_type":"Local Government","facility_level":"Primary","facility_level_option":"Primary Health Center","latitude":5.301513672,"longitude":5.809692383,"geocoordinates_source":"GRID3_EHEALTH","last_updated":"2024-11-11"}},{"type":"Feature","id":13800,"geometry":{"type":"Point","coordinates":[5.83508300800003,5.44592285200002]},"properties":{"OBJECTID":13800,"globalid":"1c055f60-e8a3-4ba2-81f9-3a5da196dd26","nhfr_uid":67666222,"nhfr_facility_code":"10/18/1/1/1/0016","country":"Nigeria","iso":"NGA","state":"Delta","lga":"Udu","lga_name_disagreement":0,"ward":"Emadadja","ward_name_disagreement":0,"facility_name":"Ubogo Primary Health Care Center","facility_name_source":"NHFR_2024","ownership":"Public","ownership_type":"Local Government","facility_level":"Primary","facility_level_option":"Primary Health Center","latitude":5.445922852,"longitude":5.835083008,"geocoordinates_source":"GRID3_EHEALTH","last_updated":"2024-11-11"}},{"type":"Feature","id":13801,"geometry":{"type":"Point","coordinates":[6.26312255900007,6.27368164100005]},"properties":{"OBJECTID":13801,"globalid":"301e8093-ece7-4bec-bd43-be85cb543b0d","nhfr_uid":60524139,"nhfr_facility_code":"10/08/1/1/1/0013","country":"Nigeria","iso":"NGA","state":"Delta","lga":"Ika South","lga_name_disagreement":0,"ward":"Emuhu","ward_name_disagreement":0,"facility_name":"Emuhu Primary Health Center","facility_name_source":"NHFR_2024","ownership":"Public","ownership_type":"Local Government","facility_level":"Primary","facility_level_option":"Primary Health Center","latitude":6.273681641,"longitude":6.263122559,"geocoordinates_source":"GRID3_EHEALTH","last_updated":"2024-11-11"}},{"type":"Feature","id":13802,"geometry":{"type":"Point","coordinates":[6.21807861300005,6.20751953100006]},"properties":{"OBJECTID":13802,"globalid":"9b39dcd3-07e6-4178-86cd-f69f52fbc60b","nhfr_uid":78318589,"nhfr_facility_code":"10/07/1/1/2/0020","country":"Nigeria","iso":"NGA","state":"Delta","lga":"Ika North East","lga_name_disagreement":0,"ward":"Boji-Boji 1","ward_name_disagreement":1,"facility_name":"Victory Maternity Home","facility_name_source":"NHFR_2024","ownership":"Private","ownership_type":"For Profit","facility_level":"Primary","facility_level_option":"Primary Health Clinic","latitude":6.207519531,"longitude":6.218078613,"geocoordinates_source":"GRID3_EHEALTH","last_updated":"2024-11-11"}},{"type":"Feature","id":13803,"geometry":{"type":"Point","coordinates":[5.91070556600005,5.66687011700003]},"properties":{"OBJECTID":13803,"globalid":"f2e54c14-0440-4bdf-8865-a91e1b6db37b","nhfr_uid":78712542,"nhfr_facility_code":"10/05/1/1/1/0017","country":"Nigeria","iso":"NGA","state":"Delta","lga":"Ethiope East","lga_name_disagreement":0,"ward":"Ovu","ward_name_disagreement":0,"facility_name":"Ovorie Primary Health Center","facility_name_source":"NHFR_2024","ownership":"Public","ownership_type":"Local Government","facility_level":"Primary","facility_level_option":"Primary Health Center","latitude":5.666870117,"longitude":5.910705566,"geocoordinates_source":"GRID3_EHEALTH","last_updated":"2024-11-11"}},{"type":"Feature","id":13804,"geometry":{"type":"Point","coordinates":[5.75732421900005,5.98028564500004]},"properties":{"OBJECTID":13804,"globalid":"1c3170f9-8282-4254-ac47-e742b40f1900","nhfr_uid":32997226,"nhfr_facility_code":"10/06/1/1/2/0013","country":"Nigeria","iso":"NGA","state":"Delta","lga":"Ethiope West","lga_name_disagreement":0,"ward":"Ogharefe 1","ward_name_disagreement":0,"facility_name":"Otefe Primary Health Center","facility_name_source":"NHFR_2024","ownership":"Public","ownership_type":"Local Government","facility_level":"Primary","facility_level_option":"Primary Health Center","latitude":5.980285645,"longitude":5.757324219,"geocoordinates_source":"GRID3_EHEALTH","last_updated":"2024-11-11"}},{"type":"Feature","id":13805,"geometry":{"type":"Point","coordinates":[5.94830322300004,5.69787597700002]},"properties":{"OBJECTID":13805,"globalid":"57bf1aee-3cde-4e7a-9902-1e60e0045c74","nhfr_uid":83163013,"nhfr_facility_code":"10/05/1/1/1/0026","country":"Nigeria","iso":"NGA","state":"Delta","lga":"Ethiope East","lga_name_disagreement":0,"ward":"Okpara","ward_name_disagreement":1,"facility_name":"Okurekpo 2 Primary Health Center","facility_name_source":"NHFR_2024","ownership":"Public","ownership_type":"Local Government","facility_level":"Primary","facility_level_option":"Primary Health Center","latitude":5.697875977,"longitude":5.948303223,"geocoordinates_source":"GRID3_EHEALTH","last_updated":"2024-11-11"}},{"type":"Feature","id":13806,"geometry":{"type":"Point","coordinates":[5.71551513700007,5.37890625000006]},"properties":{"OBJECTID":13806,"globalid":"7eba0676-2a82-4c36-9b1a-b45813b78b1d","nhfr_uid":86048462,"nhfr_facility_code":"10/04/1/1/1/0006","country":"Nigeria","iso":"NGA","state":"Delta","lga":"Burutu","lga_name_disagreement":0,"ward":"Egodor","ward_name_disagreement":1,"facility_name":"Gbekebor Primary Health Center","facility_name_source":"NHFR_2024","ownership":"Public","ownership_type":"Local Government","facility_level":"Primary","facility_level_option":"Primary Health Center","latitude":5.37890625,"longitude":5.715515137,"geocoordinates_source":"GRID3_EHEALTH","last_updated":"2024-11-11"}},{"type":"Feature","id":13807,"geometry":{"type":"Point","coordinates":[5.51232910200002,5.35650634800004]},"properties":{"OBJECTID":13807,"globalid":"202efe5d-1821-43e9-a0d3-56b329cccede","nhfr_uid":64502245,"nhfr_facility_code":"10/04/1/1/2/0002","country":"Nigeria","iso":"NGA","state":"Delta","lga":"Burutu","lga_name_disagreement":0,"ward":"Obetebe","ward_name_disagreement":1,"facility_name":"Burutu Primary Health Care Center","facility_name_source":"NHFR_2024","ownership":"Public","ownership_type":"Local Government","facility_level":"Primary","facility_level_option":"Primary Health Center","latitude":5.356506348,"longitude":5.512329102,"geocoordinates_source":"GRID3_EHEALTH","last_updated":"2024-11-11"}},{"type":"Feature","id":13808,"geometry":{"type":"Point","coordinates":[6.18609619100005,6.19848632800006]},"properties":{"OBJECTID":13808,"globalid":"c3c3ba54-0e30-42ee-9bd0-a69b13289d8f","nhfr_uid":45419684,"nhfr_facility_code":"10/07/1/1/2/0011","country":"Nigeria","iso":"NGA","state":"Delta","lga":"Ika North East","lga_name_disagreement":0,"ward":"Owa-Oyibu","ward_name_disagreement":0,"facility_name":"Owa Alidinma Primary Health Care Center","facility_name_source":"NHFR_2024","ownership":"Public","ownership_type":"Local Government","facility_level":"Primary","facility_level_option":"Primary Health Center","latitude":6.198486328,"longitude":6.186096191,"geocoordinates_source":"GRID3_EHEALTH","last_updated":"2024-11-11"}},{"type":"Feature","id":13809,"geometry":{"type":"Point","coordinates":[5.70251464800003,5.95812988300003]},"properties":{"OBJECTID":13809,"globalid":"123394f1-32bf-4baf-b2f5-7c162779e7b1","nhfr_uid":40932473,"nhfr_facility_code":"10/06/1/3/1/0001","country":"Nigeria","iso":"NGA","state":"Delta","lga":"Ethiope West","lga_name_disagreement":0,"ward":"Ogharefe 1","ward_name_disagreement":0,"facility_name":"Delta State University Teaching Hospital","facility_name_source":"NHFR_2024","ownership":"Public","ownership_type":"State Government","facility_level":"Tertiary","facility_level_option":"Teaching/Tertiary Hospital","latitude":5.958129883,"longitude":5.702514648,"geocoordinates_source":"GRID3_EHEALTH","last_updated":"2024-11-11"}},{"type":"Feature","id":13832,"geometry":{"type":"Point","coordinates":[6.18609619100005,5.57867431600005]},"properties":{"OBJECTID":13832,"globalid":"94aab4ec-4fb5-446e-a84b-0d026a72dfff","nhfr_uid":51080944,"nhfr_facility_code":"10/02/1/2/1/0002","country":"Nigeria","iso":"NGA","state":"Delta","lga":"Isoko North","lga_name_disagreement":0,"ward":"Owhe 1","ward_name_disagreement":0,"facility_name":"Owhelogbo Government Hospital","facility_name_source":"NHFR_2024","ownership":"Public","ownership_type":"State Government","facility_level":"Secondary","facility_level_option":"Primary Health Center","latitude":5.578674316,"longitude":6.186096191,"geocoordinates_source":"GRID3_EHEALTH","last_updated":"2024-11-11"}},{"type":"Feature","id":14309,"geometry":{"type":"Point","coordinates":[6.71173095700004,6.20709228500004]},"properties":{"OBJECTID":14309,"globalid":"9ec6d582-3a5c-425a-b6ec-6d1a3408511e","nhfr_uid":27324118,"nhfr_facility_code":"10/15/1/1/2/0007","country":"Nigeria","iso":"NGA","state":"Delta","lga":"Oshimili South","lga_name_disagreement":0,"ward":"Umuezei","ward_name_disagreement":1,"facility_name":"Caify Surgery and Maternity Clinic","facility_name_source":"NHFR_2024","ownership":"Private","ownership_type":"Unknown","facility_level":"Primary","facility_level_option":"Primary Health Clinic","latitude":6.207092285,"longitude":6.711730957,"geocoordinates_source":"GRID3_EHEALTH","last_updated":"2024-11-11"}},{"type":"Feature","id":14361,"geometry":{"type":"Point","coordinates":[5.99788000000007,5.49444000000005]},"properties":{"OBJECTID":14361,"globalid":"d02650b0-a1c1-4476-8a58-735562828298","nhfr_uid":41941232,"nhfr_facility_code":"10/19/1/1/2/0005","country":"Nigeria","iso":"NGA","state":"Delta","lga":"Ughelli North","lga_name_disagreement":0,"ward":"Ughelli Urban 2","ward_name_disagreement":1,"facility_name":"Calvary Clinic","facility_name_source":"NHFR_2024","ownership":"Private","ownership_type":"For Profit","facility_level":"Secondary","facility_level_option":"Unknown","latitude":5.49444,"longitude":5.99788,"geocoordinates_source":"GRID3_EHEALTH","last_updated":"2024-11-11"}},{"type":"Feature","id":15500,"geometry":{"type":"Point","coordinates":[5.78731240000008,5.36764440000007]},"properties":{"OBJECTID":15500,"globalid":"c7897302-211f-4b38-99d9-8426c23bacc0","nhfr_uid":48617176,"nhfr_facility_code":"10/20/1/1/2/0002","country":"Nigeria","iso":"NGA","state":"Delta","lga":"Ughelli South","lga_name_disagreement":0,"ward":"Jeremi 3","ward_name_disagreement":0,"facility_name":"Exceeding Grace Okwagbe Health Center","facility_name_source":"NHFR_2024","ownership":"Private","ownership_type":"For Profit","facility_level":"Primary","facility_level_option":"Primary Health Center","latitude":5.3676444,"longitude":5.7873124,"geocoordinates_source":"GRID3_EHEALTH","last_updated":"2024-11-11"}},{"type":"Feature","id":15501,"geometry":{"type":"Point","coordinates":[6.15457333300003,5.63757833300002]},"properties":{"OBJECTID":15501,"globalid":"b5f53d33-743c-440e-bc5e-ade0559b886f","nhfr_uid":42298653,"nhfr_facility_code":"10/19/1/1/2/0024","country":"Nigeria","iso":"NGA","state":"Delta","lga":"Ughelli North","lga_name_disagreement":0,"ward":"Orogun 1","ward_name_disagreement":0,"facility_name":"Orogun Primary Health Center","facility_name_source":"NHFR_2024","ownership":"Public","ownership_type":"Local Government","facility_level":"Primary","facility_level_option":"Primary Health Center","latitude":5.637578333,"longitude":6.154573333,"geocoordinates_source":"GRID3_EHEALTH","last_updated":"2024-11-11"}},{"type":"Feature","id":15502,"geometry":{"type":"Point","coordinates":[6.16431000000006,5.56149500000004]},"properties":{"OBJECTID":15502,"globalid":"5f57a26d-4b6b-499d-b2f9-cf511c085c8f","nhfr_uid":67014636,"nhfr_facility_code":"10/09/1/1/1/0011","country":"Nigeria","iso":"NGA","state":"Delta","lga":"Isoko North","lga_name_disagreement":0,"ward":"Owhe 3","ward_name_disagreement":1,"facility_name":"Otibio Owhe Primary Health Center","facility_name_source":"NHFR_2024","ownership":"Public","ownership_type":"Local Government","facility_level":"Primary","facility_level_option":"Primary Health Center","latitude":5.561495,"longitude":6.16431,"geocoordinates_source":"GRID3_EHEALTH","last_updated":"2024-11-11"}},{"type":"Feature","id":15503,"geometry":{"type":"Point","coordinates":[6.12315530000006,6.28252870000006]},"properties":{"OBJECTID":15503,"globalid":"9b7d5ddf-2d0c-47ab-baf5-5cb964eee952","nhfr_uid":86461039,"nhfr_facility_code":"10/08/1/1/1/0004","country":"Nigeria","iso":"NGA","state":"Delta","lga":"Ika South","lga_name_disagreement":0,"ward":"Alihagwu","ward_name_disagreement":1,"facility_name":"Alienor Primary Health Center","facility_name_source":"NHFR_2024","ownership":"Public","ownership_type":"Local Government","facility_level":"Primary","facility_level_option":"Primary Health Center","latitude":6.2825287,"longitude":6.1231553,"geocoordinates_source":"GRID3_EHEALTH","last_updated":"2024-11-11"}},{"type":"Feature","id":15504,"geometry":{"type":"Point","coordinates":[5.87786833300004,5.50433000000004]},"properties":{"OBJECTID":15504,"globalid":"d99d2dc2-1774-4795-996b-c47dc47970a3","nhfr_uid":82493754,"nhfr_facility_code":"10/20/1/1/2/0022","country":"Nigeria","iso":"NGA","state":"Delta","lga":"Ughelli South","lga_name_disagreement":0,"ward":"Ekakpamre","ward_name_disagreement":0,"facility_name":"Usiefru Primary Health Center","facility_name_source":"NHFR_2024","ownership":"Public","ownership_type":"Local Government","facility_level":"Primary","facility_level_option":"Primary Health Center","latitude":5.50433,"longitude":5.877868333,"geocoordinates_source":"GRID3_EHEALTH","last_updated":"2024-11-11"}},{"type":"Feature","id":15505,"geometry":{"type":"Point","coordinates":[5.73203166700006,5.47772666700007]},"properties":{"OBJECTID":15505,"globalid":"b60ec439-ffdf-4d92-86be-84f578dd84fa","nhfr_uid":63035257,"nhfr_facility_code":"10/01/1/1/2/0001","country":"Nigeria","iso":"NGA","state":"Delta","lga":"Warri South West","lga_name_disagreement":0,"ward":"Okererenkoko","ward_name_disagreement":1,"facility_name":"Azama Primary Health Center","facility_name_source":"NHFR_2024","ownership":"Public","ownership_type":"Local Government","facility_level":"Primary","facility_level_option":"Primary Health Center","latitude":5.477726667,"longitude":5.732031667,"geocoordinates_source":"GRID3_EHEALTH","last_updated":"2024-11-11"}},{"type":"Feature","id":15902,"geometry":{"type":"Point","coordinates":[5.80047607400007,5.37707519500003]},"properties":{"OBJECTID":15902,"globalid":"bc0ce840-152f-41b9-ad63-947b4c5d7950","nhfr_uid":52108994,"nhfr_facility_code":"10/20/1/1/2/0026","country":"Nigeria","iso":"NGA","state":"Delta","lga":"Ughelli South","lga_name_disagreement":0,"ward":"Jeremi 3","ward_name_disagreement":0,"facility_name":"Aghogho Medical Complex and Maternity","facility_name_source":"NHFR_2024","ownership":"Private","ownership_type":"For Profit","facility_level":"Primary","facility_level_option":"Primary Health Center","latitude":5.377075195,"longitude":5.800476074,"geocoordinates_source":"GRID3_EHEALTH","last_updated":"2024-11-11"}},{"type":"Feature","id":16032,"geometry":{"type":"Point","coordinates":[5.76971435500008,5.57849121100003]},"properties":{"OBJECTID":16032,"globalid":"5ed4cb44-8b6b-46ba-a79d-cd97ce2e3669","nhfr_uid":66724968,"nhfr_facility_code":"10/22/1/2/1/0001","country":"Nigeria","iso":"NGA","state":"Delta","lga":"Uvwie","lga_name_disagreement":0,"ward":"Ohorhe","ward_name_disagreement":0,"facility_name":"3 Batallion Medical Reception Station","facility_name_source":"NHFR_2024","ownership":"Public","ownership_type":"Military & Paramilitary formations","facility_level":"Secondary","facility_level_option":"Unknown","latitude":5.578491211,"longitude":5.769714355,"geocoordinates_source":"GRID3_EHEALTH","last_updated":"2024-11-11"}},{"type":"Feature","id":16067,"geometry":{"type":"Point","coordinates":[5.67828369100005,5.89227294900007]},"properties":{"OBJECTID":16067,"globalid":"cb04764f-0b9f-4143-bbbb-c80bb876ecaf","nhfr_uid":70148899,"nhfr_facility_code":"10/17/1/1/1/0007","country":"Nigeria","iso":"NGA","state":"Delta","lga":"Sapele","lga_name_disagreement":0,"ward":"Etamua","ward_name_disagreement":1,"facility_name":"New Salvation Medical Center","facility_name_source":"NHFR_2024","ownership":"Public","ownership_type":"Unknown","facility_level":"Primary","facility_level_option":"Primary Health Center","latitude":5.892272949,"longitude":5.678283691,"geocoordinates_source":"GRID3_EHEALTH","last_updated":"2024-11-11"}},{"type":"Feature","id":16105,"geometry":{"type":"Point","coordinates":[5.88931000000002,5.63535000000007]},"properties":{"OBJECTID":16105,"globalid":"5d4e89be-98c8-40f0-9b14-0a08003a42ea","nhfr_uid":84183610,"nhfr_facility_code":"10/13/1/1/1/0008","country":"Nigeria","iso":"NGA","state":"Delta","lga":"Okpe","lga_name_disagreement":0,"ward":"Orerokpe","ward_name_disagreement":0,"facility_name":"Orerokpe Primary Health Care Center","facility_name_source":"NHFR_2024","ownership":"Public","ownership_type":"Local Government","facility_level":"Primary","facility_level_option":"Primary Health Center","latitude":5.63535,"longitude":5.88931,"geocoordinates_source":"NHFR_2024","last_updated":"2024-11-11"}},{"type":"Feature","id":16106,"geometry":{"type":"Point","coordinates":[6.72528076200007,6.20330810500008]},"properties":{"OBJECTID":16106,"globalid":"3553a768-167d-4b3e-b674-5dcfe4583957","nhfr_uid":37918263,"nhfr_facility_code":"10/15/1/1/2/0016","country":"Nigeria","iso":"NGA","state":"Delta","lga":"Oshimili South","lga_name_disagreement":0,"ward":"Umuagu","ward_name_disagreement":0,"facility_name":"Nwakaego Madumezia Memorial Medical Center","facility_name_source":"NHFR_2024","ownership":"Private","ownership_type":"For Profit","facility_level":"Secondary","facility_level_option":"Primary Health Center","latitude":6.203308105,"longitude":6.725280762,"geocoordinates_source":"GRID3_EHEALTH","last_updated":"2024-11-11"}},{"type":"Feature","id":16542,"geometry":{"type":"Point","coordinates":[5.70727539100005,5.17529296900005]},"properties":{"OBJECTID":16542,"globalid":"afbea584-9460-406e-b885-f1bc62201e40","nhfr_uid":50568618,"nhfr_facility_code":"10/04/1/1/2/0022","country":"Nigeria","iso":"NGA","state":"Delta","lga":"Burutu","lga_name_disagreement":0,"ward":"Eseinbiri","ward_name_disagreement":1,"facility_name":"New Foundation Christian Medical Charity, Enekorogha","facility_name_source":"NHFR_2024","ownership":"Private","ownership_type":"Not For Profit","facility_level":"Primary","facility_level_option":"Primary Health Clinic","latitude":5.175292969,"longitude":5.707275391,"geocoordinates_source":"GRID3_EHEALTH","last_updated":"2024-11-11"}},{"type":"Feature","id":16903,"geometry":{"type":"Point","coordinates":[6.06199878300004,5.39912817500004]},"properties":{"OBJECTID":16903,"globalid":"1afd0a5a-e5e1-4f36-8959-2840c125b4cc","nhfr_uid":71146387,"nhfr_facility_code":"10/19/1/1/1/0033","country":"Nigeria","iso":"NGA","state":"Delta","lga":"Ughelli North","lga_name_disagreement":0,"ward":"Evwreni","ward_name_disagreement":0,"facility_name":"Eni Evwreni Hospital","facility_name_source":"NHFR_2024","ownership":"Private","ownership_type":"For Profit","facility_level":"Secondary","facility_level_option":"Primary Health Clinic","latitude":5.39912817471,"longitude":6.06199878314,"geocoordinates_source":"GRID3_EHEALTH","last_updated":"2024-11-11"}},{"type":"Feature","id":18874,"geometry":{"type":"Point","coordinates":[6.30810546900005,6.26593017600004]},"properties":{"OBJECTID":18874,"globalid":"28453d2e-77bf-4053-b270-97a1e1b916aa","nhfr_uid":25991909,"nhfr_facility_code":"10/07/1/1/2/0018","country":"Nigeria","iso":"NGA","state":"Delta","lga":"Ika North East","lga_name_disagreement":0,"ward":"Umunede","ward_name_disagreement":0,"facility_name":"St Elizabeth Clinic and Maternity","facility_name_source":"NHFR_2024","ownership":"Private","ownership_type":"For Profit","facility_level":"Secondary","facility_level_option":"Primary Health Clinic","latitude":6.265930176,"longitude":6.308105469,"geocoordinates_source":"GRID3_EHEALTH","last_updated":"2024-11-11"}},{"type":"Feature","id":19297,"geometry":{"type":"Point","coordinates":[6.71411132800006,6.20672607400007]},"properties":{"OBJECTID":19297,"globalid":"2a72842e-63e6-4bbf-bf67-065deecc9a5e","nhfr_uid":48741936,"nhfr_facility_code":"10/15/1/1/2/0002","country":"Nigeria","iso":"NGA","state":"Delta","lga":"Oshimili South","lga_name_disagreement":0,"ward":"Umuagu","ward_name_disagreement":0,"facility_name":"Fidmed Medical Laboratory","facility_name_source":"NHFR_2024","ownership":"Private","ownership_type":"Unknown","facility_level":"Primary","facility_level_option":"Primary Health Clinic","latitude":6.206726074,"longitude":6.714111328,"geocoordinates_source":"GRID3_EHEALTH","last_updated":"2024-11-11"}},{"type":"Feature","id":20558,"geometry":{"type":"Point","coordinates":[6.16870117200006,5.16632080100004]},"properties":{"OBJECTID":20558,"globalid":"378b4b0c-f05f-47ec-9fa1-7fffd1312df0","nhfr_uid":80817465,"nhfr_facility_code":"10/16/1/1/1/0003","country":"Nigeria","iso":"NGA","state":"Delta","lga":"Patani","lga_name_disagreement":0,"ward":"Agaloma","ward_name_disagreement":0,"facility_name":"Agoloma Primary Health Center","facility_name_source":"NHFR_2024","ownership":"Public","ownership_type":"Local Government","facility_level":"Primary","facility_level_option":"Primary Health Center","latitude":5.166320801,"longitude":6.168701172,"geocoordinates_source":"GRID3_EHEALTH","last_updated":"2024-11-11"}},{"type":"Feature","id":21083,"geometry":{"type":"Point","coordinates":[6.52148437500006,6.27789306600005]},"properties":{"OBJECTID":21083,"globalid":"d44a3883-af29-4267-b93b-0eb3fe0b52b0","nhfr_uid":16175474,"nhfr_facility_code":"10/02/1/1/1/0023","country":"Nigeria","iso":"NGA","state":"Delta","lga":"Aniocha South","lga_name_disagreement":0,"ward":"Ubulu-Okiti","ward_name_disagreement":0,"facility_name":"Mother and Child Maternity Home Hospital and Maternity Home","facility_name_source":"NHFR_2024","ownership":"Private","ownership_type":"For Profit","facility_level":"Primary","facility_level_option":"Primary Health Center","latitude":6.277893066,"longitude":6.521484375,"geocoordinates_source":"GRID3_EHEALTH","last_updated":"2024-11-11"}},{"type":"Feature","id":21207,"geometry":{"type":"Point","coordinates":[6.70550537100007,6.19873046900005]},"properties":{"OBJECTID":21207,"globalid":"23cf870c-3aa2-4f6d-b682-a6bcdc662ff7","nhfr_uid":28510397,"nhfr_facility_code":"10/15/1/1/2/0015","country":"Nigeria","iso":"NGA","state":"Delta","lga":"Oshimili South","lga_name_disagreement":0,"ward":"Umuonaje","ward_name_disagreement":1,"facility_name":"Mother and Child Maternity Home Hospital and Maternity Home","facility_name_source":"NHFR_2024","ownership":"Private","ownership_type":"For Profit","facility_level":"Primary","facility_level_option":"Primary Health Clinic","latitude":6.198730469,"longitude":6.705505371,"geocoordinates_source":"GRID3_EHEALTH","last_updated":"2024-11-11"}},{"type":"Feature","id":21622,"geometry":{"type":"Point","coordinates":[6.53192138700007,6.19287109400005]},"properties":{"OBJECTID":21622,"globalid":"ddb80b58-4950-4a38-bd02-89edffbdd0df","nhfr_uid":85735487,"nhfr_facility_code":"10/02/1/1/2/0007","country":"Nigeria","iso":"NGA","state":"Delta","lga":"Aniocha South","lga_name_disagreement":0,"ward":"Otulu","ward_name_disagreement":1,"facility_name":"Mother Of Mercy Hospital","facility_name_source":"NHFR_2024","ownership":"Private","ownership_type":"For Profit","facility_level":"Secondary","facility_level_option":"Primary Health Center","latitude":6.192871094,"longitude":6.531921387,"geocoordinates_source":"GRID3_EHEALTH","last_updated":"2024-11-11"}},{"type":"Feature","id":22415,"geometry":{"type":"Point","coordinates":[6.31719000000004,6.27065000000005]},"properties":{"OBJECTID":22415,"globalid":"b0f8be76-6a91-4316-a9ce-67106cac6903","nhfr_uid":30830739,"nhfr_facility_code":"10/07/1/1/2/0002","country":"Nigeria","iso":"NGA","state":"Delta","lga":"Ika North East","lga_name_disagreement":0,"ward":"Umunede","ward_name_disagreement":0,"facility_name":"All Grace Nursing and Maternity Home","facility_name_source":"NHFR_2024","ownership":"Private","ownership_type":"For Profit","facility_level":"Primary","facility_level_option":"Primary Health Center","latitude":6.27065,"longitude":6.31719,"geocoordinates_source":"GRID3_EHEALTH","last_updated":"2024-11-11"}},{"type":"Feature","id":22836,"geometry":{"type":"Point","coordinates":[5.81163000000004,5.49838000000005]},"properties":{"OBJECTID":22836,"globalid":"8823246c-496e-400c-beb7-cde89f19da55","nhfr_uid":29529689,"nhfr_facility_code":"10/18/1/1/1/0036","country":"Nigeria","iso":"NGA","state":"Delta","lga":"Udu","lga_name_disagreement":0,"ward":"Orhuruworun","ward_name_disagreement":1,"facility_name":"Dsc Hospital","facility_name_source":"NHFR_2024","ownership":"Private","ownership_type":"For Profit","facility_level":"Primary","facility_level_option":"Unknown","latitude":5.49838,"longitude":5.81163,"geocoordinates_source":"GRID3_EHEALTH","last_updated":"2024-11-11"}},{"type":"Feature","id":23244,"geometry":{"type":"Point","coordinates":[5.63181400000008,5.95136570000005]},"properties":{"OBJECTID":23244,"globalid":"c19b3e8e-8716-4a1d-b27e-bdae8d523691","nhfr_uid":20589091,"nhfr_facility_code":"10/06/1/2/2/0003","country":"Nigeria","iso":"NGA","state":"Delta","lga":"Ethiope West","lga_name_disagreement":0,"ward":"Oghareki 2","ward_name_disagreement":1,"facility_name":"Oghareki Model Primary Health Center","facility_name_source":"NHFR_2024","ownership":"Public","ownership_type":"Local Government","facility_level":"Primary","facility_level_option":"Primary Health Center","latitude":5.9513657,"longitude":5.631814,"geocoordinates_source":"GRID3_EHEALTH","last_updated":"2024-11-11"}},{"type":"Feature","id":23277,"geometry":{"type":"Point","coordinates":[6.37470000000008,5.48472000000004]},"properties":{"OBJECTID":23277,"globalid":"76e97034-f361-43f3-b994-76169156a6d8","nhfr_uid":63846761,"nhfr_facility_code":"10/11/1/1/1/0011","country":"Nigeria","iso":"NGA","state":"Delta","lga":"Ndokwa East","lga_name_disagreement":0,"ward":"Azagba/Ibedeni","ward_name_disagreement":1,"facility_name":"Azagba Primary Health Center","facility_name_source":"NHFR_2024","ownership":"Public","ownership_type":"Local Government","facility_level":"Primary","facility_level_option":"Primary Health Center","latitude":5.48472,"longitude":6.3747,"geocoordinates_source":"GRID3_EHEALTH","last_updated":"2024-11-11"}},{"type":"Feature","id":23282,"geometry":{"type":"Point","coordinates":[5.81541000000004,5.46297000000004]},"properties":{"OBJECTID":23282,"globalid":"f9a55d3e-26c6-48a2-a3ac-033eaba545c0","nhfr_uid":25558310,"nhfr_facility_code":"10/18/1/1/2/0013","country":"Nigeria","iso":"NGA","state":"Delta","lga":"Udu","lga_name_disagreement":0,"ward":"Egini","ward_name_disagreement":0,"facility_name":"Ujevwu Primary Health Care Center","facility_name_source":"NHFR_2024","ownership":"Public","ownership_type":"For Profit","facility_level":"Primary","facility_level_option":"Primary Health Center","latitude":5.46297,"longitude":5.81541,"geocoordinates_source":"NHFR_2024","last_updated":"2024-11-11"}},{"type":"Feature","id":23283,"geometry":{"type":"Point","coordinates":[6.19821000000007,6.25354000000004]},"properties":{"OBJECTID":23283,"globalid":"5964dfa8-fba0-49fc-85e3-900e41b6bc8c","nhfr_uid":36337022,"nhfr_facility_code":"10/08/1/1/2/0002","country":"Nigeria","iso":"NGA","state":"Delta","lga":"Ika South","lga_name_disagreement":0,"ward":"Boji-Boji 2 Agbor","ward_name_disagreement":0,"facility_name":"Agbor Model Primary Health Center","facility_name_source":"NHFR_2024","ownership":"Private","ownership_type":"Unknown","facility_level":"Primary","facility_level_option":"Primary Health Center","latitude":6.25354,"longitude":6.19821,"geocoordinates_source":"GRID3_EHEALTH","last_updated":"2024-11-11"}},{"type":"Feature","id":23316,"geometry":{"type":"Point","coordinates":[6.26147460900006,5.44830322300004]},"properties":{"OBJECTID":23316,"globalid":"a5b94208-fdef-48e9-a0c5-9483dc88615f","nhfr_uid":18574411,"nhfr_facility_code":"10/09/1/1/1/0016","country":"Nigeria","iso":"NGA","state":"Delta","lga":"Isoko North","lga_name_disagreement":1,"ward":"Oyede","ward_name_disagreement":1,"facility_name":"Oyede Primary Health Center","facility_name_source":"NHFR_2024","ownership":"Public","ownership_type":"Local Government","facility_level":"Primary","facility_level_option":"Primary Health Center","latitude":5.448303223,"longitude":6.261474609,"geocoordinates_source":"GRID3_EHEALTH","last_updated":"2024-11-11"}},{"type":"Feature","id":23324,"geometry":{"type":"Point","coordinates":[5.97772216800007,5.57452392600004]},"properties":{"OBJECTID":23324,"globalid":"ea35fc81-4b03-4e6f-afc0-c84e435d6670","nhfr_uid":26235011,"nhfr_facility_code":"10/05/1/1/1/0014","country":"Nigeria","iso":"NGA","state":"Delta","lga":"Ethiope East","lga_name_disagreement":0,"ward":"Orhroakpo","ward_name_disagreement":1,"facility_name":"Orhoakpo Health Center","facility_name_source":"NHFR_2024","ownership":"Public","ownership_type":"Local Government","facility_level":"Primary","facility_level_option":"Primary Health Center","latitude":5.574523926,"longitude":5.977722168,"geocoordinates_source":"GRID3_EHEALTH","last_updated":"2024-11-11"}},{"type":"Feature","id":23325,"geometry":{"type":"Point","coordinates":[5.70428466800007,6.01147460900006]},"properties":{"OBJECTID":23325,"globalid":"8e0754a7-646e-4aa6-a689-b275480db666","nhfr_uid":61445090,"nhfr_facility_code":"10/06/1/1/1/0007","country":"Nigeria","iso":"NGA","state":"Delta","lga":"Ethiope West","lga_name_disagreement":0,"ward":"Ogharefe 3","ward_name_disagreement":1,"facility_name":"Ovade Primary Health Center","facility_name_source":"NHFR_2024","ownership":"Public","ownership_type":"Local Government","facility_level":"Primary","facility_level_option":"Primary Health Center","latitude":6.011474609,"longitude":5.704284668,"geocoordinates_source":"GRID3_EHEALTH","last_updated":"2024-11-11"}},{"type":"Feature","id":23339,"geometry":{"type":"Point","coordinates":[6.17199166700004,6.25015166700007]},"properties":{"OBJECTID":23339,"globalid":"beec7012-ecb7-49ef-82b0-34322cd01b68","nhfr_uid":79951831,"nhfr_facility_code":"10/08/1/1/1/0003","country":"Nigeria","iso":"NGA","state":"Delta","lga":"Ika South","lga_name_disagreement":0,"ward":"Agbor Nta","ward_name_disagreement":1,"facility_name":"Alihame Primary Health Center","facility_name_source":"NHFR_2024","ownership":"Public","ownership_type":"Local Government","facility_level":"Primary","facility_level_option":"Primary Health Center","latitude":6.250151667,"longitude":6.171991667,"geocoordinates_source":"GRID3_EHEALTH","last_updated":"2024-11-11"}},{"type":"Feature","id":23362,"geometry":{"type":"Point","coordinates":[5.86876000000007,5.45180000000005]},"properties":{"OBJECTID":23362,"globalid":"d1c423ba-3ee8-45c9-8c0f-00a7692302a7","nhfr_uid":63416877,"nhfr_facility_code":"10/18/1/1/2/0009","country":"Nigeria","iso":"NGA","state":"Delta","lga":"Udu","lga_name_disagreement":0,"ward":"Otor-Udu","ward_name_disagreement":0,"facility_name":"Otor Udu Primary Health Care Center","facility_name_source":"NHFR_2024","ownership":"Public","ownership_type":"Local Government","facility_level":"Primary","facility_level_option":"Primary Health Center","latitude":5.4518,"longitude":5.86876,"geocoordinates_source":"GRID3_EHEALTH","last_updated":"2024-11-11"}},{"type":"Feature","id":23370,"geometry":{"type":"Point","coordinates":[5.87969000000004,5.46485000000007]},"properties":{"OBJECTID":23370,"globalid":"8123134c-2ed4-43a3-8b10-cbf96054a730","nhfr_uid":63897436,"nhfr_facility_code":"10/20/1/1/1/0002","country":"Nigeria","iso":"NGA","state":"Delta","lga":"Ughelli South","lga_name_disagreement":1,"ward":"Jeremi 1","ward_name_disagreement":1,"facility_name":"Edjophe Primary Health Center","facility_name_source":"NHFR_2024","ownership":"Public","ownership_type":"Local Government","facility_level":"Primary","facility_level_option":"Primary Health Center","latitude":5.46485,"longitude":5.87969,"geocoordinates_source":"GRID3_EHEALTH","last_updated":"2024-11-11"}},{"type":"Feature","id":23421,"geometry":{"type":"Point","coordinates":[5.79254000000003,5.49950000000007]},"properties":{"OBJECTID":23421,"globalid":"54e23471-4ddd-40e6-aae3-441f289496c0","nhfr_uid":61453465,"nhfr_facility_code":"10/18/1/1/2/0003","country":"Nigeria","iso":"NGA","state":"Delta","lga":"Udu","lga_name_disagreement":0,"ward":"Ovwian","ward_name_disagreement":1,"facility_name":"Kwofia Clinic and Maternity","facility_name_source":"NHFR_2024","ownership":"Private","ownership_type":"For Profit","facility_level":"Primary","facility_level_option":"Unknown","latitude":5.4995,"longitude":5.79254,"geocoordinates_source":"GRID3_EHEALTH","last_updated":"2024-11-11"}},{"type":"Feature","id":23429,"geometry":{"type":"Point","coordinates":[6.14331054700006,6.22509765600006]},"properties":{"OBJECTID":23429,"globalid":"190b1f49-8c5f-46fb-b154-ff1691e32aa1","nhfr_uid":79600628,"nhfr_facility_code":"10/08/1/1/2/0003","country":"Nigeria","iso":"NGA","state":"Delta","lga":"Ika South","lga_name_disagreement":0,"ward":"Agbor Nta","ward_name_disagreement":1,"facility_name":"Agbor Nta Primary Health Center","facility_name_source":"NHFR_2024","ownership":"Public","ownership_type":"Local Government","facility_level":"Primary","facility_level_option":"Primary Health Center","latitude":6.225097656,"longitude":6.143310547,"geocoordinates_source":"GRID3_EHEALTH","last_updated":"2024-11-11"}},{"type":"Feature","id":23430,"geometry":{"type":"Point","coordinates":[6.17633056600005,6.13708496100003]},"properties":{"OBJECTID":23430,"globalid":"42ab9549-3d0e-4772-b83b-414277fb0f17","nhfr_uid":60239858,"nhfr_facility_code":"10/08/1/1/1/0035","country":"Nigeria","iso":"NGA","state":"Delta","lga":"Ika South","lga_name_disagreement":0,"ward":"Udomi/Azuowa","ward_name_disagreement":1,"facility_name":"Udomi Alizomor Primary Health Care","facility_name_source":"NHFR_2024","ownership":"Public","ownership_type":"Local Government","facility_level":"Primary","facility_level_option":"Primary Health Center","latitude":6.137084961,"longitude":6.176330566,"geocoordinates_source":"GRID3_EHEALTH","last_updated":"2024-11-11"}},{"type":"Feature","id":23434,"geometry":{"type":"Point","coordinates":[5.77447509800004,5.54449462900004]},"properties":{"OBJECTID":23434,"globalid":"ab890b61-d473-426e-a18a-e4f542f8d041","nhfr_uid":55010386,"nhfr_facility_code":"10/22/1/2/2/0001","country":"Nigeria","iso":"NGA","state":"Delta","lga":"Uvwie","lga_name_disagreement":1,"ward":"Ugborikoko","ward_name_disagreement":1,"facility_name":"Group Medicals","facility_name_source":"NHFR_2024","ownership":"Private","ownership_type":"Unknown","facility_level":"Secondary","facility_level_option":"Unknown","latitude":5.544494629,"longitude":5.774475098,"geocoordinates_source":"GRID3_EHEALTH","last_updated":"2024-11-11"}},{"type":"Feature","id":23435,"geometry":{"type":"Point","coordinates":[5.76708984400005,5.54931640600006]},"properties":{"OBJECTID":23435,"globalid":"4c116814-0f0f-41aa-a039-b32f74044e12","nhfr_uid":68386960,"nhfr_facility_code":"10/22/1/1/1/0013","country":"Nigeria","iso":"NGA","state":"Delta","lga":"Uvwie","lga_name_disagreement":1,"ward":"Ugborikoko","ward_name_disagreement":1,"facility_name":"Pearl Clinic","facility_name_source":"NHFR_2024","ownership":"Private","ownership_type":"For Profit","facility_level":"Secondary","facility_level_option":"Primary Health Center","latitude":5.549316406,"longitude":5.767089844,"geocoordinates_source":"GRID3_EHEALTH","last_updated":"2024-11-11"}},{"type":"Feature","id":23437,"geometry":{"type":"Point","coordinates":[5.76531982400007,5.54248046900005]},"properties":{"OBJECTID":23437,"globalid":"676e3ff3-4822-49fb-be8a-9c76ace3ee33","nhfr_uid":63477937,"nhfr_facility_code":"10/22/1/1/2/0001","country":"Nigeria","iso":"NGA","state":"Delta","lga":"Uvwie","lga_name_disagreement":1,"ward":"Ugborikoko","ward_name_disagreement":1,"facility_name":"Day Spring Clinic","facility_name_source":"NHFR_2024","ownership":"Private","ownership_type":"Unknown","facility_level":"Primary","facility_level_option":"Primary Health Center","latitude":5.542480469,"longitude":5.765319824,"geocoordinates_source":"GRID3_EHEALTH","last_updated":"2024-11-11"}},{"type":"Feature","id":23438,"geometry":{"type":"Point","coordinates":[6.43090820300006,5.46087646500007]},"properties":{"OBJECTID":23438,"globalid":"98141e79-5341-4870-8d1a-d79e869d0138","nhfr_uid":41180610,"nhfr_facility_code":"10/11/1/1/1/0001","country":"Nigeria","iso":"NGA","state":"Delta","lga":"Ndokwa East","lga_name_disagreement":1,"ward":"Ibrede/Igbuku","ward_name_disagreement":1,"facility_name":"Onogbokor Primary Health Center","facility_name_source":"NHFR_2024","ownership":"Public","ownership_type":"Local Government","facility_level":"Primary","facility_level_option":"Primary Health Center","latitude":5.460876465,"longitude":6.430908203,"geocoordinates_source":"GRID3_EHEALTH","last_updated":"2024-11-11"}},{"type":"Feature","id":23439,"geometry":{"type":"Point","coordinates":[6.28729248000008,5.43530273400006]},"properties":{"OBJECTID":23439,"globalid":"0048f641-aa37-46d0-85e2-19b39c4488fd","nhfr_uid":59621158,"nhfr_facility_code":"10/09/1/1/1/0003","country":"Nigeria","iso":"NGA","state":"Delta","lga":"Isoko North","lga_name_disagreement":1,"ward":"Oyede","ward_name_disagreement":1,"facility_name":"Bethel Primary Health Center","facility_name_source":"NHFR_2024","ownership":"Public","ownership_type":"Local Government","facility_level":"Primary","facility_level_option":"Primary Health Center","latitude":5.435302734,"longitude":6.28729248,"geocoordinates_source":"GRID3_EHEALTH","last_updated":"2024-11-11"}},{"type":"Feature","id":23440,"geometry":{"type":"Point","coordinates":[6.30871582000003,5.41949462900004]},"properties":{"OBJECTID":23440,"globalid":"afefc2f1-39c2-4dda-967f-7ac6148e11e1","nhfr_uid":12986282,"nhfr_facility_code":"10/10/1/1/1/0014","country":"Nigeria","iso":"NGA","state":"Delta","lga":"Isoko South","lga_name_disagreement":0,"ward":"Irri","ward_name_disagreement":1,"facility_name":"Ivori Primary Health Center","facility_name_source":"NHFR_2024","ownership":"Public","ownership_type":"Local Government","facility_level":"Primary","facility_level_option":"Primary Health Center","latitude":5.419494629,"longitude":6.30871582,"geocoordinates_source":"GRID3_EHEALTH","last_updated":"2024-11-11"}},{"type":"Feature","id":23441,"geometry":{"type":"Point","coordinates":[6.22570800800003,5.72991943400007]},"properties":{"OBJECTID":23441,"globalid":"8ae14625-a413-4861-a787-d7a02019c9f6","nhfr_uid":48049973,"nhfr_facility_code":"10/21/1/1/2/0012","country":"Nigeria","iso":"NGA","state":"Delta","lga":"Ukwuani","lga_name_disagreement":1,"ward":"Ezionum","ward_name_disagreement":1,"facility_name":"Ezionum Primary Health Center","facility_name_source":"NHFR_2024","ownership":"Public","ownership_type":"Local Government","facility_level":"Primary","facility_level_option":"Primary Health Center","latitude":5.729919434,"longitude":6.225708008,"geocoordinates_source":"GRID3_EHEALTH","last_updated":"2024-11-11"}},{"type":"Feature","id":23442,"geometry":{"type":"Point","coordinates":[6.33728027300003,5.34631347700002]},"properties":{"OBJECTID":23442,"globalid":"72cef740-9486-42f6-af1d-af8045dc1f1d","nhfr_uid":44139697,"nhfr_facility_code":"10/11/1/1/1/0010","country":"Nigeria","iso":"NGA","state":"Delta","lga":"Ndokwa East","lga_name_disagreement":1,"ward":"Ase","ward_name_disagreement":1,"facility_name":"Ase Primary Health Center","facility_name_source":"NHFR_2024","ownership":"Public","ownership_type":"Local Government","facility_level":"Primary","facility_level_option":"Primary Health Center","latitude":5.346313477,"longitude":6.337280273,"geocoordinates_source":"GRID3_EHEALTH","last_updated":"2024-11-11"}},{"type":"Feature","id":23475,"geometry":{"type":"Point","coordinates":[5.98828125000006,5.52471923800005]},"properties":{"OBJECTID":23475,"globalid":"511ec3ab-232d-45cf-9bea-1678a860b716","nhfr_uid":41970584,"nhfr_facility_code":"10/19/1/1/2/0018","country":"Nigeria","iso":"NGA","state":"Delta","lga":"Ughelli North","lga_name_disagreement":0,"ward":"Ughelli Urban 1","ward_name_disagreement":1,"facility_name":"Iwhrenene Primary Health Center","facility_name_source":"NHFR_2024","ownership":"Public","ownership_type":"Local Government","facility_level":"Primary","facility_level_option":"Primary Health Center","latitude":5.524719238,"longitude":5.98828125,"geocoordinates_source":"GRID3_EHEALTH","last_updated":"2024-11-11"}},{"type":"Feature","id":23477,"geometry":{"type":"Point","coordinates":[6.02990722700002,5.74029541000004]},"properties":{"OBJECTID":23477,"globalid":"d219170f-4863-49c9-bdfd-df27a22045bb","nhfr_uid":81586281,"nhfr_facility_code":"10/05/1/1/1/0022","country":"Nigeria","iso":"NGA","state":"Delta","lga":"Ethiope East","lga_name_disagreement":0,"ward":"Eku","ward_name_disagreement":1,"facility_name":"Eku Tuberculosis and Leprosy Control Unit","facility_name_source":"NHFR_2024","ownership":"Public","ownership_type":"State Government","facility_level":"Secondary","facility_level_option":"General Hospital","latitude":5.74029541,"longitude":6.029907227,"geocoordinates_source":"GRID3_EHEALTH","last_updated":"2024-11-11"}},{"type":"Feature","id":23478,"geometry":{"type":"Point","coordinates":[5.99572753900003,5.75109863300003]},"properties":{"OBJECTID":23478,"globalid":"ffe95130-1a7e-4749-aa42-49c9441eef61","nhfr_uid":49609806,"nhfr_facility_code":"10/05/1/1/2/0002","country":"Nigeria","iso":"NGA","state":"Delta","lga":"Ethiope East","lga_name_disagreement":0,"ward":"Eku","ward_name_disagreement":1,"facility_name":"Eku Baptist Hospital","facility_name_source":"NHFR_2024","ownership":"Public","ownership_type":"State Government","facility_level":"Secondary","facility_level_option":"Primary Health Center","latitude":5.751098633,"longitude":5.995727539,"geocoordinates_source":"GRID3_EHEALTH","last_updated":"2024-11-11"}},{"type":"Feature","id":23479,"geometry":{"type":"Point","coordinates":[5.93768310500008,5.52630615200007]},"properties":{"OBJECTID":23479,"globalid":"ab418f5e-1fcf-4517-b7db-759d536395b6","nhfr_uid":55083833,"nhfr_facility_code":"10/19/1/1/2/0015","country":"Nigeria","iso":"NGA","state":"Delta","lga":"Ughelli North","lga_name_disagreement":0,"ward":"Afiesere","ward_name_disagreement":1,"facility_name":"Eruemukohwarien Primary Health Center","facility_name_source":"NHFR_2024","ownership":"Public","ownership_type":"Local Government","facility_level":"Primary","facility_level_option":"Primary Health Center","latitude":5.526306152,"longitude":5.937683105,"geocoordinates_source":"GRID3_EHEALTH","last_updated":"2024-11-11"}},{"type":"Feature","id":23482,"geometry":{"type":"Point","coordinates":[5.91967773400006,5.30548095700004]},"properties":{"OBJECTID":23482,"globalid":"067ce58d-2778-41e7-975c-c0ab76154760","nhfr_uid":60041214,"nhfr_facility_code":"10/20/1/1/1/0001","country":"Nigeria","iso":"NGA","state":"Delta","lga":"Ughelli South","lga_name_disagreement":0,"ward":"Ewu 1","ward_name_disagreement":0,"facility_name":"Arhavwarien Primary Health Center","facility_name_source":"NHFR_2024","ownership":"Public","ownership_type":"Local Government","facility_level":"Primary","facility_level_option":"Primary Health Center","latitude":5.305480957,"longitude":5.919677734,"geocoordinates_source":"GRID3_EHEALTH","last_updated":"2024-11-11"}},{"type":"Feature","id":23483,"geometry":{"type":"Point","coordinates":[5.94549560500008,5.34869384800004]},"properties":{"OBJECTID":23483,"globalid":"3f88c678-397f-41b7-8199-d8b98a74ebd9","nhfr_uid":75567366,"nhfr_facility_code":"10/20/1/2/2/0001","country":"Nigeria","iso":"NGA","state":"Delta","lga":"Ughelli South","lga_name_disagreement":0,"ward":"Ewu 1","ward_name_disagreement":0,"facility_name":"Okparabe Primary Health Center","facility_name_source":"NHFR_2024","ownership":"Public","ownership_type":"Local Government","facility_level":"Primary","facility_level_option":"Primary Health Center","latitude":5.348693848,"longitude":5.945495605,"geocoordinates_source":"GRID3_EHEALTH","last_updated":"2024-11-11"}},{"type":"Feature","id":23512,"geometry":{"type":"Point","coordinates":[5.77307128900003,5.45349121100003]},"properties":{"OBJECTID":23512,"globalid":"d05d25c1-b01e-4c05-8a1b-e5cf2f081083","nhfr_uid":12712519,"nhfr_facility_code":"10/18/1/1/1/0038","country":"Nigeria","iso":"NGA","state":"Delta","lga":"Udu","lga_name_disagreement":0,"ward":"Egini","ward_name_disagreement":1,"facility_name":"Oleri Primary Health Care Center","facility_name_source":"NHFR_2024","ownership":"Public","ownership_type":"Local Government","facility_level":"Primary","facility_level_option":"Primary Health Center","latitude":5.453491211,"longitude":5.773071289,"geocoordinates_source":"GRID3_EHEALTH","last_updated":"2024-11-11"}},{"type":"Feature","id":23513,"geometry":{"type":"Point","coordinates":[6.09832763700007,5.78887939500004]},"properties":{"OBJECTID":23513,"globalid":"af5ea0f3-e977-4e86-b825-e9286321c80d","nhfr_uid":48487125,"nhfr_facility_code":"10/05/1/1/2/0030","country":"Nigeria","iso":"NGA","state":"Delta","lga":"Ethiope East","lga_name_disagreement":0,"ward":"Abraka","ward_name_disagreement":0,"facility_name":"Ufuoma Medical Health Centre","facility_name_source":"NHFR_2024","ownership":"Private","ownership_type":"For Profit","facility_level":"Primary","facility_level_option":"Primary Health Clinic","latitude":5.788879395,"longitude":6.098327637,"geocoordinates_source":"GRID3_EHEALTH","last_updated":"2024-11-11"}},{"type":"Feature","id":23514,"geometry":{"type":"Point","coordinates":[6.21649169900007,5.79809570300006]},"properties":{"OBJECTID":23514,"globalid":"4f6551a1-89a8-41a7-b7ea-480b9134bb2f","nhfr_uid":86528767,"nhfr_facility_code":"10/21/1/1/2/0011","country":"Nigeria","iso":"NGA","state":"Delta","lga":"Ukwuani","lga_name_disagreement":0,"ward":"Eziokpor","ward_name_disagreement":1,"facility_name":"Eziokpor Primary Health Care Center","facility_name_source":"NHFR_2024","ownership":"Public","ownership_type":"Local Government","facility_level":"Primary","facility_level_option":"Primary Health Center","latitude":5.798095703,"longitude":6.216491699,"geocoordinates_source":"GRID3_EHEALTH","last_updated":"2024-11-11"}},{"type":"Feature","id":23515,"geometry":{"type":"Point","coordinates":[5.85070800800003,5.44372558600003]},"properties":{"OBJECTID":23515,"globalid":"8d6a1e11-88c0-4b48-91cc-2d453721da01","nhfr_uid":46877391,"nhfr_facility_code":"10/18/1/1/1/0018","country":"Nigeria","iso":"NGA","state":"Delta","lga":"Udu","lga_name_disagreement":0,"ward":"Ogbe Udu","ward_name_disagreement":1,"facility_name":"Ukpiovwin Primary Health Care Center","facility_name_source":"NHFR_2024","ownership":"Public","ownership_type":"Local Government","facility_level":"Primary","facility_level_option":"Primary Health Center","latitude":5.443725586,"longitude":5.850708008,"geocoordinates_source":"GRID3_EHEALTH","last_updated":"2024-11-11"}},{"type":"Feature","id":23516,"geometry":{"type":"Point","coordinates":[5.86810302700007,5.45928955100004]},"properties":{"OBJECTID":23516,"globalid":"9277f013-7691-4a77-bfc2-da468daee110","nhfr_uid":36024672,"nhfr_facility_code":"10/18/1/2/2/0002","country":"Nigeria","iso":"NGA","state":"Delta","lga":"Udu","lga_name_disagreement":0,"ward":"Otor-Udu","ward_name_disagreement":1,"facility_name":"Otor Udu General Hospital","facility_name_source":"NHFR_2024","ownership":"Public","ownership_type":"State Government","facility_level":"Secondary","facility_level_option":"General Hospital","latitude":5.459289551,"longitude":5.868103027,"geocoordinates_source":"GRID3_EHEALTH","last_updated":"2024-11-11"}},{"type":"Feature","id":23517,"geometry":{"type":"Point","coordinates":[6.08789062500006,5.78668212900004]},"properties":{"OBJECTID":23517,"globalid":"cfdc0529-a97e-483a-988b-eb30fe9b22e6","nhfr_uid":49327996,"nhfr_facility_code":"10/05/1/2/1/0001","country":"Nigeria","iso":"NGA","state":"Delta","lga":"Ethiope East","lga_name_disagreement":0,"ward":"Abraka","ward_name_disagreement":0,"facility_name":"Government Abraka Hospital","facility_name_source":"NHFR_2024","ownership":"Public","ownership_type":"State Government","facility_level":"Secondary","facility_level_option":"General Hospital","latitude":5.786682129,"longitude":6.087890625,"geocoordinates_source":"GRID3_EHEALTH","last_updated":"2024-11-11"}},{"type":"Feature","id":23518,"geometry":{"type":"Point","coordinates":[5.84613037100007,5.81829834000007]},"properties":{"OBJECTID":23518,"globalid":"3618b8b6-ea2e-4849-bf49-b78ca3c476f5","nhfr_uid":48142668,"nhfr_facility_code":"10/06/1/2/2/0004","country":"Nigeria","iso":"NGA","state":"Delta","lga":"Ethiope West","lga_name_disagreement":0,"ward":"Jesse 4","ward_name_disagreement":1,"facility_name":"Onyobru Primary Health Center","facility_name_source":"NHFR_2024","ownership":"Public","ownership_type":"Local Government","facility_level":"Primary","facility_level_option":"Primary Health Center","latitude":5.81829834,"longitude":5.846130371,"geocoordinates_source":"GRID3_EHEALTH","last_updated":"2024-11-11"}},{"type":"Feature","id":23519,"geometry":{"type":"Point","coordinates":[6.34228515600006,6.28271484400005]},"properties":{"OBJECTID":23519,"globalid":"04cdcd02-5a5d-40e0-9174-cf86f3f39489","nhfr_uid":55906757,"nhfr_facility_code":"10/07/1/1/1/0005","country":"Nigeria","iso":"NGA","state":"Delta","lga":"Ika North East","lga_name_disagreement":0,"ward":"Akumazi","ward_name_disagreement":1,"facility_name":"Ekwuoma Primary Health Care Center","facility_name_source":"NHFR_2024","ownership":"Public","ownership_type":"Local Government","facility_level":"Primary","facility_level_option":"Primary Health Center","latitude":6.282714844,"longitude":6.342285156,"geocoordinates_source":"GRID3_EHEALTH","last_updated":"2024-11-11"}},{"type":"Feature","id":23520,"geometry":{"type":"Point","coordinates":[6.07812500000006,5.77569580100004]},"properties":{"OBJECTID":23520,"globalid":"fcd45828-54af-4615-8181-864b8d89dd3c","nhfr_uid":52588668,"nhfr_facility_code":"10/05/1/1/1/0024","country":"Nigeria","iso":"NGA","state":"Delta","lga":"Ethiope East","lga_name_disagreement":0,"ward":"Urhuvie","ward_name_disagreement":1,"facility_name":"Urhuovie Primary Health Center","facility_name_source":"NHFR_2024","ownership":"Public","ownership_type":"Local Government","facility_level":"Primary","facility_level_option":"Primary Health Center","latitude":5.775695801,"longitude":6.078125,"geocoordinates_source":"GRID3_EHEALTH","last_updated":"2024-11-11"}},{"type":"Feature","id":23521,"geometry":{"type":"Point","coordinates":[5.83892822300004,5.28790283200004]},"properties":{"OBJECTID":23521,"globalid":"8a336ddc-007b-4a11-83ef-cec2e242a7b7","nhfr_uid":40293396,"nhfr_facility_code":"10/03/1/1/1/0014","country":"Nigeria","iso":"NGA","state":"Delta","lga":"Bomadi","lga_name_disagreement":0,"ward":"Ugbeinma/Okoloba","ward_name_disagreement":0,"facility_name":"Okoloba Primary Health Center","facility_name_source":"NHFR_2024","ownership":"Public","ownership_type":"Local Government","facility_level":"Primary","facility_level_option":"Primary Health Center","latitude":5.287902832,"longitude":5.838928223,"geocoordinates_source":"GRID3_EHEALTH","last_updated":"2024-11-11"}},{"type":"Feature","id":23522,"geometry":{"type":"Point","coordinates":[5.75390625000006,5.86871337900004]},"properties":{"OBJECTID":23522,"globalid":"c6cb2259-1db8-47c2-bbba-81cd5ba5972a","nhfr_uid":38570044,"nhfr_facility_code":"10/06/1/1/2/0009","country":"Nigeria","iso":"NGA","state":"Delta","lga":"Ethiope West","lga_name_disagreement":0,"ward":"Jesse 1","ward_name_disagreement":0,"facility_name":"Jesse Town Primary Health Center","facility_name_source":"NHFR_2024","ownership":"Public","ownership_type":"Local Government","facility_level":"Primary","facility_level_option":"Primary Health Center","latitude":5.868713379,"longitude":5.75390625,"geocoordinates_source":"GRID3_EHEALTH","last_updated":"2024-11-11"}},{"type":"Feature","id":23556,"geometry":{"type":"Point","coordinates":[6.15948486300005,5.84472656200006]},"properties":{"OBJECTID":23556,"globalid":"6f2a4440-c17d-4485-b21b-57c93953452a","nhfr_uid":21180130,"nhfr_facility_code":"10/21/1/1/2/0025","country":"Nigeria","iso":"NGA","state":"Delta","lga":"Ukwuani","lga_name_disagreement":0,"ward":"Okuzu","ward_name_disagreement":0,"facility_name":"St Philomena Clinic and Maternity","facility_name_source":"NHFR_2024","ownership":"Private","ownership_type":"For Profit","facility_level":"Primary","facility_level_option":"Primary Health Center","latitude":5.844726562,"longitude":6.159484863,"geocoordinates_source":"GRID3_EHEALTH","last_updated":"2024-11-11"}},{"type":"Feature","id":23557,"geometry":{"type":"Point","coordinates":[6.03887939500004,5.63848877000004]},"properties":{"OBJECTID":23557,"globalid":"1b4ba428-acd8-4d61-a071-cdca6c410d7b","nhfr_uid":24492840,"nhfr_facility_code":"10/05/1/1/1/0008","country":"Nigeria","iso":"NGA","state":"Delta","lga":"Ethiope East","lga_name_disagreement":0,"ward":"Egbo Kokori","ward_name_disagreement":1,"facility_name":"Kokori Inland Primary Health Center","facility_name_source":"NHFR_2024","ownership":"Public","ownership_type":"Local Government","facility_level":"Primary","facility_level_option":"Primary Health Center","latitude":5.63848877,"longitude":6.038879395,"geocoordinates_source":"GRID3_EHEALTH","last_updated":"2024-11-11"}},{"type":"Feature","id":23558,"geometry":{"type":"Point","coordinates":[6.12329101600005,6.20910644500003]},"properties":{"OBJECTID":23558,"globalid":"c8a4c9f5-86d9-42b1-95b5-70608a4bec70","nhfr_uid":26492004,"nhfr_facility_code":"10/08/1/1/1/0023","country":"Nigeria","iso":"NGA","state":"Delta","lga":"Ika South","lga_name_disagreement":0,"ward":"Udomi/Azuowa","ward_name_disagreement":1,"facility_name":"Oki Primary Health Center","facility_name_source":"NHFR_2024","ownership":"Public","ownership_type":"Unknown","facility_level":"Primary","facility_level_option":"Primary Health Center","latitude":6.209106445,"longitude":6.123291016,"geocoordinates_source":"GRID3_EHEALTH","last_updated":"2024-11-11"}},{"type":"Feature","id":23559,"geometry":{"type":"Point","coordinates":[6.16351318400007,6.13171386700003]},"properties":{"OBJECTID":23559,"globalid":"96305252-f562-425a-a49b-bd61f6164a3c","nhfr_uid":30921162,"nhfr_facility_code":"10/08/1/1/1/0030","country":"Nigeria","iso":"NGA","state":"Delta","lga":"Ika South","lga_name_disagreement":0,"ward":"Abavo","ward_name_disagreement":0,"facility_name":"St Anthony Clinic","facility_name_source":"NHFR_2024","ownership":"Public","ownership_type":"Unknown","facility_level":"Primary","facility_level_option":"Primary Health Clinic","latitude":6.131713867,"longitude":6.163513184,"geocoordinates_source":"GRID3_EHEALTH","last_updated":"2024-11-11"}},{"type":"Feature","id":23560,"geometry":{"type":"Point","coordinates":[6.15808105500003,6.27008056600005]},"properties":{"OBJECTID":23560,"globalid":"3dddd3b8-c4c3-4b09-805e-ca5809eced3e","nhfr_uid":32936602,"nhfr_facility_code":"10/08/1/1/2/0037","country":"Nigeria","iso":"NGA","state":"Delta","lga":"Ika South","lga_name_disagreement":0,"ward":"Agbor Obi","ward_name_disagreement":1,"facility_name":"Winners Maternity","facility_name_source":"NHFR_2024","ownership":"Private","ownership_type":"For Profit","facility_level":"Primary","facility_level_option":"Primary Health Clinic","latitude":6.270080566,"longitude":6.158081055,"geocoordinates_source":"GRID3_EHEALTH","last_updated":"2024-11-11"}},{"type":"Feature","id":23561,"geometry":{"type":"Point","coordinates":[5.83087158200004,5.42889404300007]},"properties":{"OBJECTID":23561,"globalid":"40a650bc-f58a-465e-8400-03931a0d005f","nhfr_uid":35119463,"nhfr_facility_code":"10/18/1/1/2/0007","country":"Nigeria","iso":"NGA","state":"Delta","lga":"Udu","lga_name_disagreement":0,"ward":"Ogbe Udu","ward_name_disagreement":0,"facility_name":"Ogbe Udu Primary Health Care Center","facility_name_source":"NHFR_2024","ownership":"Public","ownership_type":"Local Government","facility_level":"Primary","facility_level_option":"Primary Health Center","latitude":5.428894043,"longitude":5.830871582,"geocoordinates_source":"GRID3_EHEALTH","last_updated":"2024-11-11"}},{"type":"Feature","id":23562,"geometry":{"type":"Point","coordinates":[5.65612793000003,5.94531250000006]},"properties":{"OBJECTID":23562,"globalid":"7e85340d-fa99-419f-929c-b993927361a7","nhfr_uid":17828652,"nhfr_facility_code":"10/06/1/2/1/0001","country":"Nigeria","iso":"NGA","state":"Delta","lga":"Ethiope West","lga_name_disagreement":0,"ward":"Ogharefe 2","ward_name_disagreement":0,"facility_name":"Oghara General Hospital","facility_name_source":"NHFR_2024","ownership":"Public","ownership_type":"State Government","facility_level":"Secondary","facility_level_option":"General Hospital","latitude":5.9453125,"longitude":5.65612793,"geocoordinates_source":"GRID3_EHEALTH","last_updated":"2024-11-11"}},{"type":"Feature","id":23563,"geometry":{"type":"Point","coordinates":[5.65447998000008,5.94110107400007]},"properties":{"OBJECTID":23563,"globalid":"ea78d1e0-d2e6-4cbb-8e36-17bbfa17a3b2","nhfr_uid":42601225,"nhfr_facility_code":"10/06/1/1/1/0006","country":"Nigeria","iso":"NGA","state":"Delta","lga":"Ethiope West","lga_name_disagreement":0,"ward":"Ogharefe 2","ward_name_disagreement":0,"facility_name":"Ogharefe 2 Primary Health Care","facility_name_source":"NHFR_2024","ownership":"Public","ownership_type":"Local Government","facility_level":"Primary","facility_level_option":"Primary Health Center","latitude":5.941101074,"longitude":5.65447998,"geocoordinates_source":"GRID3_EHEALTH","last_updated":"2024-11-11"}},{"type":"Feature","id":23564,"geometry":{"type":"Point","coordinates":[5.83148193400007,5.46087646500007]},"properties":{"OBJECTID":23564,"globalid":"ec2b92a9-4060-4e81-86ff-181f56d5f2fa","nhfr_uid":17983370,"nhfr_facility_code":"10/18/1/1/1/0005","country":"Nigeria","iso":"NGA","state":"Delta","lga":"Udu","lga_name_disagreement":0,"ward":"Egini","ward_name_disagreement":0,"facility_name":"Egini Primary Health Care Center","facility_name_source":"NHFR_2024","ownership":"Public","ownership_type":"Local Government","facility_level":"Primary","facility_level_option":"Primary Health Center","latitude":5.460876465,"longitude":5.831481934,"geocoordinates_source":"GRID3_EHEALTH","last_updated":"2024-11-11"}},{"type":"Feature","id":23565,"geometry":{"type":"Point","coordinates":[6.19567871100003,6.24572753900003]},"properties":{"OBJECTID":23565,"globalid":"d874042e-8fa8-4bfa-8cfb-bdf91e60064b","nhfr_uid":16414780,"nhfr_facility_code":"10/07/1/1/1/0003","country":"Nigeria","iso":"NGA","state":"Delta","lga":"Ika North East","lga_name_disagreement":0,"ward":"Boji-Boji 2","ward_name_disagreement":1,"facility_name":"Boji Boji Owa Primary Health Care Center","facility_name_source":"NHFR_2024","ownership":"Public","ownership_type":"Local Government","facility_level":"Primary","facility_level_option":"Primary Health Center","latitude":6.245727539,"longitude":6.195678711,"geocoordinates_source":"GRID3_EHEALTH","last_updated":"2024-11-11"}},{"type":"Feature","id":23566,"geometry":{"type":"Point","coordinates":[6.13470459000007,6.24688720700004]},"properties":{"OBJECTID":23566,"globalid":"112466fd-4c9c-4861-b03a-214167bc6cd9","nhfr_uid":59925888,"nhfr_facility_code":"10/08/1/1/2/0007","country":"Nigeria","iso":"NGA","state":"Delta","lga":"Ika South","lga_name_disagreement":0,"ward":"Alihagwu","ward_name_disagreement":0,"facility_name":"Alihagwu Primary Health Center","facility_name_source":"NHFR_2024","ownership":"Public","ownership_type":"Local Government","facility_level":"Primary","facility_level_option":"Primary Health Center","latitude":6.246887207,"longitude":6.13470459,"geocoordinates_source":"GRID3_EHEALTH","last_updated":"2024-11-11"}},{"type":"Feature","id":23567,"geometry":{"type":"Point","coordinates":[6.14367675800003,6.26910400400004]},"properties":{"OBJECTID":23567,"globalid":"91b6b879-4815-4397-9f7f-24ab7f27a2c4","nhfr_uid":37865385,"nhfr_facility_code":"10/08/1/1/2/0004","country":"Nigeria","iso":"NGA","state":"Delta","lga":"Ika South","lga_name_disagreement":0,"ward":"Agbor Obi","ward_name_disagreement":0,"facility_name":"Agbor Obi Primary Health Center","facility_name_source":"NHFR_2024","ownership":"Public","ownership_type":"Local Government","facility_level":"Primary","facility_level_option":"Primary Health Center","latitude":6.269104004,"longitude":6.143676758,"geocoordinates_source":"GRID3_EHEALTH","last_updated":"2024-11-11"}},{"type":"Feature","id":23568,"geometry":{"type":"Point","coordinates":[6.18487548800005,6.12829589800003]},"properties":{"OBJECTID":23568,"globalid":"1f89d558-2b17-4681-85b8-28d2279facc5","nhfr_uid":79083016,"nhfr_facility_code":"10/08/1/1/1/0034","country":"Nigeria","iso":"NGA","state":"Delta","lga":"Ika South","lga_name_disagreement":0,"ward":"Udomi/Azuowa","ward_name_disagreement":1,"facility_name":"Udomi Ekwuoma Primary Health Center","facility_name_source":"NHFR_2024","ownership":"Public","ownership_type":"Unknown","facility_level":"Primary","facility_level_option":"Primary Health Center","latitude":6.128295898,"longitude":6.184875488,"geocoordinates_source":"GRID3_EHEALTH","last_updated":"2024-11-11"}},{"type":"Feature","id":23569,"geometry":{"type":"Point","coordinates":[6.18511962900004,6.26190185500008]},"properties":{"OBJECTID":23569,"globalid":"e36840e0-eb1f-4b1a-bbff-15ac2e697e63","nhfr_uid":81646496,"nhfr_facility_code":"10/08/1/1/1/0008","country":"Nigeria","iso":"NGA","state":"Delta","lga":"Ika South","lga_name_disagreement":0,"ward":"Boji-Boji 2 /  Agbor 8","ward_name_disagreement":1,"facility_name":"Boji Boji Agbor Primary Health Center","facility_name_source":"NHFR_2024","ownership":"Public","ownership_type":"Unknown","facility_level":"Primary","facility_level_option":"Primary Health Center","latitude":6.261901855,"longitude":6.185119629,"geocoordinates_source":"GRID3_EHEALTH","last_updated":"2024-11-11"}},{"type":"Feature","id":23570,"geometry":{"type":"Point","coordinates":[5.86468505900007,5.48449707000003]},"properties":{"OBJECTID":23570,"globalid":"f42c30c8-6f0f-4a71-89ba-932705979a60","nhfr_uid":32711890,"nhfr_facility_code":"10/18/1/1/1/0011","country":"Nigeria","iso":"NGA","state":"Delta","lga":"Udu","lga_name_disagreement":0,"ward":"Owhrode","ward_name_disagreement":0,"facility_name":"Owhrode Primary Health Center","facility_name_source":"NHFR_2024","ownership":"Public","ownership_type":"Local Government","facility_level":"Primary","facility_level_option":"Primary Health Center","latitude":5.48449707,"longitude":5.864685059,"geocoordinates_source":"GRID3_EHEALTH","last_updated":"2024-11-11"}},{"type":"Feature","id":23571,"geometry":{"type":"Point","coordinates":[6.20550537100007,6.25189209000007]},"properties":{"OBJECTID":23571,"globalid":"baf46399-1227-4ac4-8712-39d963142010","nhfr_uid":71306700,"nhfr_facility_code":"10/07/1/1/1/0021","country":"Nigeria","iso":"NGA","state":"Delta","lga":"Ika North East","lga_name_disagreement":0,"ward":"Boji-Boji 1","ward_name_disagreement":1,"facility_name":"Anioma Hospital","facility_name_source":"NHFR_2024","ownership":"Private","ownership_type":"For Profit","facility_level":"Primary","facility_level_option":"Primary Health Center","latitude":6.25189209,"longitude":6.205505371,"geocoordinates_source":"GRID3_EHEALTH","last_updated":"2024-11-11"}},{"type":"Feature","id":23572,"geometry":{"type":"Point","coordinates":[6.15447998000008,6.13507080100004]},"properties":{"OBJECTID":23572,"globalid":"bcb714c1-eaa2-4446-9030-b098972e669b","nhfr_uid":26799971,"nhfr_facility_code":"10/08/1/1/1/0001","country":"Nigeria","iso":"NGA","state":"Delta","lga":"Ika South","lga_name_disagreement":0,"ward":"Abavo","ward_name_disagreement":0,"facility_name":"Abavo Cental Primary Health Center","facility_name_source":"NHFR_2024","ownership":"Public","ownership_type":"Local Government","facility_level":"Primary","facility_level_option":"Primary Health Center","latitude":6.135070801,"longitude":6.15447998,"geocoordinates_source":"GRID3_EHEALTH","last_updated":"2024-11-11"}},{"type":"Feature","id":23573,"geometry":{"type":"Point","coordinates":[6.14550781200006,6.11889648400006]},"properties":{"OBJECTID":23573,"globalid":"a7c39b94-f91e-4e2b-8de4-6d02a1ae8354","nhfr_uid":62097065,"nhfr_facility_code":"10/08/1/1/2/0010","country":"Nigeria","iso":"NGA","state":"Delta","lga":"Ika South","lga_name_disagreement":0,"ward":"Abavo","ward_name_disagreement":0,"facility_name":"Igbogili Primary Health Center","facility_name_source":"NHFR_2024","ownership":"Public","ownership_type":"Local Government","facility_level":"Primary","facility_level_option":"Primary Health Center","latitude":6.118896484,"longitude":6.145507812,"geocoordinates_source":"GRID3_EHEALTH","last_updated":"2024-11-11"}},{"type":"Feature","id":23574,"geometry":{"type":"Point","coordinates":[6.03289794900007,5.64428710900006]},"properties":{"OBJECTID":23574,"globalid":"ee0c9561-383a-4722-b53a-41b5d6f6cc52","nhfr_uid":53046534,"nhfr_facility_code":"10/05/1/1/1/0023","country":"Nigeria","iso":"NGA","state":"Delta","lga":"Ethiope East","lga_name_disagreement":0,"ward":"Ovu","ward_name_disagreement":1,"facility_name":"Urhuokpe Primary Health Center","facility_name_source":"NHFR_2024","ownership":"Public","ownership_type":"Local Government","facility_level":"Primary","facility_level_option":"Primary Health Center","latitude":5.644287109,"longitude":6.032897949,"geocoordinates_source":"GRID3_EHEALTH","last_updated":"2024-11-11"}},{"type":"Feature","id":23575,"geometry":{"type":"Point","coordinates":[6.00250244100005,5.60089111300005]},"properties":{"OBJECTID":23575,"globalid":"f021dfec-3d5f-46ba-9227-bbf4ecb4afdd","nhfr_uid":62331337,"nhfr_facility_code":"10/05/1/2/1/0002","country":"Nigeria","iso":"NGA","state":"Delta","lga":"Ethiope East","lga_name_disagreement":0,"ward":"Isiokolo","ward_name_disagreement":0,"facility_name":"Isiokolo Primary Health Center","facility_name_source":"NHFR_2024","ownership":"Public","ownership_type":"Local Government","facility_level":"Primary","facility_level_option":"Primary Health Center","latitude":5.600891113,"longitude":6.002502441,"geocoordinates_source":"GRID3_EHEALTH","last_updated":"2024-11-11"}},{"type":"Feature","id":23576,"geometry":{"type":"Point","coordinates":[5.96691894500003,5.62750244100005]},"properties":{"OBJECTID":23576,"globalid":"09bb9149-8f9c-416f-a4ea-06d39802bed3","nhfr_uid":69543544,"nhfr_facility_code":"10/05/1/2/2/0001","country":"Nigeria","iso":"NGA","state":"Delta","lga":"Ethiope East","lga_name_disagreement":0,"ward":"Okpara","ward_name_disagreement":1,"facility_name":"St Francis Catholic Hospital","facility_name_source":"NHFR_2024","ownership":"Private","ownership_type":"For Profit","facility_level":"Secondary","facility_level_option":"Unknown","latitude":5.627502441,"longitude":5.966918945,"geocoordinates_source":"GRID3_EHEALTH","last_updated":"2024-11-11"}},{"type":"Feature","id":23577,"geometry":{"type":"Point","coordinates":[5.95849609400005,5.68548584000007]},"properties":{"OBJECTID":23577,"globalid":"8ba37d62-2e0e-4b81-b0f1-b51049b3f4be","nhfr_uid":37828679,"nhfr_facility_code":"10/05/1/1/1/0013","country":"Nigeria","iso":"NGA","state":"Delta","lga":"Ethiope East","lga_name_disagreement":0,"ward":"Okpara","ward_name_disagreement":0,"facility_name":"Okurekpo Primary Health Center","facility_name_source":"NHFR_2024","ownership":"Public","ownership_type":"Local Government","facility_level":"Primary","facility_level_option":"Primary Health Center","latitude":5.68548584,"longitude":5.958496094,"geocoordinates_source":"GRID3_EHEALTH","last_updated":"2024-11-11"}},{"type":"Feature","id":23578,"geometry":{"type":"Point","coordinates":[6.14788818400007,6.12951660200002]},"properties":{"OBJECTID":23578,"globalid":"bceea1d0-e5fd-4828-af35-7ccf93c35312","nhfr_uid":27212740,"nhfr_facility_code":"10/08/1/1/1/0028","country":"Nigeria","iso":"NGA","state":"Delta","lga":"Ika South","lga_name_disagreement":0,"ward":"Abavo","ward_name_disagreement":0,"facility_name":"Real Nursing and Maternity Home","facility_name_source":"NHFR_2024","ownership":"Private","ownership_type":"For Profit","facility_level":"Primary","facility_level_option":"Primary Health Center","latitude":6.129516602,"longitude":6.147888184,"geocoordinates_source":"GRID3_EHEALTH","last_updated":"2024-11-11"}},{"type":"Feature","id":23579,"geometry":{"type":"Point","coordinates":[5.63531494100005,5.95410156200006]},"properties":{"OBJECTID":23579,"globalid":"5ba66c87-9eba-4347-b462-90a3a36556cb","nhfr_uid":19258831,"nhfr_facility_code":"10/06/1/1/2/0011","country":"Nigeria","iso":"NGA","state":"Delta","lga":"Ethiope West","lga_name_disagreement":0,"ward":"Oghareki 1","ward_name_disagreement":1,"facility_name":"Oghareki 1 Primary Health Care","facility_name_source":"NHFR_2024","ownership":"Public","ownership_type":"Local Government","facility_level":"Primary","facility_level_option":"Primary Health Center","latitude":5.954101562,"longitude":5.635314941,"geocoordinates_source":"GRID3_EHEALTH","last_updated":"2024-11-11"}},{"type":"Feature","id":23580,"geometry":{"type":"Point","coordinates":[5.95770263700007,5.74688720700004]},"properties":{"OBJECTID":23580,"globalid":"38703734-b0ad-4695-89f1-9e5d6f2b8221","nhfr_uid":15389108,"nhfr_facility_code":"10/05/1/1/1/0007","country":"Nigeria","iso":"NGA","state":"Delta","lga":"Ethiope East","lga_name_disagreement":0,"ward":"Igun","ward_name_disagreement":0,"facility_name":"Igun Primary Health Center","facility_name_source":"NHFR_2024","ownership":"Public","ownership_type":"Local Government","facility_level":"Primary","facility_level_option":"Primary Health Center","latitude":5.746887207,"longitude":5.957702637,"geocoordinates_source":"GRID3_EHEALTH","last_updated":"2024-11-11"}},{"type":"Feature","id":23581,"geometry":{"type":"Point","coordinates":[5.92987060500008,5.64770507800006]},"properties":{"OBJECTID":23581,"globalid":"df85e070-fbdc-4e5f-a26a-4da220fb6e9e","nhfr_uid":61456778,"nhfr_facility_code":"10/05/1/1/1/0018","country":"Nigeria","iso":"NGA","state":"Delta","lga":"Ethiope East","lga_name_disagreement":0,"ward":"Ovu","ward_name_disagreement":1,"facility_name":"Ovu Primary Health Center","facility_name_source":"NHFR_2024","ownership":"Public","ownership_type":"Local Government","facility_level":"Primary","facility_level_option":"Primary Health Center","latitude":5.647705078,"longitude":5.929870605,"geocoordinates_source":"GRID3_EHEALTH","last_updated":"2024-11-11"}},{"type":"Feature","id":23582,"geometry":{"type":"Point","coordinates":[6.00292968700006,5.70471191400003]},"properties":{"OBJECTID":23582,"globalid":"cd4671d2-c97e-4cda-8d3a-8475e2b93f01","nhfr_uid":71248680,"nhfr_facility_code":"10/05/1/1/1/0020","country":"Nigeria","iso":"NGA","state":"Delta","lga":"Ethiope East","lga_name_disagreement":0,"ward":"Egbo Kokori","ward_name_disagreement":1,"facility_name":"Samagidi Primary Health Center","facility_name_source":"NHFR_2024","ownership":"Public","ownership_type":"Local Government","facility_level":"Primary","facility_level_option":"Primary Health Center","latitude":5.704711914,"longitude":6.002929687,"geocoordinates_source":"GRID3_EHEALTH","last_updated":"2024-11-11"}},{"type":"Feature","id":23628,"geometry":{"type":"Point","coordinates":[5.99095963400003,5.74315335300003]},"properties":{"OBJECTID":23628,"globalid":"a2ad4317-c975-4167-b3b0-538b903339b9","nhfr_uid":33229077,"nhfr_facility_code":"10/05/1/1/1/0015","country":"Nigeria","iso":"NGA","state":"Delta","lga":"Ethiope East","lga_name_disagreement":0,"ward":"Eku","ward_name_disagreement":0,"facility_name":"Eku Primary Health Center","facility_name_source":"NHFR_2024","ownership":"Public","ownership_type":"Local Government","facility_level":"Primary","facility_level_option":"Health Post","latitude":5.74315335333,"longitude":5.99095963364,"geocoordinates_source":"GRID3_EHEALTH","last_updated":"2024-11-11"}},{"type":"Feature","id":23629,"geometry":{"type":"Point","coordinates":[6.18180327900006,6.25470033600004]},"properties":{"OBJECTID":23629,"globalid":"26a4e372-c306-4298-ac78-53fef07eef20","nhfr_uid":52482696,"nhfr_facility_code":"10/08/1/2/1/0001","country":"Nigeria","iso":"NGA","state":"Delta","lga":"Ika South","lga_name_disagreement":0,"ward":"Boji-Boji 1 Agbor","ward_name_disagreement":1,"facility_name":"Central Agbor Hospital","facility_name_source":"NHFR_2024","ownership":"Public","ownership_type":"State Government","facility_level":"Secondary","facility_level_option":"Primary Health Center","latitude":6.25470033622,"longitude":6.18180327884,"geocoordinates_source":"GRID3_EHEALTH","last_updated":"2024-11-11"}},{"type":"Feature","id":23659,"geometry":{"type":"Point","coordinates":[6.34089650000004,5.39600560000002]},"properties":{"OBJECTID":23659,"globalid":"74db27b1-fab1-49d4-a38a-69d16ce4c326","nhfr_uid":22924010,"nhfr_facility_code":"10/11/1/1/1/0017","country":"Nigeria","iso":"NGA","state":"Delta","lga":"Ndokwa East","lga_name_disagreement":1,"ward":"Azagba/Ibedeni","ward_name_disagreement":1,"facility_name":"Ibedeni Primary Health Center","facility_name_source":"NHFR_2024","ownership":"Public","ownership_type":"Local Government","facility_level":"Primary","facility_level_option":"Primary Health Center","latitude":5.3960056,"longitude":6.3408965,"geocoordinates_source":"GRID3_EHEALTH","last_updated":"2024-11-11"}},{"type":"Feature","id":23875,"geometry":{"type":"Point","coordinates":[5.87591552700007,5.43988037100007]},"properties":{"OBJECTID":23875,"globalid":"88d07ee6-1ab7-4e6a-8463-86fd37aee954","nhfr_uid":16515800,"nhfr_facility_code":"10/20/1/1/2/0019","country":"Nigeria","iso":"NGA","state":"Delta","lga":"Ughelli South","lga_name_disagreement":1,"ward":"Jeremi 2","ward_name_disagreement":1,"facility_name":"Otu Jeremi Primary Health Center","facility_name_source":"NHFR_2024","ownership":"Public","ownership_type":"Local Government","facility_level":"Primary","facility_level_option":"Primary Health Center","latitude":5.439880371,"longitude":5.875915527,"geocoordinates_source":"GRID3_EHEALTH","last_updated":"2024-11-11"}},{"type":"Feature","id":24155,"geometry":{"type":"Point","coordinates":[5.17202260000005,5.88469570000007]},"properties":{"OBJECTID":24155,"globalid":"79e8f25b-7160-4475-97fd-860a9228fbf1","nhfr_uid":60717076,"nhfr_facility_code":"10/23/1/1/1/0003","country":"Nigeria","iso":"NGA","state":"Delta","lga":"Warri North","lga_name_disagreement":0,"ward":"Ebrohimi","ward_name_disagreement":1,"facility_name":"Ebrohimi Primary Health Center","facility_name_source":"NHFR_2024","ownership":"Public","ownership_type":"Local Government","facility_level":"Primary","facility_level_option":"Primary Health Center","latitude":5.8846957,"longitude":5.1720226,"geocoordinates_source":"GRID3_EHEALTH","last_updated":"2024-11-11"}},{"type":"Feature","id":24166,"geometry":{"type":"Point","coordinates":[5.07128906200006,5.77630615200007]},"properties":{"OBJECTID":24166,"globalid":"1610241c-3152-47f8-8b75-97a38958618b","nhfr_uid":86228645,"nhfr_facility_code":"10/23/1/1/1/0017","country":"Nigeria","iso":"NGA","state":"Delta","lga":"Warri North","lga_name_disagreement":0,"ward":"Ogheye","ward_name_disagreement":0,"facility_name":"Ogheye Primary Health Center","facility_name_source":"NHFR_2024","ownership":"Public","ownership_type":"Unknown","facility_level":"Primary","facility_level_option":"Primary Health Center","latitude":5.776306152,"longitude":5.071289062,"geocoordinates_source":"GRID3_EHEALTH","last_updated":"2024-11-11"}},{"type":"Feature","id":25754,"geometry":{"type":"Point","coordinates":[5.64960333300007,5.62688166700002]},"properties":{"OBJECTID":25754,"globalid":"f514857d-e1ed-455b-9efa-f234367d8b58","nhfr_uid":12860778,"nhfr_facility_code":"10/24/1/1/1/0072","country":"Nigeria","iso":"NGA","state":"Delta","lga":"Warri South","lga_name_disagreement":0,"ward":"Obodo","ward_name_disagreement":0,"facility_name":"Omadino Primary Health Care","facility_name_source":"NHFR_2024","ownership":"Public","ownership_type":"Local Government","facility_level":"Primary","facility_level_option":"Health Post","latitude":5.626881667,"longitude":5.649603333,"geocoordinates_source":"GRID3_EHEALTH","last_updated":"2024-11-11"}},{"type":"Feature","id":26039,"geometry":{"type":"Point","coordinates":[6.53112793000003,6.17810058600003]},"properties":{"OBJECTID":26039,"globalid":"10ba1574-ff46-4846-9bc6-c9af246dd4d8","nhfr_uid":28998935,"nhfr_facility_code":"10/02/1/1/2/0009","country":"Nigeria","iso":"NGA","state":"Delta","lga":"Aniocha South","lga_name_disagreement":0,"ward":"Umudei","ward_name_disagreement":1,"facility_name":"Ogwashi Uku General Hospital","facility_name_source":"NHFR_2024","ownership":"Public","ownership_type":"State Government","facility_level":"Secondary","facility_level_option":"Primary Health Clinic","latitude":6.178100586,"longitude":6.53112793,"geocoordinates_source":"GRID3_EHEALTH","last_updated":"2024-11-11"}},{"type":"Feature","id":26043,"geometry":{"type":"Point","coordinates":[6.28808593700006,6.03649902300003]},"properties":{"OBJECTID":26043,"globalid":"79045dce-437e-440f-88fb-2c2a96c3238e","nhfr_uid":71302978,"nhfr_facility_code":"10/08/1/2/1/0003","country":"Nigeria","iso":"NGA","state":"Delta","lga":"Ika South","lga_name_disagreement":0,"ward":"Ekuku Agbor","ward_name_disagreement":1,"facility_name":"Government Agbor Alidinma Hospital","facility_name_source":"NHFR_2024","ownership":"Public","ownership_type":"Unknown","facility_level":"Secondary","facility_level_option":"Primary Health Center","latitude":6.036499023,"longitude":6.288085937,"geocoordinates_source":"GRID3_EHEALTH","last_updated":"2024-11-11"}},{"type":"Feature","id":26044,"geometry":{"type":"Point","coordinates":[6.27392578100006,6.15112304700006]},"properties":{"OBJECTID":26044,"globalid":"37172a35-0701-49f1-b9b4-b0d06cc3ae29","nhfr_uid":21978003,"nhfr_facility_code":"10/07/1/2/2/0003","country":"Nigeria","iso":"NGA","state":"Delta","lga":"Ika North East","lga_name_disagreement":0,"ward":"Ute-Okpu","ward_name_disagreement":0,"facility_name":"Ute Erumu Primary Health Care Center","facility_name_source":"NHFR_2024","ownership":"Public","ownership_type":"Local Government","facility_level":"Primary","facility_level_option":"Primary Health Center","latitude":6.151123047,"longitude":6.273925781,"geocoordinates_source":"GRID3_EHEALTH","last_updated":"2024-11-11"}},{"type":"Feature","id":26067,"geometry":{"type":"Point","coordinates":[5.68313000000006,5.89632000000006]},"properties":{"OBJECTID":26067,"globalid":"429532e9-1b2b-4461-b3ba-81f02d6b7921","nhfr_uid":86928333,"nhfr_facility_code":"10/17/1/1/2/0013","country":"Nigeria","iso":"NGA","state":"Delta","lga":"Sapele","lga_name_disagreement":0,"ward":"Okpe","ward_name_disagreement":1,"facility_name":"Sapele Primary Health Center","facility_name_source":"NHFR_2024","ownership":"Public","ownership_type":"Local Government","facility_level":"Primary","facility_level_option":"Primary Health Center","latitude":5.89632,"longitude":5.68313,"geocoordinates_source":"NHFR_2024","last_updated":"2024-11-11"}},{"type":"Feature","id":26068,"geometry":{"type":"Point","coordinates":[6.74731445300006,6.16931152300003]},"properties":{"OBJECTID":26068,"globalid":"8a366fc5-ab79-4c03-abab-17f89f4ef7d9","nhfr_uid":28198004,"nhfr_facility_code":"10/15/1/1/1/0011","country":"Nigeria","iso":"NGA","state":"Delta","lga":"Oshimili South","lga_name_disagreement":0,"ward":"Okwe","ward_name_disagreement":0,"facility_name":"Okwe Primary Health Center","facility_name_source":"NHFR_2024","ownership":"Public","ownership_type":"Local Government","facility_level":"Primary","facility_level_option":"Primary Health Center","latitude":6.169311523,"longitude":6.747314453,"geocoordinates_source":"GRID3_EHEALTH","last_updated":"2024-11-11"}},{"type":"Feature","id":26162,"geometry":{"type":"Point","coordinates":[6.15307617200006,5.63708496100003]},"properties":{"OBJECTID":26162,"globalid":"831d411a-b329-471a-bde7-ea90a8546f19","nhfr_uid":35282321,"nhfr_facility_code":"10/19/1/1/2/0023","country":"Nigeria","iso":"NGA","state":"Delta","lga":"Ughelli North","lga_name_disagreement":0,"ward":"Orogun 1","ward_name_disagreement":0,"facility_name":"Orogun Government Hospital","facility_name_source":"NHFR_2024","ownership":"Public","ownership_type":"State Government","facility_level":"Secondary","facility_level_option":"General Hospital","latitude":5.637084961,"longitude":6.153076172,"geocoordinates_source":"GRID3_EHEALTH","last_updated":"2024-11-11"}},{"type":"Feature","id":26192,"geometry":{"type":"Point","coordinates":[4.98651123100007,5.89410400400004]},"properties":{"OBJECTID":26192,"globalid":"8dd714a4-d478-4f47-83e6-1bbc23799df6","nhfr_uid":65174380,"nhfr_facility_code":"28/11/1/1/1/0029","country":"Nigeria","iso":"NGA","state":"Delta","lga":"Ilaje","lga_name_disagreement":1,"ward":"Ugbo 6","ward_name_disagreement":1,"facility_name":"Molutehin Primary Health Center","facility_name_source":"NHFR_2024","ownership":"Public","ownership_type":"Local Government","facility_level":"Primary","facility_level_option":"Primary Health Center","latitude":5.894104004,"longitude":4.986511231,"geocoordinates_source":"GRID3_EHEALTH","last_updated":"2024-11-11"}},{"type":"Feature","id":26263,"geometry":{"type":"Point","coordinates":[6.22131347700002,6.20770263700007]},"properties":{"OBJECTID":26263,"globalid":"b4774e57-ad6a-4d50-bd04-9d09dacae099","nhfr_uid":58654446,"nhfr_facility_code":"10/07/1/1/1/0010","country":"Nigeria","iso":"NGA","state":"Delta","lga":"Ika North East","lga_name_disagreement":0,"ward":"Owa-Alero","ward_name_disagreement":1,"facility_name":"Owa Alero Primary Health Care Center","facility_name_source":"NHFR_2024","ownership":"Public","ownership_type":"Local Government","facility_level":"Primary","facility_level_option":"Primary Health Center","latitude":6.207702637,"longitude":6.221313477,"geocoordinates_source":"GRID3_EHEALTH","last_updated":"2024-11-11"}},{"type":"Feature","id":26799,"geometry":{"type":"Point","coordinates":[5.98687744100005,5.59130859400005]},"properties":{"OBJECTID":26799,"globalid":"17716852-f497-4767-b064-f30601601761","nhfr_uid":42934692,"nhfr_facility_code":"10/05/1/1/1/0006","country":"Nigeria","iso":"NGA","state":"Delta","lga":"Ethiope East","lga_name_disagreement":0,"ward":"Isiokolo","ward_name_disagreement":1,"facility_name":"Isiokolo General Hospital","facility_name_source":"NHFR_2024","ownership":"Public","ownership_type":"State Government","facility_level":"Secondary","facility_level_option":"General Hospital","latitude":5.591308594,"longitude":5.986877441,"geocoordinates_source":"GRID3_EHEALTH","last_updated":"2024-11-11"}},{"type":"Feature","id":27515,"geometry":{"type":"Point","coordinates":[5.82592773400006,5.59368896500007]},"properties":{"OBJECTID":27515,"globalid":"bc98d59a-912d-4602-b5c2-be0aa256f876","nhfr_uid":null,"nhfr_facility_code":"","country":"Nigeria","iso":"NGA","state":"Delta","lga":"Okpe","lga_name_disagreement":0,"ward":"Oha\tWard","ward_name_disagreement":0,"facility_name":"Dr Otite Clinic","facility_name_source":"GRID3_EHEALTH","ownership":"Unknown","ownership_type":"Unknown","facility_level":"Primary","facility_level_option":"Primary Health Center","latitude":5.593688965,"longitude":5.825927734,"geocoordinates_source":"GRID3_EHEALTH","last_updated":"2024-11-11"}},{"type":"Feature","id":27605,"geometry":{"type":"Point","coordinates":[5.70471191400003,5.87268066400003]},"properties":{"OBJECTID":27605,"globalid":"c5b8df34-e5ad-4b99-a0bd-fa87d0f05465","nhfr_uid":null,"nhfr_facility_code":"","country":"Nigeria","iso":"NGA","state":"Delta","lga":"Sapele","lga_name_disagreement":0,"ward":"Okpe","ward_name_disagreement":0,"facility_name":"Libral Health Center","facility_name_source":"GRID3_EHEALTH","ownership":"Unknown","ownership_type":"Unknown","facility_level":"Primary","facility_level_option":"Primary Health Center","latitude":5.872680664,"longitude":5.704711914,"geocoordinates_source":"GRID3_EHEALTH","last_updated":"2024-11-11"}},{"type":"Feature","id":27613,"geometry":{"type":"Point","coordinates":[6.44569000000007,6.01660200000003]},"properties":{"OBJECTID":27613,"globalid":"7e23c6e7-857f-407d-83dc-4267b3fe214b","nhfr_uid":null,"nhfr_facility_code":"","country":"Nigeria","iso":"NGA","state":"Delta","lga":"Aniocha South","lga_name_disagreement":0,"ward":"Nsukwa","ward_name_disagreement":0,"facility_name":"Ikokogbe Primary Health Center","facility_name_source":"GRID3_EHEALTH","ownership":"Public","ownership_type":"Unknown","facility_level":"Primary","facility_level_option":"Primary Health Center","latitude":6.016602,"longitude":6.44569,"geocoordinates_source":"GRID3_EHEALTH","last_updated":"2024-11-11"}},{"type":"Feature","id":27617,"geometry":{"type":"Point","coordinates":[6.35510253900003,6.01330566400003]},"properties":{"OBJECTID":27617,"globalid":"f8366c5f-b567-440d-9b62-a49f420ece7e","nhfr_uid":null,"nhfr_facility_code":"","country":"Nigeria","iso":"NGA","state":"Delta","lga":"Aniocha South","lga_name_disagreement":0,"ward":"Ejeme / Igbudu","ward_name_disagreement":0,"facility_name":"Lg Primary Health Center","facility_name_source":"GRID3_EHEALTH","ownership":"Unknown","ownership_type":"Unknown","facility_level":"Primary","facility_level_option":"Primary Health Center","latitude":6.013305664,"longitude":6.355102539,"geocoordinates_source":"GRID3_EHEALTH","last_updated":"2024-11-11"}},{"type":"Feature","id":28013,"geometry":{"type":"Point","coordinates":[5.75710000000004,5.36140000000006]},"properties":{"OBJECTID":28013,"globalid":"c7ca393b-c2d7-4b42-9842-c2282104d21d","nhfr_uid":null,"nhfr_facility_code":"","country":"Nigeria","iso":"NGA","state":"Delta","lga":"Ughelli South","lga_name_disagreement":0,"ward":"Jeremi 3","ward_name_disagreement":0,"facility_name":"Otegbo Health Center","facility_name_source":"GRID3_EHEALTH","ownership":"Unknown","ownership_type":"Unknown","facility_level":"Primary","facility_level_option":"Primary Health Center","latitude":5.3614,"longitude":5.7571,"geocoordinates_source":"GRID3_EHEALTH","last_updated":"2024-11-11"}},{"type":"Feature","id":28092,"geometry":{"type":"Point","coordinates":[6.07898000000006,5.54744000000005]},"properties":{"OBJECTID":28092,"globalid":"eb0bf179-0fc9-4b13-8b5a-9f57f6f941a8","nhfr_uid":null,"nhfr_facility_code":"","country":"Nigeria","iso":"NGA","state":"Delta","lga":"Ughelli North","lga_name_disagreement":0,"ward":"Agbarha","ward_name_disagreement":0,"facility_name":"Agbarha Otor General Hospital","facility_name_source":"GRID3_EHEALTH","ownership":"Unknown","ownership_type":"Unknown","facility_level":"Secondary","facility_level_option":"General Hospital","latitude":5.54744,"longitude":6.07898,"geocoordinates_source":"GRID3_EHEALTH","last_updated":"2024-11-11"}},{"type":"Feature","id":28116,"geometry":{"type":"Point","coordinates":[6.24351000000007,5.96279000000004]},"properties":{"OBJECTID":28116,"globalid":"5a170e3d-2d04-4f21-9fd8-87fa77a44429","nhfr_uid":null,"nhfr_facility_code":"","country":"Nigeria","iso":"NGA","state":"Delta","lga":"Ukwuani","lga_name_disagreement":0,"ward":"Akoku","ward_name_disagreement":0,"facility_name":"Obi Obeti Cottage Hospital","facility_name_source":"GRID3_EHEALTH","ownership":"Unknown","ownership_type":"Unknown","facility_level":"Secondary","facility_level_option":"Unknown","latitude":5.96279,"longitude":6.24351,"geocoordinates_source":"GRID3_EHEALTH","last_updated":"2024-11-11"}},{"type":"Feature","id":28117,"geometry":{"type":"Point","coordinates":[5.80244000000005,5.49726000000004]},"properties":{"OBJECTID":28117,"globalid":"e1376f5d-440f-4ca9-a2a9-19531f567f65","nhfr_uid":null,"nhfr_facility_code":"","country":"Nigeria","iso":"NGA","state":"Delta","lga":"Udu","lga_name_disagreement":0,"ward":"Ekete","ward_name_disagreement":0,"facility_name":"Mari Dan Medical Center","facility_name_source":"GRID3_EHEALTH","ownership":"Unknown","ownership_type":"Unknown","facility_level":"Primary","facility_level_option":"Primary Health Clinic","latitude":5.49726,"longitude":5.80244,"geocoordinates_source":"GRID3_EHEALTH","last_updated":"2024-11-11"}},{"type":"Feature","id":28135,"geometry":{"type":"Point","coordinates":[5.81274000000008,5.43219000000005]},"properties":{"OBJECTID":28135,"globalid":"ce227192-250b-44ff-86d8-1cb483fb43e8","nhfr_uid":null,"nhfr_facility_code":"","country":"Nigeria","iso":"NGA","state":"Delta","lga":"Udu","lga_name_disagreement":0,"ward":"Emadadja","ward_name_disagreement":0,"facility_name":"Emadadja Cottage Hospital","facility_name_source":"GRID3_EHEALTH","ownership":"Unknown","ownership_type":"Unknown","facility_level":"Secondary","facility_level_option":"Unknown","latitude":5.43219,"longitude":5.81274,"geocoordinates_source":"GRID3_EHEALTH","last_updated":"2024-11-11"}},{"type":"Feature","id":28137,"geometry":{"type":"Point","coordinates":[6.61889648400006,6.38189697300004]},"properties":{"OBJECTID":28137,"globalid":"7ee3ff96-de85-4204-9303-f0fe38ba0582","nhfr_uid":null,"nhfr_facility_code":"","country":"Nigeria","iso":"NGA","state":"Delta","lga":"Oshimili North","lga_name_disagreement":0,"ward":"Ukalla / Anwalo","ward_name_disagreement":0,"facility_name":"Ani Nwalo Maeternity","facility_name_source":"GRID3_EHEALTH","ownership":"Unknown","ownership_type":"Unknown","facility_level":"Primary","facility_level_option":"Primary Health Center","latitude":6.381896973,"longitude":6.618896484,"geocoordinates_source":"GRID3_EHEALTH","last_updated":"2024-11-11"}},{"type":"Feature","id":28179,"geometry":{"type":"Point","coordinates":[5.79150390600006,5.52252197300004]},"properties":{"OBJECTID":28179,"globalid":"ff138b17-21c9-498a-9141-00f2af97ed1d","nhfr_uid":null,"nhfr_facility_code":"","country":"Nigeria","iso":"NGA","state":"Delta","lga":"Uvwie","lga_name_disagreement":0,"ward":"Enerhen 4","ward_name_disagreement":0,"facility_name":"Praise Maternity","facility_name_source":"GRID3_EHEALTH","ownership":"Unknown","ownership_type":"Unknown","facility_level":"Primary","facility_level_option":"Primary Health Clinic","latitude":5.522521973,"longitude":5.791503906,"geocoordinates_source":"GRID3_EHEALTH","last_updated":"2024-11-11"}},{"type":"Feature","id":28180,"geometry":{"type":"Point","coordinates":[5.79187011700003,5.55767822300004]},"properties":{"OBJECTID":28180,"globalid":"4e730c1a-bc95-4869-a6ba-559fdcf47a98","nhfr_uid":null,"nhfr_facility_code":"","country":"Nigeria","iso":"NGA","state":"Delta","lga":"Uvwie","lga_name_disagreement":0,"ward":"Alaka","ward_name_disagreement":0,"facility_name":"City Veiw Clinic and Maternity","facility_name_source":"GRID3_EHEALTH","ownership":"Unknown","ownership_type":"Unknown","facility_level":"Primary","facility_level_option":"Primary Health Clinic","latitude":5.557678223,"longitude":5.791870117,"geocoordinates_source":"GRID3_EHEALTH","last_updated":"2024-11-11"}},{"type":"Feature","id":28181,"geometry":{"type":"Point","coordinates":[6.73010253900003,6.16650390600006]},"properties":{"OBJECTID":28181,"globalid":"9308dcfd-6c46-4d72-ba47-fc8b02036968","nhfr_uid":null,"nhfr_facility_code":"","country":"Nigeria","iso":"NGA","state":"Delta","lga":"Oshimili South","lga_name_disagreement":0,"ward":"Okwe","ward_name_disagreement":0,"facility_name":"Obi Di Aso Jeso Hospital and Maternity","facility_name_source":"GRID3_EHEALTH","ownership":"Unknown","ownership_type":"Unknown","facility_level":"Primary","facility_level_option":"Primary Health Clinic","latitude":6.166503906,"longitude":6.730102539,"geocoordinates_source":"GRID3_EHEALTH","last_updated":"2024-11-11"}},{"type":"Feature","id":28182,"geometry":{"type":"Point","coordinates":[6.42377200000004,5.69294300000007]},"properties":{"OBJECTID":28182,"globalid":"5494826d-34ae-429b-ac1a-c3873d66431f","nhfr_uid":null,"nhfr_facility_code":"","country":"Nigeria","iso":"NGA","state":"Delta","lga":"Ndokwa West","lga_name_disagreement":0,"ward":"Ogume 7","ward_name_disagreement":0,"facility_name":"Eke Primary Health Center","facility_name_source":"GRID3_EHEALTH","ownership":"Public","ownership_type":"Unknown","facility_level":"Primary","facility_level_option":"Primary Health Center","latitude":5.692943,"longitude":6.423772,"geocoordinates_source":"GRID3_EHEALTH","last_updated":"2024-11-11"}},{"type":"Feature","id":28187,"geometry":{"type":"Point","coordinates":[5.76470947300004,5.56408691400003]},"properties":{"OBJECTID":28187,"globalid":"704bd00f-2587-4f81-b107-1d6bea49edfa","nhfr_uid":null,"nhfr_facility_code":"","country":"Nigeria","iso":"NGA","state":"Delta","lga":"Uvwie","lga_name_disagreement":0,"ward":"Ekpan 1","ward_name_disagreement":0,"facility_name":"Peerless and Wellness Ltd Hospital","facility_name_source":"GRID3_EHEALTH","ownership":"Unknown","ownership_type":"Unknown","facility_level":"Primary","facility_level_option":"Primary Health Center","latitude":5.564086914,"longitude":5.764709473,"geocoordinates_source":"GRID3_EHEALTH","last_updated":"2024-11-11"}},{"type":"Feature","id":28188,"geometry":{"type":"Point","coordinates":[6.48327636700003,5.43267822300004]},"properties":{"OBJECTID":28188,"globalid":"f0da6a35-7a4d-40fa-8a2f-39978c57d41d","nhfr_uid":null,"nhfr_facility_code":"","country":"Nigeria","iso":"NGA","state":"Delta","lga":"Ndokwa East","lga_name_disagreement":0,"ward":"Onyah / Umuolu","ward_name_disagreement":0,"facility_name":"Government Hospital","facility_name_source":"GRID3_EHEALTH","ownership":"Unknown","ownership_type":"Unknown","facility_level":"Primary","facility_level_option":"Primary Health Center","latitude":5.432678223,"longitude":6.483276367,"geocoordinates_source":"GRID3_EHEALTH","last_updated":"2024-11-11"}},{"type":"Feature","id":28189,"geometry":{"type":"Point","coordinates":[6.16131591800007,5.35272216800007]},"properties":{"OBJECTID":28189,"globalid":"41467041-63ed-4e9c-b8d4-600a4ad81282","nhfr_uid":null,"nhfr_facility_code":"","country":"Nigeria","iso":"NGA","state":"Delta","lga":"Isoko South","lga_name_disagreement":0,"ward":"Igbide","ward_name_disagreement":0,"facility_name":"Igbede Primary Health Care","facility_name_source":"GRID3_EHEALTH","ownership":"Unknown","ownership_type":"Unknown","facility_level":"Primary","facility_level_option":"Primary Health Center","latitude":5.352722168,"longitude":6.161315918,"geocoordinates_source":"GRID3_EHEALTH","last_updated":"2024-11-11"}},{"type":"Feature","id":28190,"geometry":{"type":"Point","coordinates":[6.22772216800007,5.54968261700003]},"properties":{"OBJECTID":28190,"globalid":"f3a8903e-4610-4cda-80b7-c4e2a70ba605","nhfr_uid":null,"nhfr_facility_code":"","country":"Nigeria","iso":"NGA","state":"Delta","lga":"Isoko North","lga_name_disagreement":0,"ward":"Ozoro 3","ward_name_disagreement":0,"facility_name":"Alaka Ozoro Clinic","facility_name_source":"GRID3_EHEALTH","ownership":"Unknown","ownership_type":"Unknown","facility_level":"Primary","facility_level_option":"Primary Health Center","latitude":5.549682617,"longitude":6.227722168,"geocoordinates_source":"GRID3_EHEALTH","last_updated":"2024-11-11"}},{"type":"Feature","id":28752,"geometry":{"type":"Point","coordinates":[5.87451690000006,5.42456000000004]},"properties":{"OBJECTID":28752,"globalid":"854bfe1d-c331-408f-ab8f-979bcf8705b8","nhfr_uid":null,"nhfr_facility_code":"","country":"Nigeria","iso":"NGA","state":"Delta","lga":"Ughelli South","lga_name_disagreement":0,"ward":"Jeremi 2","ward_name_disagreement":0,"facility_name":"Eyera Primary Health Center","facility_name_source":"GRID3_EHEALTH","ownership":"Public","ownership_type":"Unknown","facility_level":"Primary","facility_level_option":"Primary Health Center","latitude":5.42456,"longitude":5.8745169,"geocoordinates_source":"GRID3_EHEALTH","last_updated":"2024-11-11"}},{"type":"Feature","id":28753,"geometry":{"type":"Point","coordinates":[6.13708000000003,6.32224166700007]},"properties":{"OBJECTID":28753,"globalid":"dc874e1c-51cd-44d6-b663-50c54cb172a5","nhfr_uid":null,"nhfr_facility_code":"","country":"Nigeria","iso":"NGA","state":"Delta","lga":"Ika South","lga_name_disagreement":0,"ward":"Ozanogogo / Ihuozomor (Ozanogogo Alisimie)","ward_name_disagreement":0,"facility_name":"Uvbe Primary Health Center","facility_name_source":"GRID3_EHEALTH","ownership":"Public","ownership_type":"Unknown","facility_level":"Primary","facility_level_option":"Primary Health Center","latitude":6.322241667,"longitude":6.13708,"geocoordinates_source":"GRID3_EHEALTH","last_updated":"2024-11-11"}},{"type":"Feature","id":28754,"geometry":{"type":"Point","coordinates":[5.74536666700004,5.51537666700006]},"properties":{"OBJECTID":28754,"globalid":"7ff9213b-0e86-4b08-a483-9c703468e67a","nhfr_uid":null,"nhfr_facility_code":"","country":"Nigeria","iso":"NGA","state":"Delta","lga":"Warri South","lga_name_disagreement":0,"ward":"Okere Ward","ward_name_disagreement":0,"facility_name":"Urban Primary Health Center","facility_name_source":"GRID3_EHEALTH","ownership":"Public","ownership_type":"Unknown","facility_level":"Primary","facility_level_option":"Primary Health Center","latitude":5.515376667,"longitude":5.745366667,"geocoordinates_source":"GRID3_EHEALTH","last_updated":"2024-11-11"}},{"type":"Feature","id":28755,"geometry":{"type":"Point","coordinates":[5.69614666700005,5.55404000000004]},"properties":{"OBJECTID":28755,"globalid":"17261708-c3b4-4ae7-a7e9-f120710a96f4","nhfr_uid":null,"nhfr_facility_code":"","country":"Nigeria","iso":"NGA","state":"Delta","lga":"Warri South","lga_name_disagreement":0,"ward":"Ubeji","ward_name_disagreement":0,"facility_name":"Ikenwole M Primary Ijalla Health Center","facility_name_source":"GRID3_EHEALTH","ownership":"Public","ownership_type":"Unknown","facility_level":"Primary","facility_level_option":"Primary Health Center","latitude":5.55404,"longitude":5.696146667,"geocoordinates_source":"GRID3_EHEALTH","last_updated":"2024-11-11"}},{"type":"Feature","id":28756,"geometry":{"type":"Point","coordinates":[6.01693666700004,5.50353166700006]},"properties":{"OBJECTID":28756,"globalid":"24d50998-0b0c-4db8-9486-8475b98536b1","nhfr_uid":null,"nhfr_facility_code":"","country":"Nigeria","iso":"NGA","state":"Delta","lga":"Ughelli North","lga_name_disagreement":0,"ward":"Afiesere","ward_name_disagreement":0,"facility_name":"Iwherekpokpo Primary Health Center","facility_name_source":"GRID3_EHEALTH","ownership":"Public","ownership_type":"Unknown","facility_level":"Primary","facility_level_option":"Primary Health Center","latitude":5.503531667,"longitude":6.016936667,"geocoordinates_source":"GRID3_EHEALTH","last_updated":"2024-11-11"}},{"type":"Feature","id":28757,"geometry":{"type":"Point","coordinates":[5.78382833300003,5.57585833300004]},"properties":{"OBJECTID":28757,"globalid":"d6eb5c8b-db82-49fa-9599-fa67a45296e9","nhfr_uid":null,"nhfr_facility_code":"","country":"Nigeria","iso":"NGA","state":"Delta","lga":"Uvwie","lga_name_disagreement":0,"ward":"Ohorhe","ward_name_disagreement":0,"facility_name":"Oboro Primary Health Center","facility_name_source":"GRID3_EHEALTH","ownership":"Public","ownership_type":"Unknown","facility_level":"Primary","facility_level_option":"Primary Health Center","latitude":5.575858333,"longitude":5.783828333,"geocoordinates_source":"GRID3_EHEALTH","last_updated":"2024-11-11"}},{"type":"Feature","id":28784,"geometry":{"type":"Point","coordinates":[5.39295666700002,5.62354000000005]},"properties":{"OBJECTID":28784,"globalid":"353367fd-b588-4b83-8884-78943b661d64","nhfr_uid":null,"nhfr_facility_code":"","country":"Nigeria","iso":"NGA","state":"Delta","lga":"Warri North","lga_name_disagreement":0,"ward":"Abigborode","ward_name_disagreement":0,"facility_name":"Okerenkoko Primary Health Center","facility_name_source":"GRID3_EHEALTH","ownership":"Public","ownership_type":"Unknown","facility_level":"Primary","facility_level_option":"Primary Health Center","latitude":5.62354,"longitude":5.392956667,"geocoordinates_source":"GRID3_EHEALTH","last_updated":"2024-11-11"}},{"type":"Feature","id":29082,"geometry":{"type":"Point","coordinates":[5.94959000000006,5.43626000000006]},"properties":{"OBJECTID":29082,"globalid":"bd01a92b-6ce2-446b-b07c-615a0500a975","nhfr_uid":null,"nhfr_facility_code":"","country":"Nigeria","iso":"NGA","state":"Delta","lga":"Ughelli South","lga_name_disagreement":0,"ward":"Olumo 1Ward","ward_name_disagreement":0,"facility_name":"Okpe Olomu Primary Health Care Center","facility_name_source":"GRID3_EHEALTH","ownership":"Unknown","ownership_type":"Unknown","facility_level":"Primary","facility_level_option":"Primary Health Center","latitude":5.43626,"longitude":5.94959,"geocoordinates_source":"GRID3_EHEALTH","last_updated":"2024-11-11"}},{"type":"Feature","id":29083,"geometry":{"type":"Point","coordinates":[6.37137000000007,6.01871000000006]},"properties":{"OBJECTID":29083,"globalid":"947ce15d-c3c2-4ea8-b392-a1607e5f644f","nhfr_uid":null,"nhfr_facility_code":"","country":"Nigeria","iso":"NGA","state":"Delta","lga":"Aniocha South","lga_name_disagreement":0,"ward":"Ejeme / Igbudu","ward_name_disagreement":0,"facility_name":"New Ejeme Unor Health Center","facility_name_source":"GRID3_EHEALTH","ownership":"Unknown","ownership_type":"Unknown","facility_level":"Primary","facility_level_option":"Primary Health Center","latitude":6.01871,"longitude":6.37137,"geocoordinates_source":"GRID3_EHEALTH","last_updated":"2024-11-11"}},{"type":"Feature","id":29294,"geometry":{"type":"Point","coordinates":[6.06279000000006,5.34125000000006]},"properties":{"OBJECTID":29294,"globalid":"a3c3413c-6d9d-4e49-bfef-2421442e316e","nhfr_uid":null,"nhfr_facility_code":"","country":"Nigeria","iso":"NGA","state":"Delta","lga":"Ughelli North","lga_name_disagreement":0,"ward":"Uwheru","ward_name_disagreement":0,"facility_name":"Eboh Uwheru Nursing Home","facility_name_source":"GRID3_EHEALTH","ownership":"Unknown","ownership_type":"Unknown","facility_level":"Primary","facility_level_option":"Primary Health Center","latitude":5.34125,"longitude":6.06279,"geocoordinates_source":"GRID3_EHEALTH","last_updated":"2024-11-11"}},{"type":"Feature","id":29519,"geometry":{"type":"Point","coordinates":[6.33320000000003,6.26209000000006]},"properties":{"OBJECTID":29519,"globalid":"df97a73d-0e77-4260-85f9-31b0ce5b4e5b","nhfr_uid":null,"nhfr_facility_code":"","country":"Nigeria","iso":"NGA","state":"Delta","lga":"Ika North East","lga_name_disagreement":0,"ward":"Akumazi","ward_name_disagreement":0,"facility_name":"New Akumazi Primary Health Center","facility_name_source":"GRID3_EHEALTH","ownership":"Unknown","ownership_type":"Unknown","facility_level":"Primary","facility_level_option":"Primary Health Center","latitude":6.26209,"longitude":6.3332,"geocoordinates_source":"GRID3_EHEALTH","last_updated":"2024-11-11"}},{"type":"Feature","id":29630,"geometry":{"type":"Point","coordinates":[5.32507324200003,5.40588378900003]},"properties":{"OBJECTID":29630,"globalid":"9683819c-33ba-4f1a-ade7-98c2f996ecdd","nhfr_uid":null,"nhfr_facility_code":"","country":"Nigeria","iso":"NGA","state":"Delta","lga":"Burutu","lga_name_disagreement":0,"ward":"Obetebe","ward_name_disagreement":0,"facility_name":"Island Clinic and Maternity","facility_name_source":"GRID3_EHEALTH","ownership":"Unknown","ownership_type":"Unknown","facility_level":"Primary","facility_level_option":"Primary Health Clinic","latitude":5.405883789,"longitude":5.325073242,"geocoordinates_source":"GRID3_EHEALTH","last_updated":"2024-11-11"}},{"type":"Feature","id":29631,"geometry":{"type":"Point","coordinates":[5.35931396500007,5.39428710900006]},"properties":{"OBJECTID":29631,"globalid":"853ad1a3-ffba-45e3-b03e-248e53c03de5","nhfr_uid":null,"nhfr_facility_code":"","country":"Nigeria","iso":"NGA","state":"Delta","lga":"Burutu","lga_name_disagreement":0,"ward":"Obetebe","ward_name_disagreement":0,"facility_name":"Omamor Clinic and Maternity","facility_name_source":"GRID3_EHEALTH","ownership":"Unknown","ownership_type":"Unknown","facility_level":"Primary","facility_level_option":"Primary Health Clinic","latitude":5.394287109,"longitude":5.359313965,"geocoordinates_source":"GRID3_EHEALTH","last_updated":"2024-11-11"}},{"type":"Feature","id":29683,"geometry":{"type":"Point","coordinates":[5.88189697300004,5.79791259800004]},"properties":{"OBJECTID":29683,"globalid":"56482156-41a6-4a16-8661-2f0eb3083883","nhfr_uid":null,"nhfr_facility_code":"","country":"Nigeria","iso":"NGA","state":"Delta","lga":"Ethiope West","lga_name_disagreement":0,"ward":"Jesse 2","ward_name_disagreement":0,"facility_name":"Boboroku Cottage Hospital","facility_name_source":"GRID3_EHEALTH","ownership":"Unknown","ownership_type":"Unknown","facility_level":"Secondary","facility_level_option":"Unknown","latitude":5.797912598,"longitude":5.881896973,"geocoordinates_source":"GRID3_EHEALTH","last_updated":"2024-11-11"}},{"type":"Feature","id":29774,"geometry":{"type":"Point","coordinates":[5.75988769500003,5.51232910200002]},"properties":{"OBJECTID":29774,"globalid":"f0db0521-a35e-4727-ac6d-6a56164897d6","nhfr_uid":null,"nhfr_facility_code":"","country":"Nigeria","iso":"NGA","state":"Delta","lga":"Warri South","lga_name_disagreement":0,"ward":"Igbudu","ward_name_disagreement":0,"facility_name":"Charity Mind and Children Clinic","facility_name_source":"GRID3_EHEALTH","ownership":"Unknown","ownership_type":"Unknown","facility_level":"Primary","facility_level_option":"Primary Health Center","latitude":5.512329102,"longitude":5.759887695,"geocoordinates_source":"GRID3_EHEALTH","last_updated":"2024-11-11"}},{"type":"Feature","id":29832,"geometry":{"type":"Point","coordinates":[5.39111328100006,5.62548828100006]},"properties":{"OBJECTID":29832,"globalid":"f45005a2-dfac-4af0-be31-4ec1652fb5f9","nhfr_uid":null,"nhfr_facility_code":"","country":"Nigeria","iso":"NGA","state":"Delta","lga":"Warri North","lga_name_disagreement":0,"ward":"Abigborode","ward_name_disagreement":0,"facility_name":"Okerekoko Cottage Hospital","facility_name_source":"GRID3_EHEALTH","ownership":"Unknown","ownership_type":"Unknown","facility_level":"Secondary","facility_level_option":"Unknown","latitude":5.625488281,"longitude":5.391113281,"geocoordinates_source":"GRID3_EHEALTH","last_updated":"2024-11-11"}},{"type":"Feature","id":29863,"geometry":{"type":"Point","coordinates":[5.73952000000003,5.57983000000007]},"properties":{"OBJECTID":29863,"globalid":"74a0972e-1ddb-4dc2-929c-86f4c40777c3","nhfr_uid":null,"nhfr_facility_code":"","country":"Nigeria","iso":"NGA","state":"Delta","lga":"Uvwie","lga_name_disagreement":0,"ward":"Ekpan 9","ward_name_disagreement":0,"facility_name":"Aballa Obodo Primary Health Care Center","facility_name_source":"GRID3_EHEALTH","ownership":"Unknown","ownership_type":"Unknown","facility_level":"Primary","facility_level_option":"Primary Health Center","latitude":5.57983,"longitude":5.73952,"geocoordinates_source":"GRID3_EHEALTH","last_updated":"2024-11-11"}},{"type":"Feature","id":29864,"geometry":{"type":"Point","coordinates":[6.72701900000004,6.20383600000002]},"properties":{"OBJECTID":29864,"globalid":"1e24fb16-10ea-4154-bc40-0e354ad60384","nhfr_uid":null,"nhfr_facility_code":"","country":"Nigeria","iso":"NGA","state":"Delta","lga":"Oshimili South","lga_name_disagreement":0,"ward":"Umuagu","ward_name_disagreement":0,"facility_name":"Up Christ Clinic and Maternity","facility_name_source":"GRID3_EHEALTH","ownership":"Unknown","ownership_type":"Unknown","facility_level":"Primary","facility_level_option":"Primary Health Clinic","latitude":6.203836,"longitude":6.727019,"geocoordinates_source":"GRID3_EHEALTH","last_updated":"2024-11-11"}},{"type":"Feature","id":29901,"geometry":{"type":"Point","coordinates":[5.81776000000002,5.57097000000005]},"properties":{"OBJECTID":29901,"globalid":"2375776b-30ba-4a0a-a7aa-35c5d3ee8b72","nhfr_uid":null,"nhfr_facility_code":"","country":"Nigeria","iso":"NGA","state":"Delta","lga":"Uvwie","lga_name_disagreement":0,"ward":"Ugbomro","ward_name_disagreement":0,"facility_name":"Ebureme Primary Health Center","facility_name_source":"GRID3_EHEALTH","ownership":"Unknown","ownership_type":"Unknown","facility_level":"Primary","facility_level_option":"Primary Health Center","latitude":5.57097,"longitude":5.81776,"geocoordinates_source":"GRID3_EHEALTH","last_updated":"2024-11-11"}},{"type":"Feature","id":29902,"geometry":{"type":"Point","coordinates":[6.42250000000007,6.31400000000002]},"properties":{"OBJECTID":29902,"globalid":"c6b75c3a-23bd-4990-a26e-9d0253125097","nhfr_uid":null,"nhfr_facility_code":"","country":"Nigeria","iso":"NGA","state":"Delta","lga":"Aniocha North","lga_name_disagreement":0,"ward":"Onicha-Ugbo","ward_name_disagreement":0,"facility_name":"Inoma Primary Health Center","facility_name_source":"GRID3_EHEALTH","ownership":"Unknown","ownership_type":"Unknown","facility_level":"Primary","facility_level_option":"Primary Health Center","latitude":6.314,"longitude":6.4225,"geocoordinates_source":"GRID3_EHEALTH","last_updated":"2024-11-11"}},{"type":"Feature","id":29903,"geometry":{"type":"Point","coordinates":[6.44337000000007,6.23362000000003]},"properties":{"OBJECTID":29903,"globalid":"1e1140ab-a4f7-41f4-a237-0f712dd61afa","nhfr_uid":null,"nhfr_facility_code":"","country":"Nigeria","iso":"NGA","state":"Delta","lga":"Aniocha South","lga_name_disagreement":0,"ward":"Ubulu-Uku 2","ward_name_disagreement":0,"facility_name":"St Anthony Clinic","facility_name_source":"GRID3_EHEALTH","ownership":"Unknown","ownership_type":"Unknown","facility_level":"Primary","facility_level_option":"Primary Health Center","latitude":6.23362,"longitude":6.44337,"geocoordinates_source":"GRID3_EHEALTH","last_updated":"2024-11-11"}},{"type":"Feature","id":30062,"geometry":{"type":"Point","coordinates":[5.74328613300003,5.55969238300003]},"properties":{"OBJECTID":30062,"globalid":"dd5f22d9-8fae-4dfd-9b64-620352c3751a","nhfr_uid":null,"nhfr_facility_code":"","country":"Nigeria","iso":"NGA","state":"Delta","lga":"Uvwie","lga_name_disagreement":0,"ward":"Ugboroke","ward_name_disagreement":0,"facility_name":"Teem Clinic and Dental Centre","facility_name_source":"GRID3_EHEALTH","ownership":"Unknown","ownership_type":"Unknown","facility_level":"Tertiary","facility_level_option":"General Hospital","latitude":5.559692383,"longitude":5.743286133,"geocoordinates_source":"GRID3_EHEALTH","last_updated":"2024-11-11"}},{"type":"Feature","id":30306,"geometry":{"type":"Point","coordinates":[6.59448242200006,6.26672363300003]},"properties":{"OBJECTID":30306,"globalid":"278d3cc2-e19c-4e6d-aed9-62ba07f1a263","nhfr_uid":null,"nhfr_facility_code":"","country":"Nigeria","iso":"NGA","state":"Delta","lga":"Aniocha South","lga_name_disagreement":0,"ward":"Otulu","ward_name_disagreement":0,"facility_name":"Issele Azagba","facility_name_source":"GRID3_EHEALTH","ownership":"Unknown","ownership_type":"Unknown","facility_level":"Primary","facility_level_option":"Primary Health Center","latitude":6.266723633,"longitude":6.594482422,"geocoordinates_source":"GRID3_EHEALTH","last_updated":"2024-11-11"}},{"type":"Feature","id":30396,"geometry":{"type":"Point","coordinates":[5.61651611300005,5.58569335900006]},"properties":{"OBJECTID":30396,"globalid":"68e1b678-34c6-462c-85c4-1b709c616601","nhfr_uid":null,"nhfr_facility_code":"","country":"Nigeria","iso":"NGA","state":"Delta","lga":"Warri South","lga_name_disagreement":0,"ward":"Obodo","ward_name_disagreement":0,"facility_name":"Oteghele Community","facility_name_source":"GRID3_EHEALTH","ownership":"Unknown","ownership_type":"Unknown","facility_level":"Primary","facility_level_option":"Primary Health Center","latitude":5.585693359,"longitude":5.616516113,"geocoordinates_source":"GRID3_EHEALTH","last_updated":"2024-11-11"}},{"type":"Feature","id":30416,"geometry":{"type":"Point","coordinates":[5.94346570000005,5.42496330000006]},"properties":{"OBJECTID":30416,"globalid":"5bd39801-16a1-4956-a4d9-3c152178708e","nhfr_uid":null,"nhfr_facility_code":"","country":"Nigeria","iso":"NGA","state":"Delta","lga":"Ughelli South","lga_name_disagreement":0,"ward":"Olumo 1Ward","ward_name_disagreement":0,"facility_name":"Oturherhe Primary Health Center","facility_name_source":"GRID3_EHEALTH","ownership":"Public","ownership_type":"Unknown","facility_level":"Primary","facility_level_option":"Primary Health Center","latitude":5.4249633,"longitude":5.9434657,"geocoordinates_source":"GRID3_EHEALTH","last_updated":"2024-11-11"}},{"type":"Feature","id":30417,"geometry":{"type":"Point","coordinates":[5.84153110000005,5.57334590000005]},"properties":{"OBJECTID":30417,"globalid":"90de0969-7c40-413c-9507-5c18efb33648","nhfr_uid":null,"nhfr_facility_code":"","country":"Nigeria","iso":"NGA","state":"Delta","lga":"Uvwie","lga_name_disagreement":0,"ward":"Ugbomro","ward_name_disagreement":0,"facility_name":"Iteregbi Primary Health Center","facility_name_source":"GRID3_EHEALTH","ownership":"Public","ownership_type":"Unknown","facility_level":"Primary","facility_level_option":"Primary Health Center","latitude":5.5733459,"longitude":5.8415311,"geocoordinates_source":"GRID3_EHEALTH","last_updated":"2024-11-11"}},{"type":"Feature","id":30418,"geometry":{"type":"Point","coordinates":[5.80122590000008,5.61647970000007]},"properties":{"OBJECTID":30418,"globalid":"d75edefc-86c5-43d3-90dc-db6d26edd32b","nhfr_uid":null,"nhfr_facility_code":"","country":"Nigeria","iso":"NGA","state":"Delta","lga":"Okpe","lga_name_disagreement":0,"ward":"Evwrigen","ward_name_disagreement":0,"facility_name":"Ohorhe Primary Health Center","facility_name_source":"GRID3_EHEALTH","ownership":"Public","ownership_type":"Unknown","facility_level":"Primary","facility_level_option":"Primary Health Center","latitude":5.6164797,"longitude":5.8012259,"geocoordinates_source":"GRID3_EHEALTH","last_updated":"2024-11-11"}},{"type":"Feature","id":30419,"geometry":{"type":"Point","coordinates":[5.82321666700005,5.63065500000005]},"properties":{"OBJECTID":30419,"globalid":"c3c6201c-910a-4dae-b721-cdfa2284c7c1","nhfr_uid":null,"nhfr_facility_code":"","country":"Nigeria","iso":"NGA","state":"Delta","lga":"Okpe","lga_name_disagreement":0,"ward":"Oha\tWard","ward_name_disagreement":0,"facility_name":"Evwreyen Adagbrassa Primary Health Center","facility_name_source":"GRID3_EHEALTH","ownership":"Public","ownership_type":"Unknown","facility_level":"Primary","facility_level_option":"Primary Health Center","latitude":5.630655,"longitude":5.823216667,"geocoordinates_source":"GRID3_EHEALTH","last_updated":"2024-11-11"}},{"type":"Feature","id":30420,"geometry":{"type":"Point","coordinates":[5.67365500000005,5.16341500000004]},"properties":{"OBJECTID":30420,"globalid":"1896cfe3-7c22-46de-85b2-ae73c9dd9f64","nhfr_uid":null,"nhfr_facility_code":"","country":"Nigeria","iso":"NGA","state":"Delta","lga":"Burutu","lga_name_disagreement":0,"ward":"Tamigbe","ward_name_disagreement":0,"facility_name":"Ogriagbene Primary Health Center","facility_name_source":"GRID3_EHEALTH","ownership":"Public","ownership_type":"Unknown","facility_level":"Primary","facility_level_option":"Primary Health Center","latitude":5.163415,"longitude":5.673655,"geocoordinates_source":"GRID3_EHEALTH","last_updated":"2024-11-11"}},{"type":"Feature","id":30421,"geometry":{"type":"Point","coordinates":[6.64921250000003,6.42015440000006]},"properties":{"OBJECTID":30421,"globalid":"2105a870-5d69-421e-856d-0a1b5706b5b6","nhfr_uid":null,"nhfr_facility_code":"","country":"Nigeria","iso":"NGA","state":"Delta","lga":"Oshimili North","lga_name_disagreement":0,"ward":"Illah","ward_name_disagreement":0,"facility_name":"Ugbolu Primary Health Center","facility_name_source":"GRID3_EHEALTH","ownership":"Public","ownership_type":"Unknown","facility_level":"Primary","facility_level_option":"Primary Health Center","latitude":6.4201544,"longitude":6.6492125,"geocoordinates_source":"GRID3_EHEALTH","last_updated":"2024-11-11"}},{"type":"Feature","id":30422,"geometry":{"type":"Point","coordinates":[5.90833500000002,5.41525666700005]},"properties":{"OBJECTID":30422,"globalid":"636ef508-7a36-4aad-aa60-7f212233bafe","nhfr_uid":null,"nhfr_facility_code":"","country":"Nigeria","iso":"NGA","state":"Delta","lga":"Ughelli South","lga_name_disagreement":0,"ward":"Olumo 1Ward","ward_name_disagreement":0,"facility_name":"Olomu Health Post","facility_name_source":"GRID3_EHEALTH","ownership":"Public","ownership_type":"Unknown","facility_level":"Primary","facility_level_option":"Health Post","latitude":5.415256667,"longitude":5.908335,"geocoordinates_source":"GRID3_EHEALTH","last_updated":"2024-11-11"}},{"type":"Feature","id":30599,"geometry":{"type":"Point","coordinates":[5.78747558600003,5.52490234400005]},"properties":{"OBJECTID":30599,"globalid":"83de3490-1cb1-4124-9a63-108de8edbbc1","nhfr_uid":null,"nhfr_facility_code":"","country":"Nigeria","iso":"NGA","state":"Delta","lga":"Uvwie","lga_name_disagreement":0,"ward":"Enerhen 4","ward_name_disagreement":0,"facility_name":"Mari Community Maternity","facility_name_source":"GRID3_EHEALTH","ownership":"Unknown","ownership_type":"Unknown","facility_level":"Primary","facility_level_option":"Primary Health Clinic","latitude":5.524902344,"longitude":5.787475586,"geocoordinates_source":"GRID3_EHEALTH","last_updated":"2024-11-11"}},{"type":"Feature","id":30725,"geometry":{"type":"Point","coordinates":[5.75335000000007,5.53951000000006]},"properties":{"OBJECTID":30725,"globalid":"e0fe7487-d4e8-4bdf-8268-5609350b45c9","nhfr_uid":null,"nhfr_facility_code":"","country":"Nigeria","iso":"NGA","state":"Delta","lga":"Warri South","lga_name_disagreement":0,"ward":"Esisi","ward_name_disagreement":0,"facility_name":"St Judes Ugborikoko Clinic and Maternity","facility_name_source":"GRID3_EHEALTH","ownership":"Unknown","ownership_type":"Unknown","facility_level":"Primary","facility_level_option":"Primary Health Clinic","latitude":5.53951,"longitude":5.75335,"geocoordinates_source":"GRID3_EHEALTH","last_updated":"2024-11-11"}},{"type":"Feature","id":30760,"geometry":{"type":"Point","coordinates":[5.79219000000006,5.56219000000004]},"properties":{"OBJECTID":30760,"globalid":"0494dce0-c991-4ae9-bfa0-ee989b597866","nhfr_uid":null,"nhfr_facility_code":"","country":"Nigeria","iso":"NGA","state":"Delta","lga":"Uvwie","lga_name_disagreement":0,"ward":"Alaka","ward_name_disagreement":0,"facility_name":"Castle Effurun Clinic and Maternity","facility_name_source":"GRID3_EHEALTH","ownership":"Unknown","ownership_type":"Unknown","facility_level":"Primary","facility_level_option":"Primary Health Clinic","latitude":5.56219,"longitude":5.79219,"geocoordinates_source":"GRID3_EHEALTH","last_updated":"2024-11-11"}},{"type":"Feature","id":30761,"geometry":{"type":"Point","coordinates":[5.73749000000004,5.56649000000004]},"properties":{"OBJECTID":30761,"globalid":"8a5dfad2-67ce-455d-965f-e2c21b0030c4","nhfr_uid":null,"nhfr_facility_code":"","country":"Nigeria","iso":"NGA","state":"Delta","lga":"Uvwie","lga_name_disagreement":0,"ward":"Ekpan 1","ward_name_disagreement":0,"facility_name":"Winlove Ekpan Clinic and Maternity","facility_name_source":"GRID3_EHEALTH","ownership":"Unknown","ownership_type":"Unknown","facility_level":"Primary","facility_level_option":"Primary Health Clinic","latitude":5.56649,"longitude":5.73749,"geocoordinates_source":"GRID3_EHEALTH","last_updated":"2024-11-11"}},{"type":"Feature","id":30762,"geometry":{"type":"Point","coordinates":[5.83326000000005,5.56735000000003]},"properties":{"OBJECTID":30762,"globalid":"b3332080-135a-4790-89b9-2f86df0adb1e","nhfr_uid":null,"nhfr_facility_code":"","country":"Nigeria","iso":"NGA","state":"Delta","lga":"Uvwie","lga_name_disagreement":0,"ward":"Ugbomro","ward_name_disagreement":0,"facility_name":"Faith Maternity Home","facility_name_source":"GRID3_EHEALTH","ownership":"Unknown","ownership_type":"Unknown","facility_level":"Primary","facility_level_option":"Primary Health Clinic","latitude":5.56735,"longitude":5.83326,"geocoordinates_source":"GRID3_EHEALTH","last_updated":"2024-11-11"}},{"type":"Feature","id":30763,"geometry":{"type":"Point","coordinates":[5.72682000000003,5.56998000000004]},"properties":{"OBJECTID":30763,"globalid":"f4883ab3-3f39-4333-b6e0-5c5b0320f3e6","nhfr_uid":null,"nhfr_facility_code":"","country":"Nigeria","iso":"NGA","state":"Delta","lga":"Uvwie","lga_name_disagreement":0,"ward":"Ekpan 9","ward_name_disagreement":0,"facility_name":"Jesus Saves Maternity Home","facility_name_source":"GRID3_EHEALTH","ownership":"Unknown","ownership_type":"Unknown","facility_level":"Primary","facility_level_option":"Primary Health Clinic","latitude":5.56998,"longitude":5.72682,"geocoordinates_source":"GRID3_EHEALTH","last_updated":"2024-11-11"}},{"type":"Feature","id":30764,"geometry":{"type":"Point","coordinates":[5.72425000000004,5.57145000000003]},"properties":{"OBJECTID":30764,"globalid":"3aac380c-7b11-4425-8458-e0dc93739917","nhfr_uid":null,"nhfr_facility_code":"","country":"Nigeria","iso":"NGA","state":"Delta","lga":"Uvwie","lga_name_disagreement":0,"ward":"Ekpan 9","ward_name_disagreement":0,"facility_name":"Odjegba Okoe Yamuke Ekpan Specialist Clinic and Maternity","facility_name_source":"GRID3_EHEALTH","ownership":"Unknown","ownership_type":"Unknown","facility_level":"Primary","facility_level_option":"Primary Health Clinic","latitude":5.57145,"longitude":5.72425,"geocoordinates_source":"GRID3_EHEALTH","last_updated":"2024-11-11"}},{"type":"Feature","id":31191,"geometry":{"type":"Point","coordinates":[6.01548000000003,5.50582000000003]},"properties":{"OBJECTID":31191,"globalid":"ab70d6ea-1be2-45f2-97d2-da9b1a6f6eb7","nhfr_uid":null,"nhfr_facility_code":"","country":"Nigeria","iso":"NGA","state":"Delta","lga":"Ughelli North","lga_name_disagreement":0,"ward":"Afiesere","ward_name_disagreement":0,"facility_name":"Galeo Clinic and Maternity","facility_name_source":"GRID3_EHEALTH","ownership":"Private","ownership_type":"Unknown","facility_level":"Primary","facility_level_option":"Primary Health Clinic","latitude":5.50582,"longitude":6.01548,"geocoordinates_source":"GRID3_EHEALTH","last_updated":"2024-11-11"}},{"type":"Feature","id":31192,"geometry":{"type":"Point","coordinates":[6.01741000000004,5.50223000000005]},"properties":{"OBJECTID":31192,"globalid":"1b323930-0e94-4515-a34e-e5f71cc112f3","nhfr_uid":null,"nhfr_facility_code":"","country":"Nigeria","iso":"NGA","state":"Delta","lga":"Ughelli North","lga_name_disagreement":0,"ward":"Afiesere","ward_name_disagreement":0,"facility_name":"Heritage Clinic and Maternity","facility_name_source":"GRID3_EHEALTH","ownership":"Private","ownership_type":"Unknown","facility_level":"Primary","facility_level_option":"Primary Health Clinic","latitude":5.50223,"longitude":6.01741,"geocoordinates_source":"GRID3_EHEALTH","last_updated":"2024-11-11"}},{"type":"Feature","id":31282,"geometry":{"type":"Point","coordinates":[6.02911377000004,5.48010253900003]},"properties":{"OBJECTID":31282,"globalid":"98a6dcfe-4b4d-4de8-bef8-c5854dd64a89","nhfr_uid":null,"nhfr_facility_code":"","country":"Nigeria","iso":"NGA","state":"Delta","lga":"Ughelli North","lga_name_disagreement":0,"ward":"Otor-Ogor","ward_name_disagreement":0,"facility_name":"Faith Family Clinic and Maternity","facility_name_source":"GRID3_EHEALTH","ownership":"Unknown","ownership_type":"Unknown","facility_level":"Primary","facility_level_option":"Primary Health Clinic","latitude":5.480102539,"longitude":6.02911377,"geocoordinates_source":"GRID3_EHEALTH","last_updated":"2024-11-11"}},{"type":"Feature","id":31353,"geometry":{"type":"Point","coordinates":[5.25018000000006,5.82800000000003]},"properties":{"OBJECTID":31353,"globalid":"86d6074f-4ccb-4b73-b1af-83d9e142ca56","nhfr_uid":null,"nhfr_facility_code":"","country":"Nigeria","iso":"NGA","state":"Delta","lga":"Warri North","lga_name_disagreement":0,"ward":"Ogbudugbudu","ward_name_disagreement":0,"facility_name":"Ugbo Gbene Health Center","facility_name_source":"GRID3_EHEALTH","ownership":"Unknown","ownership_type":"Unknown","facility_level":"Primary","facility_level_option":"Primary Health Center","latitude":5.828,"longitude":5.25018,"geocoordinates_source":"GRID3_EHEALTH","last_updated":"2024-11-11"}},{"type":"Feature","id":31354,"geometry":{"type":"Point","coordinates":[5.20050000000003,6.14488000000006]},"properties":{"OBJECTID":31354,"globalid":"c4d41c43-b0cd-47c4-a9b3-a25ea828a06c","nhfr_uid":null,"nhfr_facility_code":"","country":"Nigeria","iso":"NGA","state":"Delta","lga":"Warri North","lga_name_disagreement":0,"ward":"Ebrohimi","ward_name_disagreement":0,"facility_name":"Ogbinbiri Maternity Home","facility_name_source":"GRID3_EHEALTH","ownership":"Unknown","ownership_type":"Unknown","facility_level":"Primary","facility_level_option":"Primary Health Clinic","latitude":6.14488,"longitude":5.2005,"geocoordinates_source":"GRID3_EHEALTH","last_updated":"2024-11-11"}},{"type":"Feature","id":31355,"geometry":{"type":"Point","coordinates":[6.30648000000002,6.08195000000006]},"properties":{"OBJECTID":31355,"globalid":"5d5f91d5-aa57-4993-acf7-22d9e1653c0b","nhfr_uid":null,"nhfr_facility_code":"","country":"Nigeria","iso":"NGA","state":"Delta","lga":"Ika South","lga_name_disagreement":0,"ward":"Ekuku Agbor","ward_name_disagreement":0,"facility_name":"Catholic Ogbe Ikoko Maternity","facility_name_source":"GRID3_EHEALTH","ownership":"Unknown","ownership_type":"Unknown","facility_level":"Primary","facility_level_option":"Primary Health Clinic","latitude":6.08195,"longitude":6.30648,"geocoordinates_source":"GRID3_EHEALTH","last_updated":"2024-11-11"}},{"type":"Feature","id":31356,"geometry":{"type":"Point","coordinates":[5.83344000000005,5.22345000000007]},"properties":{"OBJECTID":31356,"globalid":"c7d1f9c5-dd60-4c8f-91c0-d2f57923aa69","nhfr_uid":null,"nhfr_facility_code":"","country":"Nigeria","iso":"NGA","state":"Delta","lga":"Bomadi","lga_name_disagreement":0,"ward":"Ugbeinma / Okoloba","ward_name_disagreement":0,"facility_name":"Ogbeinama Health Center","facility_name_source":"GRID3_EHEALTH","ownership":"Unknown","ownership_type":"Unknown","facility_level":"Primary","facility_level_option":"Primary Health Center","latitude":5.22345,"longitude":5.83344,"geocoordinates_source":"GRID3_EHEALTH","last_updated":"2024-11-11"}},{"type":"Feature","id":31524,"geometry":{"type":"Point","coordinates":[5.53802000000007,5.53694000000007]},"properties":{"OBJECTID":31524,"globalid":"14d58862-9c7b-4ade-859f-f9ae864f679e","nhfr_uid":null,"nhfr_facility_code":"","country":"Nigeria","iso":"NGA","state":"Delta","lga":"Warri South West","lga_name_disagreement":0,"ward":"Okererenkoko","ward_name_disagreement":0,"facility_name":"Batan Primary Health Center","facility_name_source":"GRID3_EHEALTH","ownership":"Unknown","ownership_type":"Unknown","facility_level":"Primary","facility_level_option":"Primary Health Center","latitude":5.53694,"longitude":5.53802,"geocoordinates_source":"GRID3_EHEALTH","last_updated":"2024-11-11"}},{"type":"Feature","id":31525,"geometry":{"type":"Point","coordinates":[5.72401000000002,5.94605000000007]},"properties":{"OBJECTID":31525,"globalid":"2805a206-b103-4ed9-b0bd-226e2da39ab8","nhfr_uid":null,"nhfr_facility_code":"","country":"Nigeria","iso":"NGA","state":"Delta","lga":"Ethiope West","lga_name_disagreement":0,"ward":"Ogharefe 1","ward_name_disagreement":0,"facility_name":"Jegbo Efurokpe Primary Health Center","facility_name_source":"GRID3_EHEALTH","ownership":"Unknown","ownership_type":"Unknown","facility_level":"Primary","facility_level_option":"Primary Health Center","latitude":5.94605,"longitude":5.72401,"geocoordinates_source":"GRID3_EHEALTH","last_updated":"2024-11-11"}},{"type":"Feature","id":33511,"geometry":{"type":"Point","coordinates":[5.76202000000006,5.53789000000006]},"properties":{"OBJECTID":33511,"globalid":"2a7ebdf7-1755-478b-a068-ded18b47b464","nhfr_uid":null,"nhfr_facility_code":"","country":"Nigeria","iso":"NGA","state":"Delta","lga":"Warri South","lga_name_disagreement":0,"ward":"Esisi","ward_name_disagreement":0,"facility_name":"Concepts Hospital Clinic","facility_name_source":"GRID3_EHEALTH","ownership":"Unknown","ownership_type":"Unknown","facility_level":"Primary","facility_level_option":"Unknown","latitude":5.53789,"longitude":5.76202,"geocoordinates_source":"GRID3_EHEALTH","last_updated":"2024-11-11"}},{"type":"Feature","id":33512,"geometry":{"type":"Point","coordinates":[5.75035000000003,5.54106000000007]},"properties":{"OBJECTID":33512,"globalid":"d07c7c10-b25a-4c4f-94c0-70e6bbede412","nhfr_uid":null,"nhfr_facility_code":"","country":"Nigeria","iso":"NGA","state":"Delta","lga":"Warri South","lga_name_disagreement":0,"ward":"Avenue","ward_name_disagreement":0,"facility_name":"Phoenix Ugboroke Clinic","facility_name_source":"GRID3_EHEALTH","ownership":"Unknown","ownership_type":"Unknown","facility_level":"Primary","facility_level_option":"Unknown","latitude":5.54106,"longitude":5.75035,"geocoordinates_source":"GRID3_EHEALTH","last_updated":"2024-11-11"}},{"type":"Feature","id":33513,"geometry":{"type":"Point","coordinates":[5.76730000000003,5.52841000000006]},"properties":{"OBJECTID":33513,"globalid":"6d24da5d-101e-4291-a61a-b81e14398a5e","nhfr_uid":null,"nhfr_facility_code":"","country":"Nigeria","iso":"NGA","state":"Delta","lga":"Warri South","lga_name_disagreement":0,"ward":"Igbudu","ward_name_disagreement":0,"facility_name":"Baaker Clinic","facility_name_source":"GRID3_EHEALTH","ownership":"Unknown","ownership_type":"Unknown","facility_level":"Primary","facility_level_option":"Unknown","latitude":5.52841,"longitude":5.7673,"geocoordinates_source":"GRID3_EHEALTH","last_updated":"2024-11-11"}},{"type":"Feature","id":33514,"geometry":{"type":"Point","coordinates":[5.82489013700007,5.87127685500008]},"properties":{"OBJECTID":33514,"globalid":"d2c34606-c551-44f4-987e-ffed0469f3af","nhfr_uid":null,"nhfr_facility_code":"","country":"Nigeria","iso":"NGA","state":"Delta","lga":"Ethiope West","lga_name_disagreement":0,"ward":"Jesse 2","ward_name_disagreement":0,"facility_name":"Okunigbo Health Project","facility_name_source":"GRID3_EHEALTH","ownership":"Unknown","ownership_type":"Unknown","facility_level":"Primary","facility_level_option":"Primary Health Center","latitude":5.871276855,"longitude":5.824890137,"geocoordinates_source":"GRID3_EHEALTH","last_updated":"2024-11-11"}},{"type":"Feature","id":33536,"geometry":{"type":"Point","coordinates":[5.79126000000002,5.50438000000003]},"properties":{"OBJECTID":33536,"globalid":"0e117d62-00cf-4d1e-82e3-3c4487263fb5","nhfr_uid":null,"nhfr_facility_code":"","country":"Nigeria","iso":"NGA","state":"Delta","lga":"Udu","lga_name_disagreement":0,"ward":"Ekete","ward_name_disagreement":0,"facility_name":"Jodel Owhase Medical Clinic","facility_name_source":"GRID3_EHEALTH","ownership":"Unknown","ownership_type":"Unknown","facility_level":"Primary","facility_level_option":"Unknown","latitude":5.50438,"longitude":5.79126,"geocoordinates_source":"GRID3_EHEALTH","last_updated":"2024-11-11"}},{"type":"Feature","id":33537,"geometry":{"type":"Point","coordinates":[5.81844000000007,5.50640000000004]},"properties":{"OBJECTID":33537,"globalid":"f093e9f8-307b-451c-ad69-84bc1cd8851b","nhfr_uid":null,"nhfr_facility_code":"","country":"Nigeria","iso":"NGA","state":"Delta","lga":"Udu","lga_name_disagreement":0,"ward":"Orhuruworun","ward_name_disagreement":0,"facility_name":"Camp Clinic","facility_name_source":"GRID3_EHEALTH","ownership":"Unknown","ownership_type":"Unknown","facility_level":"Primary","facility_level_option":"Unknown","latitude":5.5064,"longitude":5.81844,"geocoordinates_source":"GRID3_EHEALTH","last_updated":"2024-11-11"}},{"type":"Feature","id":33538,"geometry":{"type":"Point","coordinates":[5.82954000000007,5.50899000000004]},"properties":{"OBJECTID":33538,"globalid":"99c9d8fa-e0ff-475f-9d95-40cb4cbdb720","nhfr_uid":null,"nhfr_facility_code":"","country":"Nigeria","iso":"NGA","state":"Delta","lga":"Udu","lga_name_disagreement":0,"ward":"Orhuruworun","ward_name_disagreement":0,"facility_name":"Rinedo Orhuwhorun Clinic","facility_name_source":"GRID3_EHEALTH","ownership":"Unknown","ownership_type":"Unknown","facility_level":"Primary","facility_level_option":"Unknown","latitude":5.50899,"longitude":5.82954,"geocoordinates_source":"GRID3_EHEALTH","last_updated":"2024-11-11"}},{"type":"Feature","id":33539,"geometry":{"type":"Point","coordinates":[5.82023000000004,5.51290000000006]},"properties":{"OBJECTID":33539,"globalid":"959b813d-90b0-4d1b-99c8-beeb283f528a","nhfr_uid":null,"nhfr_facility_code":"","country":"Nigeria","iso":"NGA","state":"Delta","lga":"Udu","lga_name_disagreement":0,"ward":"Orhuruworun","ward_name_disagreement":0,"facility_name":"Framah Igbogidi Clinic","facility_name_source":"GRID3_EHEALTH","ownership":"Unknown","ownership_type":"Unknown","facility_level":"Primary","facility_level_option":"Unknown","latitude":5.5129,"longitude":5.82023,"geocoordinates_source":"GRID3_EHEALTH","last_updated":"2024-11-11"}},{"type":"Feature","id":33540,"geometry":{"type":"Point","coordinates":[6.30659000000003,6.07675000000006]},"properties":{"OBJECTID":33540,"globalid":"892765de-d02e-4701-8226-f1ca452c3db9","nhfr_uid":null,"nhfr_facility_code":"","country":"Nigeria","iso":"NGA","state":"Delta","lga":"Ika South","lga_name_disagreement":0,"ward":"Ekuku Agbor","ward_name_disagreement":0,"facility_name":"Ogbe Agidi Clinic","facility_name_source":"GRID3_EHEALTH","ownership":"Unknown","ownership_type":"Unknown","facility_level":"Primary","facility_level_option":"Unknown","latitude":6.07675,"longitude":6.30659,"geocoordinates_source":"GRID3_EHEALTH","last_updated":"2024-11-11"}},{"type":"Feature","id":33592,"geometry":{"type":"Point","coordinates":[6.13856000000004,5.82298000000003]},"properties":{"OBJECTID":33592,"globalid":"ece1686f-8977-4dbc-a068-ea1cab711785","nhfr_uid":null,"nhfr_facility_code":"","country":"Nigeria","iso":"NGA","state":"Delta","lga":"Ukwuani","lga_name_disagreement":0,"ward":"Ogbe Obiaruku","ward_name_disagreement":0,"facility_name":"Mayowa Hospital","facility_name_source":"GRID3_EHEALTH","ownership":"Unknown","ownership_type":"Unknown","facility_level":"Primary","facility_level_option":"Unknown","latitude":5.82298,"longitude":6.13856,"geocoordinates_source":"GRID3_EHEALTH","last_updated":"2024-11-11"}},{"type":"Feature","id":33593,"geometry":{"type":"Point","coordinates":[5.81094000000007,5.47703000000007]},"properties":{"OBJECTID":33593,"globalid":"55547450-97a1-40e6-94a6-5f00a84866f3","nhfr_uid":null,"nhfr_facility_code":"","country":"Nigeria","iso":"NGA","state":"Delta","lga":"Udu","lga_name_disagreement":0,"ward":"Emadadja","ward_name_disagreement":0,"facility_name":"Delta Clinic","facility_name_source":"GRID3_EHEALTH","ownership":"Unknown","ownership_type":"Unknown","facility_level":"Primary","facility_level_option":"Unknown","latitude":5.47703,"longitude":5.81094,"geocoordinates_source":"GRID3_EHEALTH","last_updated":"2024-11-11"}},{"type":"Feature","id":33594,"geometry":{"type":"Point","coordinates":[6.21771000000007,6.26732000000004]},"properties":{"OBJECTID":33594,"globalid":"b96e470b-bede-4c90-b07f-cabbd532ae04","nhfr_uid":null,"nhfr_facility_code":"","country":"Nigeria","iso":"NGA","state":"Delta","lga":"Ika South","lga_name_disagreement":0,"ward":"Emuhu","ward_name_disagreement":0,"facility_name":"The Eye Boji Boji Clinic","facility_name_source":"GRID3_EHEALTH","ownership":"Unknown","ownership_type":"Unknown","facility_level":"Primary","facility_level_option":"Unknown","latitude":6.26732,"longitude":6.21771,"geocoordinates_source":"GRID3_EHEALTH","last_updated":"2024-11-11"}},{"type":"Feature","id":33736,"geometry":{"type":"Point","coordinates":[5.74353027300003,5.54510498000008]},"properties":{"OBJECTID":33736,"globalid":"c0c6709e-40f5-48e0-9c91-0822d41d1272","nhfr_uid":null,"nhfr_facility_code":"","country":"Nigeria","iso":"NGA","state":"Delta","lga":"Warri South","lga_name_disagreement":0,"ward":"Avenue","ward_name_disagreement":0,"facility_name":"Nnpc Clinic","facility_name_source":"GRID3_EHEALTH","ownership":"Unknown","ownership_type":"Unknown","facility_level":"Secondary","facility_level_option":"Unknown","latitude":5.54510498,"longitude":5.743530273,"geocoordinates_source":"GRID3_EHEALTH","last_updated":"2024-11-11"}},{"type":"Feature","id":33758,"geometry":{"type":"Point","coordinates":[5.84084016200006,5.25215631500004]},"properties":{"OBJECTID":33758,"globalid":"b27f0431-1957-4f1e-8365-729fa07bb048","nhfr_uid":null,"nhfr_facility_code":"","country":"Nigeria","iso":"NGA","state":"Delta","lga":"Bomadi","lga_name_disagreement":0,"ward":"Ugbeinma / Okoloba","ward_name_disagreement":0,"facility_name":"Akugbene General Hospital","facility_name_source":"GRID3_EHEALTH","ownership":"Unknown","ownership_type":"Unknown","facility_level":"Secondary","facility_level_option":"General Hospital","latitude":5.25215631521,"longitude":5.84084016249,"geocoordinates_source":"GRID3_EHEALTH","last_updated":"2024-11-11"}},{"type":"Feature","id":33790,"geometry":{"type":"Point","coordinates":[6.72808837900004,6.19128418000003]},"properties":{"OBJECTID":33790,"globalid":"d6c2cded-fb76-4e4e-b189-1bbfe31a3a2e","nhfr_uid":null,"nhfr_facility_code":"","country":"Nigeria","iso":"NGA","state":"Delta","lga":"Oshimili South","lga_name_disagreement":0,"ward":"Umuonaje","ward_name_disagreement":0,"facility_name":"Rainbow Hospital and Maternity","facility_name_source":"GRID3_EHEALTH","ownership":"Unknown","ownership_type":"Unknown","facility_level":"Primary","facility_level_option":"Primary Health Clinic","latitude":6.19128418,"longitude":6.728088379,"geocoordinates_source":"GRID3_EHEALTH","last_updated":"2024-11-11"}},{"type":"Feature","id":33791,"geometry":{"type":"Point","coordinates":[6.64392089800003,6.32971191400003]},"properties":{"OBJECTID":33791,"globalid":"427c3875-c6b4-417b-96df-42e121eee7c8","nhfr_uid":null,"nhfr_facility_code":"","country":"Nigeria","iso":"NGA","state":"Delta","lga":"Oshimili North","lga_name_disagreement":0,"ward":"Akwukwu/Atuma","ward_name_disagreement":0,"facility_name":"Ogbe Ani Akwukwu Igbo Maternity","facility_name_source":"GRID3_EHEALTH","ownership":"Unknown","ownership_type":"Unknown","facility_level":"Primary","facility_level_option":"Primary Health Clinic","latitude":6.329711914,"longitude":6.643920898,"geocoordinates_source":"GRID3_EHEALTH","last_updated":"2024-11-11"}},{"type":"Feature","id":33796,"geometry":{"type":"Point","coordinates":[6.35870361300005,5.67407226600005]},"properties":{"OBJECTID":33796,"globalid":"8d73a409-2089-4ada-8e9c-9ceedad6cb11","nhfr_uid":null,"nhfr_facility_code":"","country":"Nigeria","iso":"NGA","state":"Delta","lga":"Ndokwa West","lga_name_disagreement":0,"ward":"Emu","ward_name_disagreement":0,"facility_name":"Emu Ebumdo Primary Health Center","facility_name_source":"GRID3_EHEALTH","ownership":"Unknown","ownership_type":"Unknown","facility_level":"Primary","facility_level_option":"Primary Health Center","latitude":5.674072266,"longitude":6.358703613,"geocoordinates_source":"GRID3_EHEALTH","last_updated":"2024-11-11"}},{"type":"Feature","id":33797,"geometry":{"type":"Point","coordinates":[6.61590576200007,5.97448730500003]},"properties":{"OBJECTID":33797,"globalid":"cdac78ee-c32d-466c-97a3-2efc13aa06bc","nhfr_uid":null,"nhfr_facility_code":"","country":"Nigeria","iso":"NGA","state":"Delta","lga":"Ndokwa East","lga_name_disagreement":0,"ward":"Onuaboh / Inyi / Aballa","ward_name_disagreement":0,"facility_name":"Aballa Unor Primary Health Center","facility_name_source":"GRID3_EHEALTH","ownership":"Unknown","ownership_type":"Unknown","facility_level":"Primary","facility_level_option":"Primary Health Center","latitude":5.974487305,"longitude":6.615905762,"geocoordinates_source":"GRID3_EHEALTH","last_updated":"2024-11-11"}},{"type":"Feature","id":33798,"geometry":{"type":"Point","coordinates":[6.70330810500008,6.19189453100006]},"properties":{"OBJECTID":33798,"globalid":"03f72585-f610-4d55-ad32-15bfb5cbe289","nhfr_uid":null,"nhfr_facility_code":"","country":"Nigeria","iso":"NGA","state":"Delta","lga":"Oshimili South","lga_name_disagreement":0,"ward":"Umuagu","ward_name_disagreement":0,"facility_name":"Akwukeu Igbo General Hospital","facility_name_source":"GRID3_EHEALTH","ownership":"Unknown","ownership_type":"Unknown","facility_level":"Secondary","facility_level_option":"General Hospital","latitude":6.191894531,"longitude":6.703308105,"geocoordinates_source":"GRID3_EHEALTH","last_updated":"2024-11-11"}},{"type":"Feature","id":33799,"geometry":{"type":"Point","coordinates":[6.44091796900005,5.74487304700006]},"properties":{"OBJECTID":33799,"globalid":"f81e37aa-58da-4959-9134-c507f30f2671","nhfr_uid":null,"nhfr_facility_code":"","country":"Nigeria","iso":"NGA","state":"Delta","lga":"Ndokwa East","lga_name_disagreement":0,"ward":"Afor / Obikwele","ward_name_disagreement":0,"facility_name":"Obetim Uno Health Post","facility_name_source":"GRID3_EHEALTH","ownership":"Unknown","ownership_type":"Unknown","facility_level":"Primary","facility_level_option":"Health Post","latitude":5.744873047,"longitude":6.440917969,"geocoordinates_source":"GRID3_EHEALTH","last_updated":"2024-11-11"}},{"type":"Feature","id":33874,"geometry":{"type":"Point","coordinates":[5.94812011700003,5.17010498000008]},"properties":{"OBJECTID":33874,"globalid":"e2d5648f-6e88-4d48-bfbe-147fea53aa49","nhfr_uid":null,"nhfr_facility_code":"","country":"Nigeria","iso":"NGA","state":"Delta","lga":"Bomadi","lga_name_disagreement":0,"ward":"Bomadi","ward_name_disagreement":0,"facility_name":"Gods Ebiegberi Maternity","facility_name_source":"GRID3_EHEALTH","ownership":"Unknown","ownership_type":"Unknown","facility_level":"Primary","facility_level_option":"Primary Health Clinic","latitude":5.17010498,"longitude":5.948120117,"geocoordinates_source":"GRID3_EHEALTH","last_updated":"2024-11-11"}},{"type":"Feature","id":33875,"geometry":{"type":"Point","coordinates":[6.35052490200007,6.18328857400007]},"properties":{"OBJECTID":33875,"globalid":"3c7c2e73-cacb-4bb9-b200-4846a0085e93","nhfr_uid":null,"nhfr_facility_code":"","country":"Nigeria","iso":"NGA","state":"Delta","lga":"Ika North East","lga_name_disagreement":0,"ward":"Ute-Ogbeje","ward_name_disagreement":0,"facility_name":"Ani Nwachokor Health Post","facility_name_source":"GRID3_EHEALTH","ownership":"Unknown","ownership_type":"Unknown","facility_level":"Primary","facility_level_option":"Health Post","latitude":6.183288574,"longitude":6.350524902,"geocoordinates_source":"GRID3_EHEALTH","last_updated":"2024-11-11"}},{"type":"Feature","id":33938,"geometry":{"type":"Point","coordinates":[5.78527832000003,5.52587890600006]},"properties":{"OBJECTID":33938,"globalid":"d5a6fe3a-181c-42b2-982d-cd277fc2db43","nhfr_uid":null,"nhfr_facility_code":"","country":"Nigeria","iso":"NGA","state":"Delta","lga":"Uvwie","lga_name_disagreement":0,"ward":"Enerhen 4","ward_name_disagreement":0,"facility_name":"Tinu Maternity","facility_name_source":"GRID3_EHEALTH","ownership":"Unknown","ownership_type":"Unknown","facility_level":"Primary","facility_level_option":"Primary Health Clinic","latitude":5.525878906,"longitude":5.78527832,"geocoordinates_source":"GRID3_EHEALTH","last_updated":"2024-11-11"}},{"type":"Feature","id":34103,"geometry":{"type":"Point","coordinates":[5.78088378900003,5.55950927700007]},"properties":{"OBJECTID":34103,"globalid":"420affcb-b9e8-4aa7-a52f-b026bf787ab4","nhfr_uid":null,"nhfr_facility_code":"","country":"Nigeria","iso":"NGA","state":"Delta","lga":"Uvwie","lga_name_disagreement":0,"ward":"Ekpan 1","ward_name_disagreement":0,"facility_name":"Favour Maternity Clinic","facility_name_source":"GRID3_EHEALTH","ownership":"Unknown","ownership_type":"Unknown","facility_level":"Primary","facility_level_option":"Primary Health Clinic","latitude":5.559509277,"longitude":5.780883789,"geocoordinates_source":"GRID3_EHEALTH","last_updated":"2024-11-11"}},{"type":"Feature","id":34124,"geometry":{"type":"Point","coordinates":[5.79107666000004,5.55847168000003]},"properties":{"OBJECTID":34124,"globalid":"889b12e5-c995-412e-87db-146daba0cac5","nhfr_uid":null,"nhfr_facility_code":"","country":"Nigeria","iso":"NGA","state":"Delta","lga":"Uvwie","lga_name_disagreement":0,"ward":"Alaka","ward_name_disagreement":0,"facility_name":"Luckson Maternity Clinic","facility_name_source":"GRID3_EHEALTH","ownership":"Unknown","ownership_type":"Unknown","facility_level":"Primary","facility_level_option":"Primary Health Clinic","latitude":5.55847168,"longitude":5.79107666,"geocoordinates_source":"GRID3_EHEALTH","last_updated":"2024-11-11"}},{"type":"Feature","id":34136,"geometry":{"type":"Point","coordinates":[5.67370605500003,5.88952636700003]},"properties":{"OBJECTID":34136,"globalid":"a1b79b4d-111a-4228-89f8-f1a579d28e5f","nhfr_uid":null,"nhfr_facility_code":"","country":"Nigeria","iso":"NGA","state":"Delta","lga":"Sapele","lga_name_disagreement":0,"ward":"Abeke","ward_name_disagreement":0,"facility_name":"Jesus Heals Clinic and Maternity","facility_name_source":"GRID3_EHEALTH","ownership":"Unknown","ownership_type":"Unknown","facility_level":"Primary","facility_level_option":"Primary Health Clinic","latitude":5.889526367,"longitude":5.673706055,"geocoordinates_source":"GRID3_EHEALTH","last_updated":"2024-11-11"}},{"type":"Feature","id":34138,"geometry":{"type":"Point","coordinates":[5.63409423800005,5.89672851600005]},"properties":{"OBJECTID":34138,"globalid":"87155bc4-ef4b-4582-b9f8-ea76062118ac","nhfr_uid":null,"nhfr_facility_code":"","country":"Nigeria","iso":"NGA","state":"Delta","lga":"Sapele","lga_name_disagreement":0,"ward":"Amuogodo","ward_name_disagreement":0,"facility_name":"Dantin Clinic and Maternity","facility_name_source":"GRID3_EHEALTH","ownership":"Unknown","ownership_type":"Unknown","facility_level":"Primary","facility_level_option":"Primary Health Clinic","latitude":5.896728516,"longitude":5.634094238,"geocoordinates_source":"GRID3_EHEALTH","last_updated":"2024-11-11"}},{"type":"Feature","id":34160,"geometry":{"type":"Point","coordinates":[5.73468017600004,5.56707763700007]},"properties":{"OBJECTID":34160,"globalid":"f10c2b1d-6d4f-4f95-96ed-86634b6446bb","nhfr_uid":null,"nhfr_facility_code":"","country":"Nigeria","iso":"NGA","state":"Delta","lga":"Uvwie","lga_name_disagreement":0,"ward":"Ekpan 1","ward_name_disagreement":0,"facility_name":"Queens Clinic and Maternity","facility_name_source":"GRID3_EHEALTH","ownership":"Unknown","ownership_type":"Unknown","facility_level":"Primary","facility_level_option":"Primary Health Clinic","latitude":5.567077637,"longitude":5.734680176,"geocoordinates_source":"GRID3_EHEALTH","last_updated":"2024-11-11"}},{"type":"Feature","id":34161,"geometry":{"type":"Point","coordinates":[5.77349853500004,5.56768798800005]},"properties":{"OBJECTID":34161,"globalid":"ac8ee7d3-a22b-4fef-8865-4f5488847d5a","nhfr_uid":null,"nhfr_facility_code":"","country":"Nigeria","iso":"NGA","state":"Delta","lga":"Uvwie","lga_name_disagreement":0,"ward":"Ekpan 1","ward_name_disagreement":0,"facility_name":"Mount Sinai Maternity Clinic","facility_name_source":"GRID3_EHEALTH","ownership":"Unknown","ownership_type":"Unknown","facility_level":"Primary","facility_level_option":"Primary Health Clinic","latitude":5.567687988,"longitude":5.773498535,"geocoordinates_source":"GRID3_EHEALTH","last_updated":"2024-11-11"}},{"type":"Feature","id":34171,"geometry":{"type":"Point","coordinates":[5.87567138700007,5.50128173800005]},"properties":{"OBJECTID":34171,"globalid":"b91870f1-0d7e-46df-aa93-67747b541e2f","nhfr_uid":null,"nhfr_facility_code":"","country":"Nigeria","iso":"NGA","state":"Delta","lga":"Ughelli South","lga_name_disagreement":0,"ward":"Ekakpamre","ward_name_disagreement":0,"facility_name":"St Marys Catholic Clinic and Maternity","facility_name_source":"GRID3_EHEALTH","ownership":"Unknown","ownership_type":"Unknown","facility_level":"Primary","facility_level_option":"Primary Health Clinic","latitude":5.501281738,"longitude":5.875671387,"geocoordinates_source":"GRID3_EHEALTH","last_updated":"2024-11-11"}},{"type":"Feature","id":34172,"geometry":{"type":"Point","coordinates":[5.76708984400005,5.55688476600005]},"properties":{"OBJECTID":34172,"globalid":"134b703f-91cd-4f45-abec-28e4a9f141e6","nhfr_uid":null,"nhfr_facility_code":"","country":"Nigeria","iso":"NGA","state":"Delta","lga":"Uvwie","lga_name_disagreement":0,"ward":"Ugborikoko","ward_name_disagreement":0,"facility_name":"Oghale Nursing and Maternity","facility_name_source":"GRID3_EHEALTH","ownership":"Unknown","ownership_type":"Unknown","facility_level":"Primary","facility_level_option":"Primary Health Clinic","latitude":5.556884766,"longitude":5.767089844,"geocoordinates_source":"GRID3_EHEALTH","last_updated":"2024-11-11"}},{"type":"Feature","id":34173,"geometry":{"type":"Point","coordinates":[5.78747558600003,5.53527832000003]},"properties":{"OBJECTID":34173,"globalid":"ba50e723-3f1b-434e-b7e1-6ed347b5d0c1","nhfr_uid":null,"nhfr_facility_code":"","country":"Nigeria","iso":"NGA","state":"Delta","lga":"Uvwie","lga_name_disagreement":0,"ward":"Enerhen 3","ward_name_disagreement":0,"facility_name":"Enerhen 1 Primary Health Care Center","facility_name_source":"GRID3_EHEALTH","ownership":"Unknown","ownership_type":"Unknown","facility_level":"Primary","facility_level_option":"Primary Health Center","latitude":5.53527832,"longitude":5.787475586,"geocoordinates_source":"GRID3_EHEALTH","last_updated":"2024-11-11"}},{"type":"Feature","id":34174,"geometry":{"type":"Point","coordinates":[5.78228759800004,5.52691650400004]},"properties":{"OBJECTID":34174,"globalid":"f5555979-b6d9-4617-86ef-85581d825bf6","nhfr_uid":null,"nhfr_facility_code":"","country":"Nigeria","iso":"NGA","state":"Delta","lga":"Uvwie","lga_name_disagreement":0,"ward":"Enerhen 4","ward_name_disagreement":0,"facility_name":"Marquis Maternity","facility_name_source":"GRID3_EHEALTH","ownership":"Unknown","ownership_type":"Unknown","facility_level":"Primary","facility_level_option":"Primary Health Clinic","latitude":5.526916504,"longitude":5.782287598,"geocoordinates_source":"GRID3_EHEALTH","last_updated":"2024-11-11"}},{"type":"Feature","id":34175,"geometry":{"type":"Point","coordinates":[5.77587890600006,5.56347656200006]},"properties":{"OBJECTID":34175,"globalid":"e972944a-2210-4ba7-8e75-9682cc3b279e","nhfr_uid":null,"nhfr_facility_code":"","country":"Nigeria","iso":"NGA","state":"Delta","lga":"Uvwie","lga_name_disagreement":0,"ward":"Ekpan 1","ward_name_disagreement":0,"facility_name":"Lizmart Clinic and Maternity","facility_name_source":"GRID3_EHEALTH","ownership":"Unknown","ownership_type":"Unknown","facility_level":"Primary","facility_level_option":"Primary Health Clinic","latitude":5.563476562,"longitude":5.775878906,"geocoordinates_source":"GRID3_EHEALTH","last_updated":"2024-11-11"}},{"type":"Feature","id":34176,"geometry":{"type":"Point","coordinates":[5.77911377000004,5.54431152300003]},"properties":{"OBJECTID":34176,"globalid":"185f1570-2be9-4250-89e4-63fceacc7009","nhfr_uid":null,"nhfr_facility_code":"","country":"Nigeria","iso":"NGA","state":"Delta","lga":"Uvwie","lga_name_disagreement":0,"ward":"Urhumarho","ward_name_disagreement":0,"facility_name":"St Patricks Clinic","facility_name_source":"GRID3_EHEALTH","ownership":"Unknown","ownership_type":"Unknown","facility_level":"Primary","facility_level_option":"Primary Health Center","latitude":5.544311523,"longitude":5.77911377,"geocoordinates_source":"GRID3_EHEALTH","last_updated":"2024-11-11"}},{"type":"Feature","id":34177,"geometry":{"type":"Point","coordinates":[5.67651367200006,5.88830566400003]},"properties":{"OBJECTID":34177,"globalid":"f359b7a3-0d9b-404d-a217-cdbd6ca65ef1","nhfr_uid":null,"nhfr_facility_code":"","country":"Nigeria","iso":"NGA","state":"Delta","lga":"Sapele","lga_name_disagreement":0,"ward":"Agbawan","ward_name_disagreement":0,"facility_name":"Deola Clinic and Maternity","facility_name_source":"GRID3_EHEALTH","ownership":"Unknown","ownership_type":"Unknown","facility_level":"Primary","facility_level_option":"Primary Health Clinic","latitude":5.888305664,"longitude":5.676513672,"geocoordinates_source":"GRID3_EHEALTH","last_updated":"2024-11-11"}},{"type":"Feature","id":34179,"geometry":{"type":"Point","coordinates":[5.67871093700006,5.89672851600005]},"properties":{"OBJECTID":34179,"globalid":"656ba288-803b-4684-836f-acd4e3597b25","nhfr_uid":null,"nhfr_facility_code":"","country":"Nigeria","iso":"NGA","state":"Delta","lga":"Sapele","lga_name_disagreement":0,"ward":"Etamua","ward_name_disagreement":0,"facility_name":"Divine Touch Clinic and Maternity","facility_name_source":"GRID3_EHEALTH","ownership":"Unknown","ownership_type":"Unknown","facility_level":"Primary","facility_level_option":"Primary Health Clinic","latitude":5.896728516,"longitude":5.678710937,"geocoordinates_source":"GRID3_EHEALTH","last_updated":"2024-11-11"}},{"type":"Feature","id":34180,"geometry":{"type":"Point","coordinates":[5.66790771500007,5.88671875000006]},"properties":{"OBJECTID":34180,"globalid":"10897e0c-f8f0-43fd-a60d-334eeb28f4f6","nhfr_uid":null,"nhfr_facility_code":"","country":"Nigeria","iso":"NGA","state":"Delta","lga":"Sapele","lga_name_disagreement":0,"ward":"Abeke","ward_name_disagreement":0,"facility_name":"Unix Clinic and Maternity","facility_name_source":"GRID3_EHEALTH","ownership":"Unknown","ownership_type":"Unknown","facility_level":"Primary","facility_level_option":"Primary Health Clinic","latitude":5.88671875,"longitude":5.667907715,"geocoordinates_source":"GRID3_EHEALTH","last_updated":"2024-11-11"}},{"type":"Feature","id":34181,"geometry":{"type":"Point","coordinates":[6.01068115200007,5.14031982400007]},"properties":{"OBJECTID":34181,"globalid":"ecd6fa15-b0d4-472d-b5cc-a502506d9877","nhfr_uid":null,"nhfr_facility_code":"","country":"Nigeria","iso":"NGA","state":"Delta","lga":"Patani","lga_name_disagreement":0,"ward":"Odorubu","ward_name_disagreement":0,"facility_name":"Odolubo Primary Health Center","facility_name_source":"GRID3_EHEALTH","ownership":"Unknown","ownership_type":"Unknown","facility_level":"Primary","facility_level_option":"Primary Health Center","latitude":5.140319824,"longitude":6.010681152,"geocoordinates_source":"GRID3_EHEALTH","last_updated":"2024-11-11"}},{"type":"Feature","id":34182,"geometry":{"type":"Point","coordinates":[6.20648193400007,5.46649169900007]},"properties":{"OBJECTID":34182,"globalid":"ba44272a-570f-49aa-a283-a74f59dca4a0","nhfr_uid":null,"nhfr_facility_code":"","country":"Nigeria","iso":"NGA","state":"Delta","lga":"Isoko South","lga_name_disagreement":0,"ward":"Oleh 2","ward_name_disagreement":0,"facility_name":"Aruoriwo Nursing and Maternity Home","facility_name_source":"GRID3_EHEALTH","ownership":"Unknown","ownership_type":"Unknown","facility_level":"Primary","facility_level_option":"Primary Health Clinic","latitude":5.466491699,"longitude":6.206481934,"geocoordinates_source":"GRID3_EHEALTH","last_updated":"2024-11-11"}},{"type":"Feature","id":34183,"geometry":{"type":"Point","coordinates":[6.60412597700002,6.31292724600007]},"properties":{"OBJECTID":34183,"globalid":"5904bcba-c516-4f3b-b6bb-b1b912a0551f","nhfr_uid":null,"nhfr_facility_code":"","country":"Nigeria","iso":"NGA","state":"Delta","lga":"Oshimili North","lga_name_disagreement":0,"ward":"Akwukwu/Atuma","ward_name_disagreement":0,"facility_name":"Okwudile Maternity","facility_name_source":"GRID3_EHEALTH","ownership":"Unknown","ownership_type":"Unknown","facility_level":"Primary","facility_level_option":"Primary Health Clinic","latitude":6.312927246,"longitude":6.604125977,"geocoordinates_source":"GRID3_EHEALTH","last_updated":"2024-11-11"}},{"type":"Feature","id":34184,"geometry":{"type":"Point","coordinates":[6.39147949200003,5.83129882800006]},"properties":{"OBJECTID":34184,"globalid":"3c963cb3-cd44-4d01-b3c8-c7aaac1cb0c4","nhfr_uid":null,"nhfr_facility_code":"","country":"Nigeria","iso":"NGA","state":"Delta","lga":"Ndokwa West","lga_name_disagreement":0,"ward":"Onitcha Ukwuani","ward_name_disagreement":0,"facility_name":"Uchenna Nursing and Maternity Home","facility_name_source":"GRID3_EHEALTH","ownership":"Unknown","ownership_type":"Unknown","facility_level":"Primary","facility_level_option":"Primary Health Clinic","latitude":5.831298828,"longitude":6.391479492,"geocoordinates_source":"GRID3_EHEALTH","last_updated":"2024-11-11"}},{"type":"Feature","id":34186,"geometry":{"type":"Point","coordinates":[6.40112304700006,5.64093017600004]},"properties":{"OBJECTID":34186,"globalid":"70fabc67-72a9-4324-b25c-4e4b86eee59a","nhfr_uid":null,"nhfr_facility_code":"","country":"Nigeria","iso":"NGA","state":"Delta","lga":"Ndokwa East","lga_name_disagreement":0,"ward":"Ashaka / Ushie","ward_name_disagreement":0,"facility_name":"Anointed Nursing and Maternity Home","facility_name_source":"GRID3_EHEALTH","ownership":"Unknown","ownership_type":"Unknown","facility_level":"Primary","facility_level_option":"Primary Health Clinic","latitude":5.640930176,"longitude":6.401123047,"geocoordinates_source":"GRID3_EHEALTH","last_updated":"2024-11-11"}},{"type":"Feature","id":34187,"geometry":{"type":"Point","coordinates":[6.37872314500004,6.26647949200003]},"properties":{"OBJECTID":34187,"globalid":"ba1341dc-dcc7-4e47-bd2c-67be5bae3957","nhfr_uid":null,"nhfr_facility_code":"","country":"Nigeria","iso":"NGA","state":"Delta","lga":"Aniocha North","lga_name_disagreement":0,"ward":"Obior / Onicha-Uku","ward_name_disagreement":0,"facility_name":"Christy Maternity Home","facility_name_source":"GRID3_EHEALTH","ownership":"Unknown","ownership_type":"Unknown","facility_level":"Primary","facility_level_option":"Primary Health Clinic","latitude":6.266479492,"longitude":6.378723145,"geocoordinates_source":"GRID3_EHEALTH","last_updated":"2024-11-11"}},{"type":"Feature","id":34188,"geometry":{"type":"Point","coordinates":[6.70971679700006,6.18988037100007]},"properties":{"OBJECTID":34188,"globalid":"dd2ce8f2-d502-469e-8f7d-939a2efc77bf","nhfr_uid":null,"nhfr_facility_code":"","country":"Nigeria","iso":"NGA","state":"Delta","lga":"Oshimili South","lga_name_disagreement":0,"ward":"Umuagu","ward_name_disagreement":0,"facility_name":"Meduah Nursing and Maternity","facility_name_source":"GRID3_EHEALTH","ownership":"Unknown","ownership_type":"Unknown","facility_level":"Primary","facility_level_option":"Primary Health Clinic","latitude":6.189880371,"longitude":6.709716797,"geocoordinates_source":"GRID3_EHEALTH","last_updated":"2024-11-11"}},{"type":"Feature","id":34189,"geometry":{"type":"Point","coordinates":[6.73492431600005,6.18670654300007]},"properties":{"OBJECTID":34189,"globalid":"38356681-c4c2-4721-acf5-a1674e2104d3","nhfr_uid":null,"nhfr_facility_code":"","country":"Nigeria","iso":"NGA","state":"Delta","lga":"Oshimili South","lga_name_disagreement":0,"ward":"Umuezei","ward_name_disagreement":0,"facility_name":"Marilo Clinic and Maternity","facility_name_source":"GRID3_EHEALTH","ownership":"Unknown","ownership_type":"Unknown","facility_level":"Primary","facility_level_option":"Primary Health Clinic","latitude":6.186706543,"longitude":6.734924316,"geocoordinates_source":"GRID3_EHEALTH","last_updated":"2024-11-11"}},{"type":"Feature","id":34191,"geometry":{"type":"Point","coordinates":[6.64709472700002,6.23870849600007]},"properties":{"OBJECTID":34191,"globalid":"f4ae0af1-0718-4aa8-bbee-df8ee14bf89d","nhfr_uid":null,"nhfr_facility_code":"","country":"Nigeria","iso":"NGA","state":"Delta","lga":"Oshimili North","lga_name_disagreement":0,"ward":"Okpanam / Ugbolu","ward_name_disagreement":0,"facility_name":"Christ The King Hospital and Maternity","facility_name_source":"GRID3_EHEALTH","ownership":"Unknown","ownership_type":"Unknown","facility_level":"Primary","facility_level_option":"Primary Health Clinic","latitude":6.238708496,"longitude":6.647094727,"geocoordinates_source":"GRID3_EHEALTH","last_updated":"2024-11-11"}},{"type":"Feature","id":34192,"geometry":{"type":"Point","coordinates":[6.73248291000004,6.19409179700006]},"properties":{"OBJECTID":34192,"globalid":"a51fb2f1-1167-4046-8788-7a63059b3829","nhfr_uid":null,"nhfr_facility_code":"","country":"Nigeria","iso":"NGA","state":"Delta","lga":"Oshimili South","lga_name_disagreement":0,"ward":"Umuezei","ward_name_disagreement":0,"facility_name":"By His Stripes Clinic and Maternity","facility_name_source":"GRID3_EHEALTH","ownership":"Unknown","ownership_type":"Unknown","facility_level":"Primary","facility_level_option":"Primary Health Clinic","latitude":6.194091797,"longitude":6.73248291,"geocoordinates_source":"GRID3_EHEALTH","last_updated":"2024-11-11"}},{"type":"Feature","id":34193,"geometry":{"type":"Point","coordinates":[6.71588134800004,6.19628906200006]},"properties":{"OBJECTID":34193,"globalid":"634e7d14-2e2d-45ae-a612-14140a00bded","nhfr_uid":null,"nhfr_facility_code":"","country":"Nigeria","iso":"NGA","state":"Delta","lga":"Oshimili South","lga_name_disagreement":0,"ward":"Umuagu","ward_name_disagreement":0,"facility_name":"St Mark Specialist Clinic and Maternity","facility_name_source":"GRID3_EHEALTH","ownership":"Unknown","ownership_type":"Unknown","facility_level":"Primary","facility_level_option":"Primary Health Clinic","latitude":6.196289062,"longitude":6.715881348,"geocoordinates_source":"GRID3_EHEALTH","last_updated":"2024-11-11"}},{"type":"Feature","id":34195,"geometry":{"type":"Point","coordinates":[6.21209716800007,5.67028808600003]},"properties":{"OBJECTID":34195,"globalid":"86b295b7-0943-4040-881a-73321b264bd5","nhfr_uid":null,"nhfr_facility_code":"","country":"Nigeria","iso":"NGA","state":"Delta","lga":"Ndokwa West","lga_name_disagreement":0,"ward":"Abbi 9","ward_name_disagreement":0,"facility_name":"St Hias Maternity Clinic","facility_name_source":"GRID3_EHEALTH","ownership":"Unknown","ownership_type":"Unknown","facility_level":"Primary","facility_level_option":"Primary Health Clinic","latitude":5.670288086,"longitude":6.212097168,"geocoordinates_source":"GRID3_EHEALTH","last_updated":"2024-11-11"}},{"type":"Feature","id":34196,"geometry":{"type":"Point","coordinates":[6.18691515900002,5.22065769000005]},"properties":{"OBJECTID":34196,"globalid":"cb95957a-f60a-4123-9c92-2f775addfd1e","nhfr_uid":null,"nhfr_facility_code":"","country":"Nigeria","iso":"NGA","state":"Delta","lga":"Patani","lga_name_disagreement":0,"ward":"Patani 4","ward_name_disagreement":0,"facility_name":"Agoloma Primary Health Center","facility_name_source":"GRID3_EHEALTH","ownership":"Public","ownership_type":"Unknown","facility_level":"Primary","facility_level_option":"Primary Health Center","latitude":5.22065769036,"longitude":6.18691515927,"geocoordinates_source":"GRID3_EHEALTH","last_updated":"2024-11-11"}},{"type":"Feature","id":34243,"geometry":{"type":"Point","coordinates":[5.82727050800003,5.58111572300004]},"properties":{"OBJECTID":34243,"globalid":"c3fb4018-29c9-408f-a6aa-64f708f5af4f","nhfr_uid":null,"nhfr_facility_code":"","country":"Nigeria","iso":"NGA","state":"Delta","lga":"Uvwie","lga_name_disagreement":0,"ward":"Ugbomro","ward_name_disagreement":0,"facility_name":"Premier Clinic","facility_name_source":"GRID3_EHEALTH","ownership":"Unknown","ownership_type":"Unknown","facility_level":"Primary","facility_level_option":"Primary Health Center","latitude":5.581115723,"longitude":5.827270508,"geocoordinates_source":"GRID3_EHEALTH","last_updated":"2024-11-11"}},{"type":"Feature","id":34244,"geometry":{"type":"Point","coordinates":[5.79431152300003,5.56951904300007]},"properties":{"OBJECTID":34244,"globalid":"680430ef-03b9-4f59-a5ce-c08fdccbd6da","nhfr_uid":null,"nhfr_facility_code":"","country":"Nigeria","iso":"NGA","state":"Delta","lga":"Uvwie","lga_name_disagreement":0,"ward":"Alaka","ward_name_disagreement":0,"facility_name":"Pti Clinic","facility_name_source":"GRID3_EHEALTH","ownership":"Unknown","ownership_type":"Unknown","facility_level":"Primary","facility_level_option":"Primary Health Center","latitude":5.569519043,"longitude":5.794311523,"geocoordinates_source":"GRID3_EHEALTH","last_updated":"2024-11-11"}},{"type":"Feature","id":34245,"geometry":{"type":"Point","coordinates":[5.77789306600005,5.56750488300003]},"properties":{"OBJECTID":34245,"globalid":"aa0f534a-1ef7-4bd6-8380-9f891f317e13","nhfr_uid":null,"nhfr_facility_code":"","country":"Nigeria","iso":"NGA","state":"Delta","lga":"Uvwie","lga_name_disagreement":0,"ward":"Ekpan 1","ward_name_disagreement":0,"facility_name":"Skyphon Medical Center","facility_name_source":"GRID3_EHEALTH","ownership":"Unknown","ownership_type":"Unknown","facility_level":"Primary","facility_level_option":"Primary Health Clinic","latitude":5.567504883,"longitude":5.777893066,"geocoordinates_source":"GRID3_EHEALTH","last_updated":"2024-11-11"}},{"type":"Feature","id":34246,"geometry":{"type":"Point","coordinates":[5.77587890600006,5.56011962900004]},"properties":{"OBJECTID":34246,"globalid":"40ca3cd4-4c98-4f57-94f2-dcc6b3304a17","nhfr_uid":null,"nhfr_facility_code":"","country":"Nigeria","iso":"NGA","state":"Delta","lga":"Uvwie","lga_name_disagreement":0,"ward":"Ekpan 1","ward_name_disagreement":0,"facility_name":"Praiseline Clinic","facility_name_source":"GRID3_EHEALTH","ownership":"Unknown","ownership_type":"Unknown","facility_level":"Primary","facility_level_option":"Primary Health Center","latitude":5.560119629,"longitude":5.775878906,"geocoordinates_source":"GRID3_EHEALTH","last_updated":"2024-11-11"}},{"type":"Feature","id":34248,"geometry":{"type":"Point","coordinates":[5.78247070300006,5.54528808600003]},"properties":{"OBJECTID":34248,"globalid":"874180cb-f7ed-488a-bbea-d08ec8d45974","nhfr_uid":null,"nhfr_facility_code":"","country":"Nigeria","iso":"NGA","state":"Delta","lga":"Uvwie","lga_name_disagreement":0,"ward":"Urhumarho","ward_name_disagreement":0,"facility_name":"Humanity Hospital","facility_name_source":"GRID3_EHEALTH","ownership":"Unknown","ownership_type":"Unknown","facility_level":"Primary","facility_level_option":"Primary Health Center","latitude":5.545288086,"longitude":5.782470703,"geocoordinates_source":"GRID3_EHEALTH","last_updated":"2024-11-11"}},{"type":"Feature","id":34249,"geometry":{"type":"Point","coordinates":[5.78027343700006,5.52728271500007]},"properties":{"OBJECTID":34249,"globalid":"842f9175-0abc-406b-a76c-80c9d24f9d32","nhfr_uid":null,"nhfr_facility_code":"","country":"Nigeria","iso":"NGA","state":"Delta","lga":"Uvwie","lga_name_disagreement":0,"ward":"Enerhen 4","ward_name_disagreement":0,"facility_name":"Erada Clinic","facility_name_source":"GRID3_EHEALTH","ownership":"Unknown","ownership_type":"Unknown","facility_level":"Primary","facility_level_option":"Primary Health Center","latitude":5.527282715,"longitude":5.780273437,"geocoordinates_source":"GRID3_EHEALTH","last_updated":"2024-11-11"}},{"type":"Feature","id":34250,"geometry":{"type":"Point","coordinates":[5.74169921900005,5.56689453100006]},"properties":{"OBJECTID":34250,"globalid":"8876fb80-de63-4867-a214-cdc67f1bb8ff","nhfr_uid":null,"nhfr_facility_code":"","country":"Nigeria","iso":"NGA","state":"Delta","lga":"Uvwie","lga_name_disagreement":0,"ward":"Ekpan 1","ward_name_disagreement":0,"facility_name":"Goodnews Hospital Clinic","facility_name_source":"GRID3_EHEALTH","ownership":"Unknown","ownership_type":"Unknown","facility_level":"Primary","facility_level_option":"Primary Health Center","latitude":5.566894531,"longitude":5.741699219,"geocoordinates_source":"GRID3_EHEALTH","last_updated":"2024-11-11"}},{"type":"Feature","id":34251,"geometry":{"type":"Point","coordinates":[5.75830078100006,5.56427002000004]},"properties":{"OBJECTID":34251,"globalid":"a72925f0-af46-48fc-9918-9b0554315e1e","nhfr_uid":null,"nhfr_facility_code":"","country":"Nigeria","iso":"NGA","state":"Delta","lga":"Uvwie","lga_name_disagreement":0,"ward":"Ugboroke","ward_name_disagreement":0,"facility_name":"Nuzor Clinic","facility_name_source":"GRID3_EHEALTH","ownership":"Unknown","ownership_type":"Unknown","facility_level":"Primary","facility_level_option":"Primary Health Center","latitude":5.56427002,"longitude":5.758300781,"geocoordinates_source":"GRID3_EHEALTH","last_updated":"2024-11-11"}},{"type":"Feature","id":34252,"geometry":{"type":"Point","coordinates":[5.87847900400004,5.50671386700003]},"properties":{"OBJECTID":34252,"globalid":"330f9eab-bf3c-4217-bc31-7e6e59212b7a","nhfr_uid":null,"nhfr_facility_code":"","country":"Nigeria","iso":"NGA","state":"Delta","lga":"Ughelli South","lga_name_disagreement":0,"ward":"Ekakpamre","ward_name_disagreement":0,"facility_name":"Usiefrun Primary Health Center","facility_name_source":"GRID3_EHEALTH","ownership":"Unknown","ownership_type":"Unknown","facility_level":"Primary","facility_level_option":"Primary Health Center","latitude":5.506713867,"longitude":5.878479004,"geocoordinates_source":"GRID3_EHEALTH","last_updated":"2024-11-11"}},{"type":"Feature","id":34253,"geometry":{"type":"Point","coordinates":[5.78131103500004,5.52630615200007]},"properties":{"OBJECTID":34253,"globalid":"571f0eaf-83ad-4d1d-b1f0-990e39b5a30a","nhfr_uid":null,"nhfr_facility_code":"","country":"Nigeria","iso":"NGA","state":"Delta","lga":"Uvwie","lga_name_disagreement":0,"ward":"Enerhen 4","ward_name_disagreement":0,"facility_name":"Moss Clinic","facility_name_source":"GRID3_EHEALTH","ownership":"Unknown","ownership_type":"Unknown","facility_level":"Primary","facility_level_option":"Primary Health Center","latitude":5.526306152,"longitude":5.781311035,"geocoordinates_source":"GRID3_EHEALTH","last_updated":"2024-11-11"}},{"type":"Feature","id":34254,"geometry":{"type":"Point","coordinates":[5.78051757800006,5.52850341800007]},"properties":{"OBJECTID":34254,"globalid":"8f2f5a6c-abf0-4cd9-994e-c3c4e9192a48","nhfr_uid":null,"nhfr_facility_code":"","country":"Nigeria","iso":"NGA","state":"Delta","lga":"Uvwie","lga_name_disagreement":0,"ward":"Enerhen 3","ward_name_disagreement":0,"facility_name":"Madona 2 Clinic","facility_name_source":"GRID3_EHEALTH","ownership":"Unknown","ownership_type":"Unknown","facility_level":"Primary","facility_level_option":"Primary Health Center","latitude":5.528503418,"longitude":5.780517578,"geocoordinates_source":"GRID3_EHEALTH","last_updated":"2024-11-11"}},{"type":"Feature","id":34255,"geometry":{"type":"Point","coordinates":[5.78851318400007,5.52331543000003]},"properties":{"OBJECTID":34255,"globalid":"5bf18d81-049e-4ddd-b0b4-038b945fccd1","nhfr_uid":null,"nhfr_facility_code":"","country":"Nigeria","iso":"NGA","state":"Delta","lga":"Uvwie","lga_name_disagreement":0,"ward":"Enerhen 4","ward_name_disagreement":0,"facility_name":"Madona Clinic","facility_name_source":"GRID3_EHEALTH","ownership":"Unknown","ownership_type":"Unknown","facility_level":"Primary","facility_level_option":"Primary Health Center","latitude":5.52331543,"longitude":5.788513184,"geocoordinates_source":"GRID3_EHEALTH","last_updated":"2024-11-11"}},{"type":"Feature","id":34256,"geometry":{"type":"Point","coordinates":[5.78710937500006,5.56811523400006]},"properties":{"OBJECTID":34256,"globalid":"6ff40b31-45aa-4621-85d3-27fcde45e7e8","nhfr_uid":null,"nhfr_facility_code":"","country":"Nigeria","iso":"NGA","state":"Delta","lga":"Uvwie","lga_name_disagreement":0,"ward":"Alaka","ward_name_disagreement":0,"facility_name":"Sacred Heart Dental Clinic","facility_name_source":"GRID3_EHEALTH","ownership":"Unknown","ownership_type":"Unknown","facility_level":"Tertiary","facility_level_option":"General Hospital","latitude":5.568115234,"longitude":5.787109375,"geocoordinates_source":"GRID3_EHEALTH","last_updated":"2024-11-11"}},{"type":"Feature","id":34257,"geometry":{"type":"Point","coordinates":[5.77770996100003,5.52868652300003]},"properties":{"OBJECTID":34257,"globalid":"ae802b35-d2c2-4160-bedd-a7fa5ef0c94d","nhfr_uid":null,"nhfr_facility_code":"","country":"Nigeria","iso":"NGA","state":"Delta","lga":"Uvwie","lga_name_disagreement":0,"ward":"Enerhen 3","ward_name_disagreement":0,"facility_name":"Winrose Limited Clinic","facility_name_source":"GRID3_EHEALTH","ownership":"Unknown","ownership_type":"Unknown","facility_level":"Primary","facility_level_option":"Primary Health Center","latitude":5.528686523,"longitude":5.777709961,"geocoordinates_source":"GRID3_EHEALTH","last_updated":"2024-11-11"}},{"type":"Feature","id":34258,"geometry":{"type":"Point","coordinates":[5.78167724600007,5.53228759800004]},"properties":{"OBJECTID":34258,"globalid":"5ff7ba62-b56b-42ce-bc17-5ae0ef10462d","nhfr_uid":null,"nhfr_facility_code":"","country":"Nigeria","iso":"NGA","state":"Delta","lga":"Uvwie","lga_name_disagreement":0,"ward":"Enerhen 3","ward_name_disagreement":0,"facility_name":"Anointing Medical Center","facility_name_source":"GRID3_EHEALTH","ownership":"Unknown","ownership_type":"Unknown","facility_level":"Primary","facility_level_option":"Primary Health Clinic","latitude":5.532287598,"longitude":5.781677246,"geocoordinates_source":"GRID3_EHEALTH","last_updated":"2024-11-11"}},{"type":"Feature","id":34259,"geometry":{"type":"Point","coordinates":[5.76751709000007,5.56909179700006]},"properties":{"OBJECTID":34259,"globalid":"89cbbf51-75ff-4b2e-b3ee-5c3677421474","nhfr_uid":null,"nhfr_facility_code":"","country":"Nigeria","iso":"NGA","state":"Delta","lga":"Uvwie","lga_name_disagreement":0,"ward":"Ekpan 1","ward_name_disagreement":0,"facility_name":"Divine Grace Hospital","facility_name_source":"GRID3_EHEALTH","ownership":"Unknown","ownership_type":"Unknown","facility_level":"Primary","facility_level_option":"Primary Health Center","latitude":5.569091797,"longitude":5.76751709,"geocoordinates_source":"GRID3_EHEALTH","last_updated":"2024-11-11"}},{"type":"Feature","id":34260,"geometry":{"type":"Point","coordinates":[5.91650390600006,5.49749755900007]},"properties":{"OBJECTID":34260,"globalid":"8fa68e55-d5af-41ce-8d6d-8715607cf270","nhfr_uid":null,"nhfr_facility_code":"","country":"Nigeria","iso":"NGA","state":"Delta","lga":"Ughelli South","lga_name_disagreement":0,"ward":"Jeremi 1","ward_name_disagreement":0,"facility_name":"Ughevwughe Health Center","facility_name_source":"GRID3_EHEALTH","ownership":"Unknown","ownership_type":"Unknown","facility_level":"Primary","facility_level_option":"Primary Health Center","latitude":5.497497559,"longitude":5.916503906,"geocoordinates_source":"GRID3_EHEALTH","last_updated":"2024-11-11"}},{"type":"Feature","id":34261,"geometry":{"type":"Point","coordinates":[5.68328857400007,5.89648437500006]},"properties":{"OBJECTID":34261,"globalid":"c3970440-8561-49fb-b120-c9e7a1226aa0","nhfr_uid":null,"nhfr_facility_code":"","country":"Nigeria","iso":"NGA","state":"Delta","lga":"Sapele","lga_name_disagreement":0,"ward":"Etamua","ward_name_disagreement":0,"facility_name":"Urban Primary Health Care Center","facility_name_source":"GRID3_EHEALTH","ownership":"Unknown","ownership_type":"Unknown","facility_level":"Primary","facility_level_option":"Primary Health Center","latitude":5.896484375,"longitude":5.683288574,"geocoordinates_source":"GRID3_EHEALTH","last_updated":"2024-11-11"}},{"type":"Feature","id":34262,"geometry":{"type":"Point","coordinates":[5.66870117200006,5.88867187500006]},"properties":{"OBJECTID":34262,"globalid":"e34f509f-85bb-4e0b-af6a-7c8f075ff7bc","nhfr_uid":null,"nhfr_facility_code":"","country":"Nigeria","iso":"NGA","state":"Delta","lga":"Sapele","lga_name_disagreement":0,"ward":"Abeke","ward_name_disagreement":0,"facility_name":"Ark Clinic","facility_name_source":"GRID3_EHEALTH","ownership":"Unknown","ownership_type":"Unknown","facility_level":"Primary","facility_level_option":"Primary Health Center","latitude":5.888671875,"longitude":5.668701172,"geocoordinates_source":"GRID3_EHEALTH","last_updated":"2024-11-11"}},{"type":"Feature","id":34263,"geometry":{"type":"Point","coordinates":[5.64532470700004,5.92431640600006]},"properties":{"OBJECTID":34263,"globalid":"98fe4701-9a69-4d58-81a5-b8bf69c320f0","nhfr_uid":null,"nhfr_facility_code":"","country":"Nigeria","iso":"NGA","state":"Delta","lga":"Sapele","lga_name_disagreement":0,"ward":"Amuogodo","ward_name_disagreement":0,"facility_name":"Nepa Sapele Clinic","facility_name_source":"GRID3_EHEALTH","ownership":"Unknown","ownership_type":"Unknown","facility_level":"Secondary","facility_level_option":"Unknown","latitude":5.924316406,"longitude":5.645324707,"geocoordinates_source":"GRID3_EHEALTH","last_updated":"2024-11-11"}},{"type":"Feature","id":34264,"geometry":{"type":"Point","coordinates":[5.68231201200007,5.89611816400003]},"properties":{"OBJECTID":34264,"globalid":"79d8f0dd-85af-4984-9265-52f9966f63a5","nhfr_uid":null,"nhfr_facility_code":"","country":"Nigeria","iso":"NGA","state":"Delta","lga":"Sapele","lga_name_disagreement":0,"ward":"Etamua","ward_name_disagreement":0,"facility_name":"Af Royal Clinic","facility_name_source":"GRID3_EHEALTH","ownership":"Unknown","ownership_type":"Unknown","facility_level":"Primary","facility_level_option":"Primary Health Center","latitude":5.896118164,"longitude":5.682312012,"geocoordinates_source":"GRID3_EHEALTH","last_updated":"2024-11-11"}},{"type":"Feature","id":34265,"geometry":{"type":"Point","coordinates":[6.16247558600003,5.21148681600005]},"properties":{"OBJECTID":34265,"globalid":"06861eae-4834-4b26-a8f7-b18b04ae5b6e","nhfr_uid":null,"nhfr_facility_code":"","country":"Nigeria","iso":"NGA","state":"Delta","lga":"Patani","lga_name_disagreement":0,"ward":"Patani 5","ward_name_disagreement":0,"facility_name":"Kolowari Primary Health Center","facility_name_source":"GRID3_EHEALTH","ownership":"Unknown","ownership_type":"Unknown","facility_level":"Primary","facility_level_option":"Primary Health Center","latitude":5.211486816,"longitude":6.162475586,"geocoordinates_source":"GRID3_EHEALTH","last_updated":"2024-11-11"}},{"type":"Feature","id":34266,"geometry":{"type":"Point","coordinates":[6.13909912100007,5.41369628900003]},"properties":{"OBJECTID":34266,"globalid":"5069d964-a88d-466c-9505-3e3e05f37731","nhfr_uid":null,"nhfr_facility_code":"","country":"Nigeria","iso":"NGA","state":"Delta","lga":"Isoko South","lga_name_disagreement":0,"ward":"Olomoro","ward_name_disagreement":0,"facility_name":"Obey God Blessing Clinic","facility_name_source":"GRID3_EHEALTH","ownership":"Unknown","ownership_type":"Unknown","facility_level":"Primary","facility_level_option":"Primary Health Center","latitude":5.413696289,"longitude":6.139099121,"geocoordinates_source":"GRID3_EHEALTH","last_updated":"2024-11-11"}},{"type":"Feature","id":34267,"geometry":{"type":"Point","coordinates":[5.73791503900003,5.26031494100005]},"properties":{"OBJECTID":34267,"globalid":"2aef083f-3a14-487f-a0ef-913c256220af","nhfr_uid":null,"nhfr_facility_code":"","country":"Nigeria","iso":"NGA","state":"Delta","lga":"Burutu","lga_name_disagreement":0,"ward":"Bolou Ndoro","ward_name_disagreement":0,"facility_name":"Omosuomo Health Cent","facility_name_source":"GRID3_EHEALTH","ownership":"Unknown","ownership_type":"Unknown","facility_level":"Primary","facility_level_option":"Primary Health Center","latitude":5.260314941,"longitude":5.737915039,"geocoordinates_source":"GRID3_EHEALTH","last_updated":"2024-11-11"}},{"type":"Feature","id":34268,"geometry":{"type":"Point","coordinates":[6.20312500000006,5.45111084000007]},"properties":{"OBJECTID":34268,"globalid":"cce6863d-21b6-4a82-bb86-053a1034f803","nhfr_uid":null,"nhfr_facility_code":"","country":"Nigeria","iso":"NGA","state":"Delta","lga":"Isoko South","lga_name_disagreement":0,"ward":"Oleh 2","ward_name_disagreement":0,"facility_name":"Delsu Oleh Campus Health Center","facility_name_source":"GRID3_EHEALTH","ownership":"Unknown","ownership_type":"Unknown","facility_level":"Primary","facility_level_option":"Primary Health Center","latitude":5.45111084,"longitude":6.203125,"geocoordinates_source":"GRID3_EHEALTH","last_updated":"2024-11-11"}},{"type":"Feature","id":34269,"geometry":{"type":"Point","coordinates":[6.33612060500008,5.40112304700006]},"properties":{"OBJECTID":34269,"globalid":"77ff5b64-d05e-479c-acb9-1f34658cdeaf","nhfr_uid":null,"nhfr_facility_code":"","country":"Nigeria","iso":"NGA","state":"Delta","lga":"Isoko South","lga_name_disagreement":0,"ward":"Irri","ward_name_disagreement":0,"facility_name":"Ibedeni Ibedeni Primary Health Care","facility_name_source":"GRID3_EHEALTH","ownership":"Unknown","ownership_type":"Unknown","facility_level":"Primary","facility_level_option":"Primary Health Center","latitude":5.401123047,"longitude":6.336120605,"geocoordinates_source":"GRID3_EHEALTH","last_updated":"2024-11-11"}},{"type":"Feature","id":34270,"geometry":{"type":"Point","coordinates":[5.70910644500003,5.58868408200004]},"properties":{"OBJECTID":34270,"globalid":"f84cbb44-f553-4119-b2d2-a8ff8d4ac67c","nhfr_uid":null,"nhfr_facility_code":"","country":"Nigeria","iso":"NGA","state":"Delta","lga":"Okpe","lga_name_disagreement":0,"ward":"Ughoton","ward_name_disagreement":0,"facility_name":"Daas Clinic","facility_name_source":"GRID3_EHEALTH","ownership":"Unknown","ownership_type":"Unknown","facility_level":"Primary","facility_level_option":"Primary Health Center","latitude":5.588684082,"longitude":5.709106445,"geocoordinates_source":"GRID3_EHEALTH","last_updated":"2024-11-11"}},{"type":"Feature","id":34271,"geometry":{"type":"Point","coordinates":[5.69970703100006,5.59912109400005]},"properties":{"OBJECTID":34271,"globalid":"43bed93c-ecb1-4556-99db-95553e532d60","nhfr_uid":null,"nhfr_facility_code":"","country":"Nigeria","iso":"NGA","state":"Delta","lga":"Okpe","lga_name_disagreement":0,"ward":"Ughoton","ward_name_disagreement":0,"facility_name":"God Reigns Clinic","facility_name_source":"GRID3_EHEALTH","ownership":"Unknown","ownership_type":"Unknown","facility_level":"Primary","facility_level_option":"Primary Health Center","latitude":5.599121094,"longitude":5.699707031,"geocoordinates_source":"GRID3_EHEALTH","last_updated":"2024-11-11"}},{"type":"Feature","id":34272,"geometry":{"type":"Point","coordinates":[5.70770263700007,5.58892822300004]},"properties":{"OBJECTID":34272,"globalid":"8fed1497-63b9-4a18-95af-afdb9686744f","nhfr_uid":null,"nhfr_facility_code":"","country":"Nigeria","iso":"NGA","state":"Delta","lga":"Okpe","lga_name_disagreement":0,"ward":"Ughoton","ward_name_disagreement":0,"facility_name":"His Glory Clinic","facility_name_source":"GRID3_EHEALTH","ownership":"Unknown","ownership_type":"Unknown","facility_level":"Primary","facility_level_option":"Primary Health Center","latitude":5.588928223,"longitude":5.707702637,"geocoordinates_source":"GRID3_EHEALTH","last_updated":"2024-11-11"}},{"type":"Feature","id":34273,"geometry":{"type":"Point","coordinates":[5.76147460900006,5.69152832000003]},"properties":{"OBJECTID":34273,"globalid":"e90e03f3-4772-4e78-b6ae-3b415e726005","nhfr_uid":null,"nhfr_facility_code":"","country":"Nigeria","iso":"NGA","state":"Delta","lga":"Okpe","lga_name_disagreement":0,"ward":"Adeje","ward_name_disagreement":0,"facility_name":"Imo Adeje Nursing Home","facility_name_source":"GRID3_EHEALTH","ownership":"Unknown","ownership_type":"Unknown","facility_level":"Primary","facility_level_option":"Primary Health Center","latitude":5.69152832,"longitude":5.761474609,"geocoordinates_source":"GRID3_EHEALTH","last_updated":"2024-11-11"}},{"type":"Feature","id":34274,"geometry":{"type":"Point","coordinates":[6.23370361300005,5.53631591800007]},"properties":{"OBJECTID":34274,"globalid":"2c5279d1-4056-467a-a0af-e75fdae8e3bd","nhfr_uid":null,"nhfr_facility_code":"","country":"Nigeria","iso":"NGA","state":"Delta","lga":"Isoko North","lga_name_disagreement":0,"ward":"Ozoro 3","ward_name_disagreement":0,"facility_name":"Erovie Primary Health Care Center","facility_name_source":"GRID3_EHEALTH","ownership":"Unknown","ownership_type":"Unknown","facility_level":"Primary","facility_level_option":"Primary Health Center","latitude":5.536315918,"longitude":6.233703613,"geocoordinates_source":"GRID3_EHEALTH","last_updated":"2024-11-11"}},{"type":"Feature","id":34275,"geometry":{"type":"Point","coordinates":[5.88891601600005,5.63549804700006]},"properties":{"OBJECTID":34275,"globalid":"f2a9e101-4fc6-47ac-bc67-b150afebf244","nhfr_uid":null,"nhfr_facility_code":"","country":"Nigeria","iso":"NGA","state":"Delta","lga":"Okpe","lga_name_disagreement":0,"ward":"Orerokpe","ward_name_disagreement":0,"facility_name":"Urban Health Center","facility_name_source":"GRID3_EHEALTH","ownership":"Unknown","ownership_type":"Unknown","facility_level":"Primary","facility_level_option":"Primary Health Center","latitude":5.635498047,"longitude":5.888916016,"geocoordinates_source":"GRID3_EHEALTH","last_updated":"2024-11-11"}},{"type":"Feature","id":34276,"geometry":{"type":"Point","coordinates":[6.43487548800005,5.71209716800007]},"properties":{"OBJECTID":34276,"globalid":"ffd1a716-4ca2-477e-a81a-ef5f7869fc58","nhfr_uid":null,"nhfr_facility_code":"","country":"Nigeria","iso":"NGA","state":"Delta","lga":"Ndokwa West","lga_name_disagreement":0,"ward":"Ogume 7","ward_name_disagreement":0,"facility_name":"Agu Medical Center","facility_name_source":"GRID3_EHEALTH","ownership":"Unknown","ownership_type":"Unknown","facility_level":"Primary","facility_level_option":"Primary Health Clinic","latitude":5.712097168,"longitude":6.434875488,"geocoordinates_source":"GRID3_EHEALTH","last_updated":"2024-11-11"}},{"type":"Feature","id":34277,"geometry":{"type":"Point","coordinates":[5.81988525400004,5.63067627000004]},"properties":{"OBJECTID":34277,"globalid":"a6b6b1c7-c91e-49da-a548-c51cbcf9a9d4","nhfr_uid":null,"nhfr_facility_code":"","country":"Nigeria","iso":"NGA","state":"Delta","lga":"Okpe","lga_name_disagreement":0,"ward":"Oha\tWard","ward_name_disagreement":0,"facility_name":"Adagbrassa Ugolo Health Center","facility_name_source":"GRID3_EHEALTH","ownership":"Unknown","ownership_type":"Unknown","facility_level":"Primary","facility_level_option":"Primary Health Center","latitude":5.63067627,"longitude":5.819885254,"geocoordinates_source":"GRID3_EHEALTH","last_updated":"2024-11-11"}},{"type":"Feature","id":34278,"geometry":{"type":"Point","coordinates":[5.81927490200007,5.76910400400004]},"properties":{"OBJECTID":34278,"globalid":"80f8f951-4c20-4942-9b8c-09347ad04983","nhfr_uid":null,"nhfr_facility_code":"","country":"Nigeria","iso":"NGA","state":"Delta","lga":"Okpe","lga_name_disagreement":0,"ward":"Adagbrassa","ward_name_disagreement":0,"facility_name":"Arhagba Primary Health Care","facility_name_source":"GRID3_EHEALTH","ownership":"Unknown","ownership_type":"Unknown","facility_level":"Primary","facility_level_option":"Primary Health Center","latitude":5.769104004,"longitude":5.819274902,"geocoordinates_source":"GRID3_EHEALTH","last_updated":"2024-11-11"}},{"type":"Feature","id":34280,"geometry":{"type":"Point","coordinates":[5.76287841800007,5.68927002000004]},"properties":{"OBJECTID":34280,"globalid":"f622284d-ef22-412a-a32a-9c058ed2894a","nhfr_uid":null,"nhfr_facility_code":"","country":"Nigeria","iso":"NGA","state":"Delta","lga":"Okpe","lga_name_disagreement":0,"ward":"Adeje","ward_name_disagreement":0,"facility_name":"Rapha Divine and Maternity Nursing Home","facility_name_source":"GRID3_EHEALTH","ownership":"Unknown","ownership_type":"Unknown","facility_level":"Primary","facility_level_option":"Primary Health Center","latitude":5.68927002,"longitude":5.762878418,"geocoordinates_source":"GRID3_EHEALTH","last_updated":"2024-11-11"}},{"type":"Feature","id":34281,"geometry":{"type":"Point","coordinates":[6.33172607400007,5.62750244100005]},"properties":{"OBJECTID":34281,"globalid":"fb20ba33-809d-4ba7-92e7-cb8321982173","nhfr_uid":null,"nhfr_facility_code":"","country":"Nigeria","iso":"NGA","state":"Delta","lga":"Ndokwa East","lga_name_disagreement":0,"ward":"Ashaka / Ushie","ward_name_disagreement":0,"facility_name":"Ushie Primary Health Clinic","facility_name_source":"GRID3_EHEALTH","ownership":"Unknown","ownership_type":"Unknown","facility_level":"Primary","facility_level_option":"Primary Health Center","latitude":5.627502441,"longitude":6.331726074,"geocoordinates_source":"GRID3_EHEALTH","last_updated":"2024-11-11"}},{"type":"Feature","id":34282,"geometry":{"type":"Point","coordinates":[6.21551513700007,5.49108886700003]},"properties":{"OBJECTID":34282,"globalid":"29874fa1-08b4-4bef-9b6b-34756008c66a","nhfr_uid":null,"nhfr_facility_code":"","country":"Nigeria","iso":"NGA","state":"Delta","lga":"Isoko South","lga_name_disagreement":0,"ward":"Oleh 1","ward_name_disagreement":0,"facility_name":"Austine Royal Clinic","facility_name_source":"GRID3_EHEALTH","ownership":"Unknown","ownership_type":"Unknown","facility_level":"Primary","facility_level_option":"Primary Health Center","latitude":5.491088867,"longitude":6.215515137,"geocoordinates_source":"GRID3_EHEALTH","last_updated":"2024-11-11"}},{"type":"Feature","id":34283,"geometry":{"type":"Point","coordinates":[6.21691894500003,5.53509521500007]},"properties":{"OBJECTID":34283,"globalid":"a7845bf0-3c15-46cb-beb5-610c134b4f1d","nhfr_uid":null,"nhfr_facility_code":"","country":"Nigeria","iso":"NGA","state":"Delta","lga":"Isoko North","lga_name_disagreement":0,"ward":"Ozoro 2","ward_name_disagreement":0,"facility_name":"Uvie Clinic","facility_name_source":"GRID3_EHEALTH","ownership":"Unknown","ownership_type":"Unknown","facility_level":"Primary","facility_level_option":"Primary Health Center","latitude":5.535095215,"longitude":6.216918945,"geocoordinates_source":"GRID3_EHEALTH","last_updated":"2024-11-11"}},{"type":"Feature","id":34284,"geometry":{"type":"Point","coordinates":[6.23870849600007,5.55151367200006]},"properties":{"OBJECTID":34284,"globalid":"8b1c2c01-4e3f-4487-b9fd-9a45138b6299","nhfr_uid":null,"nhfr_facility_code":"","country":"Nigeria","iso":"NGA","state":"Delta","lga":"Isoko North","lga_name_disagreement":0,"ward":"Ozoro 3","ward_name_disagreement":0,"facility_name":"Ozoro Medical Center","facility_name_source":"GRID3_EHEALTH","ownership":"Unknown","ownership_type":"Unknown","facility_level":"Primary","facility_level_option":"Primary Health Clinic","latitude":5.551513672,"longitude":6.238708496,"geocoordinates_source":"GRID3_EHEALTH","last_updated":"2024-11-11"}},{"type":"Feature","id":34285,"geometry":{"type":"Point","coordinates":[6.23828125000006,5.54870605500003]},"properties":{"OBJECTID":34285,"globalid":"45bb377e-806c-486d-b53d-fe55abd7edc0","nhfr_uid":null,"nhfr_facility_code":"","country":"Nigeria","iso":"NGA","state":"Delta","lga":"Isoko North","lga_name_disagreement":0,"ward":"Ozoro 3","ward_name_disagreement":0,"facility_name":"Isoko North General Hospital","facility_name_source":"GRID3_EHEALTH","ownership":"Unknown","ownership_type":"Unknown","facility_level":"Secondary","facility_level_option":"General Hospital","latitude":5.548706055,"longitude":6.23828125,"geocoordinates_source":"GRID3_EHEALTH","last_updated":"2024-11-11"}},{"type":"Feature","id":34286,"geometry":{"type":"Point","coordinates":[6.22332763700007,5.54571533200004]},"properties":{"OBJECTID":34286,"globalid":"e42e1763-95b5-4cc2-adba-caa8378aef0a","nhfr_uid":null,"nhfr_facility_code":"","country":"Nigeria","iso":"NGA","state":"Delta","lga":"Isoko North","lga_name_disagreement":0,"ward":"Ozoro 2","ward_name_disagreement":0,"facility_name":"Victory Clinic","facility_name_source":"GRID3_EHEALTH","ownership":"Unknown","ownership_type":"Unknown","facility_level":"Primary","facility_level_option":"Primary Health Center","latitude":5.545715332,"longitude":6.223327637,"geocoordinates_source":"GRID3_EHEALTH","last_updated":"2024-11-11"}},{"type":"Feature","id":34287,"geometry":{"type":"Point","coordinates":[6.39691162100007,6.36730957000003]},"properties":{"OBJECTID":34287,"globalid":"a2e83d15-ca8a-4b74-b6e2-87bae1fd3d04","nhfr_uid":null,"nhfr_facility_code":"","country":"Nigeria","iso":"NGA","state":"Delta","lga":"Aniocha North","lga_name_disagreement":0,"ward":"Idumuje","ward_name_disagreement":0,"facility_name":"Public Health Care Centre","facility_name_source":"GRID3_EHEALTH","ownership":"Unknown","ownership_type":"Unknown","facility_level":"Primary","facility_level_option":"Primary Health Center","latitude":6.36730957,"longitude":6.396911621,"geocoordinates_source":"GRID3_EHEALTH","last_updated":"2024-11-11"}},{"type":"Feature","id":34289,"geometry":{"type":"Point","coordinates":[6.41632080100004,6.31872558600003]},"properties":{"OBJECTID":34289,"globalid":"abe4f454-1876-4f53-aa21-f48281527a88","nhfr_uid":null,"nhfr_facility_code":"","country":"Nigeria","iso":"NGA","state":"Delta","lga":"Aniocha North","lga_name_disagreement":0,"ward":"Onicha-Ugbo","ward_name_disagreement":0,"facility_name":"Chime Clinic","facility_name_source":"GRID3_EHEALTH","ownership":"Unknown","ownership_type":"Unknown","facility_level":"Primary","facility_level_option":"Primary Health Center","latitude":6.318725586,"longitude":6.416320801,"geocoordinates_source":"GRID3_EHEALTH","last_updated":"2024-11-11"}},{"type":"Feature","id":34290,"geometry":{"type":"Point","coordinates":[6.22869873000008,5.73028564500004]},"properties":{"OBJECTID":34290,"globalid":"aae1c1c0-edc4-410f-b053-89e7ae679945","nhfr_uid":null,"nhfr_facility_code":"","country":"Nigeria","iso":"NGA","state":"Delta","lga":"Ndokwa West","lga_name_disagreement":0,"ward":"Abbi 9","ward_name_disagreement":0,"facility_name":"Doctor International Consultant Ltd","facility_name_source":"GRID3_EHEALTH","ownership":"Unknown","ownership_type":"Unknown","facility_level":"Primary","facility_level_option":"Primary Health Center","latitude":5.730285645,"longitude":6.22869873,"geocoordinates_source":"GRID3_EHEALTH","last_updated":"2024-11-11"}},{"type":"Feature","id":34291,"geometry":{"type":"Point","coordinates":[6.52911377000004,5.81610107400007]},"properties":{"OBJECTID":34291,"globalid":"9faddf6e-5fd7-4787-b11d-83f6a057d114","nhfr_uid":null,"nhfr_facility_code":"","country":"Nigeria","iso":"NGA","state":"Delta","lga":"Ndokwa East","lga_name_disagreement":0,"ward":"Onuaboh / Inyi / Aballa","ward_name_disagreement":0,"facility_name":"Onuaboh Primary Health Clinic","facility_name_source":"GRID3_EHEALTH","ownership":"Unknown","ownership_type":"Unknown","facility_level":"Primary","facility_level_option":"Primary Health Center","latitude":5.816101074,"longitude":6.52911377,"geocoordinates_source":"GRID3_EHEALTH","last_updated":"2024-11-11"}},{"type":"Feature","id":34292,"geometry":{"type":"Point","coordinates":[6.62628173800005,6.01031494100005]},"properties":{"OBJECTID":34292,"globalid":"9cadbf6e-7418-4d03-90ce-c21253a4b553","nhfr_uid":null,"nhfr_facility_code":"","country":"Nigeria","iso":"NGA","state":"Delta","lga":"Oshimili South","lga_name_disagreement":0,"ward":"Oko Ogbele","ward_name_disagreement":0,"facility_name":"Abarra Obodo Primary Health Center","facility_name_source":"GRID3_EHEALTH","ownership":"Unknown","ownership_type":"Unknown","facility_level":"Primary","facility_level_option":"Primary Health Center","latitude":6.010314941,"longitude":6.626281738,"geocoordinates_source":"GRID3_EHEALTH","last_updated":"2024-11-11"}},{"type":"Feature","id":34293,"geometry":{"type":"Point","coordinates":[6.50567627000004,5.94012451200007]},"properties":{"OBJECTID":34293,"globalid":"dc228dfe-1e87-46b4-9690-9ef332c42a29","nhfr_uid":null,"nhfr_facility_code":"","country":"Nigeria","iso":"NGA","state":"Delta","lga":"Ndokwa East","lga_name_disagreement":0,"ward":"Ossissa","ward_name_disagreement":0,"facility_name":"Umueze Primary Health Ossissa","facility_name_source":"GRID3_EHEALTH","ownership":"Unknown","ownership_type":"Unknown","facility_level":"Primary","facility_level_option":"Primary Health Center","latitude":5.940124512,"longitude":6.50567627,"geocoordinates_source":"GRID3_EHEALTH","last_updated":"2024-11-11"}},{"type":"Feature","id":34294,"geometry":{"type":"Point","coordinates":[6.49548339800003,5.97729492200006]},"properties":{"OBJECTID":34294,"globalid":"4ae2fda2-90e3-4f42-9149-d53444f01705","nhfr_uid":null,"nhfr_facility_code":"","country":"Nigeria","iso":"NGA","state":"Delta","lga":"Ndokwa East","lga_name_disagreement":0,"ward":"Ossissa","ward_name_disagreement":0,"facility_name":"Ossissa Primary Health Clinic","facility_name_source":"GRID3_EHEALTH","ownership":"Unknown","ownership_type":"Unknown","facility_level":"Primary","facility_level_option":"Primary Health Center","latitude":5.977294922,"longitude":6.495483398,"geocoordinates_source":"GRID3_EHEALTH","last_updated":"2024-11-11"}},{"type":"Feature","id":34295,"geometry":{"type":"Point","coordinates":[6.45989990200007,5.78088378900003]},"properties":{"OBJECTID":34295,"globalid":"d69162f3-4497-4747-99df-1a0e6d2e166a","nhfr_uid":null,"nhfr_facility_code":"","country":"Nigeria","iso":"NGA","state":"Delta","lga":"Ndokwa East","lga_name_disagreement":0,"ward":"Afor / Obikwele","ward_name_disagreement":0,"facility_name":"Afor Primary Health Clinic","facility_name_source":"GRID3_EHEALTH","ownership":"Unknown","ownership_type":"Unknown","facility_level":"Primary","facility_level_option":"Primary Health Center","latitude":5.780883789,"longitude":6.459899902,"geocoordinates_source":"GRID3_EHEALTH","last_updated":"2024-11-11"}},{"type":"Feature","id":34296,"geometry":{"type":"Point","coordinates":[6.70788574200003,6.19848632800006]},"properties":{"OBJECTID":34296,"globalid":"47cb0cca-c8d9-4c9d-be8e-dd60fe91d712","nhfr_uid":null,"nhfr_facility_code":"","country":"Nigeria","iso":"NGA","state":"Delta","lga":"Oshimili South","lga_name_disagreement":0,"ward":"Umuagu","ward_name_disagreement":0,"facility_name":"Asaba Model Health Center","facility_name_source":"GRID3_EHEALTH","ownership":"Unknown","ownership_type":"Unknown","facility_level":"Primary","facility_level_option":"Primary Health Center","latitude":6.198486328,"longitude":6.707885742,"geocoordinates_source":"GRID3_EHEALTH","last_updated":"2024-11-11"}},{"type":"Feature","id":34298,"geometry":{"type":"Point","coordinates":[6.74047851600005,6.19287109400005]},"properties":{"OBJECTID":34298,"globalid":"6454656e-89e4-4fbc-8c08-e7bb725c6a36","nhfr_uid":null,"nhfr_facility_code":"","country":"Nigeria","iso":"NGA","state":"Delta","lga":"Oshimili South","lga_name_disagreement":0,"ward":"Umuezei","ward_name_disagreement":0,"facility_name":"St Augustine Hospital","facility_name_source":"GRID3_EHEALTH","ownership":"Unknown","ownership_type":"Unknown","facility_level":"Primary","facility_level_option":"Primary Health Center","latitude":6.192871094,"longitude":6.740478516,"geocoordinates_source":"GRID3_EHEALTH","last_updated":"2024-11-11"}},{"type":"Feature","id":34299,"geometry":{"type":"Point","coordinates":[6.57812500000006,6.38568115200007]},"properties":{"OBJECTID":34299,"globalid":"ab84dfcc-c2c9-48c7-815a-7559cf7cba80","nhfr_uid":null,"nhfr_facility_code":"","country":"Nigeria","iso":"NGA","state":"Delta","lga":"Oshimili North","lga_name_disagreement":0,"ward":"Ukalla / Anwalo","ward_name_disagreement":0,"facility_name":"Ukala Primary Health Center","facility_name_source":"GRID3_EHEALTH","ownership":"Unknown","ownership_type":"Unknown","facility_level":"Primary","facility_level_option":"Primary Health Center","latitude":6.385681152,"longitude":6.578125,"geocoordinates_source":"GRID3_EHEALTH","last_updated":"2024-11-11"}},{"type":"Feature","id":34300,"geometry":{"type":"Point","coordinates":[6.45190429700006,6.23950195300006]},"properties":{"OBJECTID":34300,"globalid":"24f1d04b-4449-4002-92c8-e221354288db","nhfr_uid":null,"nhfr_facility_code":"","country":"Nigeria","iso":"NGA","state":"Delta","lga":"Aniocha South","lga_name_disagreement":0,"ward":"Ubulu-Uku 2","ward_name_disagreement":0,"facility_name":"Banos Clinic","facility_name_source":"GRID3_EHEALTH","ownership":"Unknown","ownership_type":"Unknown","facility_level":"Primary","facility_level_option":"Primary Health Center","latitude":6.239501953,"longitude":6.451904297,"geocoordinates_source":"GRID3_EHEALTH","last_updated":"2024-11-11"}},{"type":"Feature","id":34301,"geometry":{"type":"Point","coordinates":[6.52490234400005,6.12829589800003]},"properties":{"OBJECTID":34301,"globalid":"e9e9da19-8705-4124-b8dc-cffe628999ca","nhfr_uid":null,"nhfr_facility_code":"","country":"Nigeria","iso":"NGA","state":"Delta","lga":"Aniocha South","lga_name_disagreement":0,"ward":"Adonte","ward_name_disagreement":0,"facility_name":"Olloh Primary Health Care","facility_name_source":"GRID3_EHEALTH","ownership":"Unknown","ownership_type":"Unknown","facility_level":"Primary","facility_level_option":"Primary Health Center","latitude":6.128295898,"longitude":6.524902344,"geocoordinates_source":"GRID3_EHEALTH","last_updated":"2024-11-11"}},{"type":"Feature","id":34303,"geometry":{"type":"Point","coordinates":[6.45568847700002,6.31872558600003]},"properties":{"OBJECTID":34303,"globalid":"2561d6e5-e82e-4e90-8869-d66b7a3f4166","nhfr_uid":null,"nhfr_facility_code":"","country":"Nigeria","iso":"NGA","state":"Delta","lga":"Aniocha North","lga_name_disagreement":0,"ward":"Issele-Uku 1","ward_name_disagreement":0,"facility_name":"Pilgrim Baptist Issele Uku Hospital","facility_name_source":"GRID3_EHEALTH","ownership":"Unknown","ownership_type":"Unknown","facility_level":"Primary","facility_level_option":"Primary Health Center","latitude":6.318725586,"longitude":6.455688477,"geocoordinates_source":"GRID3_EHEALTH","last_updated":"2024-11-11"}},{"type":"Feature","id":34304,"geometry":{"type":"Point","coordinates":[6.75109863300003,6.18988037100007]},"properties":{"OBJECTID":34304,"globalid":"026f314e-bd82-46a4-849f-a54787eeeb98","nhfr_uid":null,"nhfr_facility_code":"","country":"Nigeria","iso":"NGA","state":"Delta","lga":"Oshimili South","lga_name_disagreement":0,"ward":"Akuebulu","ward_name_disagreement":0,"facility_name":"Cable Point Primary Health Care Center","facility_name_source":"GRID3_EHEALTH","ownership":"Unknown","ownership_type":"Unknown","facility_level":"Primary","facility_level_option":"Primary Health Center","latitude":6.189880371,"longitude":6.751098633,"geocoordinates_source":"GRID3_EHEALTH","last_updated":"2024-11-11"}},{"type":"Feature","id":34307,"geometry":{"type":"Point","coordinates":[6.73211669900007,6.19952392600004]},"properties":{"OBJECTID":34307,"globalid":"7e760eb3-3234-4952-a84f-76c4c3599627","nhfr_uid":null,"nhfr_facility_code":"","country":"Nigeria","iso":"NGA","state":"Delta","lga":"Oshimili South","lga_name_disagreement":0,"ward":"Umuonaje","ward_name_disagreement":0,"facility_name":"Trinity Hospital","facility_name_source":"GRID3_EHEALTH","ownership":"Unknown","ownership_type":"Unknown","facility_level":"Primary","facility_level_option":"Primary Health Center","latitude":6.199523926,"longitude":6.732116699,"geocoordinates_source":"GRID3_EHEALTH","last_updated":"2024-11-11"}},{"type":"Feature","id":34308,"geometry":{"type":"Point","coordinates":[6.54510498000008,6.34027099600007]},"properties":{"OBJECTID":34308,"globalid":"2a49198f-a006-416f-aae8-3a803b1c6033","nhfr_uid":null,"nhfr_facility_code":"","country":"Nigeria","iso":"NGA","state":"Delta","lga":"Aniocha North","lga_name_disagreement":0,"ward":"Onicha-Olone","ward_name_disagreement":0,"facility_name":"Isele Primary Health Center","facility_name_source":"GRID3_EHEALTH","ownership":"Unknown","ownership_type":"Unknown","facility_level":"Primary","facility_level_option":"Primary Health Center","latitude":6.340270996,"longitude":6.54510498,"geocoordinates_source":"GRID3_EHEALTH","last_updated":"2024-11-11"}},{"type":"Feature","id":34310,"geometry":{"type":"Point","coordinates":[6.73712158200004,6.16448974600007]},"properties":{"OBJECTID":34310,"globalid":"29542eb0-68fd-4b50-bb36-687a4dce1356","nhfr_uid":null,"nhfr_facility_code":"","country":"Nigeria","iso":"NGA","state":"Delta","lga":"Oshimili South","lga_name_disagreement":0,"ward":"Okwe","ward_name_disagreement":0,"facility_name":"Blessed Mama Hospital","facility_name_source":"GRID3_EHEALTH","ownership":"Private","ownership_type":"Unknown","facility_level":"Primary","facility_level_option":"Primary Health Center","latitude":6.164489746,"longitude":6.737121582,"geocoordinates_source":"GRID3_EHEALTH","last_updated":"2024-11-11"}},{"type":"Feature","id":34311,"geometry":{"type":"Point","coordinates":[6.44832507200005,5.85530346700006]},"properties":{"OBJECTID":34311,"globalid":"5d1c8697-300a-4e03-90e2-296d5aa251a8","nhfr_uid":null,"nhfr_facility_code":"","country":"Nigeria","iso":"NGA","state":"Delta","lga":"Ndokwa West","lga_name_disagreement":0,"ward":"Onitcha Ukwuani","ward_name_disagreement":0,"facility_name":"Ugiliamai Primary Health Center","facility_name_source":"GRID3_EHEALTH","ownership":"Public","ownership_type":"Unknown","facility_level":"Primary","facility_level_option":"Primary Health Center","latitude":5.85530346717,"longitude":6.44832507193,"geocoordinates_source":"GRID3_EHEALTH","last_updated":"2024-11-11"}},{"type":"Feature","id":34689,"geometry":{"type":"Point","coordinates":[5.99210000000005,5.50564000000003]},"properties":{"OBJECTID":34689,"globalid":"5f7bf1cb-d9be-4cc2-99c1-e9b9ea6fd03e","nhfr_uid":null,"nhfr_facility_code":"","country":"Nigeria","iso":"NGA","state":"Delta","lga":"Ughelli North","lga_name_disagreement":0,"ward":"Ughelli Urban 1","ward_name_disagreement":0,"facility_name":"Life Care Hospital","facility_name_source":"GRID3_EHEALTH","ownership":"Unknown","ownership_type":"Unknown","facility_level":"Primary","facility_level_option":"Unknown","latitude":5.50564,"longitude":5.9921,"geocoordinates_source":"GRID3_EHEALTH","last_updated":"2024-11-11"}},{"type":"Feature","id":34933,"geometry":{"type":"Point","coordinates":[5.83471000000003,5.38653000000005]},"properties":{"OBJECTID":34933,"globalid":"d9f0e370-ff00-4604-9ecc-f8b3eb1815d9","nhfr_uid":null,"nhfr_facility_code":"","country":"Nigeria","iso":"NGA","state":"Delta","lga":"Ughelli South","lga_name_disagreement":0,"ward":"Jeremi 2","ward_name_disagreement":0,"facility_name":"Gods Cure Tradimedical Home","facility_name_source":"GRID3_EHEALTH","ownership":"Unknown","ownership_type":"Unknown","facility_level":"Primary","facility_level_option":"Unknown","latitude":5.38653,"longitude":5.83471,"geocoordinates_source":"GRID3_EHEALTH","last_updated":"2024-11-11"}},{"type":"Feature","id":35105,"geometry":{"type":"Point","coordinates":[6.23370361300005,5.54589843700006]},"properties":{"OBJECTID":35105,"globalid":"7597991c-be2a-455c-b7f9-14b225a49c61","nhfr_uid":null,"nhfr_facility_code":"","country":"Nigeria","iso":"NGA","state":"Delta","lga":"Isoko North","lga_name_disagreement":0,"ward":"Ozoro 3","ward_name_disagreement":0,"facility_name":"Mac Tana Mursing Home Ozoro","facility_name_source":"GRID3_EHEALTH","ownership":"Unknown","ownership_type":"Unknown","facility_level":"Primary","facility_level_option":"Primary Health Center","latitude":5.545898437,"longitude":6.233703613,"geocoordinates_source":"GRID3_EHEALTH","last_updated":"2024-11-11"}},{"type":"Feature","id":35263,"geometry":{"type":"Point","coordinates":[5.76489257800006,5.50451660200002]},"properties":{"OBJECTID":35263,"globalid":"c70f8641-9106-49cd-808e-b3728e6998c7","nhfr_uid":null,"nhfr_facility_code":"","country":"Nigeria","iso":"NGA","state":"Delta","lga":"Warri South","lga_name_disagreement":0,"ward":"Pessu","ward_name_disagreement":0,"facility_name":"Iyinbo Clinic","facility_name_source":"GRID3_EHEALTH","ownership":"Unknown","ownership_type":"Unknown","facility_level":"Primary","facility_level_option":"Primary Health Center","latitude":5.504516602,"longitude":5.764892578,"geocoordinates_source":"GRID3_EHEALTH","last_updated":"2024-11-11"}},{"type":"Feature","id":35426,"geometry":{"type":"Point","coordinates":[5.75048828100006,5.51190185500008]},"properties":{"OBJECTID":35426,"globalid":"a9095d81-a78d-4a51-8619-e6aa364a3f3e","nhfr_uid":null,"nhfr_facility_code":"","country":"Nigeria","iso":"NGA","state":"Delta","lga":"Warri South","lga_name_disagreement":0,"ward":"Bowen","ward_name_disagreement":0,"facility_name":"Moss Specialist Clinic","facility_name_source":"GRID3_EHEALTH","ownership":"Unknown","ownership_type":"Unknown","facility_level":"Tertiary","facility_level_option":"General Hospital","latitude":5.511901855,"longitude":5.750488281,"geocoordinates_source":"GRID3_EHEALTH","last_updated":"2024-11-11"}},{"type":"Feature","id":35428,"geometry":{"type":"Point","coordinates":[6.05371093700006,5.52893066400003]},"properties":{"OBJECTID":35428,"globalid":"e3b8d897-dae0-454b-9fc5-97bdd607c282","nhfr_uid":null,"nhfr_facility_code":"","country":"Nigeria","iso":"NGA","state":"Delta","lga":"Ughelli North","lga_name_disagreement":0,"ward":"Agbarha","ward_name_disagreement":0,"facility_name":"Galeo Annex Agbaide Agbara Otor Clinic and Maternity","facility_name_source":"GRID3_EHEALTH","ownership":"Unknown","ownership_type":"Unknown","facility_level":"Primary","facility_level_option":"Primary Health Clinic","latitude":5.528930664,"longitude":6.053710937,"geocoordinates_source":"GRID3_EHEALTH","last_updated":"2024-11-11"}},{"type":"Feature","id":35429,"geometry":{"type":"Point","coordinates":[5.75732421900005,5.51428222700002]},"properties":{"OBJECTID":35429,"globalid":"9eb1027d-aaa8-4abe-8831-8e338b2325bc","nhfr_uid":null,"nhfr_facility_code":"","country":"Nigeria","iso":"NGA","state":"Delta","lga":"Warri South","lga_name_disagreement":0,"ward":"Bowen","ward_name_disagreement":0,"facility_name":"Bowen Modern Clinic and Maternity","facility_name_source":"GRID3_EHEALTH","ownership":"Unknown","ownership_type":"Unknown","facility_level":"Primary","facility_level_option":"Primary Health Clinic","latitude":5.514282227,"longitude":5.757324219,"geocoordinates_source":"GRID3_EHEALTH","last_updated":"2024-11-11"}},{"type":"Feature","id":35430,"geometry":{"type":"Point","coordinates":[5.75592041000004,5.54431152300003]},"properties":{"OBJECTID":35430,"globalid":"1b5b1042-7b34-4cce-8c6a-067940d06177","nhfr_uid":null,"nhfr_facility_code":"","country":"Nigeria","iso":"NGA","state":"Delta","lga":"Warri South","lga_name_disagreement":0,"ward":"Avenue","ward_name_disagreement":0,"facility_name":"Crescent Clinic and Maternity Home","facility_name_source":"GRID3_EHEALTH","ownership":"Unknown","ownership_type":"Unknown","facility_level":"Primary","facility_level_option":"Primary Health Clinic","latitude":5.544311523,"longitude":5.75592041,"geocoordinates_source":"GRID3_EHEALTH","last_updated":"2024-11-11"}},{"type":"Feature","id":35431,"geometry":{"type":"Point","coordinates":[6.07208252000004,5.53308105500003]},"properties":{"OBJECTID":35431,"globalid":"5a5b23ca-a60c-411a-b0d7-0bd5e569995c","nhfr_uid":null,"nhfr_facility_code":"","country":"Nigeria","iso":"NGA","state":"Delta","lga":"Ughelli North","lga_name_disagreement":0,"ward":"Agbarha","ward_name_disagreement":0,"facility_name":"St George Bio Clinic and Maternity","facility_name_source":"GRID3_EHEALTH","ownership":"Unknown","ownership_type":"Unknown","facility_level":"Primary","facility_level_option":"Primary Health Clinic","latitude":5.533081055,"longitude":6.07208252,"geocoordinates_source":"GRID3_EHEALTH","last_updated":"2024-11-11"}},{"type":"Feature","id":35433,"geometry":{"type":"Point","coordinates":[5.76550293000003,5.51672363300003]},"properties":{"OBJECTID":35433,"globalid":"3723918c-ee8b-4fcd-8103-e1db8df20f29","nhfr_uid":null,"nhfr_facility_code":"","country":"Nigeria","iso":"NGA","state":"Delta","lga":"Warri South","lga_name_disagreement":0,"ward":"Igbudu","ward_name_disagreement":0,"facility_name":"Erada Maternity Clinic","facility_name_source":"GRID3_EHEALTH","ownership":"Unknown","ownership_type":"Unknown","facility_level":"Primary","facility_level_option":"Primary Health Clinic","latitude":5.516723633,"longitude":5.76550293,"geocoordinates_source":"GRID3_EHEALTH","last_updated":"2024-11-11"}},{"type":"Feature","id":35434,"geometry":{"type":"Point","coordinates":[5.75451660200002,5.51068115200007]},"properties":{"OBJECTID":35434,"globalid":"3ce7c0fe-10b5-4eff-943c-6295bf4966a9","nhfr_uid":null,"nhfr_facility_code":"","country":"Nigeria","iso":"NGA","state":"Delta","lga":"Warri South","lga_name_disagreement":0,"ward":"Bowen","ward_name_disagreement":0,"facility_name":"Queens Maternity Home","facility_name_source":"GRID3_EHEALTH","ownership":"Unknown","ownership_type":"Unknown","facility_level":"Primary","facility_level_option":"Primary Health Clinic","latitude":5.510681152,"longitude":5.754516602,"geocoordinates_source":"GRID3_EHEALTH","last_updated":"2024-11-11"}},{"type":"Feature","id":35435,"geometry":{"type":"Point","coordinates":[5.86932373000008,5.58087158200004]},"properties":{"OBJECTID":35435,"globalid":"8ca82db1-8c01-4497-a4b0-d76c8a6328f9","nhfr_uid":null,"nhfr_facility_code":"","country":"Nigeria","iso":"NGA","state":"Delta","lga":"Ughelli North","lga_name_disagreement":0,"ward":"Agbarho 1","ward_name_disagreement":0,"facility_name":"Oviri Primary Health Center","facility_name_source":"GRID3_EHEALTH","ownership":"Unknown","ownership_type":"Unknown","facility_level":"Primary","facility_level_option":"Primary Health Center","latitude":5.580871582,"longitude":5.86932373,"geocoordinates_source":"GRID3_EHEALTH","last_updated":"2024-11-11"}},{"type":"Feature","id":35448,"geometry":{"type":"Point","coordinates":[5.76269531200006,5.53869628900003]},"properties":{"OBJECTID":35448,"globalid":"9f29fff2-a01f-4156-a053-dbcbd0a0f8b4","nhfr_uid":null,"nhfr_facility_code":"","country":"Nigeria","iso":"NGA","state":"Delta","lga":"Warri South","lga_name_disagreement":0,"ward":"Esisi","ward_name_disagreement":0,"facility_name":"Concord Clinic","facility_name_source":"GRID3_EHEALTH","ownership":"Unknown","ownership_type":"Unknown","facility_level":"Primary","facility_level_option":"Primary Health Center","latitude":5.538696289,"longitude":5.762695312,"geocoordinates_source":"GRID3_EHEALTH","last_updated":"2024-11-11"}},{"type":"Feature","id":35449,"geometry":{"type":"Point","coordinates":[5.75408935500008,5.53332519500003]},"properties":{"OBJECTID":35449,"globalid":"735f1a83-7f6c-49ab-9819-b4470721e133","nhfr_uid":null,"nhfr_facility_code":"","country":"Nigeria","iso":"NGA","state":"Delta","lga":"Warri South","lga_name_disagreement":0,"ward":"Esisi","ward_name_disagreement":0,"facility_name":"Pepcare Ltd Hospital","facility_name_source":"GRID3_EHEALTH","ownership":"Unknown","ownership_type":"Unknown","facility_level":"Primary","facility_level_option":"Primary Health Center","latitude":5.533325195,"longitude":5.754089355,"geocoordinates_source":"GRID3_EHEALTH","last_updated":"2024-11-11"}},{"type":"Feature","id":35450,"geometry":{"type":"Point","coordinates":[5.72528076200007,5.54309082000003]},"properties":{"OBJECTID":35450,"globalid":"8ed5f90d-b5c8-408a-aa23-5979e4573e8c","nhfr_uid":null,"nhfr_facility_code":"","country":"Nigeria","iso":"NGA","state":"Delta","lga":"Warri South","lga_name_disagreement":0,"ward":"Ekurede","ward_name_disagreement":0,"facility_name":"Edjeba Primary Health Center","facility_name_source":"GRID3_EHEALTH","ownership":"Unknown","ownership_type":"Unknown","facility_level":"Primary","facility_level_option":"Primary Health Center","latitude":5.54309082,"longitude":5.725280762,"geocoordinates_source":"GRID3_EHEALTH","last_updated":"2024-11-11"}},{"type":"Feature","id":35451,"geometry":{"type":"Point","coordinates":[5.75891113300003,5.52148437500006]},"properties":{"OBJECTID":35451,"globalid":"9272e59a-c35e-45fb-91c9-52de74e6f091","nhfr_uid":null,"nhfr_facility_code":"","country":"Nigeria","iso":"NGA","state":"Delta","lga":"Warri South","lga_name_disagreement":0,"ward":"Igbudu","ward_name_disagreement":0,"facility_name":"Olare Clinic","facility_name_source":"GRID3_EHEALTH","ownership":"Unknown","ownership_type":"Unknown","facility_level":"Primary","facility_level_option":"Primary Health Center","latitude":5.521484375,"longitude":5.758911133,"geocoordinates_source":"GRID3_EHEALTH","last_updated":"2024-11-11"}},{"type":"Feature","id":35452,"geometry":{"type":"Point","coordinates":[5.98852539100005,5.48968505900007]},"properties":{"OBJECTID":35452,"globalid":"4d49291c-5c6b-4bf6-ba3c-b500454f696a","nhfr_uid":null,"nhfr_facility_code":"","country":"Nigeria","iso":"NGA","state":"Delta","lga":"Ughelli North","lga_name_disagreement":0,"ward":"Ughelli Urban 1","ward_name_disagreement":0,"facility_name":"Ughelli Main Primary Health Center","facility_name_source":"GRID3_EHEALTH","ownership":"Unknown","ownership_type":"Unknown","facility_level":"Primary","facility_level_option":"Primary Health Center","latitude":5.489685059,"longitude":5.988525391,"geocoordinates_source":"GRID3_EHEALTH","last_updated":"2024-11-11"}},{"type":"Feature","id":35454,"geometry":{"type":"Point","coordinates":[5.75109863300003,5.51629638700007]},"properties":{"OBJECTID":35454,"globalid":"7f5e0524-b33c-40a9-85e2-a91c6a4a48af","nhfr_uid":null,"nhfr_facility_code":"","country":"Nigeria","iso":"NGA","state":"Delta","lga":"Warri South","lga_name_disagreement":0,"ward":"Bowen","ward_name_disagreement":0,"facility_name":"Maxon Clinic","facility_name_source":"GRID3_EHEALTH","ownership":"Unknown","ownership_type":"Unknown","facility_level":"Primary","facility_level_option":"Primary Health Center","latitude":5.516296387,"longitude":5.751098633,"geocoordinates_source":"GRID3_EHEALTH","last_updated":"2024-11-11"}},{"type":"Feature","id":35455,"geometry":{"type":"Point","coordinates":[6.05468750000006,5.52752685500008]},"properties":{"OBJECTID":35455,"globalid":"dc1d0095-1421-4b1f-ba11-800114145b51","nhfr_uid":null,"nhfr_facility_code":"","country":"Nigeria","iso":"NGA","state":"Delta","lga":"Ughelli North","lga_name_disagreement":0,"ward":"Agbarha","ward_name_disagreement":0,"facility_name":"St Nicholas Clinic","facility_name_source":"GRID3_EHEALTH","ownership":"Unknown","ownership_type":"Unknown","facility_level":"Primary","facility_level_option":"Primary Health Center","latitude":5.527526855,"longitude":6.0546875,"geocoordinates_source":"GRID3_EHEALTH","last_updated":"2024-11-11"}},{"type":"Feature","id":35456,"geometry":{"type":"Point","coordinates":[5.74951171900005,5.53912353500004]},"properties":{"OBJECTID":35456,"globalid":"4f123ccd-53c8-48c2-8d28-885a35cce4e2","nhfr_uid":null,"nhfr_facility_code":"","country":"Nigeria","iso":"NGA","state":"Delta","lga":"Warri South","lga_name_disagreement":0,"ward":"Avenue","ward_name_disagreement":0,"facility_name":"Solar Clinic","facility_name_source":"GRID3_EHEALTH","ownership":"Unknown","ownership_type":"Unknown","facility_level":"Primary","facility_level_option":"Primary Health Center","latitude":5.539123535,"longitude":5.749511719,"geocoordinates_source":"GRID3_EHEALTH","last_updated":"2024-11-11"}},{"type":"Feature","id":35457,"geometry":{"type":"Point","coordinates":[5.73028564500004,5.52972412100007]},"properties":{"OBJECTID":35457,"globalid":"44785f8e-8013-447b-a68a-f1445ca87cb9","nhfr_uid":null,"nhfr_facility_code":"","country":"Nigeria","iso":"NGA","state":"Delta","lga":"Warri South","lga_name_disagreement":0,"ward":"Ekurede","ward_name_disagreement":0,"facility_name":"St Louis Clinic","facility_name_source":"GRID3_EHEALTH","ownership":"Unknown","ownership_type":"Unknown","facility_level":"Primary","facility_level_option":"Primary Health Center","latitude":5.529724121,"longitude":5.730285645,"geocoordinates_source":"GRID3_EHEALTH","last_updated":"2024-11-11"}},{"type":"Feature","id":35458,"geometry":{"type":"Point","coordinates":[5.74969482400007,5.52868652300003]},"properties":{"OBJECTID":35458,"globalid":"7633e758-7b6d-47aa-a679-b57e65f75b7c","nhfr_uid":null,"nhfr_facility_code":"","country":"Nigeria","iso":"NGA","state":"Delta","lga":"Warri South","lga_name_disagreement":0,"ward":"Esisi","ward_name_disagreement":0,"facility_name":"Veenell Hospital","facility_name_source":"GRID3_EHEALTH","ownership":"Unknown","ownership_type":"Unknown","facility_level":"Primary","facility_level_option":"Primary Health Center","latitude":5.528686523,"longitude":5.749694824,"geocoordinates_source":"GRID3_EHEALTH","last_updated":"2024-11-11"}},{"type":"Feature","id":35459,"geometry":{"type":"Point","coordinates":[6.06628418000003,5.64190673800005]},"properties":{"OBJECTID":35459,"globalid":"62447ce5-51ac-4ede-abfa-7a3ffd19f87b","nhfr_uid":null,"nhfr_facility_code":"","country":"Nigeria","iso":"NGA","state":"Delta","lga":"Ughelli North","lga_name_disagreement":0,"ward":"Orogun 2","ward_name_disagreement":0,"facility_name":"Erhoike Cottage Hospital","facility_name_source":"GRID3_EHEALTH","ownership":"Unknown","ownership_type":"Unknown","facility_level":"Secondary","facility_level_option":"Unknown","latitude":5.641906738,"longitude":6.06628418,"geocoordinates_source":"GRID3_EHEALTH","last_updated":"2024-11-11"}},{"type":"Feature","id":35460,"geometry":{"type":"Point","coordinates":[5.76007080100004,5.50848388700007]},"properties":{"OBJECTID":35460,"globalid":"999d7ef0-ead1-4703-8db2-d155f2cf1b07","nhfr_uid":null,"nhfr_facility_code":"","country":"Nigeria","iso":"NGA","state":"Delta","lga":"Warri South","lga_name_disagreement":0,"ward":"Pessu","ward_name_disagreement":0,"facility_name":"Chrisek Clinic","facility_name_source":"GRID3_EHEALTH","ownership":"Unknown","ownership_type":"Unknown","facility_level":"Primary","facility_level_option":"Primary Health Center","latitude":5.508483887,"longitude":5.760070801,"geocoordinates_source":"GRID3_EHEALTH","last_updated":"2024-11-11"}},{"type":"Feature","id":35461,"geometry":{"type":"Point","coordinates":[5.73712158200004,5.52069091800007]},"properties":{"OBJECTID":35461,"globalid":"4468e4e2-36ef-4b1b-9bb6-4c3d10af2a23","nhfr_uid":null,"nhfr_facility_code":"","country":"Nigeria","iso":"NGA","state":"Delta","lga":"Warri South","lga_name_disagreement":0,"ward":"Okere Ward","ward_name_disagreement":0,"facility_name":"Shalom Medical Center","facility_name_source":"GRID3_EHEALTH","ownership":"Unknown","ownership_type":"Unknown","facility_level":"Primary","facility_level_option":"Primary Health Clinic","latitude":5.520690918,"longitude":5.737121582,"geocoordinates_source":"GRID3_EHEALTH","last_updated":"2024-11-11"}},{"type":"Feature","id":35462,"geometry":{"type":"Point","coordinates":[5.71752929700006,5.53332519500003]},"properties":{"OBJECTID":35462,"globalid":"afa5d837-d8a8-462a-bf4b-a9b5c3994d29","nhfr_uid":null,"nhfr_facility_code":"","country":"Nigeria","iso":"NGA","state":"Delta","lga":"Warri South","lga_name_disagreement":0,"ward":"Ekurede","ward_name_disagreement":0,"facility_name":"Dental Clinic","facility_name_source":"GRID3_EHEALTH","ownership":"Unknown","ownership_type":"Unknown","facility_level":"Tertiary","facility_level_option":"General Hospital","latitude":5.533325195,"longitude":5.717529297,"geocoordinates_source":"GRID3_EHEALTH","last_updated":"2024-11-11"}},{"type":"Feature","id":35463,"geometry":{"type":"Point","coordinates":[5.73309326200007,5.50927734400005]},"properties":{"OBJECTID":35463,"globalid":"4581bd0c-77b2-4400-9c69-b8774a687c1e","nhfr_uid":null,"nhfr_facility_code":"","country":"Nigeria","iso":"NGA","state":"Delta","lga":"Warri South","lga_name_disagreement":0,"ward":"Ode-Itsekiri","ward_name_disagreement":0,"facility_name":"Naifor Island Ogbe Ijoh Primary Health Center","facility_name_source":"GRID3_EHEALTH","ownership":"Unknown","ownership_type":"Unknown","facility_level":"Primary","facility_level_option":"Primary Health Center","latitude":5.509277344,"longitude":5.733093262,"geocoordinates_source":"GRID3_EHEALTH","last_updated":"2024-11-11"}},{"type":"Feature","id":35594,"geometry":{"type":"Point","coordinates":[5.99328613300003,5.38867187500006]},"properties":{"OBJECTID":35594,"globalid":"6aa6b91d-faf6-41ef-89f8-a4ec831b4793","nhfr_uid":null,"nhfr_facility_code":"","country":"Nigeria","iso":"NGA","state":"Delta","lga":"Ughelli South","lga_name_disagreement":0,"ward":"Ewu 2","ward_name_disagreement":0,"facility_name":"Ewu Urhobo Primary Health Center","facility_name_source":"GRID3_EHEALTH","ownership":"Unknown","ownership_type":"Unknown","facility_level":"Primary","facility_level_option":"Primary Health Center","latitude":5.388671875,"longitude":5.993286133,"geocoordinates_source":"GRID3_EHEALTH","last_updated":"2024-11-11"}},{"type":"Feature","id":35595,"geometry":{"type":"Point","coordinates":[5.89550781200006,5.38031005900007]},"properties":{"OBJECTID":35595,"globalid":"eafacb8c-dd31-44fa-9922-36c54854d036","nhfr_uid":null,"nhfr_facility_code":"","country":"Nigeria","iso":"NGA","state":"Delta","lga":"Ughelli South","lga_name_disagreement":0,"ward":"Jeremi 2","ward_name_disagreement":0,"facility_name":"Kiagbodo General Hospital","facility_name_source":"GRID3_EHEALTH","ownership":"Unknown","ownership_type":"Unknown","facility_level":"Secondary","facility_level_option":"General Hospital","latitude":5.380310059,"longitude":5.895507812,"geocoordinates_source":"GRID3_EHEALTH","last_updated":"2024-11-11"}},{"type":"Feature","id":35596,"geometry":{"type":"Point","coordinates":[5.89312744100005,5.37689209000007]},"properties":{"OBJECTID":35596,"globalid":"3868f261-08a0-4195-aaaa-c425b65c4c46","nhfr_uid":null,"nhfr_facility_code":"","country":"Nigeria","iso":"NGA","state":"Delta","lga":"Ughelli South","lga_name_disagreement":0,"ward":"Jeremi 2","ward_name_disagreement":0,"facility_name":"Kiagbodo Primary Health Center","facility_name_source":"GRID3_EHEALTH","ownership":"Unknown","ownership_type":"Unknown","facility_level":"Primary","facility_level_option":"Primary Health Center","latitude":5.37689209,"longitude":5.893127441,"geocoordinates_source":"GRID3_EHEALTH","last_updated":"2024-11-11"}},{"type":"Feature","id":35597,"geometry":{"type":"Point","coordinates":[6.17071533200004,5.56488037100007]},"properties":{"OBJECTID":35597,"globalid":"0006af92-6b32-4dd4-ac42-5dff3953422f","nhfr_uid":null,"nhfr_facility_code":"","country":"Nigeria","iso":"NGA","state":"Delta","lga":"Isoko North","lga_name_disagreement":0,"ward":"Owhe 3","ward_name_disagreement":0,"facility_name":"Otibio Primary Health Care Center","facility_name_source":"GRID3_EHEALTH","ownership":"Unknown","ownership_type":"Unknown","facility_level":"Primary","facility_level_option":"Primary Health Center","latitude":5.564880371,"longitude":6.170715332,"geocoordinates_source":"GRID3_EHEALTH","last_updated":"2024-11-11"}},{"type":"Feature","id":35647,"geometry":{"type":"Point","coordinates":[6.42730712900004,5.70190429700006]},"properties":{"OBJECTID":35647,"globalid":"9c0ea419-a12a-403c-bacf-3f29f90daea9","nhfr_uid":null,"nhfr_facility_code":"","country":"Nigeria","iso":"NGA","state":"Delta","lga":"Ndokwa West","lga_name_disagreement":0,"ward":"Ogume 7","ward_name_disagreement":0,"facility_name":"Nabu Nuising Home and Maternity","facility_name_source":"GRID3_EHEALTH","ownership":"Unknown","ownership_type":"Unknown","facility_level":"Primary","facility_level_option":"Primary Health Clinic","latitude":5.701904297,"longitude":6.427307129,"geocoordinates_source":"GRID3_EHEALTH","last_updated":"2024-11-11"}},{"type":"Feature","id":35873,"geometry":{"type":"Point","coordinates":[5.43267822300004,5.38928222700002]},"properties":{"OBJECTID":35873,"globalid":"958bac63-a7d6-4428-ad4d-497995af0dbf","nhfr_uid":null,"nhfr_facility_code":"","country":"Nigeria","iso":"NGA","state":"Delta","lga":"Warri South West","lga_name_disagreement":0,"ward":"Oporozo","ward_name_disagreement":0,"facility_name":"Yeye Health Center","facility_name_source":"GRID3_EHEALTH","ownership":"Unknown","ownership_type":"Unknown","facility_level":"Primary","facility_level_option":"Primary Health Center","latitude":5.389282227,"longitude":5.432678223,"geocoordinates_source":"GRID3_EHEALTH","last_updated":"2024-11-11"}},{"type":"Feature","id":35874,"geometry":{"type":"Point","coordinates":[6.16912841800007,5.85607910200002]},"properties":{"OBJECTID":35874,"globalid":"d2dd13f5-e2ca-4bfb-9ea0-37915e65550d","nhfr_uid":null,"nhfr_facility_code":"","country":"Nigeria","iso":"NGA","state":"Delta","lga":"Ukwuani","lga_name_disagreement":0,"ward":"Umukwata","ward_name_disagreement":0,"facility_name":"May Obinomba Maternity and Clinic","facility_name_source":"GRID3_EHEALTH","ownership":"Unknown","ownership_type":"Unknown","facility_level":"Primary","facility_level_option":"Primary Health Clinic","latitude":5.856079102,"longitude":6.169128418,"geocoordinates_source":"GRID3_EHEALTH","last_updated":"2024-11-11"}},{"type":"Feature","id":35875,"geometry":{"type":"Point","coordinates":[5.80328369100005,5.50268554700006]},"properties":{"OBJECTID":35875,"globalid":"ecba89de-9100-4bd0-8b8d-5cb8e7ef28a8","nhfr_uid":null,"nhfr_facility_code":"","country":"Nigeria","iso":"NGA","state":"Delta","lga":"Udu","lga_name_disagreement":0,"ward":"Ekete","ward_name_disagreement":0,"facility_name":"Rose Of Sharon Maternity Clinic","facility_name_source":"GRID3_EHEALTH","ownership":"Unknown","ownership_type":"Unknown","facility_level":"Primary","facility_level_option":"Primary Health Clinic","latitude":5.502685547,"longitude":5.803283691,"geocoordinates_source":"GRID3_EHEALTH","last_updated":"2024-11-11"}},{"type":"Feature","id":35876,"geometry":{"type":"Point","coordinates":[5.78747558600003,5.50811767600004]},"properties":{"OBJECTID":35876,"globalid":"d238a962-3ed0-4788-a818-ff8297929ba9","nhfr_uid":null,"nhfr_facility_code":"","country":"Nigeria","iso":"NGA","state":"Delta","lga":"Udu","lga_name_disagreement":0,"ward":"Ekete","ward_name_disagreement":0,"facility_name":"Christ Made Esay Maternity Home","facility_name_source":"GRID3_EHEALTH","ownership":"Unknown","ownership_type":"Unknown","facility_level":"Primary","facility_level_option":"Primary Health Clinic","latitude":5.508117676,"longitude":5.787475586,"geocoordinates_source":"GRID3_EHEALTH","last_updated":"2024-11-11"}},{"type":"Feature","id":35877,"geometry":{"type":"Point","coordinates":[6.28070068400007,6.02868652300003]},"properties":{"OBJECTID":35877,"globalid":"6c7514a4-08b3-4fe9-a781-1d65c705f6e9","nhfr_uid":null,"nhfr_facility_code":"","country":"Nigeria","iso":"NGA","state":"Delta","lga":"Ika South","lga_name_disagreement":0,"ward":"Ekuku Agbor","ward_name_disagreement":0,"facility_name":"Akunna Ndemili Clinic and Maternity","facility_name_source":"GRID3_EHEALTH","ownership":"Unknown","ownership_type":"Unknown","facility_level":"Primary","facility_level_option":"Primary Health Clinic","latitude":6.028686523,"longitude":6.280700684,"geocoordinates_source":"GRID3_EHEALTH","last_updated":"2024-11-11"}},{"type":"Feature","id":35878,"geometry":{"type":"Point","coordinates":[6.27270507800006,6.19628906200006]},"properties":{"OBJECTID":35878,"globalid":"f2503ecd-e6cd-43ef-8bf6-20b0520986a3","nhfr_uid":null,"nhfr_facility_code":"","country":"Nigeria","iso":"NGA","state":"Delta","lga":"Ika North East","lga_name_disagreement":0,"ward":"Ute-Okpu","ward_name_disagreement":0,"facility_name":"Ab Specialist Hospital","facility_name_source":"GRID3_EHEALTH","ownership":"Unknown","ownership_type":"Unknown","facility_level":"Tertiary","facility_level_option":"General Hospital","latitude":6.196289062,"longitude":6.272705078,"geocoordinates_source":"GRID3_EHEALTH","last_updated":"2024-11-11"}},{"type":"Feature","id":35880,"geometry":{"type":"Point","coordinates":[5.10913085900006,5.77911377000004]},"properties":{"OBJECTID":35880,"globalid":"e3d5249f-e0b9-4129-ba2a-e154aa9c2686","nhfr_uid":null,"nhfr_facility_code":"","country":"Nigeria","iso":"NGA","state":"Delta","lga":"Warri North","lga_name_disagreement":0,"ward":"Ogbinbiri","ward_name_disagreement":0,"facility_name":"Olobe Health Center","facility_name_source":"GRID3_EHEALTH","ownership":"Unknown","ownership_type":"Unknown","facility_level":"Primary","facility_level_option":"Primary Health Center","latitude":5.77911377,"longitude":5.109130859,"geocoordinates_source":"GRID3_EHEALTH","last_updated":"2024-11-11"}},{"type":"Feature","id":35881,"geometry":{"type":"Point","coordinates":[5.09271240200007,5.83447265600006]},"properties":{"OBJECTID":35881,"globalid":"e66b7ff1-1f58-4772-bb01-63b6b074beca","nhfr_uid":null,"nhfr_facility_code":"","country":"Nigeria","iso":"NGA","state":"Delta","lga":"Warri North","lga_name_disagreement":0,"ward":"Ogheye","ward_name_disagreement":0,"facility_name":"Jakpa Primary Health Care","facility_name_source":"GRID3_EHEALTH","ownership":"Unknown","ownership_type":"Unknown","facility_level":"Primary","facility_level_option":"Primary Health Center","latitude":5.834472656,"longitude":5.092712402,"geocoordinates_source":"GRID3_EHEALTH","last_updated":"2024-11-11"}},{"type":"Feature","id":35882,"geometry":{"type":"Point","coordinates":[5.46331787100007,6.00030517600004]},"properties":{"OBJECTID":35882,"globalid":"278211df-0c9e-4190-8b9f-54dcce1bab7b","nhfr_uid":null,"nhfr_facility_code":"","country":"Nigeria","iso":"NGA","state":"Delta","lga":"Warri North","lga_name_disagreement":0,"ward":"Koko","ward_name_disagreement":0,"facility_name":"Beach Koko Primary Health Care","facility_name_source":"GRID3_EHEALTH","ownership":"Unknown","ownership_type":"Unknown","facility_level":"Primary","facility_level_option":"Primary Health Center","latitude":6.000305176,"longitude":5.463317871,"geocoordinates_source":"GRID3_EHEALTH","last_updated":"2024-11-11"}},{"type":"Feature","id":35883,"geometry":{"type":"Point","coordinates":[5.35931396500007,5.39672851600005]},"properties":{"OBJECTID":35883,"globalid":"a1a1d5f1-06e8-4976-9e13-8c1918e1d5ff","nhfr_uid":null,"nhfr_facility_code":"","country":"Nigeria","iso":"NGA","state":"Delta","lga":"Burutu","lga_name_disagreement":0,"ward":"Obetebe","ward_name_disagreement":0,"facility_name":"Obotobo 2 Health Center","facility_name_source":"GRID3_EHEALTH","ownership":"Unknown","ownership_type":"Unknown","facility_level":"Primary","facility_level_option":"Primary Health Center","latitude":5.396728516,"longitude":5.359313965,"geocoordinates_source":"GRID3_EHEALTH","last_updated":"2024-11-11"}},{"type":"Feature","id":35884,"geometry":{"type":"Point","coordinates":[5.15167236300005,5.74249267600004]},"properties":{"OBJECTID":35884,"globalid":"5f3eeb58-5cc7-40a1-bb79-24523e49f36a","nhfr_uid":null,"nhfr_facility_code":"","country":"Nigeria","iso":"NGA","state":"Delta","lga":"Warri North","lga_name_disagreement":0,"ward":"Itsekelewu","ward_name_disagreement":0,"facility_name":"Deghele Primary Health Center","facility_name_source":"GRID3_EHEALTH","ownership":"Unknown","ownership_type":"Unknown","facility_level":"Primary","facility_level_option":"Primary Health Center","latitude":5.742492676,"longitude":5.151672363,"geocoordinates_source":"GRID3_EHEALTH","last_updated":"2024-11-11"}},{"type":"Feature","id":35885,"geometry":{"type":"Point","coordinates":[5.08312988300003,5.75531005900007]},"properties":{"OBJECTID":35885,"globalid":"55ac5c50-1257-4dc3-bd11-841f310bbe4e","nhfr_uid":null,"nhfr_facility_code":"","country":"Nigeria","iso":"NGA","state":"Delta","lga":"Warri North","lga_name_disagreement":0,"ward":"Ogbinbiri","ward_name_disagreement":0,"facility_name":"Orere Yanagho Primary Health Center","facility_name_source":"GRID3_EHEALTH","ownership":"Unknown","ownership_type":"Unknown","facility_level":"Primary","facility_level_option":"Primary Health Center","latitude":5.755310059,"longitude":5.083129883,"geocoordinates_source":"GRID3_EHEALTH","last_updated":"2024-11-11"}},{"type":"Feature","id":35886,"geometry":{"type":"Point","coordinates":[5.10968017600004,5.78448486300005]},"properties":{"OBJECTID":35886,"globalid":"1241aff3-53e4-4ea8-86a9-a6eb1ed433ad","nhfr_uid":null,"nhfr_facility_code":"","country":"Nigeria","iso":"NGA","state":"Delta","lga":"Warri North","lga_name_disagreement":0,"ward":"Ogbinbiri","ward_name_disagreement":0,"facility_name":"Bobi Primary Health Center","facility_name_source":"GRID3_EHEALTH","ownership":"Unknown","ownership_type":"Unknown","facility_level":"Primary","facility_level_option":"Primary Health Center","latitude":5.784484863,"longitude":5.109680176,"geocoordinates_source":"GRID3_EHEALTH","last_updated":"2024-11-11"}},{"type":"Feature","id":35887,"geometry":{"type":"Point","coordinates":[5.87530517600004,5.43310546900005]},"properties":{"OBJECTID":35887,"globalid":"40dd906b-f2e7-4dc8-a5ce-a26b7eedda0e","nhfr_uid":null,"nhfr_facility_code":"","country":"Nigeria","iso":"NGA","state":"Delta","lga":"Udu","lga_name_disagreement":0,"ward":"Ogbe Udu","ward_name_disagreement":0,"facility_name":"Otu Jeremi General Hospital","facility_name_source":"GRID3_EHEALTH","ownership":"Unknown","ownership_type":"Unknown","facility_level":"Secondary","facility_level_option":"General Hospital","latitude":5.433105469,"longitude":5.875305176,"geocoordinates_source":"GRID3_EHEALTH","last_updated":"2024-11-11"}},{"type":"Feature","id":35888,"geometry":{"type":"Point","coordinates":[5.67187500000006,5.23687744100005]},"properties":{"OBJECTID":35888,"globalid":"c5019506-8fb8-4c78-bda7-e3bc8444c527","nhfr_uid":null,"nhfr_facility_code":"","country":"Nigeria","iso":"NGA","state":"Delta","lga":"Burutu","lga_name_disagreement":0,"ward":"Bolou Ndoro","ward_name_disagreement":0,"facility_name":"Onyagbene Primary Health Center","facility_name_source":"GRID3_EHEALTH","ownership":"Unknown","ownership_type":"Unknown","facility_level":"Primary","facility_level_option":"Primary Health Center","latitude":5.236877441,"longitude":5.671875,"geocoordinates_source":"GRID3_EHEALTH","last_updated":"2024-11-11"}},{"type":"Feature","id":35889,"geometry":{"type":"Point","coordinates":[5.67010498000008,5.16607666000004]},"properties":{"OBJECTID":35889,"globalid":"719c9764-d78b-46d0-99ea-ddb455c79b27","nhfr_uid":null,"nhfr_facility_code":"","country":"Nigeria","iso":"NGA","state":"Delta","lga":"Burutu","lga_name_disagreement":0,"ward":"Tamigbe","ward_name_disagreement":0,"facility_name":"Ogriagbene General Hospital","facility_name_source":"GRID3_EHEALTH","ownership":"Unknown","ownership_type":"Unknown","facility_level":"Secondary","facility_level_option":"General Hospital","latitude":5.16607666,"longitude":5.67010498,"geocoordinates_source":"GRID3_EHEALTH","last_updated":"2024-11-11"}},{"type":"Feature","id":35890,"geometry":{"type":"Point","coordinates":[5.73712158200004,5.05792236300005]},"properties":{"OBJECTID":35890,"globalid":"d693bcdd-9758-4e9a-8bfe-bbe08345e981","nhfr_uid":null,"nhfr_facility_code":"","country":"Nigeria","iso":"NGA","state":"Delta","lga":"Burutu","lga_name_disagreement":0,"ward":"Tuomo","ward_name_disagreement":0,"facility_name":"Tomowei Torugbene Clinic","facility_name_source":"GRID3_EHEALTH","ownership":"Unknown","ownership_type":"Unknown","facility_level":"Primary","facility_level_option":"Primary Health Center","latitude":5.057922363,"longitude":5.737121582,"geocoordinates_source":"GRID3_EHEALTH","last_updated":"2024-11-11"}},{"type":"Feature","id":35891,"geometry":{"type":"Point","coordinates":[5.70428466800007,5.22467041000004]},"properties":{"OBJECTID":35891,"globalid":"acb74b0a-bf09-4bad-bfd1-4bdc56356535","nhfr_uid":null,"nhfr_facility_code":"","country":"Nigeria","iso":"NGA","state":"Delta","lga":"Burutu","lga_name_disagreement":0,"ward":"Tamigbe","ward_name_disagreement":0,"facility_name":"Ekametagbene Primary Health Center","facility_name_source":"GRID3_EHEALTH","ownership":"Unknown","ownership_type":"Unknown","facility_level":"Primary","facility_level_option":"Primary Health Center","latitude":5.22467041,"longitude":5.704284668,"geocoordinates_source":"GRID3_EHEALTH","last_updated":"2024-11-11"}},{"type":"Feature","id":35892,"geometry":{"type":"Point","coordinates":[5.84051513700007,5.27709960900006]},"properties":{"OBJECTID":35892,"globalid":"809ae255-531f-4866-aa8d-3e2d57ce2042","nhfr_uid":null,"nhfr_facility_code":"","country":"Nigeria","iso":"NGA","state":"Delta","lga":"Bomadi","lga_name_disagreement":0,"ward":"Ugbeinma / Okoloba","ward_name_disagreement":0,"facility_name":"Okuoma Health Center","facility_name_source":"GRID3_EHEALTH","ownership":"Unknown","ownership_type":"Unknown","facility_level":"Primary","facility_level_option":"Primary Health Center","latitude":5.277099609,"longitude":5.840515137,"geocoordinates_source":"GRID3_EHEALTH","last_updated":"2024-11-11"}},{"type":"Feature","id":35894,"geometry":{"type":"Point","coordinates":[5.88269043000003,5.18847656200006]},"properties":{"OBJECTID":35894,"globalid":"4e719c8c-fc67-49cd-b62b-55846f3e041d","nhfr_uid":null,"nhfr_facility_code":"","country":"Nigeria","iso":"NGA","state":"Delta","lga":"Bomadi","lga_name_disagreement":0,"ward":"Ogriagbene","ward_name_disagreement":0,"facility_name":"Oboro Primary Health Center","facility_name_source":"GRID3_EHEALTH","ownership":"Unknown","ownership_type":"Unknown","facility_level":"Primary","facility_level_option":"Primary Health Center","latitude":5.188476562,"longitude":5.88269043,"geocoordinates_source":"GRID3_EHEALTH","last_updated":"2024-11-11"}},{"type":"Feature","id":35896,"geometry":{"type":"Point","coordinates":[5.86828613300003,5.35809326200007]},"properties":{"OBJECTID":35896,"globalid":"aa648a55-83ae-4f1c-828e-e786b4e7c9ca","nhfr_uid":null,"nhfr_facility_code":"","country":"Nigeria","iso":"NGA","state":"Delta","lga":"Ughelli South","lga_name_disagreement":0,"ward":"Jeremi 2","ward_name_disagreement":0,"facility_name":"Bikoragha Primary Health Center","facility_name_source":"GRID3_EHEALTH","ownership":"Unknown","ownership_type":"Unknown","facility_level":"Primary","facility_level_option":"Primary Health Center","latitude":5.358093262,"longitude":5.868286133,"geocoordinates_source":"GRID3_EHEALTH","last_updated":"2024-11-11"}},{"type":"Feature","id":35897,"geometry":{"type":"Point","coordinates":[5.74951171900005,5.05548095700004]},"properties":{"OBJECTID":35897,"globalid":"93fa91c9-f034-4285-b1f6-d23d829e743c","nhfr_uid":null,"nhfr_facility_code":"","country":"Nigeria","iso":"NGA","state":"Delta","lga":"Burutu","lga_name_disagreement":0,"ward":"Tuomo","ward_name_disagreement":0,"facility_name":"Tula Medical Center","facility_name_source":"GRID3_EHEALTH","ownership":"Unknown","ownership_type":"Unknown","facility_level":"Primary","facility_level_option":"Primary Health Clinic","latitude":5.055480957,"longitude":5.749511719,"geocoordinates_source":"GRID3_EHEALTH","last_updated":"2024-11-11"}},{"type":"Feature","id":35898,"geometry":{"type":"Point","coordinates":[5.88787841800007,5.80029296900005]},"properties":{"OBJECTID":35898,"globalid":"cbeb6fe6-7125-49e8-8ca7-ffd5696dd483","nhfr_uid":null,"nhfr_facility_code":"","country":"Nigeria","iso":"NGA","state":"Delta","lga":"Ethiope West","lga_name_disagreement":0,"ward":"Jesse 2","ward_name_disagreement":0,"facility_name":"Boboroku Primary Health Care Center","facility_name_source":"GRID3_EHEALTH","ownership":"Unknown","ownership_type":"Unknown","facility_level":"Primary","facility_level_option":"Primary Health Center","latitude":5.800292969,"longitude":5.887878418,"geocoordinates_source":"GRID3_EHEALTH","last_updated":"2024-11-11"}},{"type":"Feature","id":35900,"geometry":{"type":"Point","coordinates":[5.60888671900005,5.15649414100005]},"properties":{"OBJECTID":35900,"globalid":"de8fde5d-6e75-44e3-b8e0-6e174ab35afb","nhfr_uid":null,"nhfr_facility_code":"","country":"Nigeria","iso":"NGA","state":"Delta","lga":"Burutu","lga_name_disagreement":0,"ward":"Eseinbiri","ward_name_disagreement":0,"facility_name":"Kalafiogbene Primary Health Care Center","facility_name_source":"GRID3_EHEALTH","ownership":"Unknown","ownership_type":"Unknown","facility_level":"Primary","facility_level_option":"Primary Health Center","latitude":5.156494141,"longitude":5.608886719,"geocoordinates_source":"GRID3_EHEALTH","last_updated":"2024-11-11"}},{"type":"Feature","id":35901,"geometry":{"type":"Point","coordinates":[5.45092773400006,5.30310058600003]},"properties":{"OBJECTID":35901,"globalid":"5e267d46-c00d-4aae-b736-835b9ce055d7","nhfr_uid":null,"nhfr_facility_code":"","country":"Nigeria","iso":"NGA","state":"Delta","lga":"Burutu","lga_name_disagreement":0,"ward":"Ogulagha","ward_name_disagreement":0,"facility_name":"Ofougbene Primary Health Care Center","facility_name_source":"GRID3_EHEALTH","ownership":"Unknown","ownership_type":"Unknown","facility_level":"Primary","facility_level_option":"Primary Health Center","latitude":5.303100586,"longitude":5.450927734,"geocoordinates_source":"GRID3_EHEALTH","last_updated":"2024-11-11"}},{"type":"Feature","id":35902,"geometry":{"type":"Point","coordinates":[5.74627685500008,5.32489013700007]},"properties":{"OBJECTID":35902,"globalid":"baa413db-121a-4e5d-9a49-7c18f482fc1d","nhfr_uid":null,"nhfr_facility_code":"","country":"Nigeria","iso":"NGA","state":"Delta","lga":"Bomadi","lga_name_disagreement":0,"ward":"Ogo / Eze","ward_name_disagreement":0,"facility_name":"Ayakoromor Primary Health Care Center","facility_name_source":"GRID3_EHEALTH","ownership":"Unknown","ownership_type":"Unknown","facility_level":"Primary","facility_level_option":"Primary Health Center","latitude":5.324890137,"longitude":5.746276855,"geocoordinates_source":"GRID3_EHEALTH","last_updated":"2024-11-11"}},{"type":"Feature","id":35903,"geometry":{"type":"Point","coordinates":[5.85150146500007,5.34307861300005]},"properties":{"OBJECTID":35903,"globalid":"92051235-9b44-4226-8b7e-61c0a5ffb6d6","nhfr_uid":null,"nhfr_facility_code":"","country":"Nigeria","iso":"NGA","state":"Delta","lga":"Ughelli South","lga_name_disagreement":0,"ward":"Jeremi 2","ward_name_disagreement":0,"facility_name":"Egodor Primary Health Care Center","facility_name_source":"GRID3_EHEALTH","ownership":"Unknown","ownership_type":"Unknown","facility_level":"Primary","facility_level_option":"Primary Health Center","latitude":5.343078613,"longitude":5.851501465,"geocoordinates_source":"GRID3_EHEALTH","last_updated":"2024-11-11"}},{"type":"Feature","id":36303,"geometry":{"type":"Point","coordinates":[5.67828369100005,5.89727783200004]},"properties":{"OBJECTID":36303,"globalid":"e92753bf-fdb2-4ac6-a91a-7b12fda7b6f6","nhfr_uid":null,"nhfr_facility_code":"","country":"Nigeria","iso":"NGA","state":"Delta","lga":"Sapele","lga_name_disagreement":0,"ward":"Etamua","ward_name_disagreement":0,"facility_name":"Professional Eye Test","facility_name_source":"GRID3_EHEALTH","ownership":"Unknown","ownership_type":"Unknown","facility_level":"Tertiary","facility_level_option":"General Hospital","latitude":5.897277832,"longitude":5.678283691,"geocoordinates_source":"GRID3_EHEALTH","last_updated":"2024-11-11"}},{"type":"Feature","id":36451,"geometry":{"type":"Point","coordinates":[6.15991210900006,5.84808349600007]},"properties":{"OBJECTID":36451,"globalid":"311f805c-df5d-403d-ab77-a2150a33df1c","nhfr_uid":null,"nhfr_facility_code":"","country":"Nigeria","iso":"NGA","state":"Delta","lga":"Ukwuani","lga_name_disagreement":0,"ward":"Ogbe Obiaruku","ward_name_disagreement":0,"facility_name":"Fagacceh Clinic","facility_name_source":"GRID3_EHEALTH","ownership":"Unknown","ownership_type":"Unknown","facility_level":"Primary","facility_level_option":"Primary Health Center","latitude":5.848083496,"longitude":6.159912109,"geocoordinates_source":"GRID3_EHEALTH","last_updated":"2024-11-11"}},{"type":"Feature","id":36452,"geometry":{"type":"Point","coordinates":[6.15447998000008,5.84747314500004]},"properties":{"OBJECTID":36452,"globalid":"2725ff4e-6621-443c-aa0f-f6db8e8cbf28","nhfr_uid":null,"nhfr_facility_code":"","country":"Nigeria","iso":"NGA","state":"Delta","lga":"Ukwuani","lga_name_disagreement":0,"ward":"Ogbe Obiaruku","ward_name_disagreement":0,"facility_name":"Roly Uduaghan Clinic","facility_name_source":"GRID3_EHEALTH","ownership":"Unknown","ownership_type":"Unknown","facility_level":"Primary","facility_level_option":"Primary Health Center","latitude":5.847473145,"longitude":6.15447998,"geocoordinates_source":"GRID3_EHEALTH","last_updated":"2024-11-11"}},{"type":"Feature","id":36453,"geometry":{"type":"Point","coordinates":[5.39068603500004,5.62188720700004]},"properties":{"OBJECTID":36453,"globalid":"299feafa-609e-4dd4-95b9-40b7008f13a1","nhfr_uid":null,"nhfr_facility_code":"","country":"Nigeria","iso":"NGA","state":"Delta","lga":"Warri North","lga_name_disagreement":0,"ward":"Abigborode","ward_name_disagreement":0,"facility_name":"Okerekoko Primary Health Care Center","facility_name_source":"GRID3_EHEALTH","ownership":"Unknown","ownership_type":"Unknown","facility_level":"Primary","facility_level_option":"Primary Health Center","latitude":5.621887207,"longitude":5.390686035,"geocoordinates_source":"GRID3_EHEALTH","last_updated":"2024-11-11"}},{"type":"Feature","id":36454,"geometry":{"type":"Point","coordinates":[5.32568359400005,5.67529296900005]},"properties":{"OBJECTID":36454,"globalid":"be2d9be2-0e46-4ef0-b1a2-fd3b80b35fb1","nhfr_uid":null,"nhfr_facility_code":"","country":"Nigeria","iso":"NGA","state":"Delta","lga":"Warri North","lga_name_disagreement":0,"ward":"Abigborode","ward_name_disagreement":0,"facility_name":"Kokodiagbene Primary Health Center","facility_name_source":"GRID3_EHEALTH","ownership":"Unknown","ownership_type":"Unknown","facility_level":"Primary","facility_level_option":"Primary Health Center","latitude":5.675292969,"longitude":5.325683594,"geocoordinates_source":"GRID3_EHEALTH","last_updated":"2024-11-11"}},{"type":"Feature","id":36455,"geometry":{"type":"Point","coordinates":[6.21289062500006,6.25830078100006]},"properties":{"OBJECTID":36455,"globalid":"3b364296-64f0-4d24-a5ec-066f35a900df","nhfr_uid":null,"nhfr_facility_code":"","country":"Nigeria","iso":"NGA","state":"Delta","lga":"Ika South","lga_name_disagreement":0,"ward":"Emuhu","ward_name_disagreement":0,"facility_name":"Awele Hospital","facility_name_source":"GRID3_EHEALTH","ownership":"Unknown","ownership_type":"Unknown","facility_level":"Primary","facility_level_option":"Primary Health Center","latitude":6.258300781,"longitude":6.212890625,"geocoordinates_source":"GRID3_EHEALTH","last_updated":"2024-11-11"}},{"type":"Feature","id":36456,"geometry":{"type":"Point","coordinates":[6.21667480500003,6.21948242200006]},"properties":{"OBJECTID":36456,"globalid":"a16728c1-3c82-4d32-a4b5-8791cf3e0ebf","nhfr_uid":null,"nhfr_facility_code":"","country":"Nigeria","iso":"NGA","state":"Delta","lga":"Ika North East","lga_name_disagreement":0,"ward":"Owa-Oyibu","ward_name_disagreement":0,"facility_name":"Owa Alero General Hospital","facility_name_source":"GRID3_EHEALTH","ownership":"Unknown","ownership_type":"Unknown","facility_level":"Secondary","facility_level_option":"General Hospital","latitude":6.219482422,"longitude":6.216674805,"geocoordinates_source":"GRID3_EHEALTH","last_updated":"2024-11-11"}},{"type":"Feature","id":36467,"geometry":{"type":"Point","coordinates":[6.29533826100004,5.71290140200006]},"properties":{"OBJECTID":36467,"globalid":"92a07c2e-fa4a-4551-ab25-2e21d13ed121","nhfr_uid":null,"nhfr_facility_code":"","country":"Nigeria","iso":"NGA","state":"Delta","lga":"Ndokwa West","lga_name_disagreement":0,"ward":"Kwale","ward_name_disagreement":0,"facility_name":"Otue Ogume Primary Health Center","facility_name_source":"GRID3_EHEALTH","ownership":"Unknown","ownership_type":"Unknown","facility_level":"Primary","facility_level_option":"Primary Health Center","latitude":5.71290140216,"longitude":6.29533826142,"geocoordinates_source":"GRID3_EHEALTH","last_updated":"2024-11-11"}},{"type":"Feature","id":36668,"geometry":{"type":"Point","coordinates":[5.76791300000002,5.55682000000007]},"properties":{"OBJECTID":36668,"globalid":"d9e5b526-ebec-49bc-8911-c397e808458e","nhfr_uid":null,"nhfr_facility_code":"","country":"Nigeria","iso":"NGA","state":"Delta","lga":"Uvwie","lga_name_disagreement":0,"ward":"Ugborikoko","ward_name_disagreement":0,"facility_name":"Regal Hospital","facility_name_source":"GRID3_EHEALTH","ownership":"Unknown","ownership_type":"Unknown","facility_level":"Primary","facility_level_option":"Unknown","latitude":5.55682,"longitude":5.767913,"geocoordinates_source":"GRID3_EHEALTH","last_updated":"2024-11-11"}},{"type":"Feature","id":36669,"geometry":{"type":"Point","coordinates":[6.44827831200007,5.78329722300003]},"properties":{"OBJECTID":36669,"globalid":"c855952c-c9b8-46bf-9d0b-da78aadfddd9","nhfr_uid":null,"nhfr_facility_code":"","country":"Nigeria","iso":"NGA","state":"Delta","lga":"Ndokwa East","lga_name_disagreement":0,"ward":"Afor / Obikwele","ward_name_disagreement":0,"facility_name":"Ogbedigbo Primary Health Care Center","facility_name_source":"GRID3_EHEALTH","ownership":"Unknown","ownership_type":"Unknown","facility_level":"Primary","facility_level_option":"Primary Health Center","latitude":5.78329722291,"longitude":6.44827831182,"geocoordinates_source":"GRID3_EHEALTH","last_updated":"2024-11-11"}},{"type":"Feature","id":36670,"geometry":{"type":"Point","coordinates":[6.43834841400007,5.70856164700007]},"properties":{"OBJECTID":36670,"globalid":"cbcc9ad1-82e9-4168-b0f0-646057b71a87","nhfr_uid":null,"nhfr_facility_code":"","country":"Nigeria","iso":"NGA","state":"Delta","lga":"Ndokwa West","lga_name_disagreement":0,"ward":"Ogume 7","ward_name_disagreement":0,"facility_name":"Kwale Prison Clinic","facility_name_source":"GRID3_EHEALTH","ownership":"Unknown","ownership_type":"Unknown","facility_level":"Secondary","facility_level_option":"Unknown","latitude":5.70856164716,"longitude":6.43834841354,"geocoordinates_source":"GRID3_EHEALTH","last_updated":"2024-11-11"}},{"type":"Feature","id":36671,"geometry":{"type":"Point","coordinates":[6.06219842100006,5.47507188800006]},"properties":{"OBJECTID":36671,"globalid":"0fcfd49e-15ae-417f-a937-390d2501faa2","nhfr_uid":null,"nhfr_facility_code":"","country":"Nigeria","iso":"NGA","state":"Delta","lga":"Isoko North","lga_name_disagreement":0,"ward":"Iyede 2","ward_name_disagreement":0,"facility_name":"Ebor Primary Health Center","facility_name_source":"GRID3_EHEALTH","ownership":"Unknown","ownership_type":"Unknown","facility_level":"Primary","facility_level_option":"Primary Health Center","latitude":5.47507188793,"longitude":6.06219842143,"geocoordinates_source":"GRID3_EHEALTH","last_updated":"2024-11-11"}},{"type":"Feature","id":36676,"geometry":{"type":"Point","coordinates":[6.65879000000007,5.86553000000004]},"properties":{"OBJECTID":36676,"globalid":"adeeddde-2687-45bf-8c33-461834fd7eff","nhfr_uid":null,"nhfr_facility_code":"","country":"Nigeria","iso":"NGA","state":"Delta","lga":"Ndokwa East","lga_name_disagreement":0,"ward":"Beneku / Utchi / Okpai","ward_name_disagreement":0,"facility_name":"Bathany Clinic","facility_name_source":"GRID3_EHEALTH","ownership":"Public","ownership_type":"Unknown","facility_level":"Primary","facility_level_option":"Primary Health Center","latitude":5.86553,"longitude":6.65879,"geocoordinates_source":"GRID3_EHEALTH","last_updated":"2024-11-11"}},{"type":"Feature","id":37151,"geometry":{"type":"Point","coordinates":[5.74589246800002,5.52179435600004]},"properties":{"OBJECTID":37151,"globalid":"b003c4d9-894e-4afc-9d88-b8118514391b","nhfr_uid":null,"nhfr_facility_code":"","country":"Nigeria","iso":"NGA","state":"Delta","lga":"Warri South","lga_name_disagreement":0,"ward":"Okere Ward","ward_name_disagreement":0,"facility_name":"Okere Prison Clinic","facility_name_source":"GRID3_EHEALTH","ownership":"Unknown","ownership_type":"Unknown","facility_level":"Secondary","facility_level_option":"Unknown","latitude":5.52179435567,"longitude":5.74589246773,"geocoordinates_source":"GRID3_EHEALTH","last_updated":"2024-11-11"}},{"type":"Feature","id":37284,"geometry":{"type":"Point","coordinates":[5.77217751100005,5.91181745800003]},"properties":{"OBJECTID":37284,"globalid":"4780414e-a768-4f5e-85ac-9696ab62ebb4","nhfr_uid":null,"nhfr_facility_code":"","country":"Nigeria","iso":"NGA","state":"Delta","lga":"Ethiope West","lga_name_disagreement":0,"ward":"Mosogar 1","ward_name_disagreement":0,"facility_name":"Mosogar Primary Health Center","facility_name_source":"GRID3_EHEALTH","ownership":"Unknown","ownership_type":"Unknown","facility_level":"Primary","facility_level_option":"Primary Health Center","latitude":5.91181745801,"longitude":5.77217751148,"geocoordinates_source":"GRID3_EHEALTH","last_updated":"2024-11-11"}},{"type":"Feature","id":37598,"geometry":{"type":"Point","coordinates":[6.15412000000003,5.84516000000002]},"properties":{"OBJECTID":37598,"globalid":"18c48cd2-995e-4693-8fdf-4930272f2875","nhfr_uid":null,"nhfr_facility_code":"","country":"Nigeria","iso":"NGA","state":"Delta","lga":"Ukwuani","lga_name_disagreement":0,"ward":"Ogbe Obiaruku","ward_name_disagreement":0,"facility_name":"Soleanor Covenant Clinic","facility_name_source":"GRID3_EHEALTH","ownership":"Unknown","ownership_type":"Unknown","facility_level":"Primary","facility_level_option":"Unknown","latitude":5.84516,"longitude":6.15412,"geocoordinates_source":"GRID3_EHEALTH","last_updated":"2024-11-11"}},{"type":"Feature","id":37695,"geometry":{"type":"Point","coordinates":[6.35196000000008,6.26141833300005]},"properties":{"OBJECTID":37695,"globalid":"a5c16cf2-1b2d-4133-b84e-611abea3c059","nhfr_uid":null,"nhfr_facility_code":"","country":"Nigeria","iso":"NGA","state":"Delta","lga":"Ika North East","lga_name_disagreement":0,"ward":"Akumazi","ward_name_disagreement":0,"facility_name":"Owerreaolubor Primary Health Center","facility_name_source":"GRID3_EHEALTH","ownership":"Public","ownership_type":"Unknown","facility_level":"Primary","facility_level_option":"Primary Health Center","latitude":6.261418333,"longitude":6.35196,"geocoordinates_source":"GRID3_EHEALTH","last_updated":"2024-11-11"}},{"type":"Feature","id":37833,"geometry":{"type":"Point","coordinates":[5.74740000000003,5.56046000000003]},"properties":{"OBJECTID":37833,"globalid":"dbb20460-6485-4ac9-994c-928df7318991","nhfr_uid":null,"nhfr_facility_code":"","country":"Nigeria","iso":"NGA","state":"Delta","lga":"Uvwie","lga_name_disagreement":0,"ward":"Ugboroke","ward_name_disagreement":0,"facility_name":"Praise Medical Laboratories","facility_name_source":"GRID3_EHEALTH","ownership":"Unknown","ownership_type":"Unknown","facility_level":"Primary","facility_level_option":"Unknown","latitude":5.56046,"longitude":5.7474,"geocoordinates_source":"GRID3_EHEALTH","last_updated":"2024-11-11"}},{"type":"Feature","id":37964,"geometry":{"type":"Point","coordinates":[6.54980000000006,6.20377166700007]},"properties":{"OBJECTID":37964,"globalid":"d4bd288f-ad64-4ef7-9a1f-bba8619b2f89","nhfr_uid":null,"nhfr_facility_code":"","country":"Nigeria","iso":"NGA","state":"Delta","lga":"Aniocha South","lga_name_disagreement":0,"ward":"Agidiase","ward_name_disagreement":0,"facility_name":"Dynamic Charity Maternity Health Center","facility_name_source":"GRID3_EHEALTH","ownership":"Public","ownership_type":"Unknown","facility_level":"Primary","facility_level_option":"Primary Health Center","latitude":6.203771667,"longitude":6.5498,"geocoordinates_source":"GRID3_EHEALTH","last_updated":"2024-11-11"}},{"type":"Feature","id":37965,"geometry":{"type":"Point","coordinates":[5.78298000000007,5.58046500000006]},"properties":{"OBJECTID":37965,"globalid":"9afcadfa-08bc-41be-8f0e-b530fa177d14","nhfr_uid":null,"nhfr_facility_code":"","country":"Nigeria","iso":"NGA","state":"Delta","lga":"Uvwie","lga_name_disagreement":0,"ward":"Ohorhe","ward_name_disagreement":0,"facility_name":"Otowndo Primary Health Center","facility_name_source":"GRID3_EHEALTH","ownership":"Public","ownership_type":"Unknown","facility_level":"Primary","facility_level_option":"Primary Health Center","latitude":5.580465,"longitude":5.78298,"geocoordinates_source":"GRID3_EHEALTH","last_updated":"2024-11-11"}},{"type":"Feature","id":37966,"geometry":{"type":"Point","coordinates":[5.86006333300003,5.37658500000003]},"properties":{"OBJECTID":37966,"globalid":"c071fc95-2229-4f8c-9de7-5301bddbc150","nhfr_uid":null,"nhfr_facility_code":"","country":"Nigeria","iso":"NGA","state":"Delta","lga":"Ughelli South","lga_name_disagreement":0,"ward":"Jeremi 2","ward_name_disagreement":0,"facility_name":"Ughevwughieprimary Health Center","facility_name_source":"GRID3_EHEALTH","ownership":"Public","ownership_type":"Unknown","facility_level":"Primary","facility_level_option":"Primary Health Center","latitude":5.376585,"longitude":5.860063333,"geocoordinates_source":"GRID3_EHEALTH","last_updated":"2024-11-11"}},{"type":"Feature","id":37972,"geometry":{"type":"Point","coordinates":[5.44384166700007,6.03583166700002]},"properties":{"OBJECTID":37972,"globalid":"3039737e-e7b0-49e8-9c63-160b6f755bb8","nhfr_uid":null,"nhfr_facility_code":"","country":"Nigeria","iso":"NGA","state":"Delta","lga":"Warri North","lga_name_disagreement":0,"ward":"Koko","ward_name_disagreement":0,"facility_name":"Ajoki Primary Health Center","facility_name_source":"GRID3_EHEALTH","ownership":"Public","ownership_type":"Unknown","facility_level":"Primary","facility_level_option":"Primary Health Center","latitude":6.035831667,"longitude":5.443841667,"geocoordinates_source":"GRID3_EHEALTH","last_updated":"2024-11-11"}},{"type":"Feature","id":37982,"geometry":{"type":"Point","coordinates":[6.15251666700004,5.84670000000006]},"properties":{"OBJECTID":37982,"globalid":"9b89debf-e4a7-4fc5-8e40-cb113f98b689","nhfr_uid":null,"nhfr_facility_code":"","country":"Nigeria","iso":"NGA","state":"Delta","lga":"Ukwuani","lga_name_disagreement":0,"ward":"Ogbe Obiaruku","ward_name_disagreement":0,"facility_name":"Rolly Primary Health Center","facility_name_source":"GRID3_EHEALTH","ownership":"Public","ownership_type":"Unknown","facility_level":"Primary","facility_level_option":"Primary Health Center","latitude":5.8467,"longitude":6.152516667,"geocoordinates_source":"GRID3_EHEALTH","last_updated":"2024-11-11"}},{"type":"Feature","id":38241,"geometry":{"type":"Point","coordinates":[6.20770263700007,5.45947265600006]},"properties":{"OBJECTID":38241,"globalid":"4d483616-7447-45a1-9b64-845cf4a23535","nhfr_uid":null,"nhfr_facility_code":"","country":"Nigeria","iso":"NGA","state":"Delta","lga":"Isoko South","lga_name_disagreement":0,"ward":"Oleh 2","ward_name_disagreement":0,"facility_name":"Stone Hill Medical Complex","facility_name_source":"GRID3_EHEALTH","ownership":"Unknown","ownership_type":"Unknown","facility_level":"Primary","facility_level_option":"Primary Health Center","latitude":5.459472656,"longitude":6.207702637,"geocoordinates_source":"GRID3_EHEALTH","last_updated":"2024-11-11"}},{"type":"Feature","id":39619,"geometry":{"type":"Point","coordinates":[5.76849365200007,5.54888916000004]},"properties":{"OBJECTID":39619,"globalid":"60eb4622-1e14-45f5-acaf-3e7bb3a3eaba","nhfr_uid":null,"nhfr_facility_code":"","country":"Nigeria","iso":"NGA","state":"Delta","lga":"Warri South","lga_name_disagreement":0,"ward":"Avenue","ward_name_disagreement":0,"facility_name":"Diamond Medical Group Practice","facility_name_source":"GRID3_EHEALTH","ownership":"Unknown","ownership_type":"Unknown","facility_level":"Primary","facility_level_option":"Primary Health Center","latitude":5.54888916,"longitude":5.768493652,"geocoordinates_source":"GRID3_EHEALTH","last_updated":"2024-11-11"}},{"type":"Feature","id":42214,"geometry":{"type":"Point","coordinates":[5.91972000000004,5.31097000000005]},"properties":{"OBJECTID":42214,"globalid":"04398a11-ecff-4c59-9970-cb096018512e","nhfr_uid":null,"nhfr_facility_code":"","country":"Nigeria","iso":"NGA","state":"Delta","lga":"Ughelli South","lga_name_disagreement":0,"ward":"Ewu 1","ward_name_disagreement":0,"facility_name":"Iwhre Okpe Primary Health Care Center","facility_name_source":"GRID3_EHEALTH","ownership":"Unknown","ownership_type":"Unknown","facility_level":"Primary","facility_level_option":"Primary Health Center","latitude":5.31097,"longitude":5.91972,"geocoordinates_source":"GRID3_EHEALTH","last_updated":"2024-11-11"}},{"type":"Feature","id":42224,"geometry":{"type":"Point","coordinates":[6.31964000000005,6.25931000000003]},"properties":{"OBJECTID":42224,"globalid":"0ea0c054-f04d-41d6-bfc4-e8a8caab0cd8","nhfr_uid":null,"nhfr_facility_code":"","country":"Nigeria","iso":"NGA","state":"Delta","lga":"Ika North East","lga_name_disagreement":0,"ward":"Akumazi","ward_name_disagreement":0,"facility_name":"Uche Akumazi Nursing Home","facility_name_source":"GRID3_EHEALTH","ownership":"Unknown","ownership_type":"Unknown","facility_level":"Primary","facility_level_option":"Primary Health Center","latitude":6.25931,"longitude":6.31964,"geocoordinates_source":"GRID3_EHEALTH","last_updated":"2024-11-11"}},{"type":"Feature","id":42225,"geometry":{"type":"Point","coordinates":[6.17464000000007,6.10487000000006]},"properties":{"OBJECTID":42225,"globalid":"ce3ebb73-f67f-4272-8682-fbb8115c820d","nhfr_uid":null,"nhfr_facility_code":"","country":"Nigeria","iso":"NGA","state":"Delta","lga":"Ika South","lga_name_disagreement":0,"ward":"Oyoko","ward_name_disagreement":0,"facility_name":"New Oyoko Health Center","facility_name_source":"GRID3_EHEALTH","ownership":"Unknown","ownership_type":"Unknown","facility_level":"Primary","facility_level_option":"Primary Health Center","latitude":6.10487,"longitude":6.17464,"geocoordinates_source":"GRID3_EHEALTH","last_updated":"2024-11-11"}},{"type":"Feature","id":42231,"geometry":{"type":"Point","coordinates":[6.16122000000007,6.23742000000004]},"properties":{"OBJECTID":42231,"globalid":"0bbd41ac-4723-4521-bdc1-2444418aa743","nhfr_uid":null,"nhfr_facility_code":"","country":"Nigeria","iso":"NGA","state":"Delta","lga":"Ika South","lga_name_disagreement":0,"ward":"Alihagwu","ward_name_disagreement":0,"facility_name":"Federal Aliokpu Health Center","facility_name_source":"GRID3_EHEALTH","ownership":"Unknown","ownership_type":"Unknown","facility_level":"Primary","facility_level_option":"Primary Health Center","latitude":6.23742,"longitude":6.16122,"geocoordinates_source":"GRID3_EHEALTH","last_updated":"2024-11-11"}},{"type":"Feature","id":42258,"geometry":{"type":"Point","coordinates":[6.33535000000006,6.17262000000005]},"properties":{"OBJECTID":42258,"globalid":"c51afe5c-995a-4e8d-b313-ea954788bd9c","nhfr_uid":null,"nhfr_facility_code":"","country":"Nigeria","iso":"NGA","state":"Delta","lga":"Ika North East","lga_name_disagreement":0,"ward":"Ute-Ogbeje","ward_name_disagreement":0,"facility_name":"St Judes Catholic Church Clinic","facility_name_source":"GRID3_EHEALTH","ownership":"Unknown","ownership_type":"Unknown","facility_level":"Primary","facility_level_option":"Unknown","latitude":6.17262,"longitude":6.33535,"geocoordinates_source":"GRID3_EHEALTH","last_updated":"2024-11-11"}},{"type":"Feature","id":42266,"geometry":{"type":"Point","coordinates":[6.17744000000005,6.11079000000007]},"properties":{"OBJECTID":42266,"globalid":"9ef19b41-5bfb-4e1a-a6bb-a6c50276b3b5","nhfr_uid":null,"nhfr_facility_code":"","country":"Nigeria","iso":"NGA","state":"Delta","lga":"Ika South","lga_name_disagreement":0,"ward":"Oyoko","ward_name_disagreement":0,"facility_name":"Okpe General Hospital","facility_name_source":"GRID3_EHEALTH","ownership":"Unknown","ownership_type":"Unknown","facility_level":"Secondary","facility_level_option":"General Hospital","latitude":6.11079,"longitude":6.17744,"geocoordinates_source":"GRID3_EHEALTH","last_updated":"2024-11-11"}},{"type":"Feature","id":42268,"geometry":{"type":"Point","coordinates":[5.58426000000003,5.95483000000007]},"properties":{"OBJECTID":42268,"globalid":"7115136d-342e-4e2b-84ba-63b5848240ef","nhfr_uid":null,"nhfr_facility_code":"","country":"Nigeria","iso":"NGA","state":"Delta","lga":"Ethiope West","lga_name_disagreement":0,"ward":"Ogharefe 4 / Oghara 4","ward_name_disagreement":0,"facility_name":"Ajagbodudu General Hospital","facility_name_source":"GRID3_EHEALTH","ownership":"Unknown","ownership_type":"Unknown","facility_level":"Secondary","facility_level_option":"General Hospital","latitude":5.95483,"longitude":5.58426,"geocoordinates_source":"GRID3_EHEALTH","last_updated":"2024-11-11"}},{"type":"Feature","id":42269,"geometry":{"type":"Point","coordinates":[5.80108642600004,5.35467529300007]},"properties":{"OBJECTID":42269,"globalid":"fd76ccef-959a-4382-aea6-dcf34abb0269","nhfr_uid":null,"nhfr_facility_code":"","country":"Nigeria","iso":"NGA","state":"Delta","lga":"Bomadi","lga_name_disagreement":0,"ward":"Ogo / Eze","ward_name_disagreement":0,"facility_name":"Okrika Primary Health Center","facility_name_source":"GRID3_EHEALTH","ownership":"Unknown","ownership_type":"Unknown","facility_level":"Primary","facility_level_option":"Primary Health Center","latitude":5.354675293,"longitude":5.801086426,"geocoordinates_source":"GRID3_EHEALTH","last_updated":"2024-11-11"}},{"type":"Feature","id":42273,"geometry":{"type":"Point","coordinates":[5.86907959000007,5.45288085900006]},"properties":{"OBJECTID":42273,"globalid":"02da5244-42b5-43e8-9dc0-0595c625eb88","nhfr_uid":null,"nhfr_facility_code":"","country":"Nigeria","iso":"NGA","state":"Delta","lga":"Udu","lga_name_disagreement":0,"ward":"Otor-Udu","ward_name_disagreement":0,"facility_name":"Frukama Primary Health Center","facility_name_source":"GRID3_EHEALTH","ownership":"Unknown","ownership_type":"Unknown","facility_level":"Primary","facility_level_option":"Primary Health Center","latitude":5.452880859,"longitude":5.86907959,"geocoordinates_source":"GRID3_EHEALTH","last_updated":"2024-11-11"}},{"type":"Feature","id":42294,"geometry":{"type":"Point","coordinates":[6.19558000000006,6.24860000000007]},"properties":{"OBJECTID":42294,"globalid":"130f78d3-5fd1-4f1b-b4d8-5f7a9548ab52","nhfr_uid":null,"nhfr_facility_code":"","country":"Nigeria","iso":"NGA","state":"Delta","lga":"Ika North East","lga_name_disagreement":0,"ward":"Owanta","ward_name_disagreement":0,"facility_name":"Virtue Clinic","facility_name_source":"GRID3_EHEALTH","ownership":"Unknown","ownership_type":"Unknown","facility_level":"Primary","facility_level_option":"Primary Health Center","latitude":6.2486,"longitude":6.19558,"geocoordinates_source":"GRID3_EHEALTH","last_updated":"2024-11-11"}},{"type":"Feature","id":42295,"geometry":{"type":"Point","coordinates":[6.18358000000006,6.25663000000003]},"properties":{"OBJECTID":42295,"globalid":"3f141d14-5a88-4642-9302-d97e017cc6de","nhfr_uid":null,"nhfr_facility_code":"","country":"Nigeria","iso":"NGA","state":"Delta","lga":"Ika South","lga_name_disagreement":0,"ward":"Alihagwu","ward_name_disagreement":0,"facility_name":"Agbor Prison Clinic","facility_name_source":"GRID3_EHEALTH","ownership":"Unknown","ownership_type":"Unknown","facility_level":"Secondary","facility_level_option":"Unknown","latitude":6.25663,"longitude":6.18358,"geocoordinates_source":"GRID3_EHEALTH","last_updated":"2024-11-11"}},{"type":"Feature","id":42300,"geometry":{"type":"Point","coordinates":[5.78441480000004,5.50785410000003]},"properties":{"OBJECTID":42300,"globalid":"bf9ca060-2dce-42e9-9f46-33ba40a4f75c","nhfr_uid":null,"nhfr_facility_code":"","country":"Nigeria","iso":"NGA","state":"Delta","lga":"Udu","lga_name_disagreement":0,"ward":"Ovwian","ward_name_disagreement":0,"facility_name":"Udu Health Post","facility_name_source":"GRID3_EHEALTH","ownership":"Public","ownership_type":"Unknown","facility_level":"Primary","facility_level_option":"Health Post","latitude":5.5078541,"longitude":5.7844148,"geocoordinates_source":"GRID3_EHEALTH","last_updated":"2024-11-11"}},{"type":"Feature","id":42301,"geometry":{"type":"Point","coordinates":[5.86827330000006,5.47946090000005]},"properties":{"OBJECTID":42301,"globalid":"3067912f-f4b7-429e-93a1-b44ea1b27a36","nhfr_uid":null,"nhfr_facility_code":"","country":"Nigeria","iso":"NGA","state":"Delta","lga":"Udu","lga_name_disagreement":0,"ward":"Owhrode","ward_name_disagreement":0,"facility_name":"Otor Udu Primary Health Center","facility_name_source":"GRID3_EHEALTH","ownership":"Public","ownership_type":"Unknown","facility_level":"Primary","facility_level_option":"Primary Health Center","latitude":5.4794609,"longitude":5.8682733,"geocoordinates_source":"GRID3_EHEALTH","last_updated":"2024-11-11"}},{"type":"Feature","id":42332,"geometry":{"type":"Point","coordinates":[5.74366000000003,5.56086000000005]},"properties":{"OBJECTID":42332,"globalid":"c3bc29b3-2b5a-4ffa-a9e0-04ab00d69b0b","nhfr_uid":null,"nhfr_facility_code":"","country":"Nigeria","iso":"NGA","state":"Delta","lga":"Uvwie","lga_name_disagreement":0,"ward":"Ugboroke","ward_name_disagreement":0,"facility_name":"Omahor Ekpan Clinic and Maternity","facility_name_source":"GRID3_EHEALTH","ownership":"Unknown","ownership_type":"Unknown","facility_level":"Primary","facility_level_option":"Primary Health Clinic","latitude":5.56086,"longitude":5.74366,"geocoordinates_source":"GRID3_EHEALTH","last_updated":"2024-11-11"}},{"type":"Feature","id":42395,"geometry":{"type":"Point","coordinates":[5.76453000000004,5.54125000000005]},"properties":{"OBJECTID":42395,"globalid":"c7202c83-e325-4712-a2f0-4760486456b6","nhfr_uid":null,"nhfr_facility_code":"","country":"Nigeria","iso":"NGA","state":"Delta","lga":"Warri South","lga_name_disagreement":0,"ward":"Avenue","ward_name_disagreement":0,"facility_name":"Cabol Dental Clinic","facility_name_source":"GRID3_EHEALTH","ownership":"Unknown","ownership_type":"Unknown","facility_level":"Primary","facility_level_option":"Unknown","latitude":5.54125,"longitude":5.76453,"geocoordinates_source":"GRID3_EHEALTH","last_updated":"2024-11-11"}},{"type":"Feature","id":42396,"geometry":{"type":"Point","coordinates":[5.76015000000007,5.54557000000005]},"properties":{"OBJECTID":42396,"globalid":"c93e7875-b7a7-4921-adf0-c80888de97ed","nhfr_uid":null,"nhfr_facility_code":"","country":"Nigeria","iso":"NGA","state":"Delta","lga":"Warri South","lga_name_disagreement":0,"ward":"Avenue","ward_name_disagreement":0,"facility_name":"Gan Rovet Animal Hospital","facility_name_source":"GRID3_EHEALTH","ownership":"Unknown","ownership_type":"Unknown","facility_level":"Primary","facility_level_option":"Unknown","latitude":5.54557,"longitude":5.76015,"geocoordinates_source":"GRID3_EHEALTH","last_updated":"2024-11-11"}},{"type":"Feature","id":42401,"geometry":{"type":"Point","coordinates":[6.14660000000003,6.24020000000007]},"properties":{"OBJECTID":42401,"globalid":"bb251744-25e8-4713-ab64-08616a4d433a","nhfr_uid":null,"nhfr_facility_code":"","country":"Nigeria","iso":"NGA","state":"Delta","lga":"Ika South","lga_name_disagreement":0,"ward":"Alihagwu","ward_name_disagreement":0,"facility_name":"Orthopaedic Hospital","facility_name_source":"GRID3_EHEALTH","ownership":"Unknown","ownership_type":"Unknown","facility_level":"Primary","facility_level_option":"Unknown","latitude":6.2402,"longitude":6.1466,"geocoordinates_source":"GRID3_EHEALTH","last_updated":"2024-11-11"}},{"type":"Feature","id":42409,"geometry":{"type":"Point","coordinates":[5.78426000000007,5.50953000000004]},"properties":{"OBJECTID":42409,"globalid":"1ff5f0a8-5d17-4c47-b742-031203605489","nhfr_uid":null,"nhfr_facility_code":"","country":"Nigeria","iso":"NGA","state":"Delta","lga":"Udu","lga_name_disagreement":0,"ward":"Ovwian","ward_name_disagreement":0,"facility_name":"Lonia Clinic","facility_name_source":"GRID3_EHEALTH","ownership":"Unknown","ownership_type":"Unknown","facility_level":"Primary","facility_level_option":"Unknown","latitude":5.50953,"longitude":5.78426,"geocoordinates_source":"GRID3_EHEALTH","last_updated":"2024-11-11"}},{"type":"Feature","id":42414,"geometry":{"type":"Point","coordinates":[5.76489257800006,5.54052734400005]},"properties":{"OBJECTID":42414,"globalid":"6a5e939e-1b2c-4ffe-adde-489d0bcd44f3","nhfr_uid":null,"nhfr_facility_code":"","country":"Nigeria","iso":"NGA","state":"Delta","lga":"Warri South","lga_name_disagreement":0,"ward":"Esisi","ward_name_disagreement":0,"facility_name":"Cleve Hill Clinic","facility_name_source":"GRID3_EHEALTH","ownership":"Unknown","ownership_type":"Unknown","facility_level":"Primary","facility_level_option":"Primary Health Center","latitude":5.540527344,"longitude":5.764892578,"geocoordinates_source":"GRID3_EHEALTH","last_updated":"2024-11-11"}},{"type":"Feature","id":42419,"geometry":{"type":"Point","coordinates":[6.14190673800005,6.22332763700007]},"properties":{"OBJECTID":42419,"globalid":"60379aff-e576-46a5-adc7-fabe784adc42","nhfr_uid":null,"nhfr_facility_code":"","country":"Nigeria","iso":"NGA","state":"Delta","lga":"Ika South","lga_name_disagreement":0,"ward":"Udomi / Azuowa","ward_name_disagreement":0,"facility_name":"Eruem Maternity Home","facility_name_source":"GRID3_EHEALTH","ownership":"Unknown","ownership_type":"Unknown","facility_level":"Primary","facility_level_option":"Primary Health Clinic","latitude":6.223327637,"longitude":6.141906738,"geocoordinates_source":"GRID3_EHEALTH","last_updated":"2024-11-11"}},{"type":"Feature","id":42423,"geometry":{"type":"Point","coordinates":[5.78009033200004,5.52410888700007]},"properties":{"OBJECTID":42423,"globalid":"acfe5eaf-b84a-4017-9ddb-faeffca0f120","nhfr_uid":null,"nhfr_facility_code":"","country":"Nigeria","iso":"NGA","state":"Delta","lga":"Warri South","lga_name_disagreement":0,"ward":"Igbudu","ward_name_disagreement":0,"facility_name":"Tije Nursing and Maternity Home","facility_name_source":"GRID3_EHEALTH","ownership":"Unknown","ownership_type":"Unknown","facility_level":"Primary","facility_level_option":"Primary Health Clinic","latitude":5.524108887,"longitude":5.780090332,"geocoordinates_source":"GRID3_EHEALTH","last_updated":"2024-11-11"}},{"type":"Feature","id":42424,"geometry":{"type":"Point","coordinates":[5.76110839800003,5.54608154300007]},"properties":{"OBJECTID":42424,"globalid":"5fef0ed6-1cb9-428e-a2bc-e4b7dd1ff318","nhfr_uid":null,"nhfr_facility_code":"","country":"Nigeria","iso":"NGA","state":"Delta","lga":"Warri South","lga_name_disagreement":0,"ward":"Avenue","ward_name_disagreement":0,"facility_name":"Westend Hospital","facility_name_source":"GRID3_EHEALTH","ownership":"Unknown","ownership_type":"Unknown","facility_level":"Primary","facility_level_option":"Primary Health Center","latitude":5.546081543,"longitude":5.761108398,"geocoordinates_source":"GRID3_EHEALTH","last_updated":"2024-11-11"}},{"type":"Feature","id":42425,"geometry":{"type":"Point","coordinates":[5.76788330100004,5.54388427700007]},"properties":{"OBJECTID":42425,"globalid":"419c42b2-845c-4cf9-820b-694077f3364c","nhfr_uid":null,"nhfr_facility_code":"","country":"Nigeria","iso":"NGA","state":"Delta","lga":"Warri South","lga_name_disagreement":0,"ward":"Avenue","ward_name_disagreement":0,"facility_name":"Winners Clinic","facility_name_source":"GRID3_EHEALTH","ownership":"Unknown","ownership_type":"Unknown","facility_level":"Primary","facility_level_option":"Primary Health Center","latitude":5.543884277,"longitude":5.767883301,"geocoordinates_source":"GRID3_EHEALTH","last_updated":"2024-11-11"}},{"type":"Feature","id":42426,"geometry":{"type":"Point","coordinates":[5.77612304700006,5.52508544900007]},"properties":{"OBJECTID":42426,"globalid":"84af64b8-01fd-447d-90c7-3dd3e1316b46","nhfr_uid":null,"nhfr_facility_code":"","country":"Nigeria","iso":"NGA","state":"Delta","lga":"Warri South","lga_name_disagreement":0,"ward":"Igbudu","ward_name_disagreement":0,"facility_name":"Bendel Clinic","facility_name_source":"GRID3_EHEALTH","ownership":"Unknown","ownership_type":"Unknown","facility_level":"Primary","facility_level_option":"Primary Health Center","latitude":5.525085449,"longitude":5.776123047,"geocoordinates_source":"GRID3_EHEALTH","last_updated":"2024-11-11"}},{"type":"Feature","id":42428,"geometry":{"type":"Point","coordinates":[5.78332519500003,5.52490234400005]},"properties":{"OBJECTID":42428,"globalid":"bf616460-84dd-424a-bc00-5a3eaad04c76","nhfr_uid":null,"nhfr_facility_code":"","country":"Nigeria","iso":"NGA","state":"Delta","lga":"Warri South","lga_name_disagreement":0,"ward":"Igbudu","ward_name_disagreement":0,"facility_name":"Jigbale Memorial Clinic","facility_name_source":"GRID3_EHEALTH","ownership":"Unknown","ownership_type":"Unknown","facility_level":"Primary","facility_level_option":"Primary Health Center","latitude":5.524902344,"longitude":5.783325195,"geocoordinates_source":"GRID3_EHEALTH","last_updated":"2024-11-11"}},{"type":"Feature","id":42429,"geometry":{"type":"Point","coordinates":[5.63031005900007,5.94610595700004]},"properties":{"OBJECTID":42429,"globalid":"a283dbb9-1dc4-421c-9c9f-0c9f5d1b518f","nhfr_uid":null,"nhfr_facility_code":"","country":"Nigeria","iso":"NGA","state":"Delta","lga":"Ethiope West","lga_name_disagreement":0,"ward":"Ogharefe 3","ward_name_disagreement":0,"facility_name":"Ogariki Model Primary Health Center","facility_name_source":"GRID3_EHEALTH","ownership":"Unknown","ownership_type":"Unknown","facility_level":"Primary","facility_level_option":"Primary Health Center","latitude":5.946105957,"longitude":5.630310059,"geocoordinates_source":"GRID3_EHEALTH","last_updated":"2024-11-11"}},{"type":"Feature","id":42430,"geometry":{"type":"Point","coordinates":[5.76568603500004,5.85827636700003]},"properties":{"OBJECTID":42430,"globalid":"51491f3c-0afd-4b9a-a59d-142f3f7a8e8d","nhfr_uid":null,"nhfr_facility_code":"","country":"Nigeria","iso":"NGA","state":"Delta","lga":"Ethiope West","lga_name_disagreement":0,"ward":"Jesse 1","ward_name_disagreement":0,"facility_name":"Jessa Health Center","facility_name_source":"GRID3_EHEALTH","ownership":"Unknown","ownership_type":"Unknown","facility_level":"Primary","facility_level_option":"Primary Health Center","latitude":5.858276367,"longitude":5.765686035,"geocoordinates_source":"GRID3_EHEALTH","last_updated":"2024-11-11"}},{"type":"Feature","id":42431,"geometry":{"type":"Point","coordinates":[5.74328613300003,5.86688232400007]},"properties":{"OBJECTID":42431,"globalid":"b58f8216-c604-4ca3-baca-8256d9b7a1f7","nhfr_uid":null,"nhfr_facility_code":"","country":"Nigeria","iso":"NGA","state":"Delta","lga":"Ethiope West","lga_name_disagreement":0,"ward":"Mosogar 1","ward_name_disagreement":0,"facility_name":"Atiwor Primary Health Care","facility_name_source":"GRID3_EHEALTH","ownership":"Unknown","ownership_type":"Unknown","facility_level":"Primary","facility_level_option":"Primary Health Center","latitude":5.866882324,"longitude":5.743286133,"geocoordinates_source":"GRID3_EHEALTH","last_updated":"2024-11-11"}},{"type":"Feature","id":42468,"geometry":{"type":"Point","coordinates":[5.74328613300003,5.55932617200006]},"properties":{"OBJECTID":42468,"globalid":"c8738ccc-a399-4d4b-af47-28a3b9e69c85","nhfr_uid":null,"nhfr_facility_code":"","country":"Nigeria","iso":"NGA","state":"Delta","lga":"Uvwie","lga_name_disagreement":0,"ward":"Ugboroke","ward_name_disagreement":0,"facility_name":"Royalis Ekpan Maternity Clinic","facility_name_source":"GRID3_EHEALTH","ownership":"Unknown","ownership_type":"Unknown","facility_level":"Primary","facility_level_option":"Primary Health Clinic","latitude":5.559326172,"longitude":5.743286133,"geocoordinates_source":"GRID3_EHEALTH","last_updated":"2024-11-11"}},{"type":"Feature","id":42469,"geometry":{"type":"Point","coordinates":[5.74230957000003,5.56011962900004]},"properties":{"OBJECTID":42469,"globalid":"33b1e602-0c59-4a9b-ae86-bf37cd3d662b","nhfr_uid":null,"nhfr_facility_code":"","country":"Nigeria","iso":"NGA","state":"Delta","lga":"Uvwie","lga_name_disagreement":0,"ward":"Ekpan 1","ward_name_disagreement":0,"facility_name":"Winklns Clinic","facility_name_source":"GRID3_EHEALTH","ownership":"Unknown","ownership_type":"Unknown","facility_level":"Primary","facility_level_option":"Primary Health Center","latitude":5.560119629,"longitude":5.74230957,"geocoordinates_source":"GRID3_EHEALTH","last_updated":"2024-11-11"}},{"type":"Feature","id":42470,"geometry":{"type":"Point","coordinates":[5.80133056600005,5.19470214800003]},"properties":{"OBJECTID":42470,"globalid":"d17c6105-ece5-4afa-a7e8-fd86b169876b","nhfr_uid":null,"nhfr_facility_code":"","country":"Nigeria","iso":"NGA","state":"Delta","lga":"Bomadi","lga_name_disagreement":0,"ward":"Ekaametagbene / Kalafio","ward_name_disagreement":0,"facility_name":"Gbaregolor Primary Health Care Center","facility_name_source":"GRID3_EHEALTH","ownership":"Unknown","ownership_type":"Unknown","facility_level":"Primary","facility_level_option":"Primary Health Center","latitude":5.194702148,"longitude":5.801330566,"geocoordinates_source":"GRID3_EHEALTH","last_updated":"2024-11-11"}},{"type":"Feature","id":42488,"geometry":{"type":"Point","coordinates":[5.72930908200004,5.32708740200007]},"properties":{"OBJECTID":42488,"globalid":"63bab3d0-0621-4621-a566-abfcdec6fbb0","nhfr_uid":null,"nhfr_facility_code":"","country":"Nigeria","iso":"NGA","state":"Delta","lga":"Bomadi","lga_name_disagreement":0,"ward":"Ogo / Eze","ward_name_disagreement":0,"facility_name":"Ayakoromor Comprehensive Health Center","facility_name_source":"GRID3_EHEALTH","ownership":"Unknown","ownership_type":"Unknown","facility_level":"Primary","facility_level_option":"Primary Health Center","latitude":5.327087402,"longitude":5.729309082,"geocoordinates_source":"GRID3_EHEALTH","last_updated":"2024-11-11"}},{"type":"Feature","id":42489,"geometry":{"type":"Point","coordinates":[6.25292968700006,5.80487060500008]},"properties":{"OBJECTID":42489,"globalid":"4eee4584-a0d5-469d-bd1c-2deee378f7d9","nhfr_uid":null,"nhfr_facility_code":"","country":"Nigeria","iso":"NGA","state":"Delta","lga":"Ukwuani","lga_name_disagreement":0,"ward":"Amai","ward_name_disagreement":0,"facility_name":"Achiane Free Medical Center","facility_name_source":"GRID3_EHEALTH","ownership":"Unknown","ownership_type":"Unknown","facility_level":"Primary","facility_level_option":"Primary Health Clinic","latitude":5.804870605,"longitude":6.252929687,"geocoordinates_source":"GRID3_EHEALTH","last_updated":"2024-11-11"}},{"type":"Feature","id":42490,"geometry":{"type":"Point","coordinates":[5.92828369100005,5.16729736300005]},"properties":{"OBJECTID":42490,"globalid":"49075035-f1d4-42fe-9fcc-62f9c4e3149f","nhfr_uid":null,"nhfr_facility_code":"","country":"Nigeria","iso":"NGA","state":"Delta","lga":"Bomadi","lga_name_disagreement":0,"ward":"Bomadi","ward_name_disagreement":0,"facility_name":"St Johns Clinic","facility_name_source":"GRID3_EHEALTH","ownership":"Unknown","ownership_type":"Unknown","facility_level":"Primary","facility_level_option":"Primary Health Center","latitude":5.167297363,"longitude":5.928283691,"geocoordinates_source":"GRID3_EHEALTH","last_updated":"2024-11-11"}},{"type":"Feature","id":42491,"geometry":{"type":"Point","coordinates":[6.09869384800004,5.78411865200007]},"properties":{"OBJECTID":42491,"globalid":"daedc553-472c-408d-aa6c-96e6a1cc0249","nhfr_uid":null,"nhfr_facility_code":"","country":"Nigeria","iso":"NGA","state":"Delta","lga":"Ethiope East","lga_name_disagreement":0,"ward":"Urhuvie","ward_name_disagreement":0,"facility_name":"St Peter Clinic","facility_name_source":"GRID3_EHEALTH","ownership":"Unknown","ownership_type":"Unknown","facility_level":"Primary","facility_level_option":"Primary Health Center","latitude":5.784118652,"longitude":6.098693848,"geocoordinates_source":"GRID3_EHEALTH","last_updated":"2024-11-11"}},{"type":"Feature","id":42492,"geometry":{"type":"Point","coordinates":[6.10247802700007,5.78527832000003]},"properties":{"OBJECTID":42492,"globalid":"5705be69-5241-41a4-9a0e-e75ae2eb7ace","nhfr_uid":null,"nhfr_facility_code":"","country":"Nigeria","iso":"NGA","state":"Delta","lga":"Ethiope East","lga_name_disagreement":0,"ward":"Urhuvie","ward_name_disagreement":0,"facility_name":"Andreg Dental Clinic","facility_name_source":"GRID3_EHEALTH","ownership":"Unknown","ownership_type":"Unknown","facility_level":"Tertiary","facility_level_option":"General Hospital","latitude":5.78527832,"longitude":6.102478027,"geocoordinates_source":"GRID3_EHEALTH","last_updated":"2024-11-11"}},{"type":"Feature","id":42493,"geometry":{"type":"Point","coordinates":[5.78808593700006,5.85888671900005]},"properties":{"OBJECTID":42493,"globalid":"61f3709e-626f-40c6-8e31-d7e6ef4fec07","nhfr_uid":null,"nhfr_facility_code":"","country":"Nigeria","iso":"NGA","state":"Delta","lga":"Ethiope West","lga_name_disagreement":0,"ward":"Jesse 1","ward_name_disagreement":0,"facility_name":"Ejenesa Health Outreach","facility_name_source":"GRID3_EHEALTH","ownership":"Unknown","ownership_type":"Unknown","facility_level":"Primary","facility_level_option":"Primary Health Center","latitude":5.858886719,"longitude":5.788085937,"geocoordinates_source":"GRID3_EHEALTH","last_updated":"2024-11-11"}},{"type":"Feature","id":42494,"geometry":{"type":"Point","coordinates":[6.09112548800005,5.78430175800003]},"properties":{"OBJECTID":42494,"globalid":"c240ab7f-0741-485a-b374-29f9f8d50709","nhfr_uid":null,"nhfr_facility_code":"","country":"Nigeria","iso":"NGA","state":"Delta","lga":"Ethiope East","lga_name_disagreement":0,"ward":"Urhuvie","ward_name_disagreement":0,"facility_name":"Dunflox Hospital","facility_name_source":"GRID3_EHEALTH","ownership":"Unknown","ownership_type":"Unknown","facility_level":"Primary","facility_level_option":"Primary Health Center","latitude":5.784301758,"longitude":6.091125488,"geocoordinates_source":"GRID3_EHEALTH","last_updated":"2024-11-11"}},{"type":"Feature","id":42495,"geometry":{"type":"Point","coordinates":[5.82067871100003,5.34228515600006]},"properties":{"OBJECTID":42495,"globalid":"6f5fc119-91e7-4a03-9e24-709f231ff356","nhfr_uid":null,"nhfr_facility_code":"","country":"Nigeria","iso":"NGA","state":"Delta","lga":"Ughelli South","lga_name_disagreement":0,"ward":"Ewu Ward 3","ward_name_disagreement":0,"facility_name":"Ogbeinene Primary Health Center","facility_name_source":"GRID3_EHEALTH","ownership":"Unknown","ownership_type":"Unknown","facility_level":"Primary","facility_level_option":"Primary Health Center","latitude":5.342285156,"longitude":5.820678711,"geocoordinates_source":"GRID3_EHEALTH","last_updated":"2024-11-11"}},{"type":"Feature","id":42496,"geometry":{"type":"Point","coordinates":[6.05352783200004,5.75927734400005]},"properties":{"OBJECTID":42496,"globalid":"fb9f9e93-1888-4a93-be0d-a1246d555aca","nhfr_uid":null,"nhfr_facility_code":"","country":"Nigeria","iso":"NGA","state":"Delta","lga":"Ethiope East","lga_name_disagreement":0,"ward":"Oria","ward_name_disagreement":0,"facility_name":"Oria Comprehensive Primary Health Center","facility_name_source":"GRID3_EHEALTH","ownership":"Unknown","ownership_type":"Unknown","facility_level":"Primary","facility_level_option":"Primary Health Center","latitude":5.759277344,"longitude":6.053527832,"geocoordinates_source":"GRID3_EHEALTH","last_updated":"2024-11-11"}},{"type":"Feature","id":42497,"geometry":{"type":"Point","coordinates":[6.35388183600003,6.16333007800006]},"properties":{"OBJECTID":42497,"globalid":"3593c078-2407-45f7-aef9-4089169b409f","nhfr_uid":null,"nhfr_facility_code":"","country":"Nigeria","iso":"NGA","state":"Delta","lga":"Ika North East","lga_name_disagreement":0,"ward":"Ute-Ogbeje","ward_name_disagreement":0,"facility_name":"Ute Enugu Primary Health Center","facility_name_source":"GRID3_EHEALTH","ownership":"Unknown","ownership_type":"Unknown","facility_level":"Primary","facility_level_option":"Primary Health Center","latitude":6.163330078,"longitude":6.353881836,"geocoordinates_source":"GRID3_EHEALTH","last_updated":"2024-11-11"}},{"type":"Feature","id":42531,"geometry":{"type":"Point","coordinates":[5.66912841800007,5.93572998000008]},"properties":{"OBJECTID":42531,"globalid":"e406dcbf-63ad-4eb1-897d-d26fa3d1efed","nhfr_uid":null,"nhfr_facility_code":"","country":"Nigeria","iso":"NGA","state":"Delta","lga":"Ethiope West","lga_name_disagreement":0,"ward":"Ogharefe 2","ward_name_disagreement":0,"facility_name":"Maranatha Clinic and Maternity","facility_name_source":"GRID3_EHEALTH","ownership":"Unknown","ownership_type":"Unknown","facility_level":"Primary","facility_level_option":"Primary Health Clinic","latitude":5.93572998,"longitude":5.669128418,"geocoordinates_source":"GRID3_EHEALTH","last_updated":"2024-11-11"}},{"type":"Feature","id":42532,"geometry":{"type":"Point","coordinates":[5.57489013700007,5.95867919900007]},"properties":{"OBJECTID":42532,"globalid":"5ee231e9-3861-4998-b186-9f166e1c1c1e","nhfr_uid":null,"nhfr_facility_code":"","country":"Nigeria","iso":"NGA","state":"Delta","lga":"Ethiope West","lga_name_disagreement":0,"ward":"Ogharefe 4 / Oghara 4","ward_name_disagreement":0,"facility_name":"Ajagbodudu Primary Health Center","facility_name_source":"GRID3_EHEALTH","ownership":"Unknown","ownership_type":"Unknown","facility_level":"Primary","facility_level_option":"Primary Health Center","latitude":5.958679199,"longitude":5.574890137,"geocoordinates_source":"GRID3_EHEALTH","last_updated":"2024-11-11"}},{"type":"Feature","id":42533,"geometry":{"type":"Point","coordinates":[6.17211914100005,6.11431884800004]},"properties":{"OBJECTID":42533,"globalid":"1cde010b-8466-428f-af9d-806c76966722","nhfr_uid":null,"nhfr_facility_code":"","country":"Nigeria","iso":"NGA","state":"Delta","lga":"Ika South","lga_name_disagreement":0,"ward":"Oyoko","ward_name_disagreement":0,"facility_name":"Alpha Maternity","facility_name_source":"GRID3_EHEALTH","ownership":"Unknown","ownership_type":"Unknown","facility_level":"Primary","facility_level_option":"Primary Health Clinic","latitude":6.114318848,"longitude":6.172119141,"geocoordinates_source":"GRID3_EHEALTH","last_updated":"2024-11-11"}},{"type":"Feature","id":42534,"geometry":{"type":"Point","coordinates":[6.20471191400003,6.26031494100005]},"properties":{"OBJECTID":42534,"globalid":"3493992e-bc50-463d-83d8-0ecea83c7eec","nhfr_uid":null,"nhfr_facility_code":"","country":"Nigeria","iso":"NGA","state":"Delta","lga":"Ika South","lga_name_disagreement":0,"ward":"Boji-Boji 2 /  Agbor 8","ward_name_disagreement":0,"facility_name":"Ropheka Specialist Clinic","facility_name_source":"GRID3_EHEALTH","ownership":"Unknown","ownership_type":"Unknown","facility_level":"Tertiary","facility_level_option":"General Hospital","latitude":6.260314941,"longitude":6.204711914,"geocoordinates_source":"GRID3_EHEALTH","last_updated":"2024-11-11"}},{"type":"Feature","id":42535,"geometry":{"type":"Point","coordinates":[5.75030517600004,5.94427490200007]},"properties":{"OBJECTID":42535,"globalid":"8a03b792-b3b5-4a75-b0d1-674bd37295a1","nhfr_uid":null,"nhfr_facility_code":"","country":"Nigeria","iso":"NGA","state":"Delta","lga":"Ethiope West","lga_name_disagreement":0,"ward":"Mosogar 2","ward_name_disagreement":0,"facility_name":"Ekuobodo Health Center","facility_name_source":"GRID3_EHEALTH","ownership":"Unknown","ownership_type":"Unknown","facility_level":"Primary","facility_level_option":"Primary Health Center","latitude":5.944274902,"longitude":5.750305176,"geocoordinates_source":"GRID3_EHEALTH","last_updated":"2024-11-11"}},{"type":"Feature","id":42536,"geometry":{"type":"Point","coordinates":[5.88409423800005,5.46832275400004]},"properties":{"OBJECTID":42536,"globalid":"f68cec4f-2cd4-4b24-a720-3e25c3339fc1","nhfr_uid":null,"nhfr_facility_code":"","country":"Nigeria","iso":"NGA","state":"Delta","lga":"Udu","lga_name_disagreement":0,"ward":"Owhrode","ward_name_disagreement":0,"facility_name":"Edjophe Primary Health Center","facility_name_source":"GRID3_EHEALTH","ownership":"Unknown","ownership_type":"Unknown","facility_level":"Primary","facility_level_option":"Primary Health Center","latitude":5.468322754,"longitude":5.884094238,"geocoordinates_source":"GRID3_EHEALTH","last_updated":"2024-11-11"}},{"type":"Feature","id":42537,"geometry":{"type":"Point","coordinates":[5.57867431600005,5.95648193400007]},"properties":{"OBJECTID":42537,"globalid":"2fe95b84-09c6-4b9f-9984-42a1d9dfe1c2","nhfr_uid":null,"nhfr_facility_code":"","country":"Nigeria","iso":"NGA","state":"Delta","lga":"Ethiope West","lga_name_disagreement":0,"ward":"Ogharefe 4 / Oghara 4","ward_name_disagreement":0,"facility_name":"Ajagbodudu Primary Health Care","facility_name_source":"GRID3_EHEALTH","ownership":"Unknown","ownership_type":"Unknown","facility_level":"Primary","facility_level_option":"Primary Health Center","latitude":5.956481934,"longitude":5.578674316,"geocoordinates_source":"GRID3_EHEALTH","last_updated":"2024-11-11"}},{"type":"Feature","id":42538,"geometry":{"type":"Point","coordinates":[5.66687011700003,5.92907714800003]},"properties":{"OBJECTID":42538,"globalid":"13d29c87-deac-45c1-888c-8234715863c4","nhfr_uid":null,"nhfr_facility_code":"","country":"Nigeria","iso":"NGA","state":"Delta","lga":"Ethiope West","lga_name_disagreement":0,"ward":"Ogharefe 2","ward_name_disagreement":0,"facility_name":"Avilah Clinic","facility_name_source":"GRID3_EHEALTH","ownership":"Unknown","ownership_type":"Unknown","facility_level":"Primary","facility_level_option":"Primary Health Center","latitude":5.929077148,"longitude":5.666870117,"geocoordinates_source":"GRID3_EHEALTH","last_updated":"2024-11-11"}},{"type":"Feature","id":42539,"geometry":{"type":"Point","coordinates":[5.64471435500008,5.95068359400005]},"properties":{"OBJECTID":42539,"globalid":"636121be-da77-44a2-835d-ebe2f78db617","nhfr_uid":null,"nhfr_facility_code":"","country":"Nigeria","iso":"NGA","state":"Delta","lga":"Ethiope West","lga_name_disagreement":0,"ward":"Ogharefe 3","ward_name_disagreement":0,"facility_name":"Our Ladys Cath Hospital","facility_name_source":"GRID3_EHEALTH","ownership":"Unknown","ownership_type":"Unknown","facility_level":"Primary","facility_level_option":"Primary Health Center","latitude":5.950683594,"longitude":5.644714355,"geocoordinates_source":"GRID3_EHEALTH","last_updated":"2024-11-11"}},{"type":"Feature","id":42540,"geometry":{"type":"Point","coordinates":[5.67169189500004,5.93609619100005]},"properties":{"OBJECTID":42540,"globalid":"ddbbcc73-69cb-42f3-9309-ff31583df9e6","nhfr_uid":null,"nhfr_facility_code":"","country":"Nigeria","iso":"NGA","state":"Delta","lga":"Ethiope West","lga_name_disagreement":0,"ward":"Ogharefe 2","ward_name_disagreement":0,"facility_name":"Calavary Hospital","facility_name_source":"GRID3_EHEALTH","ownership":"Unknown","ownership_type":"Unknown","facility_level":"Primary","facility_level_option":"Primary Health Center","latitude":5.936096191,"longitude":5.671691895,"geocoordinates_source":"GRID3_EHEALTH","last_updated":"2024-11-11"}},{"type":"Feature","id":42541,"geometry":{"type":"Point","coordinates":[5.79852294900007,5.30267334000007]},"properties":{"OBJECTID":42541,"globalid":"813bd9ca-f2f9-4ef2-8124-ac73983b6b3d","nhfr_uid":null,"nhfr_facility_code":"","country":"Nigeria","iso":"NGA","state":"Delta","lga":"Bomadi","lga_name_disagreement":0,"ward":"Akugbene 3","ward_name_disagreement":0,"facility_name":"Ogoeze Health Center","facility_name_source":"GRID3_EHEALTH","ownership":"Unknown","ownership_type":"Unknown","facility_level":"Primary","facility_level_option":"Primary Health Center","latitude":5.30267334,"longitude":5.798522949,"geocoordinates_source":"GRID3_EHEALTH","last_updated":"2024-11-11"}},{"type":"Feature","id":42542,"geometry":{"type":"Point","coordinates":[6.18450927700007,6.22967529300007]},"properties":{"OBJECTID":42542,"globalid":"07319947-8515-4827-a125-36e0bd826501","nhfr_uid":null,"nhfr_facility_code":"","country":"Nigeria","iso":"NGA","state":"Delta","lga":"Ika North East","lga_name_disagreement":0,"ward":"Owa-Alizomor / Owa  6","ward_name_disagreement":0,"facility_name":"Owa Nta Primary Health Center","facility_name_source":"GRID3_EHEALTH","ownership":"Unknown","ownership_type":"Unknown","facility_level":"Primary","facility_level_option":"Primary Health Center","latitude":6.229675293,"longitude":6.184509277,"geocoordinates_source":"GRID3_EHEALTH","last_updated":"2024-11-11"}},{"type":"Feature","id":42543,"geometry":{"type":"Point","coordinates":[5.97027587900004,5.63610839800003]},"properties":{"OBJECTID":42543,"globalid":"5274f88c-49c5-4edb-91b8-f0474699282f","nhfr_uid":null,"nhfr_facility_code":"","country":"Nigeria","iso":"NGA","state":"Delta","lga":"Ethiope East","lga_name_disagreement":0,"ward":"Okpara / Agbon  1","ward_name_disagreement":0,"facility_name":"Okpara Pri Health Care","facility_name_source":"GRID3_EHEALTH","ownership":"Unknown","ownership_type":"Unknown","facility_level":"Primary","facility_level_option":"Primary Health Center","latitude":5.636108398,"longitude":5.970275879,"geocoordinates_source":"GRID3_EHEALTH","last_updated":"2024-11-11"}},{"type":"Feature","id":42544,"geometry":{"type":"Point","coordinates":[6.16168212900004,6.12829589800003]},"properties":{"OBJECTID":42544,"globalid":"e8e05224-9c40-42b5-bef0-6e224782ac64","nhfr_uid":null,"nhfr_facility_code":"","country":"Nigeria","iso":"NGA","state":"Delta","lga":"Ika South","lga_name_disagreement":0,"ward":"Oyoko","ward_name_disagreement":0,"facility_name":"Foundation Medical Clinic","facility_name_source":"GRID3_EHEALTH","ownership":"Unknown","ownership_type":"Unknown","facility_level":"Primary","facility_level_option":"Primary Health Center","latitude":6.128295898,"longitude":6.161682129,"geocoordinates_source":"GRID3_EHEALTH","last_updated":"2024-11-11"}},{"type":"Feature","id":42545,"geometry":{"type":"Point","coordinates":[5.96728515600006,5.71490478500004]},"properties":{"OBJECTID":42545,"globalid":"d7eab32f-272e-4385-aa79-662ab7460ff9","nhfr_uid":null,"nhfr_facility_code":"","country":"Nigeria","iso":"NGA","state":"Delta","lga":"Ethiope East","lga_name_disagreement":0,"ward":"Igun","ward_name_disagreement":0,"facility_name":"Orhono Eku Primary Health Clinic","facility_name_source":"GRID3_EHEALTH","ownership":"Unknown","ownership_type":"Unknown","facility_level":"Primary","facility_level_option":"Primary Health Center","latitude":5.714904785,"longitude":5.967285156,"geocoordinates_source":"GRID3_EHEALTH","last_updated":"2024-11-11"}},{"type":"Feature","id":42546,"geometry":{"type":"Point","coordinates":[6.15411377000004,6.23950195300006]},"properties":{"OBJECTID":42546,"globalid":"8e1524e8-d378-40ec-b1c3-e016e1a8fe0d","nhfr_uid":null,"nhfr_facility_code":"","country":"Nigeria","iso":"NGA","state":"Delta","lga":"Ika South","lga_name_disagreement":0,"ward":"Agbor Obi","ward_name_disagreement":0,"facility_name":"Ewuru Primary Health Center","facility_name_source":"GRID3_EHEALTH","ownership":"Unknown","ownership_type":"Unknown","facility_level":"Primary","facility_level_option":"Primary Health Center","latitude":6.239501953,"longitude":6.15411377,"geocoordinates_source":"GRID3_EHEALTH","last_updated":"2024-11-11"}},{"type":"Feature","id":42609,"geometry":{"type":"Point","coordinates":[5.65824912200003,5.93630311700002]},"properties":{"OBJECTID":42609,"globalid":"190431a6-fbca-4b2f-9c81-2c3ab8c6a4fd","nhfr_uid":null,"nhfr_facility_code":"","country":"Nigeria","iso":"NGA","state":"Delta","lga":"Ethiope West","lga_name_disagreement":0,"ward":"Ogharefe 2","ward_name_disagreement":0,"facility_name":"Oghara Secretariat Health Center","facility_name_source":"GRID3_EHEALTH","ownership":"Unknown","ownership_type":"Unknown","facility_level":"Primary","facility_level_option":"Primary Health Center","latitude":5.93630311739,"longitude":5.65824912234,"geocoordinates_source":"GRID3_EHEALTH","last_updated":"2024-11-11"}},{"type":"Feature","id":43076,"geometry":{"type":"Point","coordinates":[5.20581000000004,5.90935000000007]},"properties":{"OBJECTID":43076,"globalid":"a9069f3e-11b4-4f15-b493-d15dd40b2912","nhfr_uid":null,"nhfr_facility_code":"","country":"Nigeria","iso":"NGA","state":"Delta","lga":"Warri North","lga_name_disagreement":0,"ward":"Gbokoda","ward_name_disagreement":0,"facility_name":"Okifamba Health Center","facility_name_source":"GRID3_EHEALTH","ownership":"Unknown","ownership_type":"Unknown","facility_level":"Primary","facility_level_option":"Primary Health Center","latitude":5.90935,"longitude":5.20581,"geocoordinates_source":"GRID3_EHEALTH","last_updated":"2024-11-11"}},{"type":"Feature","id":43555,"geometry":{"type":"Point","coordinates":[6.35974000000004,5.93666000000007]},"properties":{"OBJECTID":43555,"globalid":"96941b8b-c871-4ad3-9af3-c0fdf11f997a","nhfr_uid":29100964,"nhfr_facility_code":"10/12/1/1/2/0012","country":"Nigeria","iso":"NGA","state":"Delta","lga":"Ndokwa West","lga_name_disagreement":0,"ward":"Utagba-Uno","ward_name_disagreement":0,"facility_name":"Renl Maternity","facility_name_source":"NHFR_2024","ownership":"Private","ownership_type":"For Profit","facility_level":"Primary","facility_level_option":"Unknown","latitude":5.93666,"longitude":6.35974,"geocoordinates_source":"NHFR_2024","last_updated":"2024-11-11"}},{"type":"Feature","id":43556,"geometry":{"type":"Point","coordinates":[6.18787000000003,5.22305000000006]},"properties":{"OBJECTID":43556,"globalid":"5df799c5-035a-49e4-b826-5dbb5283480b","nhfr_uid":77024158,"nhfr_facility_code":"10/16/1/1/1/0010","country":"Nigeria","iso":"NGA","state":"Delta","lga":"Patani","lga_name_disagreement":0,"ward":"Calabar South Ward 4","ward_name_disagreement":0,"facility_name":"Ogieware Primary Health Care","facility_name_source":"NHFR_2024","ownership":"Public","ownership_type":"Local Government","facility_level":"Primary","facility_level_option":"Unknown","latitude":5.22305,"longitude":6.18787,"geocoordinates_source":"NHFR_2024","last_updated":"2024-11-11"}},{"type":"Feature","id":43671,"geometry":{"type":"Point","coordinates":[6.21391000000006,6.25652000000002]},"properties":{"OBJECTID":43671,"globalid":"76f49b63-d532-421c-bcdd-da7bfec09ed8","nhfr_uid":65309283,"nhfr_facility_code":"10/07/1/1/1/0008","country":"Nigeria","iso":"NGA","state":"Delta","lga":"Ika North East","lga_name_disagreement":0,"ward":"Boji-Boji 1","ward_name_disagreement":0,"facility_name":"Ndu Foundation Hospital","facility_name_source":"NHFR_2024","ownership":"Private","ownership_type":"For Profit","facility_level":"Primary","facility_level_option":"Unknown","latitude":6.25652,"longitude":6.21391,"geocoordinates_source":"NHFR_2024","last_updated":"2024-11-11"}},{"type":"Feature","id":43672,"geometry":{"type":"Point","coordinates":[6.19544000000008,6.25351000000006]},"properties":{"OBJECTID":43672,"globalid":"e7d69bcf-4839-4d7b-b131-d936d182b488","nhfr_uid":52139612,"nhfr_facility_code":"10/07/1/2/1/0007","country":"Nigeria","iso":"NGA","state":"Delta","lga":"Ika North East","lga_name_disagreement":0,"ward":"Boji-Boji 1","ward_name_disagreement":0,"facility_name":"Ray Clinic","facility_name_source":"NHFR_2024","ownership":"Private","ownership_type":"For Profit","facility_level":"Secondary","facility_level_option":"Unknown","latitude":6.25351,"longitude":6.19544,"geocoordinates_source":"NHFR_2024","last_updated":"2024-11-11"}},{"type":"Feature","id":43673,"geometry":{"type":"Point","coordinates":[6.18093000000005,5.42883000000006]},"properties":{"OBJECTID":43673,"globalid":"5d3025a9-3045-4321-a7a1-ca66cbffdbaf","nhfr_uid":71915610,"nhfr_facility_code":"10/10/1/2/2/0048","country":"Nigeria","iso":"NGA","state":"Delta","lga":"Isoko South","lga_name_disagreement":0,"ward":"Emede","ward_name_disagreement":0,"facility_name":"Uyoyou Nursing and Maternity Home","facility_name_source":"NHFR_2024","ownership":"Private","ownership_type":"For Profit","facility_level":"Secondary","facility_level_option":"Unknown","latitude":5.42883,"longitude":6.18093,"geocoordinates_source":"NHFR_2024","last_updated":"2024-11-11"}},{"type":"Feature","id":43674,"geometry":{"type":"Point","coordinates":[6.52436000000006,5.54981000000004]},"properties":{"OBJECTID":43674,"globalid":"06e487af-e7e7-4e34-bfb4-315e399caa3e","nhfr_uid":28750049,"nhfr_facility_code":"10/11/1/1/1/0002","country":"Nigeria","iso":"NGA","state":"Delta","lga":"Ndokwa East","lga_name_disagreement":0,"ward":"Aboh / Akarai","ward_name_disagreement":0,"facility_name":"St Jude Maternity Home","facility_name_source":"NHFR_2024","ownership":"Private","ownership_type":"For Profit","facility_level":"Primary","facility_level_option":"Primary Health Clinic","latitude":5.54981,"longitude":6.52436,"geocoordinates_source":"NHFR_2024","last_updated":"2024-11-11"}},{"type":"Feature","id":43766,"geometry":{"type":"Point","coordinates":[6.21634000000006,5.96581000000003]},"properties":{"OBJECTID":43766,"globalid":"4b1777b5-35cb-4139-be1e-d570d526bb86","nhfr_uid":28064792,"nhfr_facility_code":"10/21/1/1/2/0008","country":"Nigeria","iso":"NGA","state":"Delta","lga":"Ukwuani","lga_name_disagreement":0,"ward":"Ebedei","ward_name_disagreement":0,"facility_name":"Ebedei Obilo Primary Health Center","facility_name_source":"NHFR_2024","ownership":"Public","ownership_type":"Local Government","facility_level":"Primary","facility_level_option":"Primary Health Center","latitude":5.96581,"longitude":6.21634,"geocoordinates_source":"NHFR_2024","last_updated":"2024-11-11"}},{"type":"Feature","id":44041,"geometry":{"type":"Point","coordinates":[5.81213000000002,5.57035000000008]},"properties":{"OBJECTID":44041,"globalid":"086b3b77-13e5-4cb1-b605-9062616c51cb","nhfr_uid":21609602,"nhfr_facility_code":"10/22/1/1/2/0035","country":"Nigeria","iso":"NGA","state":"Delta","lga":"Uvwie","lga_name_disagreement":0,"ward":"Ugbomro","ward_name_disagreement":0,"facility_name":"Home Of Hope Clinic and Maternity","facility_name_source":"NHFR_2024","ownership":"Private","ownership_type":"For Profit","facility_level":"Primary","facility_level_option":"Primary Health Clinic","latitude":5.57035,"longitude":5.81213,"geocoordinates_source":"NHFR_2024","last_updated":"2024-11-11"}},{"type":"Feature","id":44087,"geometry":{"type":"Point","coordinates":[5.73354000000006,5.54072000000002]},"properties":{"OBJECTID":44087,"globalid":"7a235f81-b1e8-4209-b6f5-cdd913c69d37","nhfr_uid":53647267,"nhfr_facility_code":"10/24/1/1/2/0004","country":"Nigeria","iso":"NGA","state":"Delta","lga":"Warri South","lga_name_disagreement":0,"ward":"Avenue","ward_name_disagreement":0,"facility_name":"Shepherd Hospital and Fertility Centre","facility_name_source":"NHFR_2024","ownership":"Private","ownership_type":"For Profit","facility_level":"Primary","facility_level_option":"Primary Health Clinic","latitude":5.54072,"longitude":5.73354,"geocoordinates_source":"NHFR_2024","last_updated":"2024-11-11"}},{"type":"Feature","id":44185,"geometry":{"type":"Point","coordinates":[5.76002000000005,5.54175000000004]},"properties":{"OBJECTID":44185,"globalid":"a65e0a84-7eff-4c90-be6e-18b6aa3249fa","nhfr_uid":14685336,"nhfr_facility_code":"10/22/1/2/2/0041","country":"Nigeria","iso":"NGA","state":"Delta","lga":"Uvwie","lga_name_disagreement":0,"ward":"Ugborikoko","ward_name_disagreement":0,"facility_name":"Radah Bay Hospital","facility_name_source":"NHFR_2024","ownership":"Private","ownership_type":"For Profit","facility_level":"Secondary","facility_level_option":"Unknown","latitude":5.54175,"longitude":5.76002,"geocoordinates_source":"NHFR_2024","last_updated":"2024-11-11"}},{"type":"Feature","id":44273,"geometry":{"type":"Point","coordinates":[6.53708000000006,6.18578000000002]},"properties":{"OBJECTID":44273,"globalid":"644dac8d-6955-4c3c-8710-1a57dbdd5dab","nhfr_uid":16461390,"nhfr_facility_code":"10/02/1/1/1/0019","country":"Nigeria","iso":"NGA","state":"Delta","lga":"Aniocha South","lga_name_disagreement":0,"ward":"Agidiase","ward_name_disagreement":0,"facility_name":"Bridge Health Hospital","facility_name_source":"NHFR_2024","ownership":"Private","ownership_type":"For Profit","facility_level":"Secondary","facility_level_option":"Primary Health Center","latitude":6.18578,"longitude":6.53708,"geocoordinates_source":"NHFR_2024","last_updated":"2024-11-11"}},{"type":"Feature","id":44274,"geometry":{"type":"Point","coordinates":[5.87134480500004,5.82476019900002]},"properties":{"OBJECTID":44274,"globalid":"cb26b9de-eaf0-402e-85f8-494945de61e2","nhfr_uid":59870307,"nhfr_facility_code":"10/06/1/1/2/0012","country":"Nigeria","iso":"NGA","state":"Delta","lga":"Ethiope West","lga_name_disagreement":0,"ward":"Oghareki 2","ward_name_disagreement":0,"facility_name":"Okunigho Town Primary Health Center","facility_name_source":"NHFR_2024","ownership":"Private","ownership_type":"Unknown","facility_level":"Primary","facility_level_option":"Unknown","latitude":5.824760199,"longitude":5.871344805,"geocoordinates_source":"NHFR_2024","last_updated":"2024-11-11"}},{"type":"Feature","id":44275,"geometry":{"type":"Point","coordinates":[5.68284000000006,5.93749000000003]},"properties":{"OBJECTID":44275,"globalid":"b4c49c28-10e5-4267-97a2-0f4848138381","nhfr_uid":13279170,"nhfr_facility_code":"10/06/1/1/2/0019","country":"Nigeria","iso":"NGA","state":"Delta","lga":"Ethiope West","lga_name_disagreement":0,"ward":"Ogharefe 2","ward_name_disagreement":0,"facility_name":"St Gere'S Limited Hospital","facility_name_source":"NHFR_2024","ownership":"Private","ownership_type":"For Profit","facility_level":"Primary","facility_level_option":"Primary Health Clinic","latitude":5.93749,"longitude":5.68284,"geocoordinates_source":"NHFR_2024","last_updated":"2024-11-11"}},{"type":"Feature","id":44276,"geometry":{"type":"Point","coordinates":[6.19662000000005,6.26333000000005]},"properties":{"OBJECTID":44276,"globalid":"826b6f8e-75c9-49c2-a058-65e493c2d9d9","nhfr_uid":79147474,"nhfr_facility_code":"10/08/1/1/1/0018","country":"Nigeria","iso":"NGA","state":"Delta","lga":"Ika South","lga_name_disagreement":0,"ward":"Boji-Boji 1 Agbor","ward_name_disagreement":0,"facility_name":"J B Nursing Home","facility_name_source":"NHFR_2024","ownership":"Private","ownership_type":"Federal Government","facility_level":"Primary","facility_level_option":"Primary Health Clinic","latitude":6.26333,"longitude":6.19662,"geocoordinates_source":"NHFR_2024","last_updated":"2024-11-11"}},{"type":"Feature","id":44277,"geometry":{"type":"Point","coordinates":[6.22424000000007,5.54095000000007]},"properties":{"OBJECTID":44277,"globalid":"869c2ba3-ef4d-4a8d-bc51-c14cd9b2d6a0","nhfr_uid":31478997,"nhfr_facility_code":"10/09/1/1/1/0026","country":"Nigeria","iso":"NGA","state":"Delta","lga":"Isoko North","lga_name_disagreement":0,"ward":"Ozoro 1","ward_name_disagreement":0,"facility_name":"Uruto Primary Health Center","facility_name_source":"NHFR_2024","ownership":"Public","ownership_type":"Local Government","facility_level":"Primary","facility_level_option":"Primary Health Center","latitude":5.54095,"longitude":6.22424,"geocoordinates_source":"NHFR_2024","last_updated":"2024-11-11"}},{"type":"Feature","id":44278,"geometry":{"type":"Point","coordinates":[6.20017000000007,5.45743000000004]},"properties":{"OBJECTID":44278,"globalid":"df3bec39-7008-4ff3-9f95-147e5cb260e0","nhfr_uid":30317163,"nhfr_facility_code":"10/10/1/2/2/0047","country":"Nigeria","iso":"NGA","state":"Delta","lga":"Isoko South","lga_name_disagreement":0,"ward":"Oleh 2","ward_name_disagreement":0,"facility_name":"Leroy Clinic and Maternity Home","facility_name_source":"NHFR_2024","ownership":"Private","ownership_type":"For Profit","facility_level":"Secondary","facility_level_option":"Unknown","latitude":5.45743,"longitude":6.20017,"geocoordinates_source":"NHFR_2024","last_updated":"2024-11-11"}},{"type":"Feature","id":44279,"geometry":{"type":"Point","coordinates":[6.20092000000005,5.45118000000002]},"properties":{"OBJECTID":44279,"globalid":"229edf6b-6e8b-4714-a953-7daceef51985","nhfr_uid":38712064,"nhfr_facility_code":"10/10/1/2/2/0045","country":"Nigeria","iso":"NGA","state":"Delta","lga":"Isoko South","lga_name_disagreement":0,"ward":"Oleh 2","ward_name_disagreement":0,"facility_name":"Mary Martha Hospital","facility_name_source":"NHFR_2024","ownership":"Private","ownership_type":"For Profit","facility_level":"Secondary","facility_level_option":"Unknown","latitude":5.45118,"longitude":6.20092,"geocoordinates_source":"NHFR_2024","last_updated":"2024-11-11"}},{"type":"Feature","id":44280,"geometry":{"type":"Point","coordinates":[6.40122000000002,5.64097000000004]},"properties":{"OBJECTID":44280,"globalid":"2b098716-15a6-4a29-98d9-843112163783","nhfr_uid":63836475,"nhfr_facility_code":"10/11/1/2/2/0035","country":"Nigeria","iso":"NGA","state":"Delta","lga":"Ndokwa East","lga_name_disagreement":0,"ward":"Ashaka / Ushie","ward_name_disagreement":0,"facility_name":"Nuel Hospital","facility_name_source":"NHFR_2024","ownership":"Private","ownership_type":"For Profit","facility_level":"Secondary","facility_level_option":"Unknown","latitude":5.64097,"longitude":6.40122,"geocoordinates_source":"NHFR_2024","last_updated":"2024-11-11"}},{"type":"Feature","id":44281,"geometry":{"type":"Point","coordinates":[6.67155000000002,6.22825000000006]},"properties":{"OBJECTID":44281,"globalid":"bb2629a7-42ad-4909-8db4-80f8a6e1ab4c","nhfr_uid":57097752,"nhfr_facility_code":"10/14/1/2/2/0016","country":"Nigeria","iso":"NGA","state":"Delta","lga":"Oshimili North","lga_name_disagreement":0,"ward":"Okpanam / Ugbolu","ward_name_disagreement":0,"facility_name":"Life Shiled Specialist Clinic","facility_name_source":"NHFR_2024","ownership":"Private","ownership_type":"For Profit","facility_level":"Secondary","facility_level_option":"Unknown","latitude":6.22825,"longitude":6.67155,"geocoordinates_source":"NHFR_2024","last_updated":"2024-11-11"}},{"type":"Feature","id":44282,"geometry":{"type":"Point","coordinates":[6.64595000000003,6.42171000000008]},"properties":{"OBJECTID":44282,"globalid":"71295e55-2604-4f70-8322-424a3b577397","nhfr_uid":46466918,"nhfr_facility_code":"10/14/1/2/2/0012","country":"Nigeria","iso":"NGA","state":"Delta","lga":"Oshimili North","lga_name_disagreement":0,"ward":"Illah","ward_name_disagreement":0,"facility_name":"Zion Maternity Home","facility_name_source":"NHFR_2024","ownership":"Private","ownership_type":"For Profit","facility_level":"Secondary","facility_level_option":"Unknown","latitude":6.42171,"longitude":6.64595,"geocoordinates_source":"NHFR_2024","last_updated":"2024-11-11"}},{"type":"Feature","id":44283,"geometry":{"type":"Point","coordinates":[5.72926000000007,5.85314000000005]},"properties":{"OBJECTID":44283,"globalid":"b7236fba-7971-4eef-a251-411e3d03b1b6","nhfr_uid":45417446,"nhfr_facility_code":"10/17/1/1/2/0014","country":"Nigeria","iso":"NGA","state":"Delta","lga":"Sapele","lga_name_disagreement":0,"ward":"Amukpe","ward_name_disagreement":0,"facility_name":"Uyo Hospital","facility_name_source":"NHFR_2024","ownership":"Private","ownership_type":"For Profit","facility_level":"Primary","facility_level_option":"Primary Health Clinic","latitude":5.85314,"longitude":5.72926,"geocoordinates_source":"NHFR_2024","last_updated":"2024-11-11"}},{"type":"Feature","id":44284,"geometry":{"type":"Point","coordinates":[5.83861000000007,5.51248000000004]},"properties":{"OBJECTID":44284,"globalid":"6ff3c304-3c65-4efe-b03b-73481409b549","nhfr_uid":67202496,"nhfr_facility_code":"10/18/1/1/1/0003","country":"Nigeria","iso":"NGA","state":"Delta","lga":"Udu","lga_name_disagreement":0,"ward":"Orhuruworun","ward_name_disagreement":0,"facility_name":"Caleb Nursing and Maternity Home","facility_name_source":"NHFR_2024","ownership":"Private","ownership_type":"For Profit","facility_level":"Primary","facility_level_option":"Unknown","latitude":5.51248,"longitude":5.83861,"geocoordinates_source":"NHFR_2024","last_updated":"2024-11-11"}},{"type":"Feature","id":44286,"geometry":{"type":"Point","coordinates":[5.99192000000005,5.49793000000005]},"properties":{"OBJECTID":44286,"globalid":"18fa473a-6cf8-4fe1-acc0-74133159449c","nhfr_uid":83825304,"nhfr_facility_code":"10/19/1/1/2/0051","country":"Nigeria","iso":"NGA","state":"Delta","lga":"Ughelli North","lga_name_disagreement":0,"ward":"Ughelli Urban 2","ward_name_disagreement":0,"facility_name":"Samkess Nursing and Maternity Home","facility_name_source":"NHFR_2024","ownership":"Private","ownership_type":"For Profit","facility_level":"Primary","facility_level_option":"Health Post","latitude":5.49793,"longitude":5.99192,"geocoordinates_source":"NHFR_2024","last_updated":"2024-11-11"}},{"type":"Feature","id":44287,"geometry":{"type":"Point","coordinates":[6.00174000000004,5.49904000000004]},"properties":{"OBJECTID":44287,"globalid":"2039b46d-7cb3-493b-881e-056d43198a2d","nhfr_uid":19124746,"nhfr_facility_code":"10/19/1/2/2/0048","country":"Nigeria","iso":"NGA","state":"Delta","lga":"Ughelli North","lga_name_disagreement":0,"ward":"Ughelli Urban 2","ward_name_disagreement":0,"facility_name":"Trinity Hospital","facility_name_source":"NHFR_2024","ownership":"Private","ownership_type":"For Profit","facility_level":"Secondary","facility_level_option":"Unknown","latitude":5.49904,"longitude":6.00174,"geocoordinates_source":"NHFR_2024","last_updated":"2024-11-11"}},{"type":"Feature","id":44288,"geometry":{"type":"Point","coordinates":[5.98942000000005,5.19076000000007]},"properties":{"OBJECTID":44288,"globalid":"a38ae8c8-554e-4414-83a0-624b2b422f13","nhfr_uid":67232594,"nhfr_facility_code":"10/20/1/1/1/0023","country":"Nigeria","iso":"NGA","state":"Delta","lga":"Ughelli South","lga_name_disagreement":0,"ward":"Ewu 1","ward_name_disagreement":0,"facility_name":"Assah Health Post","facility_name_source":"NHFR_2024","ownership":"Public","ownership_type":"Local Government","facility_level":"Primary","facility_level_option":"Health Post","latitude":5.19076,"longitude":5.98942,"geocoordinates_source":"NHFR_2024","last_updated":"2024-11-11"}},{"type":"Feature","id":44289,"geometry":{"type":"Point","coordinates":[6.25269000000003,5.80486000000008]},"properties":{"OBJECTID":44289,"globalid":"4bc31178-aa92-46b7-80ca-93115d20fd1c","nhfr_uid":62707506,"nhfr_facility_code":"10/21/1/1/2/0030","country":"Nigeria","iso":"NGA","state":"Delta","lga":"Ukwuani","lga_name_disagreement":0,"ward":"Umukwata","ward_name_disagreement":0,"facility_name":"Umukwata Health Clinic","facility_name_source":"NHFR_2024","ownership":"Private","ownership_type":"For Profit","facility_level":"Primary","facility_level_option":"Primary Health Clinic","latitude":5.80486,"longitude":6.25269,"geocoordinates_source":"NHFR_2024","last_updated":"2024-11-11"}},{"type":"Feature","id":44290,"geometry":{"type":"Point","coordinates":[5.76895000000007,5.55647000000005]},"properties":{"OBJECTID":44290,"globalid":"8542e836-a4d4-4b65-b7bd-71ea383079a7","nhfr_uid":77395860,"nhfr_facility_code":"10/22/1/2/2/0044","country":"Nigeria","iso":"NGA","state":"Delta","lga":"Uvwie","lga_name_disagreement":0,"ward":"Urhumarho","ward_name_disagreement":0,"facility_name":"Aviel Specialist Clinic","facility_name_source":"NHFR_2024","ownership":"Private","ownership_type":"For Profit","facility_level":"Secondary","facility_level_option":"Unknown","latitude":5.55647,"longitude":5.76895,"geocoordinates_source":"NHFR_2024","last_updated":"2024-11-11"}},{"type":"Feature","id":44291,"geometry":{"type":"Point","coordinates":[5.75144000000006,5.54143000000005]},"properties":{"OBJECTID":44291,"globalid":"372ea84a-4e2b-457d-aab9-3caa929a02bf","nhfr_uid":18684591,"nhfr_facility_code":"10/22/1/1/2/0007","country":"Nigeria","iso":"NGA","state":"Delta","lga":"Uvwie","lga_name_disagreement":0,"ward":"Ugboroke","ward_name_disagreement":0,"facility_name":"Capeland Clinic","facility_name_source":"NHFR_2024","ownership":"Private","ownership_type":"For Profit","facility_level":"Primary","facility_level_option":"Primary Health Clinic","latitude":5.54143,"longitude":5.75144,"geocoordinates_source":"NHFR_2024","last_updated":"2024-11-11"}},{"type":"Feature","id":44292,"geometry":{"type":"Point","coordinates":[5.83422000000007,5.57274000000007]},"properties":{"OBJECTID":44292,"globalid":"1fe02efc-b971-4416-ad65-cbff33c9073a","nhfr_uid":34556773,"nhfr_facility_code":"10/22/1/1/1/0029","country":"Nigeria","iso":"NGA","state":"Delta","lga":"Uvwie","lga_name_disagreement":0,"ward":"Ugbomro","ward_name_disagreement":0,"facility_name":"Fupre Health Center","facility_name_source":"NHFR_2024","ownership":"Public","ownership_type":"Federal Government","facility_level":"Primary","facility_level_option":"Primary Health Center","latitude":5.57274,"longitude":5.83422,"geocoordinates_source":"NHFR_2024","last_updated":"2024-11-11"}},{"type":"Feature","id":44293,"geometry":{"type":"Point","coordinates":[5.78521000000006,5.57047000000006]},"properties":{"OBJECTID":44293,"globalid":"22b18773-96dc-49fc-b27f-07919e3c6ad1","nhfr_uid":35610043,"nhfr_facility_code":"10/22/1/1/1/0025","country":"Nigeria","iso":"NGA","state":"Delta","lga":"Uvwie","lga_name_disagreement":0,"ward":"Alaka","ward_name_disagreement":0,"facility_name":"Uvwie Secretariat Health Post","facility_name_source":"NHFR_2024","ownership":"Public","ownership_type":"Local Government","facility_level":"Primary","facility_level_option":"Health Post","latitude":5.57047,"longitude":5.78521,"geocoordinates_source":"NHFR_2024","last_updated":"2024-11-11"}},{"type":"Feature","id":44294,"geometry":{"type":"Point","coordinates":[5.69400000000007,5.57225000000005]},"properties":{"OBJECTID":44294,"globalid":"ebbd2706-3684-4c07-b2fa-56f3c9391432","nhfr_uid":45515611,"nhfr_facility_code":"10/24/1/1/2/0064","country":"Nigeria","iso":"NGA","state":"Delta","lga":"Warri South","lga_name_disagreement":0,"ward":"Ubeji","ward_name_disagreement":0,"facility_name":"Merveille Clinic","facility_name_source":"NHFR_2024","ownership":"Private","ownership_type":"For Profit","facility_level":"Primary","facility_level_option":"Primary Health Clinic","latitude":5.57225,"longitude":5.694,"geocoordinates_source":"NHFR_2024","last_updated":"2024-11-11"}},{"type":"Feature","id":44295,"geometry":{"type":"Point","coordinates":[5.73729000000003,5.51834000000002]},"properties":{"OBJECTID":44295,"globalid":"f73f0f9c-d7e5-4205-8a8a-ac2b1065195b","nhfr_uid":58114111,"nhfr_facility_code":"10/24/1/1/1/0061","country":"Nigeria","iso":"NGA","state":"Delta","lga":"Warri South","lga_name_disagreement":0,"ward":"Okere Ward","ward_name_disagreement":0,"facility_name":"Nigeria Police Clinic","facility_name_source":"NHFR_2024","ownership":"Public","ownership_type":"Military & Paramilitary formations","facility_level":"Primary","facility_level_option":"Health Post","latitude":5.51834,"longitude":5.73729,"geocoordinates_source":"NHFR_2024","last_updated":"2024-11-11"}},{"type":"Feature","id":44296,"geometry":{"type":"Point","coordinates":[5.72285000000005,5.52013000000005]},"properties":{"OBJECTID":44296,"globalid":"83155d72-44ee-4a5a-93e7-4f2b6f4fd156","nhfr_uid":30190920,"nhfr_facility_code":"10/24/1/1/2/0069","country":"Nigeria","iso":"NGA","state":"Delta","lga":"Warri South","lga_name_disagreement":0,"ward":"Okere Ward","ward_name_disagreement":0,"facility_name":"Nigeria Ports Authority Clinic","facility_name_source":"NHFR_2024","ownership":"Private","ownership_type":"For Profit","facility_level":"Primary","facility_level_option":"Primary Health Clinic","latitude":5.52013,"longitude":5.72285,"geocoordinates_source":"NHFR_2024","last_updated":"2024-11-11"}},{"type":"Feature","id":44297,"geometry":{"type":"Point","coordinates":[5.74959000000007,5.53113000000008]},"properties":{"OBJECTID":44297,"globalid":"a8f1cdb0-d656-4e0a-a8ba-7ed058367111","nhfr_uid":16339336,"nhfr_facility_code":"10/24/1/1/2/0044","country":"Nigeria","iso":"NGA","state":"Delta","lga":"Warri South","lga_name_disagreement":0,"ward":"Avenue","ward_name_disagreement":0,"facility_name":"Sage Clinic","facility_name_source":"NHFR_2024","ownership":"Private","ownership_type":"For Profit","facility_level":"Primary","facility_level_option":"Primary Health Clinic","latitude":5.53113,"longitude":5.74959,"geocoordinates_source":"NHFR_2024","last_updated":"2024-11-11"}},{"type":"Feature","id":44402,"geometry":{"type":"Point","coordinates":[5.71856000000002,5.52856000000003]},"properties":{"OBJECTID":44402,"globalid":"2334078b-a45b-4134-b83a-260868b4f2ef","nhfr_uid":52482120,"nhfr_facility_code":"10/24/1/1/2/0066","country":"Nigeria","iso":"NGA","state":"Delta","lga":"Warri South","lga_name_disagreement":0,"ward":"Ekurede","ward_name_disagreement":0,"facility_name":"Lime Light Clinic and Hospital Ltd","facility_name_source":"NHFR_2024","ownership":"Private","ownership_type":"For Profit","facility_level":"Primary","facility_level_option":"Primary Health Clinic","latitude":5.52856,"longitude":5.71856,"geocoordinates_source":"NHFR_2024","last_updated":"2024-11-11"}},{"type":"Feature","id":44504,"geometry":{"type":"Point","coordinates":[5.68838000000005,5.94572000000005]},"properties":{"OBJECTID":44504,"globalid":"dc628716-9191-4cf5-980d-1b4f2c308d04","nhfr_uid":61060108,"nhfr_facility_code":"10/06/1/1/2/0018","country":"Nigeria","iso":"NGA","state":"Delta","lga":"Ethiope West","lga_name_disagreement":0,"ward":"Ogharefe 1","ward_name_disagreement":0,"facility_name":"Vicky Clinic and Maternity","facility_name_source":"NHFR_2024","ownership":"Private","ownership_type":"For Profit","facility_level":"Primary","facility_level_option":"Unknown","latitude":5.94572,"longitude":5.68838,"geocoordinates_source":"NHFR_2024","last_updated":"2024-11-11"}},{"type":"Feature","id":44505,"geometry":{"type":"Point","coordinates":[5.79014000000006,5.50385000000006]},"properties":{"OBJECTID":44505,"globalid":"a0a99a13-827b-41a6-be88-9ae86edaaf3f","nhfr_uid":24970120,"nhfr_facility_code":"10/18/1/1/1/0008","country":"Nigeria","iso":"NGA","state":"Delta","lga":"Udu","lga_name_disagreement":0,"ward":"Ovwian","ward_name_disagreement":0,"facility_name":"Etefia Clinic and Maternity","facility_name_source":"NHFR_2024","ownership":"Private","ownership_type":"For Profit","facility_level":"Primary","facility_level_option":"Unknown","latitude":5.50385,"longitude":5.79014,"geocoordinates_source":"NHFR_2024","last_updated":"2024-11-11"}},{"type":"Feature","id":44506,"geometry":{"type":"Point","coordinates":[5.82804000000004,5.50890000000004]},"properties":{"OBJECTID":44506,"globalid":"a4193d57-8640-4dd0-b39d-3949d4917f20","nhfr_uid":38363470,"nhfr_facility_code":"10/18/1/1/2/0049","country":"Nigeria","iso":"NGA","state":"Delta","lga":"Udu","lga_name_disagreement":0,"ward":"Orhuruworun","ward_name_disagreement":0,"facility_name":"New Cyprus Clinic and Maternity","facility_name_source":"NHFR_2024","ownership":"Private","ownership_type":"For Profit","facility_level":"Primary","facility_level_option":"Primary Health Clinic","latitude":5.5089,"longitude":5.82804,"geocoordinates_source":"NHFR_2024","last_updated":"2024-11-11"}},{"type":"Feature","id":44508,"geometry":{"type":"Point","coordinates":[5.82705000000004,5.54501000000005]},"properties":{"OBJECTID":44508,"globalid":"a145a0fe-7d24-47cd-955f-45a179b92c9d","nhfr_uid":52555571,"nhfr_facility_code":"10/20/1/2/2/0027","country":"Nigeria","iso":"NGA","state":"Delta","lga":"Ughelli South","lga_name_disagreement":0,"ward":"Ekakpamre","ward_name_disagreement":0,"facility_name":"Harith Otokutu Clinic and Maternity","facility_name_source":"NHFR_2024","ownership":"Private","ownership_type":"For Profit","facility_level":"Secondary","facility_level_option":"Unknown","latitude":5.54501,"longitude":5.82705,"geocoordinates_source":"NHFR_2024","last_updated":"2024-11-11"}},{"type":"Feature","id":44512,"geometry":{"type":"Point","coordinates":[5.73235000000005,5.52325000000008]},"properties":{"OBJECTID":44512,"globalid":"717b6778-cc74-49f9-803e-b9f44f920141","nhfr_uid":63072030,"nhfr_facility_code":"10/24/1/1/2/0067","country":"Nigeria","iso":"NGA","state":"Delta","lga":"Warri South","lga_name_disagreement":0,"ward":"Ekurede","ward_name_disagreement":0,"facility_name":"Giftedhand Clinic and Maternity","facility_name_source":"NHFR_2024","ownership":"Private","ownership_type":"For Profit","facility_level":"Primary","facility_level_option":"Primary Health Clinic","latitude":5.52325,"longitude":5.73235,"geocoordinates_source":"NHFR_2024","last_updated":"2024-11-11"}},{"type":"Feature","id":45328,"geometry":{"type":"Point","coordinates":[6.05586000000005,5.75959000000006]},"properties":{"OBJECTID":45328,"globalid":"de6ff301-d949-4c98-8243-853084a35886","nhfr_uid":13504613,"nhfr_facility_code":"10/05/1/1/1/0016","country":"Nigeria","iso":"NGA","state":"Delta","lga":"Ethiope East","lga_name_disagreement":0,"ward":"Oria","ward_name_disagreement":0,"facility_name":"Oria Abraka Primary Health Center","facility_name_source":"NHFR_2024","ownership":"Public","ownership_type":"Local Government","facility_level":"Primary","facility_level_option":"Primary Health Center","latitude":5.75959,"longitude":6.05586,"geocoordinates_source":"NHFR_2024","last_updated":"2024-11-11"}},{"type":"Feature","id":45378,"geometry":{"type":"Point","coordinates":[6.15526000000006,6.23971000000006]},"properties":{"OBJECTID":45378,"globalid":"71ba99a6-f784-4ab5-806d-6d3a294ad051","nhfr_uid":76314564,"nhfr_facility_code":"10/08/1/1/1/0015","country":"Nigeria","iso":"NGA","state":"Delta","lga":"Ika South","lga_name_disagreement":0,"ward":"Agbor Nta","ward_name_disagreement":0,"facility_name":"Alihagwai Primary Health Center","facility_name_source":"NHFR_2024","ownership":"Public","ownership_type":"Local Government","facility_level":"Primary","facility_level_option":"Primary Health Center","latitude":6.23971,"longitude":6.15526,"geocoordinates_source":"NHFR_2024","last_updated":"2024-11-11"}},{"type":"Feature","id":45425,"geometry":{"type":"Point","coordinates":[5.69451000000004,5.94798000000003]},"properties":{"OBJECTID":45425,"globalid":"b6a3e2b9-cd4e-4fe3-9f15-f3888ce7e8d7","nhfr_uid":15098920,"nhfr_facility_code":"10/06/1/1/1/0015","country":"Nigeria","iso":"NGA","state":"Delta","lga":"Ethiope West","lga_name_disagreement":0,"ward":"Ogharefe 1","ward_name_disagreement":0,"facility_name":"Edjemuoyavwe Primary Health Care","facility_name_source":"NHFR_2024","ownership":"Public","ownership_type":"Local Government","facility_level":"Primary","facility_level_option":"Primary Health Center","latitude":5.94798,"longitude":5.69451,"geocoordinates_source":"NHFR_2024","last_updated":"2024-11-11"}},{"type":"Feature","id":45426,"geometry":{"type":"Point","coordinates":[5.77883000000003,5.84349000000003]},"properties":{"OBJECTID":45426,"globalid":"a17e8ab3-61ec-48ac-bf5d-95817a66a829","nhfr_uid":55348022,"nhfr_facility_code":"10/06/1/1/1/0017","country":"Nigeria","iso":"NGA","state":"Delta","lga":"Ethiope West","lga_name_disagreement":0,"ward":"Jesse 3","ward_name_disagreement":0,"facility_name":"Ugbomoya Water Side Primary Health Care","facility_name_source":"NHFR_2024","ownership":"Public","ownership_type":"Local Government","facility_level":"Primary","facility_level_option":"Primary Health Center","latitude":5.84349,"longitude":5.77883,"geocoordinates_source":"NHFR_2024","last_updated":"2024-11-11"}},{"type":"Feature","id":45427,"geometry":{"type":"Point","coordinates":[5.68804000000006,5.96174000000002]},"properties":{"OBJECTID":45427,"globalid":"54484685-8378-4161-ae02-8ba4cde09c4a","nhfr_uid":55219116,"nhfr_facility_code":"10/06/1/1/2/0020","country":"Nigeria","iso":"NGA","state":"Delta","lga":"Ethiope West","lga_name_disagreement":0,"ward":"Ogharefe 2","ward_name_disagreement":0,"facility_name":"Naval Oghara Medical Center","facility_name_source":"NHFR_2024","ownership":"Private","ownership_type":"For Profit","facility_level":"Primary","facility_level_option":"Primary Health Clinic","latitude":5.96174,"longitude":5.68804,"geocoordinates_source":"NHFR_2024","last_updated":"2024-11-11"}},{"type":"Feature","id":45428,"geometry":{"type":"Point","coordinates":[5.72794000000005,5.87445000000002]},"properties":{"OBJECTID":45428,"globalid":"d1a564cb-0a5d-4d91-8681-fe57bf75f5ce","nhfr_uid":73697826,"nhfr_facility_code":"10/06/1/1/1/0016","country":"Nigeria","iso":"NGA","state":"Delta","lga":"Ethiope West","lga_name_disagreement":0,"ward":"Mosogar 1","ward_name_disagreement":0,"facility_name":"Orhokpokpor Primary Health Care","facility_name_source":"NHFR_2024","ownership":"Public","ownership_type":"Local Government","facility_level":"Primary","facility_level_option":"Primary Health Center","latitude":5.87445,"longitude":5.72794,"geocoordinates_source":"NHFR_2024","last_updated":"2024-11-11"}},{"type":"Feature","id":45429,"geometry":{"type":"Point","coordinates":[6.17768000000007,6.11067000000003]},"properties":{"OBJECTID":45429,"globalid":"e220a203-95b7-4a97-9ceb-2a3704f4eb8d","nhfr_uid":80884146,"nhfr_facility_code":"10/08/1/1/1/0038","country":"Nigeria","iso":"NGA","state":"Delta","lga":"Ika South","lga_name_disagreement":0,"ward":"Oyoko","ward_name_disagreement":0,"facility_name":"Government Abavo Hospital","facility_name_source":"NHFR_2024","ownership":"Public","ownership_type":"Local Government","facility_level":"Primary","facility_level_option":"Primary Health Center","latitude":6.11067,"longitude":6.17768,"geocoordinates_source":"NHFR_2024","last_updated":"2024-11-11"}},{"type":"Feature","id":45430,"geometry":{"type":"Point","coordinates":[6.15708000000006,5.50174000000004]},"properties":{"OBJECTID":45430,"globalid":"6f893667-9447-47a5-842b-c619e553510a","nhfr_uid":43566254,"nhfr_facility_code":"10/09/1/1/1/0025","country":"Nigeria","iso":"NGA","state":"Delta","lga":"Isoko North","lga_name_disagreement":0,"ward":"Owhe 2","ward_name_disagreement":0,"facility_name":"Edhomoko Okpesia Primary Health Center","facility_name_source":"NHFR_2024","ownership":"Public","ownership_type":"Local Government","facility_level":"Primary","facility_level_option":"Primary Health Center","latitude":5.50174,"longitude":6.15708,"geocoordinates_source":"NHFR_2024","last_updated":"2024-11-11"}},{"type":"Feature","id":45431,"geometry":{"type":"Point","coordinates":[6.33728000000002,5.75679000000002]},"properties":{"OBJECTID":45431,"globalid":"82d2a122-677e-4c42-ba8f-012669809009","nhfr_uid":61391252,"nhfr_facility_code":"10/12/1/1/2/0006","country":"Nigeria","iso":"NGA","state":"Delta","lga":"Ndokwa West","lga_name_disagreement":0,"ward":"Ogume 1","ward_name_disagreement":0,"facility_name":"Faith Nursing and Maternity Home","facility_name_source":"NHFR_2024","ownership":"Private","ownership_type":"For Profit","facility_level":"Primary","facility_level_option":"Primary Health Center","latitude":5.75679,"longitude":6.33728,"geocoordinates_source":"NHFR_2024","last_updated":"2024-11-11"}},{"type":"Feature","id":45432,"geometry":{"type":"Point","coordinates":[6.65854000000007,6.22692000000006]},"properties":{"OBJECTID":45432,"globalid":"f980efd8-4286-46f4-8035-025e6faadef2","nhfr_uid":55354402,"nhfr_facility_code":"10/14/1/2/2/0019","country":"Nigeria","iso":"NGA","state":"Delta","lga":"Oshimili North","lga_name_disagreement":0,"ward":"Okpanam / Ugbolu","ward_name_disagreement":0,"facility_name":"Ark Medical Center","facility_name_source":"NHFR_2024","ownership":"Private","ownership_type":"For Profit","facility_level":"Secondary","facility_level_option":"Unknown","latitude":6.22692,"longitude":6.65854,"geocoordinates_source":"NHFR_2024","last_updated":"2024-11-11"}},{"type":"Feature","id":45434,"geometry":{"type":"Point","coordinates":[5.87543000000005,5.48313000000007]},"properties":{"OBJECTID":45434,"globalid":"8b4dc5a4-a15c-451c-af93-c84fc9fc1eda","nhfr_uid":55313326,"nhfr_facility_code":"10/20/1/1/2/0018","country":"Nigeria","iso":"NGA","state":"Delta","lga":"Ughelli South","lga_name_disagreement":0,"ward":"Jeremi 2","ward_name_disagreement":0,"facility_name":"Otu Jeremi General Hospital","facility_name_source":"NHFR_2024","ownership":"Public","ownership_type":"State Government","facility_level":"Secondary","facility_level_option":"Unknown","latitude":5.48313,"longitude":5.87543,"geocoordinates_source":"NHFR_2024","last_updated":"2024-11-11"}},{"type":"Feature","id":45435,"geometry":{"type":"Point","coordinates":[6.14434000000006,5.84586000000007]},"properties":{"OBJECTID":45435,"globalid":"8d1da76c-7e9e-4293-a191-d4b42aced17c","nhfr_uid":26161602,"nhfr_facility_code":"10/21/1/1/2/0020","country":"Nigeria","iso":"NGA","state":"Delta","lga":"Ukwuani","lga_name_disagreement":0,"ward":"Ogbe Obiaruku","ward_name_disagreement":0,"facility_name":"Obiaruku Government Hospital","facility_name_source":"NHFR_2024","ownership":"Public","ownership_type":"State Government","facility_level":"Secondary","facility_level_option":"Unknown","latitude":5.84586,"longitude":6.14434,"geocoordinates_source":"NHFR_2024","last_updated":"2024-11-11"}},{"type":"Feature","id":45436,"geometry":{"type":"Point","coordinates":[5.74527000000006,5.51516000000004]},"properties":{"OBJECTID":45436,"globalid":"83829fb5-4615-48cc-8e51-780b9efeb942","nhfr_uid":13239298,"nhfr_facility_code":"10/24/1/1/1/0019","country":"Nigeria","iso":"NGA","state":"Delta","lga":"Warri South","lga_name_disagreement":0,"ward":"Okere Ward","ward_name_disagreement":0,"facility_name":"Warri South Subsecretariat Primary Health Care","facility_name_source":"NHFR_2024","ownership":"Public","ownership_type":"Local Government","facility_level":"Primary","facility_level_option":"Primary Health Center","latitude":5.51516,"longitude":5.74527,"geocoordinates_source":"NHFR_2024","last_updated":"2024-11-11"}},{"type":"Feature","id":45442,"geometry":{"type":"Point","coordinates":[5.89158000000003,5.63366000000002]},"properties":{"OBJECTID":45442,"globalid":"d411c4b0-8ff1-4b40-ba72-b9b919944f38","nhfr_uid":44232607,"nhfr_facility_code":"10/13/1/1/2/0001","country":"Nigeria","iso":"NGA","state":"Delta","lga":"Okpe","lga_name_disagreement":0,"ward":"Orerokpe","ward_name_disagreement":0,"facility_name":"Ariemughara Foundation Medical Clinic","facility_name_source":"NHFR_2024","ownership":"Private","ownership_type":"For Profit","facility_level":"Secondary","facility_level_option":"Unknown","latitude":5.63366,"longitude":5.89158,"geocoordinates_source":"NHFR_2024","last_updated":"2024-11-11"}},{"type":"Feature","id":45832,"geometry":{"type":"Point","coordinates":[5.79191000000003,5.49285000000003]},"properties":{"OBJECTID":45832,"globalid":"06d91eb9-7138-4aba-86e6-a7b8cf0bc96c","nhfr_uid":74730791,"nhfr_facility_code":"10/18/1/1/2/0045","country":"Nigeria","iso":"NGA","state":"Delta","lga":"Udu","lga_name_disagreement":0,"ward":"Ovwian","ward_name_disagreement":0,"facility_name":"Tryphena Clinic and Hospital","facility_name_source":"NHFR_2024","ownership":"Private","ownership_type":"For Profit","facility_level":"Primary","facility_level_option":"Primary Health Clinic","latitude":5.49285,"longitude":5.79191,"geocoordinates_source":"NHFR_2024","last_updated":"2024-11-11"}},{"type":"Feature","id":45939,"geometry":{"type":"Point","coordinates":[5.68439000000006,5.89512000000008]},"properties":{"OBJECTID":45939,"globalid":"1eb297f3-7f41-447c-b747-871040b7125c","nhfr_uid":24718095,"nhfr_facility_code":"10/17/1/2/1/0028","country":"Nigeria","iso":"NGA","state":"Delta","lga":"Sapele","lga_name_disagreement":0,"ward":"Okpe","ward_name_disagreement":0,"facility_name":"Nigeria Police Medical Services","facility_name_source":"NHFR_2024","ownership":"Public","ownership_type":"Military & Paramilitary formations","facility_level":"Secondary","facility_level_option":"Unknown","latitude":5.89512,"longitude":5.68439,"geocoordinates_source":"NHFR_2024","last_updated":"2024-11-11"}},{"type":"Feature","id":45967,"geometry":{"type":"Point","coordinates":[6.46286000000003,6.37698000000006]},"properties":{"OBJECTID":45967,"globalid":"6979d870-2f28-4157-a06d-fc4c1b0122f8","nhfr_uid":17531190,"nhfr_facility_code":"10/01/1/2/1/0003","country":"Nigeria","iso":"NGA","state":"Delta","lga":"Aniocha North","lga_name_disagreement":0,"ward":"Obior / Onicha-Uku","ward_name_disagreement":0,"facility_name":"Onicha Uku General Hospital","facility_name_source":"NHFR_2024","ownership":"Public","ownership_type":"State Government","facility_level":"Secondary","facility_level_option":"Unknown","latitude":6.37698,"longitude":6.46286,"geocoordinates_source":"NHFR_2024","last_updated":"2024-11-11"}},{"type":"Feature","id":45968,"geometry":{"type":"Point","coordinates":[6.60443000000004,6.26151000000004]},"properties":{"OBJECTID":45968,"globalid":"73c2d644-5420-456f-bcfb-92b6fbf76cfb","nhfr_uid":18358479,"nhfr_facility_code":"10/01/1/2/2/0018","country":"Nigeria","iso":"NGA","state":"Delta","lga":"Aniocha North","lga_name_disagreement":0,"ward":"Issele-Nkpitime","ward_name_disagreement":0,"facility_name":"St Charles Luanga Hospital Maternity","facility_name_source":"NHFR_2024","ownership":"Private","ownership_type":"For Profit","facility_level":"Secondary","facility_level_option":"Unknown","latitude":6.26151,"longitude":6.60443,"geocoordinates_source":"NHFR_2024","last_updated":"2024-11-11"}},{"type":"Feature","id":45976,"geometry":{"type":"Point","coordinates":[5.97865000000007,5.50736000000006]},"properties":{"OBJECTID":45976,"globalid":"76b964e9-e1f9-4460-9b70-fd70ca6e4c99","nhfr_uid":72295813,"nhfr_facility_code":"10/19/1/1/2/0020","country":"Nigeria","iso":"NGA","state":"Delta","lga":"Ughelli North","lga_name_disagreement":0,"ward":"Ughelli Urban 2","ward_name_disagreement":0,"facility_name":"Mount Zion Nursing and Maternity Home","facility_name_source":"NHFR_2024","ownership":"Private","ownership_type":"For Profit","facility_level":"Primary","facility_level_option":"Primary Health Clinic","latitude":5.50736,"longitude":5.97865,"geocoordinates_source":"NHFR_2024","last_updated":"2024-11-11"}},{"type":"Feature","id":46018,"geometry":{"type":"Point","coordinates":[6.02057000000002,5.62277000000006]},"properties":{"OBJECTID":46018,"globalid":"71990ac4-488f-48c7-9fd6-8a577ab1048c","nhfr_uid":13800995,"nhfr_facility_code":"10/05/1/1/2/0027","country":"Nigeria","iso":"NGA","state":"Delta","lga":"Ethiope East","lga_name_disagreement":0,"ward":"Kokori","ward_name_disagreement":0,"facility_name":"Divine Peace Clinic and Maternity","facility_name_source":"NHFR_2024","ownership":"Private","ownership_type":"For Profit","facility_level":"Primary","facility_level_option":"Unknown","latitude":5.62277,"longitude":6.02057,"geocoordinates_source":"NHFR_2024","last_updated":"2024-11-11"}},{"type":"Feature","id":46075,"geometry":{"type":"Point","coordinates":[6.13854000000003,5.83010000000007]},"properties":{"OBJECTID":46075,"globalid":"c3aedfd9-e0af-48a1-b667-e194032bdd8b","nhfr_uid":57598657,"nhfr_facility_code":"10/21/1/1/2/0027","country":"Nigeria","iso":"NGA","state":"Delta","lga":"Ukwuani","lga_name_disagreement":0,"ward":"Ogbe Obiaruku","ward_name_disagreement":0,"facility_name":"Trinity Hospital","facility_name_source":"NHFR_2024","ownership":"Private","ownership_type":"For Profit","facility_level":"Secondary","facility_level_option":"Unknown","latitude":5.8301,"longitude":6.13854,"geocoordinates_source":"NHFR_2024","last_updated":"2024-11-11"}},{"type":"Feature","id":46157,"geometry":{"type":"Point","coordinates":[5.86807000000005,5.57944000000003]},"properties":{"OBJECTID":46157,"globalid":"4958ba16-eae1-434f-9f4c-7078467276ab","nhfr_uid":40519569,"nhfr_facility_code":"10/19/1/2/2/0046","country":"Nigeria","iso":"NGA","state":"Delta","lga":"Ughelli North","lga_name_disagreement":0,"ward":"Agbarho 1","ward_name_disagreement":0,"facility_name":"Obue Clinic","facility_name_source":"NHFR_2024","ownership":"Private","ownership_type":"For Profit","facility_level":"Secondary","facility_level_option":"Unknown","latitude":5.57944,"longitude":5.86807,"geocoordinates_source":"NHFR_2024","last_updated":"2024-11-11"}},{"type":"Feature","id":46158,"geometry":{"type":"Point","coordinates":[5.98856000000006,5.48994000000005]},"properties":{"OBJECTID":46158,"globalid":"86f47bb4-4a6d-4c24-9db3-0aa005a16685","nhfr_uid":41279177,"nhfr_facility_code":"10/19/1/1/1/0010","country":"Nigeria","iso":"NGA","state":"Delta","lga":"Ughelli North","lga_name_disagreement":0,"ward":"Ughelli Urban 2","ward_name_disagreement":0,"facility_name":"Urban Primary Health Center","facility_name_source":"NHFR_2024","ownership":"Public","ownership_type":"Local Government","facility_level":"Primary","facility_level_option":"Primary Health Center","latitude":5.48994,"longitude":5.98856,"geocoordinates_source":"NHFR_2024","last_updated":"2024-11-11"}},{"type":"Feature","id":46222,"geometry":{"type":"Point","coordinates":[6.21809000000007,6.22028000000006]},"properties":{"OBJECTID":46222,"globalid":"cbbcfb25-b779-4f69-8ce3-49d018d7e5ad","nhfr_uid":22614961,"nhfr_facility_code":"10/07/1/2/1/0004","country":"Nigeria","iso":"NGA","state":"Delta","lga":"Ika North East","lga_name_disagreement":0,"ward":"Owa-Alero","ward_name_disagreement":0,"facility_name":"Owa Alero Government Hospital","facility_name_source":"NHFR_2024","ownership":"Public","ownership_type":"State Government","facility_level":"Secondary","facility_level_option":"Unknown","latitude":6.22028,"longitude":6.21809,"geocoordinates_source":"NHFR_2024","last_updated":"2024-11-11"}},{"type":"Feature","id":46224,"geometry":{"type":"Point","coordinates":[5.86249021000003,5.59723679000007]},"properties":{"OBJECTID":46224,"globalid":"d0e0440a-0c3a-493a-b137-614912a2b91f","nhfr_uid":83888370,"nhfr_facility_code":"10/19/1/1/2/0032","country":"Nigeria","iso":"NGA","state":"Delta","lga":"Ughelli North","lga_name_disagreement":0,"ward":"Afiesere","ward_name_disagreement":0,"facility_name":"Ufuoma Primary Health Center","facility_name_source":"NHFR_2024","ownership":"Private","ownership_type":"Unknown","facility_level":"Primary","facility_level_option":"Unknown","latitude":5.59723679,"longitude":5.86249021,"geocoordinates_source":"NHFR_2024","last_updated":"2024-11-11"}},{"type":"Feature","id":46225,"geometry":{"type":"Point","coordinates":[6.01147000000003,5.48779000000007]},"properties":{"OBJECTID":46225,"globalid":"66e598c8-fb28-40ab-b664-f07cc80b2299","nhfr_uid":25299381,"nhfr_facility_code":"10/19/1/2/2/0001","country":"Nigeria","iso":"NGA","state":"Delta","lga":"Ughelli North","lga_name_disagreement":0,"ward":"Ughelli Urban 1","ward_name_disagreement":0,"facility_name":"Celian Clinic","facility_name_source":"NHFR_2024","ownership":"Private","ownership_type":"For Profit","facility_level":"Secondary","facility_level_option":"Unknown","latitude":5.48779,"longitude":6.01147,"geocoordinates_source":"NHFR_2024","last_updated":"2024-11-11"}},{"type":"Feature","id":46226,"geometry":{"type":"Point","coordinates":[5.77757555000005,5.52868329000006]},"properties":{"OBJECTID":46226,"globalid":"ebd4e9b3-762e-4d07-8e11-cb7fead08156","nhfr_uid":35386435,"nhfr_facility_code":"10/22/1/1/2/0024","country":"Nigeria","iso":"NGA","state":"Delta","lga":"Uvwie","lga_name_disagreement":0,"ward":"Enerhen 2","ward_name_disagreement":0,"facility_name":"Winrose Hospital","facility_name_source":"NHFR_2024","ownership":"Private","ownership_type":"Unknown","facility_level":"Primary","facility_level_option":"Unknown","latitude":5.52868329,"longitude":5.77757555,"geocoordinates_source":"NHFR_2024","last_updated":"2024-11-11"}},{"type":"Feature","id":46227,"geometry":{"type":"Point","coordinates":[5.79889000000003,5.56435000000005]},"properties":{"OBJECTID":46227,"globalid":"b8dc0b0b-4f74-4ec8-a4ea-3b787d7692b5","nhfr_uid":25180756,"nhfr_facility_code":"10/22/1/1/2/0031","country":"Nigeria","iso":"NGA","state":"Delta","lga":"Uvwie","lga_name_disagreement":0,"ward":"Alaka","ward_name_disagreement":0,"facility_name":"Blue Bell Limited Clinic","facility_name_source":"NHFR_2024","ownership":"Private","ownership_type":"For Profit","facility_level":"Primary","facility_level_option":"Primary Health Clinic","latitude":5.56435,"longitude":5.79889,"geocoordinates_source":"NHFR_2024","last_updated":"2024-11-11"}},{"type":"Feature","id":46228,"geometry":{"type":"Point","coordinates":[5.75926000000004,5.54720000000003]},"properties":{"OBJECTID":46228,"globalid":"b5d3df47-ced8-4fa6-8f16-a535beccaf02","nhfr_uid":52648235,"nhfr_facility_code":"10/22/1/2/2/0038","country":"Nigeria","iso":"NGA","state":"Delta","lga":"Uvwie","lga_name_disagreement":0,"ward":"Ugborikoko","ward_name_disagreement":0,"facility_name":"Coastal Limited Specialist Clinic","facility_name_source":"NHFR_2024","ownership":"Private","ownership_type":"For Profit","facility_level":"Secondary","facility_level_option":"Unknown","latitude":5.5472,"longitude":5.75926,"geocoordinates_source":"NHFR_2024","last_updated":"2024-11-11"}},{"type":"Feature","id":46229,"geometry":{"type":"Point","coordinates":[5.78822000000002,5.57393000000008]},"properties":{"OBJECTID":46229,"globalid":"91554a43-25c0-4f69-9195-e20ece918cd2","nhfr_uid":39582197,"nhfr_facility_code":"10/22/1/2/2/0032","country":"Nigeria","iso":"NGA","state":"Delta","lga":"Uvwie","lga_name_disagreement":0,"ward":"Alaka","ward_name_disagreement":0,"facility_name":"Shabach Limited Hospital","facility_name_source":"NHFR_2024","ownership":"Private","ownership_type":"For Profit","facility_level":"Secondary","facility_level_option":"Unknown","latitude":5.57393,"longitude":5.78822,"geocoordinates_source":"NHFR_2024","last_updated":"2024-11-11"}},{"type":"Feature","id":46230,"geometry":{"type":"Point","coordinates":[5.76206000000008,5.53787000000005]},"properties":{"OBJECTID":46230,"globalid":"f614de8a-dea8-4df2-8947-0eb7c4a12e7b","nhfr_uid":35995376,"nhfr_facility_code":"10/22/1/1/2/0006","country":"Nigeria","iso":"NGA","state":"Delta","lga":"Uvwie","lga_name_disagreement":0,"ward":"Ugborikoko","ward_name_disagreement":0,"facility_name":"B U Limited Hospital Clinic","facility_name_source":"NHFR_2024","ownership":"Private","ownership_type":"For Profit","facility_level":"Secondary","facility_level_option":"Unknown","latitude":5.53787,"longitude":5.76206,"geocoordinates_source":"NHFR_2024","last_updated":"2024-11-11"}},{"type":"Feature","id":46465,"geometry":{"type":"Point","coordinates":[6.28784000000007,5.29166000000004]},"properties":{"OBJECTID":46465,"globalid":"12ebaeb5-524a-4a07-8e4e-01baf3488492","nhfr_uid":54411778,"nhfr_facility_code":"10/11/1/1/1/0034","country":"Nigeria","iso":"NGA","state":"Delta","lga":"Ndokwa East","lga_name_disagreement":0,"ward":"Ase","ward_name_disagreement":0,"facility_name":"Asaba Ase Primary Health Care Center","facility_name_source":"NHFR_2024","ownership":"Public","ownership_type":"Local Government","facility_level":"Primary","facility_level_option":"Primary Health Center","latitude":5.29166,"longitude":6.28784,"geocoordinates_source":"NHFR_2024","last_updated":"2024-11-11"}},{"type":"Feature","id":46478,"geometry":{"type":"Point","coordinates":[6.63588000000004,6.18367000000006]},"properties":{"OBJECTID":46478,"globalid":"b3ed5d92-feb8-4a33-a0ba-7b54bcd4d340","nhfr_uid":69157907,"nhfr_facility_code":"10/14/1/2/2/0018","country":"Nigeria","iso":"NGA","state":"Delta","lga":"Oshimili North","lga_name_disagreement":0,"ward":"Umuodafe","ward_name_disagreement":0,"facility_name":"Blesssed Trinity Ibusa Hospital","facility_name_source":"NHFR_2024","ownership":"Private","ownership_type":"For Profit","facility_level":"Secondary","facility_level_option":"Unknown","latitude":6.18367,"longitude":6.63588,"geocoordinates_source":"NHFR_2024","last_updated":"2024-11-11"}},{"type":"Feature","id":46578,"geometry":{"type":"Point","coordinates":[5.76686000000007,5.51006000000007]},"properties":{"OBJECTID":46578,"globalid":"c9f6b577-da15-4f1e-a60e-f0c97d2ee3e5","nhfr_uid":39429174,"nhfr_facility_code":"10/24/1/1/2/0075","country":"Nigeria","iso":"NGA","state":"Delta","lga":"Warri South","lga_name_disagreement":0,"ward":"Igbudu","ward_name_disagreement":0,"facility_name":"St Melvin Hospital and Maternity","facility_name_source":"NHFR_2024","ownership":"Private","ownership_type":"For Profit","facility_level":"Primary","facility_level_option":"Primary Health Clinic","latitude":5.51006,"longitude":5.76686,"geocoordinates_source":"NHFR_2024","last_updated":"2024-11-11"}},{"type":"Feature","id":46582,"geometry":{"type":"Point","coordinates":[5.91239000000007,5.74109000000004]},"properties":{"OBJECTID":46582,"globalid":"dff4e009-ed76-4b8f-8a21-4149f2cabb9b","nhfr_uid":78245710,"nhfr_facility_code":"10/05/1/1/1/0012","country":"Nigeria","iso":"NGA","state":"Delta","lga":"Ethiope East","lga_name_disagreement":0,"ward":"Okpara","ward_name_disagreement":0,"facility_name":"Okpara Inland Primary Health Center","facility_name_source":"NHFR_2024","ownership":"Public","ownership_type":"Local Government","facility_level":"Primary","facility_level_option":"Primary Health Center","latitude":5.74109,"longitude":5.91239,"geocoordinates_source":"NHFR_2024","last_updated":"2024-11-11"}},{"type":"Feature","id":46583,"geometry":{"type":"Point","coordinates":[5.95958000000007,5.63555000000002]},"properties":{"OBJECTID":46583,"globalid":"b1c31077-a3aa-4fed-8f34-8137395d0c46","nhfr_uid":73220589,"nhfr_facility_code":"10/05/1/2/2/0029","country":"Nigeria","iso":"NGA","state":"Delta","lga":"Ethiope East","lga_name_disagreement":0,"ward":"Okpara","ward_name_disagreement":0,"facility_name":"Alpars Hospital and Maternity","facility_name_source":"NHFR_2024","ownership":"Private","ownership_type":"For Profit","facility_level":"Secondary","facility_level_option":"Unknown","latitude":5.63555,"longitude":5.95958,"geocoordinates_source":"NHFR_2024","last_updated":"2024-11-11"}},{"type":"Feature","id":46584,"geometry":{"type":"Point","coordinates":[6.08486000000005,5.78002000000004]},"properties":{"OBJECTID":46584,"globalid":"ec1dae11-477a-41c5-bfbe-ce95b32c4c77","nhfr_uid":47491122,"nhfr_facility_code":"10/05/1/1/2/0028","country":"Nigeria","iso":"NGA","state":"Delta","lga":"Ethiope East","lga_name_disagreement":0,"ward":"Abraka","ward_name_disagreement":0,"facility_name":"Veeray Medical Center","facility_name_source":"NHFR_2024","ownership":"Private","ownership_type":"For Profit","facility_level":"Primary","facility_level_option":"Primary Health Clinic","latitude":5.78002,"longitude":6.08486,"geocoordinates_source":"NHFR_2024","last_updated":"2024-11-11"}},{"type":"Feature","id":46586,"geometry":{"type":"Point","coordinates":[6.21422000000007,6.25202000000007]},"properties":{"OBJECTID":46586,"globalid":"41f8bc40-8c06-4bec-9cac-cf0abd976d20","nhfr_uid":50913454,"nhfr_facility_code":"10/07/1/1/2/0025","country":"Nigeria","iso":"NGA","state":"Delta","lga":"Ika North East","lga_name_disagreement":0,"ward":"Boji-Boji 1","ward_name_disagreement":0,"facility_name":"Gods Grace Nursing and Maternity Home","facility_name_source":"NHFR_2024","ownership":"Private","ownership_type":"For Profit","facility_level":"Primary","facility_level_option":"Unknown","latitude":6.25202,"longitude":6.21422,"geocoordinates_source":"NHFR_2024","last_updated":"2024-11-11"}},{"type":"Feature","id":46587,"geometry":{"type":"Point","coordinates":[6.19544000000008,6.25351000000006]},"properties":{"OBJECTID":46587,"globalid":"87d93645-9a8c-46f2-9a05-92833de575c2","nhfr_uid":59187847,"nhfr_facility_code":"10/07/1/1/1/0021","country":"Nigeria","iso":"NGA","state":"Delta","lga":"Ika North East","lga_name_disagreement":0,"ward":"Boji-Boji 1","ward_name_disagreement":0,"facility_name":"All Saints Clinic and Maternity Home","facility_name_source":"NHFR_2024","ownership":"Private","ownership_type":"For Profit","facility_level":"Primary","facility_level_option":"Primary Health Clinic","latitude":6.25351,"longitude":6.19544,"geocoordinates_source":"NHFR_2024","last_updated":"2024-11-11"}},{"type":"Feature","id":46588,"geometry":{"type":"Point","coordinates":[6.18073000000004,6.24831000000006]},"properties":{"OBJECTID":46588,"globalid":"92e7e75e-be54-4a97-a58c-f6c05ce7b68f","nhfr_uid":54305644,"nhfr_facility_code":"10/07/1/1/2/0013","country":"Nigeria","iso":"NGA","state":"Delta","lga":"Ika North East","lga_name_disagreement":0,"ward":"Owanta","ward_name_disagreement":0,"facility_name":"Owanta Primary Health Care Center","facility_name_source":"NHFR_2024","ownership":"Public","ownership_type":"Local Government","facility_level":"Primary","facility_level_option":"Primary Health Center","latitude":6.24831,"longitude":6.18073,"geocoordinates_source":"NHFR_2024","last_updated":"2024-11-11"}},{"type":"Feature","id":46688,"geometry":{"type":"Point","coordinates":[5.86863000000005,5.60096000000004]},"properties":{"OBJECTID":46688,"globalid":"7f94b073-3f05-4198-8a98-16c8c69869e7","nhfr_uid":54298664,"nhfr_facility_code":"10/19/1/2/2/0050","country":"Nigeria","iso":"NGA","state":"Delta","lga":"Ughelli North","lga_name_disagreement":0,"ward":"Agbarho 1","ward_name_disagreement":0,"facility_name":"Vicoga Specialist Clinic / Maternity","facility_name_source":"NHFR_2024","ownership":"Private","ownership_type":"For Profit","facility_level":"Secondary","facility_level_option":"Unknown","latitude":5.60096,"longitude":5.86863,"geocoordinates_source":"NHFR_2024","last_updated":"2024-11-11"}},{"type":"Feature","id":46723,"geometry":{"type":"Point","coordinates":[6.19551000000007,6.25444000000005]},"properties":{"OBJECTID":46723,"globalid":"985bc974-e8f8-4ff1-836f-a9f12515c686","nhfr_uid":80745590,"nhfr_facility_code":"10/07/1/1/2/0017","country":"Nigeria","iso":"NGA","state":"Delta","lga":"Ika North East","lga_name_disagreement":0,"ward":"Boji-Boji 1","ward_name_disagreement":0,"facility_name":"St John Catholic Hospital","facility_name_source":"NHFR_2024","ownership":"Private","ownership_type":"For Profit","facility_level":"Secondary","facility_level_option":"Unknown","latitude":6.25444,"longitude":6.19551,"geocoordinates_source":"NHFR_2024","last_updated":"2024-11-11"}},{"type":"Feature","id":46738,"geometry":{"type":"Point","coordinates":[6.02264000000002,5.50521000000003]},"properties":{"OBJECTID":46738,"globalid":"771d428f-a53a-480c-a053-3ce6d0da4fd2","nhfr_uid":36054040,"nhfr_facility_code":"10/19/1/2/2/0043","country":"Nigeria","iso":"NGA","state":"Delta","lga":"Ughelli North","lga_name_disagreement":0,"ward":"Afiesere","ward_name_disagreement":0,"facility_name":"Divine Mission Hospital","facility_name_source":"NHFR_2024","ownership":"Private","ownership_type":"For Profit","facility_level":"Secondary","facility_level_option":"Unknown","latitude":5.50521,"longitude":6.02264,"geocoordinates_source":"NHFR_2024","last_updated":"2024-11-11"}},{"type":"Feature","id":46798,"geometry":{"type":"Point","coordinates":[6.15956000000006,5.84699000000006]},"properties":{"OBJECTID":46798,"globalid":"4293024d-97d3-4988-8934-c28152e39197","nhfr_uid":85239647,"nhfr_facility_code":"10/21/1/1/2/0022","country":"Nigeria","iso":"NGA","state":"Delta","lga":"Ukwuani","lga_name_disagreement":0,"ward":"Okuzu","ward_name_disagreement":0,"facility_name":"Okuzu Primary Health Care Center","facility_name_source":"NHFR_2024","ownership":"Public","ownership_type":"Local Government","facility_level":"Primary","facility_level_option":"Primary Health Center","latitude":5.84699,"longitude":6.15956,"geocoordinates_source":"NHFR_2024","last_updated":"2024-11-11"}},{"type":"Feature","id":46801,"geometry":{"type":"Point","coordinates":[5.23577000000006,5.57257000000004]},"properties":{"OBJECTID":46801,"globalid":"8efb01cd-18fb-49f2-bd4e-d95f48200379","nhfr_uid":72689912,"nhfr_facility_code":"10/25/1/2/1/0014","country":"Nigeria","iso":"NGA","state":"Delta","lga":"Warri South West","lga_name_disagreement":0,"ward":"Oporaza","ward_name_disagreement":0,"facility_name":"Oporoza Government Hospital","facility_name_source":"NHFR_2024","ownership":"Public","ownership_type":"State Government","facility_level":"Secondary","facility_level_option":"Unknown","latitude":5.57257,"longitude":5.23577,"geocoordinates_source":"NHFR_2024","last_updated":"2024-11-11"}},{"type":"Feature","id":46802,"geometry":{"type":"Point","coordinates":[5.27906000000007,5.59534000000002]},"properties":{"OBJECTID":46802,"globalid":"1f4d1f89-a366-43a1-992f-ad00025c5842","nhfr_uid":46764458,"nhfr_facility_code":"10/25/1/1/1/0013","country":"Nigeria","iso":"NGA","state":"Delta","lga":"Warri South West","lga_name_disagreement":0,"ward":"Ugborodo","ward_name_disagreement":0,"facility_name":"Ugborodo Primary Health Center","facility_name_source":"NHFR_2024","ownership":"Public","ownership_type":"Local Government","facility_level":"Primary","facility_level_option":"Unknown","latitude":5.59534,"longitude":5.27906,"geocoordinates_source":"NHFR_2024","last_updated":"2024-11-11"}},{"type":"Feature","id":46803,"geometry":{"type":"Point","coordinates":[5.73745000000002,5.48325000000006]},"properties":{"OBJECTID":46803,"globalid":"5d5e5c69-2144-42c5-9622-022dcfda9041","nhfr_uid":39549525,"nhfr_facility_code":"10/25/1/2/1/0002","country":"Nigeria","iso":"NGA","state":"Delta","lga":"Warri South West","lga_name_disagreement":0,"ward":"Okererenkoko","ward_name_disagreement":0,"facility_name":"Ogbe Ijoh Government Hospital","facility_name_source":"NHFR_2024","ownership":"Public","ownership_type":"State Government","facility_level":"Secondary","facility_level_option":"Unknown","latitude":5.48325,"longitude":5.73745,"geocoordinates_source":"NHFR_2024","last_updated":"2024-11-11"}},{"type":"Feature","id":46936,"geometry":{"type":"Point","coordinates":[6.21195000000006,6.25158000000005]},"properties":{"OBJECTID":46936,"globalid":"16846e55-7d7b-41c3-ba39-ebb13863e67c","nhfr_uid":38209569,"nhfr_facility_code":"10/07/1/1/1/0021","country":"Nigeria","iso":"NGA","state":"Delta","lga":"Ika North East","lga_name_disagreement":0,"ward":"Boji-Boji 1","ward_name_disagreement":0,"facility_name":"Ehuiken Memorial Clinic","facility_name_source":"NHFR_2024","ownership":"Private","ownership_type":"For Profit","facility_level":"Secondary","facility_level_option":"Unknown","latitude":6.25158,"longitude":6.21195,"geocoordinates_source":"NHFR_2024","last_updated":"2024-11-11"}},{"type":"Feature","id":46937,"geometry":{"type":"Point","coordinates":[6.21235000000007,6.25653000000005]},"properties":{"OBJECTID":46937,"globalid":"33d12606-6e30-4591-bc0e-80f7b1f6e9a5","nhfr_uid":42513419,"nhfr_facility_code":"10/07/1/1/2/0016","country":"Nigeria","iso":"NGA","state":"Delta","lga":"Ika North East","lga_name_disagreement":0,"ward":"Boji-Boji 1","ward_name_disagreement":0,"facility_name":"Shalom Clinic and Maternity","facility_name_source":"NHFR_2024","ownership":"Private","ownership_type":"For Profit","facility_level":"Secondary","facility_level_option":"Unknown","latitude":6.25653,"longitude":6.21235,"geocoordinates_source":"NHFR_2024","last_updated":"2024-11-11"}},{"type":"Feature","id":46985,"geometry":{"type":"Point","coordinates":[6.20188000000007,6.24636000000004]},"properties":{"OBJECTID":46985,"globalid":"74e605cb-137b-4bdf-bc8e-e6ffb47dec89","nhfr_uid":68817162,"nhfr_facility_code":"10/07/1/2/1/0002","country":"Nigeria","iso":"NGA","state":"Delta","lga":"Ika North East","lga_name_disagreement":0,"ward":"Boji-Boji 1","ward_name_disagreement":0,"facility_name":"Day Spring Specialist Clinic","facility_name_source":"NHFR_2024","ownership":"Private","ownership_type":"For Profit","facility_level":"Secondary","facility_level_option":"Unknown","latitude":6.24636,"longitude":6.20188,"geocoordinates_source":"NHFR_2024","last_updated":"2024-11-11"}},{"type":"Feature","id":47114,"geometry":{"type":"Point","coordinates":[6.21438000000006,5.46908000000008]},"properties":{"OBJECTID":47114,"globalid":"593eaf5c-ed19-4838-9e55-c950cb5efd12","nhfr_uid":65300481,"nhfr_facility_code":"10/10/1/2/2/0043","country":"Nigeria","iso":"NGA","state":"Delta","lga":"Isoko South","lga_name_disagreement":0,"ward":"Oleh 1","ward_name_disagreement":0,"facility_name":"King'S View Clinic","facility_name_source":"NHFR_2024","ownership":"Private","ownership_type":"For Profit","facility_level":"Secondary","facility_level_option":"Unknown","latitude":5.46908,"longitude":6.21438,"geocoordinates_source":"NHFR_2024","last_updated":"2024-11-11"}},{"type":"Feature","id":47234,"geometry":{"type":"Point","coordinates":[6.19643000000002,6.24543000000006]},"properties":{"OBJECTID":47234,"globalid":"b5b54499-a8f1-4e8d-8dbd-21ef27aa6c52","nhfr_uid":27976388,"nhfr_facility_code":"10/07/1/1/2/0004","country":"Nigeria","iso":"NGA","state":"Delta","lga":"Ika North East","lga_name_disagreement":0,"ward":"Boji-Boji 2","ward_name_disagreement":0,"facility_name":"Blessed Nursing and Maternity","facility_name_source":"NHFR_2024","ownership":"Private","ownership_type":"For Profit","facility_level":"Primary","facility_level_option":"Unknown","latitude":6.24543,"longitude":6.19643,"geocoordinates_source":"NHFR_2024","last_updated":"2024-11-11"}},{"type":"Feature","id":47242,"geometry":{"type":"Point","coordinates":[6.18971000000005,5.23108400000007]},"properties":{"OBJECTID":47242,"globalid":"4fb21108-08b8-4491-9584-f43398e55e8d","nhfr_uid":86031088,"nhfr_facility_code":"10/16/1/1/1/0009","country":"Nigeria","iso":"NGA","state":"Delta","lga":"Patani","lga_name_disagreement":0,"ward":"Calabar South Ward 3","ward_name_disagreement":0,"facility_name":"Ekise Primary Health Care","facility_name_source":"NHFR_2024","ownership":"Public","ownership_type":"Local Government","facility_level":"Primary","facility_level_option":"Unknown","latitude":5.231084,"longitude":6.18971,"geocoordinates_source":"NHFR_2024","last_updated":"2024-11-11"}},{"type":"Feature","id":47243,"geometry":{"type":"Point","coordinates":[6.01059500000002,5.13998800000007]},"properties":{"OBJECTID":47243,"globalid":"b23ac68d-c822-4f41-8e9e-8cab08383ec9","nhfr_uid":62941107,"nhfr_facility_code":"10/16/1/1/2/0001","country":"Nigeria","iso":"NGA","state":"Delta","lga":"Patani","lga_name_disagreement":0,"ward":"Odorubu","ward_name_disagreement":0,"facility_name":"Odorubu Primary Health Center","facility_name_source":"NHFR_2024","ownership":"Public","ownership_type":"Local Government","facility_level":"Primary","facility_level_option":"Primary Health Center","latitude":5.139988,"longitude":6.010595,"geocoordinates_source":"NHFR_2024","last_updated":"2024-11-11"}},{"type":"Feature","id":47244,"geometry":{"type":"Point","coordinates":[6.19224300000008,5.22913000000005]},"properties":{"OBJECTID":47244,"globalid":"80fc5ec3-a53b-4b16-be5c-1168ee844cf6","nhfr_uid":32878988,"nhfr_facility_code":"10/16/1/2/2/0013","country":"Nigeria","iso":"NGA","state":"Delta","lga":"Patani","lga_name_disagreement":0,"ward":"Calabar South Ward 3","ward_name_disagreement":0,"facility_name":"Rahi Limited Medical Hospital","facility_name_source":"NHFR_2024","ownership":"Private","ownership_type":"For Profit","facility_level":"Secondary","facility_level_option":"Unknown","latitude":5.22913,"longitude":6.192243,"geocoordinates_source":"NHFR_2024","last_updated":"2024-11-11"}},{"type":"Feature","id":47250,"geometry":{"type":"Point","coordinates":[5.86196000000007,5.60251000000005]},"properties":{"OBJECTID":47250,"globalid":"2dcc57e5-1c10-4ca9-ae76-6df04028179d","nhfr_uid":16910852,"nhfr_facility_code":"10/19/1/2/2/0049","country":"Nigeria","iso":"NGA","state":"Delta","lga":"Ughelli North","lga_name_disagreement":0,"ward":"Agbarho 1","ward_name_disagreement":0,"facility_name":"Radiant Hospital","facility_name_source":"NHFR_2024","ownership":"Private","ownership_type":"For Profit","facility_level":"Secondary","facility_level_option":"Unknown","latitude":5.60251,"longitude":5.86196,"geocoordinates_source":"NHFR_2024","last_updated":"2024-11-11"}},{"type":"Feature","id":47578,"geometry":{"type":"Point","coordinates":[6.68885000000006,6.22216000000003]},"properties":{"OBJECTID":47578,"globalid":"f0aecd9a-dbdd-4ff3-809d-880ac612bae4","nhfr_uid":43685897,"nhfr_facility_code":"10/15/1/1/1/0028","country":"Nigeria","iso":"NGA","state":"Delta","lga":"Oshimili South","lga_name_disagreement":0,"ward":"West End","ward_name_disagreement":0,"facility_name":"Delta States House Of Assemble Clinic","facility_name_source":"NHFR_2024","ownership":"Public","ownership_type":"State Government","facility_level":"Primary","facility_level_option":"Unknown","latitude":6.22216,"longitude":6.68885,"geocoordinates_source":"NHFR_2024","last_updated":"2024-11-11"}},{"type":"Feature","id":47579,"geometry":{"type":"Point","coordinates":[6.72336000000007,6.20664000000005]},"properties":{"OBJECTID":47579,"globalid":"43062743-92ed-4dbf-b477-0e5b8fe5778c","nhfr_uid":18177449,"nhfr_facility_code":"10/15/1/1/2/0026","country":"Nigeria","iso":"NGA","state":"Delta","lga":"Oshimili South","lga_name_disagreement":0,"ward":"Umuagu","ward_name_disagreement":0,"facility_name":"Life Care Clinic","facility_name_source":"NHFR_2024","ownership":"Private","ownership_type":"For Profit","facility_level":"Primary","facility_level_option":"Unknown","latitude":6.20664,"longitude":6.72336,"geocoordinates_source":"NHFR_2024","last_updated":"2024-11-11"}},{"type":"Feature","id":47580,"geometry":{"type":"Point","coordinates":[6.71261000000004,6.20686000000006]},"properties":{"OBJECTID":47580,"globalid":"f828faa2-7c73-478c-91ce-7d32cbcb9832","nhfr_uid":67220577,"nhfr_facility_code":"10/15/1/1/2/0030","country":"Nigeria","iso":"NGA","state":"Delta","lga":"Oshimili South","lga_name_disagreement":0,"ward":"Umuagu","ward_name_disagreement":0,"facility_name":"Life Value Clinic and Maternity","facility_name_source":"NHFR_2024","ownership":"Private","ownership_type":"For Profit","facility_level":"Primary","facility_level_option":"Unknown","latitude":6.20686,"longitude":6.71261,"geocoordinates_source":"NHFR_2024","last_updated":"2024-11-11"}},{"type":"Feature","id":47581,"geometry":{"type":"Point","coordinates":[6.74622000000005,6.18107000000003]},"properties":{"OBJECTID":47581,"globalid":"e7612d86-3543-42b2-8a9b-67368130e56f","nhfr_uid":50378723,"nhfr_facility_code":"10/15/1/2/2/0021","country":"Nigeria","iso":"NGA","state":"Delta","lga":"Oshimili South","lga_name_disagreement":0,"ward":"Akuebulu","ward_name_disagreement":0,"facility_name":"Ibrahim Afolabi Hospital","facility_name_source":"NHFR_2024","ownership":"Private","ownership_type":"For Profit","facility_level":"Secondary","facility_level_option":"Unknown","latitude":6.18107,"longitude":6.74622,"geocoordinates_source":"NHFR_2024","last_updated":"2024-11-11"}},{"type":"Feature","id":47754,"geometry":{"type":"Point","coordinates":[5.72636260000007,5.71048699000005]},"properties":{"OBJECTID":47754,"globalid":"34339e5e-648c-4a48-be0a-eddce19ca8f9","nhfr_uid":53172582,"nhfr_facility_code":"10/13/1/1/1/0002","country":"Nigeria","iso":"NGA","state":"Delta","lga":"Okpe","lga_name_disagreement":0,"ward":"Orerokpe","ward_name_disagreement":0,"facility_name":"Ijakpa Mereje Primary Health Center","facility_name_source":"NHFR_2024","ownership":"Public","ownership_type":"Unknown","facility_level":"Primary","facility_level_option":"Unknown","latitude":5.71048699,"longitude":5.7263626,"geocoordinates_source":"NHFR_2024","last_updated":"2024-11-11"}},{"type":"Feature","id":47772,"geometry":{"type":"Point","coordinates":[5.75894000000005,5.56116000000003]},"properties":{"OBJECTID":47772,"globalid":"9f70a354-b86e-4d91-84d4-05233d00fe62","nhfr_uid":37383372,"nhfr_facility_code":"10/22/1/1/2/0047","country":"Nigeria","iso":"NGA","state":"Delta","lga":"Uvwie","lga_name_disagreement":0,"ward":"Ekpan 1","ward_name_disagreement":0,"facility_name":"Midland Specialist Clinic and Fertility Centre","facility_name_source":"NHFR_2024","ownership":"Private","ownership_type":"For Profit","facility_level":"Primary","facility_level_option":"Primary Health Clinic","latitude":5.56116,"longitude":5.75894,"geocoordinates_source":"NHFR_2024","last_updated":"2024-11-11"}},{"type":"Feature","id":48108,"geometry":{"type":"Point","coordinates":[6.62758000000002,6.17744000000005]},"properties":{"OBJECTID":48108,"globalid":"028d8993-3fee-446b-83a7-b85c08470ed1","nhfr_uid":26480525,"nhfr_facility_code":"10/14/1/1/1/0005","country":"Nigeria","iso":"NGA","state":"Delta","lga":"Oshimili North","lga_name_disagreement":0,"ward":"Ogbeowele","ward_name_disagreement":0,"facility_name":"Holy Cross Clinic and Maternity","facility_name_source":"NHFR_2024","ownership":"Private","ownership_type":"For Profit","facility_level":"Primary","facility_level_option":"Primary Health Clinic","latitude":6.17744,"longitude":6.62758,"geocoordinates_source":"NHFR_2024","last_updated":"2024-11-11"}},{"type":"Feature","id":48109,"geometry":{"type":"Point","coordinates":[6.66241000000002,6.23207000000002]},"properties":{"OBJECTID":48109,"globalid":"a5f259c5-bb99-4d8d-8ed7-926d3138decf","nhfr_uid":78505216,"nhfr_facility_code":"10/14/1/2/2/0017","country":"Nigeria","iso":"NGA","state":"Delta","lga":"Oshimili North","lga_name_disagreement":0,"ward":"Okpanam / Ugbolu","ward_name_disagreement":0,"facility_name":"Christain Medical Laboratory Service Ltd","facility_name_source":"NHFR_2024","ownership":"Private","ownership_type":"For Profit","facility_level":"Secondary","facility_level_option":"Unknown","latitude":6.23207,"longitude":6.66241,"geocoordinates_source":"NHFR_2024","last_updated":"2024-11-11"}},{"type":"Feature","id":48110,"geometry":{"type":"Point","coordinates":[6.70789000000002,6.21684000000005]},"properties":{"OBJECTID":48110,"globalid":"9125c735-8b87-405a-b57c-fc90671cc5a3","nhfr_uid":36067244,"nhfr_facility_code":"10/15/1/1/2/0014","country":"Nigeria","iso":"NGA","state":"Delta","lga":"Oshimili South","lga_name_disagreement":0,"ward":"West End","ward_name_disagreement":0,"facility_name":"Midland Clinic","facility_name_source":"NHFR_2024","ownership":"Private","ownership_type":"For Profit","facility_level":"Secondary","facility_level_option":"Unknown","latitude":6.21684,"longitude":6.70789,"geocoordinates_source":"NHFR_2024","last_updated":"2024-11-11"}},{"type":"Feature","id":48111,"geometry":{"type":"Point","coordinates":[6.70634000000007,6.19977000000006]},"properties":{"OBJECTID":48111,"globalid":"3cddfbde-2ec8-45e6-b823-8d7657c45412","nhfr_uid":85278100,"nhfr_facility_code":"10/15/1/1/2/0027","country":"Nigeria","iso":"NGA","state":"Delta","lga":"Oshimili South","lga_name_disagreement":0,"ward":"West End","ward_name_disagreement":0,"facility_name":"Berachah Community Clinic","facility_name_source":"NHFR_2024","ownership":"Private","ownership_type":"For Profit","facility_level":"Primary","facility_level_option":"Unknown","latitude":6.19977,"longitude":6.70634,"geocoordinates_source":"NHFR_2024","last_updated":"2024-11-11"}},{"type":"Feature","id":48112,"geometry":{"type":"Point","coordinates":[6.16563000000002,5.84472000000005]},"properties":{"OBJECTID":48112,"globalid":"62658801-77da-4f5a-b7fc-b3a910f5eacb","nhfr_uid":79711431,"nhfr_facility_code":"10/21/1/2/2/0035","country":"Nigeria","iso":"NGA","state":"Delta","lga":"Ukwuani","lga_name_disagreement":0,"ward":"Okuzu","ward_name_disagreement":0,"facility_name":"Scottysh Gee Memorial Hospital","facility_name_source":"NHFR_2024","ownership":"Private","ownership_type":"For Profit","facility_level":"Secondary","facility_level_option":"Unknown","latitude":5.84472,"longitude":6.16563,"geocoordinates_source":"NHFR_2024","last_updated":"2024-11-11"}},{"type":"Feature","id":48113,"geometry":{"type":"Point","coordinates":[6.20399000000003,5.75634000000002]},"properties":{"OBJECTID":48113,"globalid":"6f898924-11ff-4ce8-9772-2d0efc143175","nhfr_uid":23201379,"nhfr_facility_code":"10/21/1/2/2/0041","country":"Nigeria","iso":"NGA","state":"Delta","lga":"Ukwuani","lga_name_disagreement":0,"ward":"Amai","ward_name_disagreement":0,"facility_name":"Thereezek Hospital and Maternity","facility_name_source":"NHFR_2024","ownership":"Private","ownership_type":"For Profit","facility_level":"Secondary","facility_level_option":"Unknown","latitude":5.75634,"longitude":6.20399,"geocoordinates_source":"NHFR_2024","last_updated":"2024-11-11"}},{"type":"Feature","id":48289,"geometry":{"type":"Point","coordinates":[5.70715000000007,5.17498000000006]},"properties":{"OBJECTID":48289,"globalid":"645e3a2b-05c1-4c4d-bb98-e79897cfda22","nhfr_uid":59822694,"nhfr_facility_code":"10/04/1/1/1/0004","country":"Nigeria","iso":"NGA","state":"Delta","lga":"Burutu","lga_name_disagreement":0,"ward":"Egodor","ward_name_disagreement":0,"facility_name":"Enekorogha Primary Health Center","facility_name_source":"NHFR_2024","ownership":"Public","ownership_type":"Local Government","facility_level":"Primary","facility_level_option":"Primary Health Center","latitude":5.17498,"longitude":5.70715,"geocoordinates_source":"NHFR_2024","last_updated":"2024-11-11"}},{"type":"Feature","id":48290,"geometry":{"type":"Point","coordinates":[5.50248000000005,5.34969000000007]},"properties":{"OBJECTID":48290,"globalid":"e1f9b14b-3e0d-4665-804c-7c14be106ff3","nhfr_uid":17986266,"nhfr_facility_code":"10/04/1/1/2/0018","country":"Nigeria","iso":"NGA","state":"Delta","lga":"Burutu","lga_name_disagreement":0,"ward":"Obetebe","ward_name_disagreement":0,"facility_name":"Delta State School Of Marine Technology Burutu Clinic","facility_name_source":"NHFR_2024","ownership":"Private","ownership_type":"For Profit","facility_level":"Primary","facility_level_option":"Primary Health Clinic","latitude":5.34969,"longitude":5.50248,"geocoordinates_source":"NHFR_2024","last_updated":"2024-11-11"}},{"type":"Feature","id":48481,"geometry":{"type":"Point","coordinates":[6.20512941000004,5.47761164000002]},"properties":{"OBJECTID":48481,"globalid":"df929ca6-ad79-44e4-924d-e18b15247bc0","nhfr_uid":69812242,"nhfr_facility_code":"10/10/1/2/1/0004","country":"Nigeria","iso":"NGA","state":"Delta","lga":"Isoko South","lga_name_disagreement":0,"ward":"Oleh 1","ward_name_disagreement":0,"facility_name":"Oleh General Hospital","facility_name_source":"NHFR_2024","ownership":"Public","ownership_type":"Unknown","facility_level":"Secondary","facility_level_option":"Unknown","latitude":5.47761164,"longitude":6.20512941,"geocoordinates_source":"NHFR_2024","last_updated":"2024-11-11"}},{"type":"Feature","id":48521,"geometry":{"type":"Point","coordinates":[6.19727000000006,6.24238000000003]},"properties":{"OBJECTID":48521,"globalid":"6014e4a0-e28b-483f-bcf3-63ed7daf8c62","nhfr_uid":69947710,"nhfr_facility_code":"10/07/1/1/1/0004","country":"Nigeria","iso":"NGA","state":"Delta","lga":"Ika North East","lga_name_disagreement":0,"ward":"Boji-Boji 2","ward_name_disagreement":0,"facility_name":"Concept Clinic","facility_name_source":"NHFR_2024","ownership":"Private","ownership_type":"For Profit","facility_level":"Secondary","facility_level_option":"Unknown","latitude":6.24238,"longitude":6.19727,"geocoordinates_source":"NHFR_2024","last_updated":"2024-11-11"}},{"type":"Feature","id":48522,"geometry":{"type":"Point","coordinates":[6.19723000000005,6.24241000000006]},"properties":{"OBJECTID":48522,"globalid":"f3be16b9-4c55-4fab-afe5-69e4b0ee812d","nhfr_uid":58843692,"nhfr_facility_code":"10/07/1/1/2/0023","country":"Nigeria","iso":"NGA","state":"Delta","lga":"Ika North East","lga_name_disagreement":0,"ward":"Boji-Boji 1","ward_name_disagreement":0,"facility_name":"Heritage Of The Lord Hospital and Maternity Home","facility_name_source":"NHFR_2024","ownership":"Private","ownership_type":"For Profit","facility_level":"Primary","facility_level_option":"Unknown","latitude":6.24241,"longitude":6.19723,"geocoordinates_source":"NHFR_2024","last_updated":"2024-11-11"}},{"type":"Feature","id":48530,"geometry":{"type":"Point","coordinates":[5.75750000000005,5.48997000000003]},"properties":{"OBJECTID":48530,"globalid":"bb01754a-5479-41be-8434-a05242b7d6df","nhfr_uid":28554820,"nhfr_facility_code":"10/18/1/1/2/0037","country":"Nigeria","iso":"NGA","state":"Delta","lga":"Udu","lga_name_disagreement":0,"ward":"Aladja","ward_name_disagreement":0,"facility_name":"Rhema Nursing and Maternity Home","facility_name_source":"NHFR_2024","ownership":"Private","ownership_type":"For Profit","facility_level":"Primary","facility_level_option":"Unknown","latitude":5.48997,"longitude":5.7575,"geocoordinates_source":"NHFR_2024","last_updated":"2024-11-11"}},{"type":"Feature","id":48531,"geometry":{"type":"Point","coordinates":[5.81237000000004,5.50825000000003]},"properties":{"OBJECTID":48531,"globalid":"db5eb0ab-1ca5-4f66-ba95-79ab214e7f03","nhfr_uid":34309680,"nhfr_facility_code":"10/18/1/1/2/0011","country":"Nigeria","iso":"NGA","state":"Delta","lga":"Udu","lga_name_disagreement":0,"ward":"Orhuruworun","ward_name_disagreement":0,"facility_name":"Royal Clinic","facility_name_source":"NHFR_2024","ownership":"Public","ownership_type":"Local Government","facility_level":"Primary","facility_level_option":"Unknown","latitude":5.50825,"longitude":5.81237,"geocoordinates_source":"NHFR_2024","last_updated":"2024-11-11"}},{"type":"Feature","id":48567,"geometry":{"type":"Point","coordinates":[6.21254000000005,5.91764000000006]},"properties":{"OBJECTID":48567,"globalid":"554df785-13ed-4e6b-bdaa-0398725bda37","nhfr_uid":65982655,"nhfr_facility_code":"10/21/1/1/1/0040","country":"Nigeria","iso":"NGA","state":"Delta","lga":"Ukwuani","lga_name_disagreement":0,"ward":"Ebedei","ward_name_disagreement":0,"facility_name":"Adonishaka Primary Health Care Center","facility_name_source":"NHFR_2024","ownership":"Public","ownership_type":"Local Government","facility_level":"Primary","facility_level_option":"Unknown","latitude":5.91764,"longitude":6.21254,"geocoordinates_source":"NHFR_2024","last_updated":"2024-11-11"}},{"type":"Feature","id":48568,"geometry":{"type":"Point","coordinates":[6.21159000000006,5.75438000000003]},"properties":{"OBJECTID":48568,"globalid":"68155b2e-9317-44ce-800b-963b49fc5592","nhfr_uid":75778322,"nhfr_facility_code":"10/21/1/1/2/0004","country":"Nigeria","iso":"NGA","state":"Delta","lga":"Ukwuani","lga_name_disagreement":0,"ward":"Amai","ward_name_disagreement":0,"facility_name":"Amai Ishikaguma Primary Health Care Center","facility_name_source":"NHFR_2024","ownership":"Public","ownership_type":"Local Government","facility_level":"Primary","facility_level_option":"Primary Health Center","latitude":5.75438,"longitude":6.21159,"geocoordinates_source":"NHFR_2024","last_updated":"2024-11-11"}},{"type":"Feature","id":48569,"geometry":{"type":"Point","coordinates":[6.18805000000003,5.73804000000007]},"properties":{"OBJECTID":48569,"globalid":"bfa342ed-30b1-4cdc-971e-4c2b5dd49be8","nhfr_uid":72372097,"nhfr_facility_code":"10/21/1/1/2/0003","country":"Nigeria","iso":"NGA","state":"Delta","lga":"Ukwuani","lga_name_disagreement":0,"ward":"Amai","ward_name_disagreement":0,"facility_name":"Amai Umubu Primary Health Care Center","facility_name_source":"NHFR_2024","ownership":"Public","ownership_type":"Local Government","facility_level":"Primary","facility_level_option":"Primary Health Center","latitude":5.73804,"longitude":6.18805,"geocoordinates_source":"NHFR_2024","last_updated":"2024-11-11"}},{"type":"Feature","id":48580,"geometry":{"type":"Point","coordinates":[6.70094000000006,6.20529000000005]},"properties":{"OBJECTID":48580,"globalid":"79ee6d29-991c-4574-a9ab-0ca080af41f4","nhfr_uid":77235103,"nhfr_facility_code":"10/15/1/1/1/0013","country":"Nigeria","iso":"NGA","state":"Delta","lga":"Oshimili South","lga_name_disagreement":0,"ward":"West End","ward_name_disagreement":0,"facility_name":"Secretariat Clinic","facility_name_source":"NHFR_2024","ownership":"Public","ownership_type":"State Government","facility_level":"Primary","facility_level_option":"Unknown","latitude":6.20529,"longitude":6.70094,"geocoordinates_source":"NHFR_2024","last_updated":"2024-11-11"}},{"type":"Feature","id":48581,"geometry":{"type":"Point","coordinates":[6.74336000000005,6.18801000000008]},"properties":{"OBJECTID":48581,"globalid":"9df1a927-3f6b-41d6-aa3d-92213b094dc2","nhfr_uid":37034409,"nhfr_facility_code":"10/15/1/2/1/0002","country":"Nigeria","iso":"NGA","state":"Delta","lga":"Oshimili South","lga_name_disagreement":0,"ward":"Cable Point Ward","ward_name_disagreement":0,"facility_name":"St Rebecca'S Clinic","facility_name_source":"NHFR_2024","ownership":"Private","ownership_type":"For Profit","facility_level":"Secondary","facility_level_option":"Unknown","latitude":6.18801,"longitude":6.74336,"geocoordinates_source":"NHFR_2024","last_updated":"2024-11-11"}},{"type":"Feature","id":48883,"geometry":{"type":"Point","coordinates":[5.68491000000006,5.35446000000007]},"properties":{"OBJECTID":48883,"globalid":"e4bc8840-a820-49ca-b000-55b2d46e6ff7","nhfr_uid":22536632,"nhfr_facility_code":"10/04/1/2/1/0004","country":"Nigeria","iso":"NGA","state":"Delta","lga":"Burutu","lga_name_disagreement":0,"ward":"Obetebe","ward_name_disagreement":0,"facility_name":"Obotebe Primary Health Care Center","facility_name_source":"NHFR_2024","ownership":"Public","ownership_type":"Local Government","facility_level":"Primary","facility_level_option":"Primary Health Center","latitude":5.35446,"longitude":5.68491,"geocoordinates_source":"NHFR_2024","last_updated":"2024-11-11"}},{"type":"Feature","id":48884,"geometry":{"type":"Point","coordinates":[6.00337000000007,5.60376000000002]},"properties":{"OBJECTID":48884,"globalid":"b853a6a5-3752-4fce-a08b-cfdf9a8b537e","nhfr_uid":28549305,"nhfr_facility_code":"10/05/1/1/2/0001","country":"Nigeria","iso":"NGA","state":"Delta","lga":"Ethiope East","lga_name_disagreement":0,"ward":"Egbo Kokori","ward_name_disagreement":0,"facility_name":"Erhoike Cottage Hospital","facility_name_source":"NHFR_2024","ownership":"Public","ownership_type":"State Government","facility_level":"Secondary","facility_level_option":"Unknown","latitude":5.60376,"longitude":6.00337,"geocoordinates_source":"NHFR_2024","last_updated":"2024-11-11"}},{"type":"Feature","id":48885,"geometry":{"type":"Point","coordinates":[6.30822000000006,6.08292000000006]},"properties":{"OBJECTID":48885,"globalid":"b4da8488-108a-4309-93cb-1ccf500c3d80","nhfr_uid":44820147,"nhfr_facility_code":"10/08/1/1/2/0011","country":"Nigeria","iso":"NGA","state":"Delta","lga":"Ika South","lga_name_disagreement":0,"ward":"Ekuku Agbor","ward_name_disagreement":0,"facility_name":"Joy Nursing and Maternity Home","facility_name_source":"NHFR_2024","ownership":"Private","ownership_type":"For Profit","facility_level":"Primary","facility_level_option":"Unknown","latitude":6.08292,"longitude":6.30822,"geocoordinates_source":"NHFR_2024","last_updated":"2024-11-11"}},{"type":"Feature","id":48886,"geometry":{"type":"Point","coordinates":[6.20371000000006,6.25621000000007]},"properties":{"OBJECTID":48886,"globalid":"4e7ebd56-022f-4d8b-9cbe-ca0e5d63bdf5","nhfr_uid":53948458,"nhfr_facility_code":"10/08/1/2/1/0004","country":"Nigeria","iso":"NGA","state":"Delta","lga":"Ika South","lga_name_disagreement":0,"ward":"Boji-Boji 2 Agbor","ward_name_disagreement":0,"facility_name":"May Nursing Home","facility_name_source":"NHFR_2024","ownership":"Private","ownership_type":"For Profit","facility_level":"Primary","facility_level_option":"Primary Health Clinic","latitude":6.25621,"longitude":6.20371,"geocoordinates_source":"NHFR_2024","last_updated":"2024-11-11"}},{"type":"Feature","id":48889,"geometry":{"type":"Point","coordinates":[5.69000500000004,5.87318000000005]},"properties":{"OBJECTID":48889,"globalid":"7a1b7cbe-2a9f-4b93-bbb0-37c843ede8ce","nhfr_uid":16774425,"nhfr_facility_code":"10/17/1/1/1/0022","country":"Nigeria","iso":"NGA","state":"Delta","lga":"Sapele","lga_name_disagreement":0,"ward":"Amukpe","ward_name_disagreement":0,"facility_name":"Sussy'S Faith Nursing and Maternity Home","facility_name_source":"NHFR_2024","ownership":"Private","ownership_type":"For Profit","facility_level":"Primary","facility_level_option":"Primary Health Clinic","latitude":5.87318,"longitude":5.690005,"geocoordinates_source":"NHFR_2024","last_updated":"2024-11-11"}},{"type":"Feature","id":48890,"geometry":{"type":"Point","coordinates":[5.72035000000005,5.85748000000007]},"properties":{"OBJECTID":48890,"globalid":"737c2869-89e3-4744-a80b-e4955eec9b0b","nhfr_uid":74189057,"nhfr_facility_code":"10/17/1/1/1/0009","country":"Nigeria","iso":"NGA","state":"Delta","lga":"Sapele","lga_name_disagreement":0,"ward":"Amukpe","ward_name_disagreement":0,"facility_name":"Oghenechuvwoko Memorial Maternity Clinic","facility_name_source":"NHFR_2024","ownership":"Private","ownership_type":"For Profit","facility_level":"Primary","facility_level_option":"Primary Health Clinic","latitude":5.85748,"longitude":5.72035,"geocoordinates_source":"NHFR_2024","last_updated":"2024-11-11"}},{"type":"Feature","id":48891,"geometry":{"type":"Point","coordinates":[5.67627000000005,5.88958000000002]},"properties":{"OBJECTID":48891,"globalid":"aa23dc49-3e5b-4349-866a-3ec8b05d6fa0","nhfr_uid":36194425,"nhfr_facility_code":"10/17/1/1/2/0024","country":"Nigeria","iso":"NGA","state":"Delta","lga":"Sapele","lga_name_disagreement":0,"ward":"Okpe","ward_name_disagreement":0,"facility_name":"Mascap Hospital","facility_name_source":"NHFR_2024","ownership":"Private","ownership_type":"For Profit","facility_level":"Primary","facility_level_option":"Primary Health Clinic","latitude":5.88958,"longitude":5.67627,"geocoordinates_source":"NHFR_2024","last_updated":"2024-11-11"}},{"type":"Feature","id":48892,"geometry":{"type":"Point","coordinates":[5.87776000000002,5.58576000000005]},"properties":{"OBJECTID":48892,"globalid":"5b0d5483-00cb-4a8d-a17e-8da5c9e43dda","nhfr_uid":71253602,"nhfr_facility_code":"10/19/1/2/2/0047","country":"Nigeria","iso":"NGA","state":"Delta","lga":"Ughelli North","lga_name_disagreement":0,"ward":"Agbarho 1","ward_name_disagreement":0,"facility_name":"Choice Clinic","facility_name_source":"NHFR_2024","ownership":"Private","ownership_type":"For Profit","facility_level":"Secondary","facility_level_option":"Unknown","latitude":5.58576,"longitude":5.87776,"geocoordinates_source":"NHFR_2024","last_updated":"2024-11-11"}},{"type":"Feature","id":48893,"geometry":{"type":"Point","coordinates":[5.86852000000005,5.59665000000007]},"properties":{"OBJECTID":48893,"globalid":"3d379f67-089d-4b8a-8a41-69ceaa3d2f35","nhfr_uid":58660324,"nhfr_facility_code":"10/19/1/1/2/0004","country":"Nigeria","iso":"NGA","state":"Delta","lga":"Ughelli North","lga_name_disagreement":0,"ward":"Agbarho 1","ward_name_disagreement":0,"facility_name":"Arhoano Nursing and Maternity Home","facility_name_source":"NHFR_2024","ownership":"Private","ownership_type":"For Profit","facility_level":"Primary","facility_level_option":"Primary Health Center","latitude":5.59665,"longitude":5.86852,"geocoordinates_source":"NHFR_2024","last_updated":"2024-11-11"}},{"type":"Feature","id":48894,"geometry":{"type":"Point","coordinates":[5.86917000000005,5.58091000000007]},"properties":{"OBJECTID":48894,"globalid":"655131c4-2622-4947-a89d-99952dd8e4dd","nhfr_uid":25886024,"nhfr_facility_code":"10/19/1/1/1/0033","country":"Nigeria","iso":"NGA","state":"Delta","lga":"Ughelli North","lga_name_disagreement":0,"ward":"Agbarho 1","ward_name_disagreement":0,"facility_name":"Eloho Clinic","facility_name_source":"NHFR_2024","ownership":"Private","ownership_type":"For Profit","facility_level":"Secondary","facility_level_option":"Unknown","latitude":5.58091,"longitude":5.86917,"geocoordinates_source":"NHFR_2024","last_updated":"2024-11-11"}},{"type":"Feature","id":49008,"geometry":{"type":"Point","coordinates":[6.21179000000006,5.43813000000006]},"properties":{"OBJECTID":49008,"globalid":"83b113b7-eae7-4c0f-a3ed-c7aed4d012fe","nhfr_uid":39285760,"nhfr_facility_code":"10/10/1/2/2/0046","country":"Nigeria","iso":"NGA","state":"Delta","lga":"Isoko South","lga_name_disagreement":0,"ward":"Irri","ward_name_disagreement":0,"facility_name":"Elo Favour Clinic and Maternity","facility_name_source":"NHFR_2024","ownership":"Private","ownership_type":"For Profit","facility_level":"Secondary","facility_level_option":"Unknown","latitude":5.43813,"longitude":6.21179,"geocoordinates_source":"NHFR_2024","last_updated":"2024-11-11"}},{"type":"Feature","id":49009,"geometry":{"type":"Point","coordinates":[6.69592000000006,6.19909000000007]},"properties":{"OBJECTID":49009,"globalid":"dd7fa624-1e3b-4c54-8aef-fada28994285","nhfr_uid":45909952,"nhfr_facility_code":"10/15/1/1/2/0013","country":"Nigeria","iso":"NGA","state":"Delta","lga":"Oshimili South","lga_name_disagreement":0,"ward":"Umuezei","ward_name_disagreement":0,"facility_name":"Mayflower Clinic and Maternity","facility_name_source":"NHFR_2024","ownership":"Private","ownership_type":"For Profit","facility_level":"Primary","facility_level_option":"Unknown","latitude":6.19909,"longitude":6.69592,"geocoordinates_source":"NHFR_2024","last_updated":"2024-11-11"}},{"type":"Feature","id":49010,"geometry":{"type":"Point","coordinates":[5.79133000000007,5.49393000000003]},"properties":{"OBJECTID":49010,"globalid":"534e8c7c-0efe-41f7-9697-029cb340bda6","nhfr_uid":77281162,"nhfr_facility_code":"10/18/1/1/2/0044","country":"Nigeria","iso":"NGA","state":"Delta","lga":"Udu","lga_name_disagreement":0,"ward":"Ovwian","ward_name_disagreement":0,"facility_name":"Double Grace Clinic and Maternity","facility_name_source":"NHFR_2024","ownership":"Private","ownership_type":"For Profit","facility_level":"Primary","facility_level_option":"Primary Health Clinic","latitude":5.49393,"longitude":5.79133,"geocoordinates_source":"NHFR_2024","last_updated":"2024-11-11"}},{"type":"Feature","id":49011,"geometry":{"type":"Point","coordinates":[5.79636000000005,5.49665000000005]},"properties":{"OBJECTID":49011,"globalid":"3cd073f4-dadf-4496-b96e-2fb0e56851c2","nhfr_uid":56228297,"nhfr_facility_code":"10/18/1/1/1/0015","country":"Nigeria","iso":"NGA","state":"Delta","lga":"Udu","lga_name_disagreement":0,"ward":"Ovwian","ward_name_disagreement":0,"facility_name":"Twins Nursing and Maternity Home","facility_name_source":"NHFR_2024","ownership":"Private","ownership_type":"For Profit","facility_level":"Primary","facility_level_option":"Primary Health Clinic","latitude":5.49665,"longitude":5.79636,"geocoordinates_source":"NHFR_2024","last_updated":"2024-11-11"}},{"type":"Feature","id":49012,"geometry":{"type":"Point","coordinates":[6.01186000000007,5.49098000000004]},"properties":{"OBJECTID":49012,"globalid":"fa6a6a70-3fdf-4816-9ce6-ae023ce58867","nhfr_uid":36508173,"nhfr_facility_code":"10/19/1/2/2/0045","country":"Nigeria","iso":"NGA","state":"Delta","lga":"Ughelli North","lga_name_disagreement":0,"ward":"Ughelli Urban 1","ward_name_disagreement":0,"facility_name":"Messiah Maternity Clinic","facility_name_source":"NHFR_2024","ownership":"Private","ownership_type":"For Profit","facility_level":"Secondary","facility_level_option":"Unknown","latitude":5.49098,"longitude":6.01186,"geocoordinates_source":"NHFR_2024","last_updated":"2024-11-11"}},{"type":"Feature","id":49013,"geometry":{"type":"Point","coordinates":[6.02788000000004,5.51319000000007]},"properties":{"OBJECTID":49013,"globalid":"e694d85d-91c9-4c2d-84ec-753ea3614a08","nhfr_uid":43771334,"nhfr_facility_code":"10/19/1/1/2/0044","country":"Nigeria","iso":"NGA","state":"Delta","lga":"Ughelli North","lga_name_disagreement":0,"ward":"Afiesere","ward_name_disagreement":0,"facility_name":"Radiance Nursing and Maternity Home","facility_name_source":"NHFR_2024","ownership":"Private","ownership_type":"For Profit","facility_level":"Primary","facility_level_option":"Unknown","latitude":5.51319,"longitude":6.02788,"geocoordinates_source":"NHFR_2024","last_updated":"2024-11-11"}},{"type":"Feature","id":49507,"geometry":{"type":"Point","coordinates":[6.18814000000003,6.20099000000005]},"properties":{"OBJECTID":49507,"globalid":"4583b593-98b3-41a5-b0c3-46d4355643bb","nhfr_uid":50029133,"nhfr_facility_code":"10/07/1/1/2/0012","country":"Nigeria","iso":"NGA","state":"Delta","lga":"Ika North East","lga_name_disagreement":0,"ward":"Owa-Alizomor","ward_name_disagreement":0,"facility_name":"Owa Alizomor Primary Health Center","facility_name_source":"NHFR_2024","ownership":"Public","ownership_type":"Local Government","facility_level":"Primary","facility_level_option":"Unknown","latitude":6.20099,"longitude":6.18814,"geocoordinates_source":"NHFR_2024","last_updated":"2024-11-11"}},{"type":"Feature","id":49521,"geometry":{"type":"Point","coordinates":[6.18257000000006,6.17357000000004]},"properties":{"OBJECTID":49521,"globalid":"0a011f32-88af-4fc3-b574-758931a4eb75","nhfr_uid":55205153,"nhfr_facility_code":"10/07/1/2/1/0003","country":"Nigeria","iso":"NGA","state":"Delta","lga":"Ika North East","lga_name_disagreement":0,"ward":"Owa-Oyibu","ward_name_disagreement":0,"facility_name":"Owa Oyibu General Hospital","facility_name_source":"NHFR_2024","ownership":"Public","ownership_type":"State Government","facility_level":"Secondary","facility_level_option":"Unknown","latitude":6.17357,"longitude":6.18257,"geocoordinates_source":"NHFR_2024","last_updated":"2024-11-11"}},{"type":"Feature","id":49632,"geometry":{"type":"Point","coordinates":[5.66616000000005,5.76786000000004]},"properties":{"OBJECTID":49632,"globalid":"8b4ebb4e-4952-4e2d-baa1-e06c267ac15a","nhfr_uid":32607291,"nhfr_facility_code":"10/17/1/2/1/0002","country":"Nigeria","iso":"NGA","state":"Delta","lga":"Sapele","lga_name_disagreement":0,"ward":"Ugborhen","ward_name_disagreement":0,"facility_name":"Okuo Ovu Primary Health Center","facility_name_source":"NHFR_2024","ownership":"Public","ownership_type":"Local Government","facility_level":"Primary","facility_level_option":"Primary Health Center","latitude":5.76786,"longitude":5.66616,"geocoordinates_source":"NHFR_2024","last_updated":"2024-11-11"}},{"type":"Feature","id":49633,"geometry":{"type":"Point","coordinates":[5.60557000000006,5.81682000000006]},"properties":{"OBJECTID":49633,"globalid":"56642a51-5d9b-4183-b4a0-46890f852724","nhfr_uid":54247187,"nhfr_facility_code":"10/17/1/1/1/0026","country":"Nigeria","iso":"NGA","state":"Delta","lga":"Sapele","lga_name_disagreement":0,"ward":"Ugborhen","ward_name_disagreement":0,"facility_name":"Ugbukurusu Health Post","facility_name_source":"NHFR_2024","ownership":"Public","ownership_type":"Local Government","facility_level":"Primary","facility_level_option":"Primary Health Center","latitude":5.81682,"longitude":5.60557,"geocoordinates_source":"NHFR_2024","last_updated":"2024-11-11"}},{"type":"Feature","id":49637,"geometry":{"type":"Point","coordinates":[5.79729000000003,5.32707000000005]},"properties":{"OBJECTID":49637,"globalid":"d0835b6a-0d0f-4962-bb68-048264de66ee","nhfr_uid":20399656,"nhfr_facility_code":"10/20/1/1/2/0004","country":"Nigeria","iso":"NGA","state":"Delta","lga":"Ughelli South","lga_name_disagreement":0,"ward":"Ewu Ward 3","ward_name_disagreement":0,"facility_name":"Ofrukama Primary Health Center","facility_name_source":"NHFR_2024","ownership":"Public","ownership_type":"Local Government","facility_level":"Primary","facility_level_option":"Primary Health Center","latitude":5.32707,"longitude":5.79729,"geocoordinates_source":"NHFR_2024","last_updated":"2024-11-11"}},{"type":"Feature","id":49638,"geometry":{"type":"Point","coordinates":[5.86309000000006,5.20921000000004]},"properties":{"OBJECTID":49638,"globalid":"5ec00042-7831-4958-8a09-d9d5868bb1e7","nhfr_uid":78085524,"nhfr_facility_code":"10/20/1/1/2/0012","country":"Nigeria","iso":"NGA","state":"Delta","lga":"Ughelli South","lga_name_disagreement":0,"ward":"Ewu 2","ward_name_disagreement":0,"facility_name":"Olota Primary Health Center","facility_name_source":"NHFR_2024","ownership":"Public","ownership_type":"Local Government","facility_level":"Primary","facility_level_option":"Primary Health Center","latitude":5.20921,"longitude":5.86309,"geocoordinates_source":"NHFR_2024","last_updated":"2024-11-11"}},{"type":"Feature","id":49639,"geometry":{"type":"Point","coordinates":[5.75030000000004,5.52860000000004]},"properties":{"OBJECTID":49639,"globalid":"88d18515-cc3b-4baf-9988-8c3e53ade909","nhfr_uid":75983333,"nhfr_facility_code":"10/24/1/1/2/0070","country":"Nigeria","iso":"NGA","state":"Delta","lga":"Warri South","lga_name_disagreement":0,"ward":"Esisi","ward_name_disagreement":0,"facility_name":"Galway Skane Hospital","facility_name_source":"NHFR_2024","ownership":"Private","ownership_type":"For Profit","facility_level":"Primary","facility_level_option":"Primary Health Clinic","latitude":5.5286,"longitude":5.7503,"geocoordinates_source":"NHFR_2024","last_updated":"2024-11-11"}},{"type":"Feature","id":49640,"geometry":{"type":"Point","coordinates":[5.75804000000005,5.53570000000008]},"properties":{"OBJECTID":49640,"globalid":"b8a66c8f-0739-4653-b111-c076f5c93147","nhfr_uid":19235289,"nhfr_facility_code":"10/24/1/1/2/0024","country":"Nigeria","iso":"NGA","state":"Delta","lga":"Warri South","lga_name_disagreement":0,"ward":"Esisi","ward_name_disagreement":0,"facility_name":"Island Limited Clinic and Maternity","facility_name_source":"NHFR_2024","ownership":"Private","ownership_type":"For Profit","facility_level":"Primary","facility_level_option":"Primary Health Clinic","latitude":5.5357,"longitude":5.75804,"geocoordinates_source":"NHFR_2024","last_updated":"2024-11-11"}},{"type":"Feature","id":49675,"geometry":{"type":"Point","coordinates":[5.75243000000006,5.52922000000007]},"properties":{"OBJECTID":49675,"globalid":"3d1e1604-013a-4fc5-9886-b839c59cad0b","nhfr_uid":74259763,"nhfr_facility_code":"10/24/1/1/2/0058","country":"Nigeria","iso":"NGA","state":"Delta","lga":"Warri South","lga_name_disagreement":0,"ward":"Avenue","ward_name_disagreement":0,"facility_name":"Vicah Hospital","facility_name_source":"NHFR_2024","ownership":"Private","ownership_type":"For Profit","facility_level":"Primary","facility_level_option":"Primary Health Clinic","latitude":5.52922,"longitude":5.75243,"geocoordinates_source":"NHFR_2024","last_updated":"2024-11-11"}},{"type":"Feature","id":49676,"geometry":{"type":"Point","coordinates":[5.73316000000005,5.52636000000007]},"properties":{"OBJECTID":49676,"globalid":"effca275-ca5a-4a76-a96c-b8517d34af04","nhfr_uid":30535947,"nhfr_facility_code":"10/24/1/1/2/0068","country":"Nigeria","iso":"NGA","state":"Delta","lga":"Warri South","lga_name_disagreement":0,"ward":"Ekurede","ward_name_disagreement":0,"facility_name":"Harvard Hospital Specialist","facility_name_source":"NHFR_2024","ownership":"Private","ownership_type":"For Profit","facility_level":"Primary","facility_level_option":"Primary Health Clinic","latitude":5.52636,"longitude":5.73316,"geocoordinates_source":"NHFR_2024","last_updated":"2024-11-11"}},{"type":"Feature","id":49780,"geometry":{"type":"Point","coordinates":[6.69424000000004,6.30279000000007]},"properties":{"OBJECTID":49780,"globalid":"2b47f363-f527-4072-855c-d7b560eab28f","nhfr_uid":83685220,"nhfr_facility_code":"10/14/1/2/2/0020","country":"Nigeria","iso":"NGA","state":"Delta","lga":"Oshimili North","lga_name_disagreement":0,"ward":"Okpanam / Ugbolu","ward_name_disagreement":0,"facility_name":"Triumphant King Maternity Clinic","facility_name_source":"NHFR_2024","ownership":"Private","ownership_type":"For Profit","facility_level":"Secondary","facility_level_option":"Unknown","latitude":6.30279,"longitude":6.69424,"geocoordinates_source":"NHFR_2024","last_updated":"2024-11-11"}},{"type":"Feature","id":49913,"geometry":{"type":"Point","coordinates":[5.80582000000004,5.48439000000008]},"properties":{"OBJECTID":49913,"globalid":"46be37ae-e179-42b6-9a85-a84140874ede","nhfr_uid":21098790,"nhfr_facility_code":"10/18/1/1/2/0046","country":"Nigeria","iso":"NGA","state":"Delta","lga":"Udu","lga_name_disagreement":0,"ward":"Ovwian","ward_name_disagreement":0,"facility_name":"Alpha Hospital Specialist","facility_name_source":"NHFR_2024","ownership":"Private","ownership_type":"For Profit","facility_level":"Primary","facility_level_option":"Primary Health Clinic","latitude":5.48439,"longitude":5.80582,"geocoordinates_source":"NHFR_2024","last_updated":"2024-11-11"}},{"type":"Feature","id":49914,"geometry":{"type":"Point","coordinates":[5.78901000000008,5.49428000000006]},"properties":{"OBJECTID":49914,"globalid":"26a21dee-1b03-495b-a156-2099980fe232","nhfr_uid":27956840,"nhfr_facility_code":"10/18/1/1/1/0036","country":"Nigeria","iso":"NGA","state":"Delta","lga":"Udu","lga_name_disagreement":0,"ward":"Ovwian","ward_name_disagreement":0,"facility_name":"Efe Nursing and Maternity Home","facility_name_source":"NHFR_2024","ownership":"Private","ownership_type":"For Profit","facility_level":"Primary","facility_level_option":"Primary Health Clinic","latitude":5.49428,"longitude":5.78901,"geocoordinates_source":"NHFR_2024","last_updated":"2024-11-11"}},{"type":"Feature","id":49915,"geometry":{"type":"Point","coordinates":[5.79032000000007,5.49076000000002]},"properties":{"OBJECTID":49915,"globalid":"f097efbc-83b9-4aa0-9bd1-387a3ac0f26c","nhfr_uid":69154754,"nhfr_facility_code":"10/18/1/1/2/0043","country":"Nigeria","iso":"NGA","state":"Delta","lga":"Udu","lga_name_disagreement":0,"ward":"Ovwian","ward_name_disagreement":0,"facility_name":"Ejiroghene Nursing and Maternity Home","facility_name_source":"NHFR_2024","ownership":"Private","ownership_type":"For Profit","facility_level":"Primary","facility_level_option":"Primary Health Clinic","latitude":5.49076,"longitude":5.79032,"geocoordinates_source":"NHFR_2024","last_updated":"2024-11-11"}},{"type":"Feature","id":49972,"geometry":{"type":"Point","coordinates":[5.99524000000002,5.49105000000003]},"properties":{"OBJECTID":49972,"globalid":"ae8617ed-e2b4-4cb0-aab7-e60cb4641a58","nhfr_uid":71613981,"nhfr_facility_code":"10/19/1/1/2/0042","country":"Nigeria","iso":"NGA","state":"Delta","lga":"Ughelli North","lga_name_disagreement":0,"ward":"Ughelli Urban 2","ward_name_disagreement":0,"facility_name":"Zino Specialist Children Hospital","facility_name_source":"NHFR_2024","ownership":"Private","ownership_type":"For Profit","facility_level":"Primary","facility_level_option":"Health Post","latitude":5.49105,"longitude":5.99524,"geocoordinates_source":"NHFR_2024","last_updated":"2024-11-11"}},{"type":"Feature","id":50211,"geometry":{"type":"Point","coordinates":[5.81806000000006,5.49949000000004]},"properties":{"OBJECTID":50211,"globalid":"d2d62bdc-8161-40e8-a8c3-a76cf56ea09f","nhfr_uid":64208850,"nhfr_facility_code":"10/18/1/1/2/0050","country":"Nigeria","iso":"NGA","state":"Delta","lga":"Udu","lga_name_disagreement":0,"ward":"Orhuruworun","ward_name_disagreement":0,"facility_name":"Heartland Medical Center","facility_name_source":"NHFR_2024","ownership":"Private","ownership_type":"For Profit","facility_level":"Primary","facility_level_option":"Unknown","latitude":5.49949,"longitude":5.81806,"geocoordinates_source":"NHFR_2024","last_updated":"2024-11-11"}},{"type":"Feature","id":50212,"geometry":{"type":"Point","coordinates":[5.81698000000006,5.49439000000007]},"properties":{"OBJECTID":50212,"globalid":"804fbb9f-3094-4e61-b0dc-96e33fbe517c","nhfr_uid":16959524,"nhfr_facility_code":"10/18/1/1/2/0041","country":"Nigeria","iso":"NGA","state":"Delta","lga":"Udu","lga_name_disagreement":0,"ward":"Orhuruworun","ward_name_disagreement":0,"facility_name":"Jebthro Medicare","facility_name_source":"NHFR_2024","ownership":"Private","ownership_type":"For Profit","facility_level":"Primary","facility_level_option":"Primary Health Clinic","latitude":5.49439,"longitude":5.81698,"geocoordinates_source":"NHFR_2024","last_updated":"2024-11-11"}},{"type":"Feature","id":50213,"geometry":{"type":"Point","coordinates":[5.81510000000003,5.49968000000007]},"properties":{"OBJECTID":50213,"globalid":"1aae6cd1-e73b-40a9-b531-0e8ec6701fc7","nhfr_uid":53922397,"nhfr_facility_code":"10/18/1/1/1/0012","country":"Nigeria","iso":"NGA","state":"Delta","lga":"Udu","lga_name_disagreement":0,"ward":"Orhuruworun","ward_name_disagreement":0,"facility_name":"Rideno Clinic","facility_name_source":"NHFR_2024","ownership":"Public","ownership_type":"Local Government","facility_level":"Primary","facility_level_option":"Unknown","latitude":5.49968,"longitude":5.8151,"geocoordinates_source":"NHFR_2024","last_updated":"2024-11-11"}},{"type":"Feature","id":50273,"geometry":{"type":"Point","coordinates":[5.79146000000003,5.50451000000004]},"properties":{"OBJECTID":50273,"globalid":"71294b05-1654-4b5c-b80e-7b078d6796b8","nhfr_uid":52277858,"nhfr_facility_code":"10/18/1/1/2/0047","country":"Nigeria","iso":"NGA","state":"Delta","lga":"Udu","lga_name_disagreement":0,"ward":"Ovwian","ward_name_disagreement":0,"facility_name":"Anointing Medical Center","facility_name_source":"NHFR_2024","ownership":"Private","ownership_type":"For Profit","facility_level":"Primary","facility_level_option":"Primary Health Clinic","latitude":5.50451,"longitude":5.79146,"geocoordinates_source":"NHFR_2024","last_updated":"2024-11-11"}},{"type":"Feature","id":50274,"geometry":{"type":"Point","coordinates":[5.82940000000002,5.50876000000005]},"properties":{"OBJECTID":50274,"globalid":"25417340-9e75-4a5a-b4de-1ca92c14b8ab","nhfr_uid":30639922,"nhfr_facility_code":"10/18/1/1/2/0048","country":"Nigeria","iso":"NGA","state":"Delta","lga":"Udu","lga_name_disagreement":0,"ward":"Orhuruworun","ward_name_disagreement":0,"facility_name":"Elohim Nursing and Maternity Home","facility_name_source":"NHFR_2024","ownership":"Private","ownership_type":"For Profit","facility_level":"Primary","facility_level_option":"Primary Health Clinic","latitude":5.50876,"longitude":5.8294,"geocoordinates_source":"NHFR_2024","last_updated":"2024-11-11"}},{"type":"Feature","id":50334,"geometry":{"type":"Point","coordinates":[6.20652000000007,5.66628000000003]},"properties":{"OBJECTID":50334,"globalid":"542ee920-e661-4f59-be0b-221af19dc395","nhfr_uid":84310596,"nhfr_facility_code":"10/12/1/2/2/0001","country":"Nigeria","iso":"NGA","state":"Delta","lga":"Ndokwa West","lga_name_disagreement":0,"ward":"Abbi 1","ward_name_disagreement":0,"facility_name":"Catholic Hospital","facility_name_source":"NHFR_2024","ownership":"Private","ownership_type":"For Profit","facility_level":"Secondary","facility_level_option":"Unknown","latitude":5.66628,"longitude":6.20652,"geocoordinates_source":"NHFR_2024","last_updated":"2024-11-11"}},{"type":"Feature","id":50335,"geometry":{"type":"Point","coordinates":[6.41704000000004,5.68392000000006]},"properties":{"OBJECTID":50335,"globalid":"21ed530b-f39a-441b-978c-c4485565122a","nhfr_uid":69707235,"nhfr_facility_code":"10/12/1/1/2/0014","country":"Nigeria","iso":"NGA","state":"Delta","lga":"Ndokwa West","lga_name_disagreement":0,"ward":"Kwale","ward_name_disagreement":0,"facility_name":"Tabowei Medical Center","facility_name_source":"NHFR_2024","ownership":"Private","ownership_type":"For Profit","facility_level":"Secondary","facility_level_option":"Unknown","latitude":5.68392,"longitude":6.41704,"geocoordinates_source":"NHFR_2024","last_updated":"2024-11-11"}},{"type":"Feature","id":50392,"geometry":{"type":"Point","coordinates":[5.75884000000002,5.52232000000004]},"properties":{"OBJECTID":50392,"globalid":"5b527814-9f83-4e87-a679-f4385e6a7e55","nhfr_uid":46842308,"nhfr_facility_code":"10/24/1/1/2/0015","country":"Nigeria","iso":"NGA","state":"Delta","lga":"Warri South","lga_name_disagreement":0,"ward":"Igbudu","ward_name_disagreement":0,"facility_name":"Eternal Salvation Medical Hospital /Maternity Ltd","facility_name_source":"NHFR_2024","ownership":"Private","ownership_type":"For Profit","facility_level":"Primary","facility_level_option":"Primary Health Clinic","latitude":5.52232,"longitude":5.75884,"geocoordinates_source":"NHFR_2024","last_updated":"2024-11-11"}},{"type":"Feature","id":50393,"geometry":{"type":"Point","coordinates":[5.73282000000006,5.52396000000005]},"properties":{"OBJECTID":50393,"globalid":"15c07b25-324a-4553-84da-219a24e878b6","nhfr_uid":29532684,"nhfr_facility_code":"10/24/1/1/2/0063","country":"Nigeria","iso":"NGA","state":"Delta","lga":"Warri South","lga_name_disagreement":0,"ward":"Ekurede","ward_name_disagreement":0,"facility_name":"Divine Moving Star Clinic and Maternity","facility_name_source":"NHFR_2024","ownership":"Private","ownership_type":"For Profit","facility_level":"Primary","facility_level_option":"Primary Health Clinic","latitude":5.52396,"longitude":5.73282,"geocoordinates_source":"NHFR_2024","last_updated":"2024-11-11"}},{"type":"Feature","id":50527,"geometry":{"type":"Point","coordinates":[6.74589000000003,6.17448000000007]},"properties":{"OBJECTID":50527,"globalid":"dc1a2bd9-4715-4112-a0b3-8b13b06125ae","nhfr_uid":41920662,"nhfr_facility_code":"10/15/1/1/1/0019","country":"Nigeria","iso":"NGA","state":"Delta","lga":"Oshimili South","lga_name_disagreement":0,"ward":"Okwe","ward_name_disagreement":0,"facility_name":"Police Clinic","facility_name_source":"NHFR_2024","ownership":"Public","ownership_type":"State Government","facility_level":"Secondary","facility_level_option":"Unknown","latitude":6.17448,"longitude":6.74589,"geocoordinates_source":"NHFR_2024","last_updated":"2024-11-11"}},{"type":"Feature","id":50534,"geometry":{"type":"Point","coordinates":[5.77968000000004,5.41911000000005]},"properties":{"OBJECTID":50534,"globalid":"180cf64e-7331-49e2-a040-90f6ce697f0d","nhfr_uid":16013811,"nhfr_facility_code":"10/20/1/1/1/0006","country":"Nigeria","iso":"NGA","state":"Delta","lga":"Ughelli South","lga_name_disagreement":0,"ward":"Jeremi 4","ward_name_disagreement":0,"facility_name":"Esaba Health Post","facility_name_source":"NHFR_2024","ownership":"Public","ownership_type":"Local Government","facility_level":"Primary","facility_level_option":"Health Post","latitude":5.41911,"longitude":5.77968,"geocoordinates_source":"NHFR_2024","last_updated":"2024-11-11"}},{"type":"Feature","id":50535,"geometry":{"type":"Point","coordinates":[5.82802000000004,5.55012000000005]},"properties":{"OBJECTID":50535,"globalid":"03b9bb36-f281-417c-80bc-76dbf5e6f49e","nhfr_uid":54587493,"nhfr_facility_code":"10/20/1/2/2/0028","country":"Nigeria","iso":"NGA","state":"Delta","lga":"Ughelli South","lga_name_disagreement":0,"ward":"Ekakpamre","ward_name_disagreement":0,"facility_name":"Carter Care Hospital Specialist","facility_name_source":"NHFR_2024","ownership":"Private","ownership_type":"For Profit","facility_level":"Secondary","facility_level_option":"Unknown","latitude":5.55012,"longitude":5.82802,"geocoordinates_source":"NHFR_2024","last_updated":"2024-11-11"}},{"type":"Feature","id":50536,"geometry":{"type":"Point","coordinates":[5.88118000000003,5.19468000000006]},"properties":{"OBJECTID":50536,"globalid":"4a20f205-f4b3-42d6-8998-1bffc771539a","nhfr_uid":37449707,"nhfr_facility_code":"10/20/1/1/2/0005","country":"Nigeria","iso":"NGA","state":"Delta","lga":"Ughelli South","lga_name_disagreement":0,"ward":"Ewu 2","ward_name_disagreement":0,"facility_name":"Gbaregolor Primary Health Center","facility_name_source":"NHFR_2024","ownership":"Public","ownership_type":"Local Government","facility_level":"Primary","facility_level_option":"Primary Health Center","latitude":5.19468,"longitude":5.88118,"geocoordinates_source":"NHFR_2024","last_updated":"2024-11-11"}},{"type":"Feature","id":50537,"geometry":{"type":"Point","coordinates":[5.81602000000004,5.56466000000006]},"properties":{"OBJECTID":50537,"globalid":"bc8fdb59-aa00-4b7b-8934-b1b9a04e70fc","nhfr_uid":39062374,"nhfr_facility_code":"10/22/1/2/2/0034","country":"Nigeria","iso":"NGA","state":"Delta","lga":"Uvwie","lga_name_disagreement":0,"ward":"Ugbomro","ward_name_disagreement":0,"facility_name":"Pharez and Diagnostics Hospital","facility_name_source":"NHFR_2024","ownership":"Private","ownership_type":"For Profit","facility_level":"Secondary","facility_level_option":"Unknown","latitude":5.56466,"longitude":5.81602,"geocoordinates_source":"NHFR_2024","last_updated":"2024-11-11"}},{"type":"Feature","id":50538,"geometry":{"type":"Point","coordinates":[5.80013000000002,5.55835000000008]},"properties":{"OBJECTID":50538,"globalid":"5400e902-5716-4876-b70a-aad60dd3e68c","nhfr_uid":14600936,"nhfr_facility_code":"10/22/1/1/2/0046","country":"Nigeria","iso":"NGA","state":"Delta","lga":"Uvwie","lga_name_disagreement":0,"ward":"Ugbomro","ward_name_disagreement":0,"facility_name":"Xrist Ville Hill Hospital","facility_name_source":"NHFR_2024","ownership":"Private","ownership_type":"For Profit","facility_level":"Primary","facility_level_option":"Unknown","latitude":5.55835,"longitude":5.80013,"geocoordinates_source":"NHFR_2024","last_updated":"2024-11-11"}},{"type":"Feature","id":50539,"geometry":{"type":"Point","coordinates":[5.77785000000006,5.54828000000003]},"properties":{"OBJECTID":50539,"globalid":"599a9ed3-ed60-4a03-958d-d603b0e34581","nhfr_uid":32244360,"nhfr_facility_code":"10/22/1/2/2/0033","country":"Nigeria","iso":"NGA","state":"Delta","lga":"Uvwie","lga_name_disagreement":0,"ward":"Ugborikoko","ward_name_disagreement":0,"facility_name":"Capitol Hill Hospital Clinic","facility_name_source":"NHFR_2024","ownership":"Private","ownership_type":"For Profit","facility_level":"Secondary","facility_level_option":"Unknown","latitude":5.54828,"longitude":5.77785,"geocoordinates_source":"NHFR_2024","last_updated":"2024-11-11"}},{"type":"Feature","id":50542,"geometry":{"type":"Point","coordinates":[5.74214000000006,5.51665000000003]},"properties":{"OBJECTID":50542,"globalid":"1e64c09c-1115-4a7e-88f4-30646d72b366","nhfr_uid":69818921,"nhfr_facility_code":"10/24/1/1/2/0062","country":"Nigeria","iso":"NGA","state":"Delta","lga":"Warri South","lga_name_disagreement":0,"ward":"Esisi","ward_name_disagreement":0,"facility_name":"Divine Charity Clinic","facility_name_source":"NHFR_2024","ownership":"Private","ownership_type":"For Profit","facility_level":"Primary","facility_level_option":"Primary Health Clinic","latitude":5.51665,"longitude":5.74214,"geocoordinates_source":"NHFR_2024","last_updated":"2024-11-11"}},{"type":"Feature","id":50543,"geometry":{"type":"Point","coordinates":[5.75587000000007,5.51635000000005]},"properties":{"OBJECTID":50543,"globalid":"6be4b7b3-b54b-4581-a120-6ed27e617732","nhfr_uid":76380273,"nhfr_facility_code":"10/24/1/1/2/0074","country":"Nigeria","iso":"NGA","state":"Delta","lga":"Warri South","lga_name_disagreement":0,"ward":"Bowen","ward_name_disagreement":0,"facility_name":"Unity Clinic","facility_name_source":"NHFR_2024","ownership":"Private","ownership_type":"For Profit","facility_level":"Primary","facility_level_option":"Primary Health Clinic","latitude":5.51635,"longitude":5.75587,"geocoordinates_source":"NHFR_2024","last_updated":"2024-11-11"}},{"type":"Feature","id":50544,"geometry":{"type":"Point","coordinates":[5.70108000000005,5.57255000000004]},"properties":{"OBJECTID":50544,"globalid":"c6156180-f711-4ee8-bfb7-e9f9fc1456ad","nhfr_uid":23406579,"nhfr_facility_code":"10/24/1/1/2/0026","country":"Nigeria","iso":"NGA","state":"Delta","lga":"Warri South","lga_name_disagreement":0,"ward":"Ubeji","ward_name_disagreement":0,"facility_name":"Mascap Hospital","facility_name_source":"NHFR_2024","ownership":"Private","ownership_type":"For Profit","facility_level":"Primary","facility_level_option":"Primary Health Clinic","latitude":5.57255,"longitude":5.70108,"geocoordinates_source":"NHFR_2024","last_updated":"2024-11-11"}},{"type":"Feature","id":50545,"geometry":{"type":"Point","coordinates":[5.75550000000004,5.51754000000005]},"properties":{"OBJECTID":50545,"globalid":"109154fc-ab63-42ef-9e5f-91a3eab976d5","nhfr_uid":34071888,"nhfr_facility_code":"10/24/1/1/2/0028","country":"Nigeria","iso":"NGA","state":"Delta","lga":"Warri South","lga_name_disagreement":0,"ward":"Bowen","ward_name_disagreement":0,"facility_name":"Mid West Maternity Home","facility_name_source":"NHFR_2024","ownership":"Private","ownership_type":"For Profit","facility_level":"Primary","facility_level_option":"Primary Health Clinic","latitude":5.51754,"longitude":5.7555,"geocoordinates_source":"NHFR_2024","last_updated":"2024-11-11"}},{"type":"Feature","id":50615,"geometry":{"type":"Point","coordinates":[5.75153000000006,5.52415000000002]},"properties":{"OBJECTID":50615,"globalid":"c08a404b-85e9-43ec-8b4d-afab74086384","nhfr_uid":17232266,"nhfr_facility_code":"10/24/1/1/2/0073","country":"Nigeria","iso":"NGA","state":"Delta","lga":"Warri South","lga_name_disagreement":0,"ward":"Okere Ward","ward_name_disagreement":0,"facility_name":"St Georges Specialist Clinic","facility_name_source":"NHFR_2024","ownership":"Private","ownership_type":"For Profit","facility_level":"Primary","facility_level_option":"Primary Health Clinic","latitude":5.52415,"longitude":5.75153,"geocoordinates_source":"NHFR_2024","last_updated":"2024-11-11"}},{"type":"Feature","id":50683,"geometry":{"type":"Point","coordinates":[5.75663000000003,5.54203000000007]},"properties":{"OBJECTID":50683,"globalid":"98095b79-01c5-48d1-962d-e71f589b154b","nhfr_uid":51570641,"nhfr_facility_code":"10/22/1/1/2/0015","country":"Nigeria","iso":"NGA","state":"Delta","lga":"Uvwie","lga_name_disagreement":0,"ward":"Ugborikoko","ward_name_disagreement":0,"facility_name":"Rapha Children Specialist Clinic.","facility_name_source":"NHFR_2024","ownership":"Private","ownership_type":"For Profit","facility_level":"Secondary","facility_level_option":"Unknown","latitude":5.54203,"longitude":5.75663,"geocoordinates_source":"NHFR_2024","last_updated":"2024-11-11"}},{"type":"Feature","id":50685,"geometry":{"type":"Point","coordinates":[5.79455000000007,5.56011000000007]},"properties":{"OBJECTID":50685,"globalid":"a392275c-fcde-42fe-842e-3e8743b560ec","nhfr_uid":56596004,"nhfr_facility_code":"10/22/1/1/1/0024","country":"Nigeria","iso":"NGA","state":"Delta","lga":"Uvwie","lga_name_disagreement":0,"ward":"Alaka","ward_name_disagreement":0,"facility_name":"The Pinnacle International Medical Center","facility_name_source":"NHFR_2024","ownership":"Private","ownership_type":"For Profit","facility_level":"Primary","facility_level_option":"Primary Health Clinic","latitude":5.56011,"longitude":5.79455,"geocoordinates_source":"NHFR_2024","last_updated":"2024-11-11"}}]}