{"type":"FeatureCollection","crs":{"type":"name","properties":{"name":"EPSG:4326"}},"features":[{"type":"Feature","id":19,"geometry":{"type":"Polygon","coordinates":[[[5.2471964340682,5.62202088475607],[5.22816074602167,5.61934399063273],[5.20525843362987,5.60595952271387],[5.1912791010497,5.59584681357961],[5.18099359977487,5.59203961823385],[5.17014157507367,5.59383549241409],[5.14965148093114,5.60917698223199],[5.12146403363829,5.64324259177226],[5.10395146708657,5.67815747428807],[5.09132525625563,5.7003578289507],[5.08447129361537,5.71302779629582],[5.08424556558043,5.71589771730584],[5.08411226177151,5.71758434184397],[5.08056835194793,5.72438971681203],[5.08112339103172,5.73644543370983],[5.07980433919892,5.74677630578191],[5.06783847356672,5.76669106044415],[5.04083436141667,5.78273020113789],[5.02604496000697,5.81790463519081],[5.00923722811564,5.84467692729839],[4.99999666171664,5.85749673878354],[4.97678403015891,5.88773874844452],[4.98278139934217,5.89573685017552],[4.98448446618522,5.89660803333413],[4.98548639458147,5.89596496591048],[4.98557920731463,5.89777450978585],[4.98438469090081,5.89927793972521],[4.99735997178533,5.9188770368458],[5.01438718142333,5.94411330938175],[5.01810794112862,5.95052104820786],[5.02017455261358,5.95506864370299],[5.03423484935888,5.98873679876431],[5.03968954243851,6.00018453618742],[5.04691557619293,6.01446035636042],[5.05299902038854,6.02766609211653],[5.0626878736465,6.04898214341125],[5.07592964163968,6.07804870588313],[5.08332358871269,6.09243710318981],[5.09216304129137,6.10892948420837],[5.10112094897266,6.12487888335386],[5.11904048932718,6.14999342006035],[5.12695598563027,6.1639466291337],[5.13443828389973,6.16937279302005],[5.13310241744267,6.16467761967647],[5.13869451523976,6.15901742701271],[5.14177535964518,6.15495525228312],[5.14349174544776,6.15123796486023],[5.14296293239346,6.14330673221997],[5.14554214485418,6.14164161676723],[5.15459489773639,6.14418792663156],[5.15786218599112,6.1467070580843],[5.161456108013,6.14271354659297],[5.16398094386551,6.14596556076208],[5.16290903112696,6.1479306226002],[5.16465091720613,6.1550931929965],[5.16425180437733,6.15908670358857],[5.16869449575444,6.16357469561575],[5.17362787162904,6.16122390555887],[5.17663145168018,6.15948629395734],[5.18001170377715,6.15850675688137],[5.18191242182087,6.15687751808304],[5.18244123487511,6.15441036204862],[5.18064593805963,6.14935847171614],[5.1840271946993,6.14736032471927],[5.1896681589584,6.15194179497792],[5.19372081796143,6.1517663003745],[5.19583558904122,6.15088510506359],[5.19883155723062,6.14700794156329],[5.20259395824462,6.14544053655158],[5.20597467439177,6.14781965165565],[5.20619993567851,6.15163159002589],[5.21040463676462,6.15305612693874],[5.21759010120223,6.14914441598205],[5.22238231409256,6.14794612421429],[5.22278190356207,6.14395261272296],[5.21838880260123,6.1407578044292],[5.21719098837349,6.13556600117005],[5.2215836117943,6.13077378827973],[5.22517800955757,6.12518287219183],[5.23054408973798,6.11875200280275],[5.23373889893111,6.11236238531586],[5.23244341742981,6.10029933804407],[5.23364170919757,6.09390972325519],[5.23364170919757,6.08831880626792],[5.23404082112705,6.08033178418452],[5.23483952342531,6.07274435067131],[5.23408469005648,6.07063100771489],[5.23404082112705,6.0647573276886],[5.24003132578508,6.0615625202941],[5.24631365684985,6.06287858997501],[5.24988802671112,6.063346843582],[5.25760277544776,6.06435773911841],[5.27016973534506,6.05429601704759],[5.26826906226745,6.05253601142783],[5.26581119443114,6.04144600183156],[5.26313756844405,6.03102186466737],[5.25977443674088,6.02267196973565],[5.25574659183178,6.01084879233792],[5.25240444131197,5.99764469514662],[5.24858497471683,5.98423174210126],[5.249889601424,5.96770504295341],[5.2542388325561,5.95465734775843],[5.25684808686975,5.947698863212],[5.26424192422547,5.94073990202492],[5.26902602972751,5.93682602190341],[5.2704861051497,5.91654327725047],[5.2725529027943,5.91288251761415],[5.27598451607258,5.90681627565067],[5.29207681569255,5.90986088187424],[5.30512403424683,5.91725424168993],[5.31593727028883,5.93229273192406],[5.32608079918958,5.94180345556509],[5.33477878571244,5.94919729202144],[5.3413028734289,5.95615577836651],[5.35000133479383,5.96093988476792],[5.35869932221601,5.96963834793144],[5.34521722839241,5.97529220577076],[5.33999824582241,5.98268556738509],[5.33651876432958,5.98442554600217],[5.32695054972811,5.98268556738509],[5.32608079918958,5.99007940294211],[5.32695054972811,5.99442863497359],[5.32303619386528,6.00530147628217],[5.32738542589675,6.01834917057784],[5.33434390864454,6.02139329926138],[5.34043644318734,6.02002253461234],[5.34435938307911,6.01740708307045],[5.35871170408194,6.01871218731765],[5.36784504341409,6.02088656366402],[5.38002251142979,6.02045168929408],[5.39041183943488,6.01902689877238],[5.39434002327351,6.02041640259495],[5.40189789157449,6.02308955194133],[5.41335676620184,6.02145256998017],[5.4180312002797,6.01158442518113],[5.41756103921063,6.00937047057079],[5.42808960295287,6.00704731937833],[5.43332813588484,6.00999369625214],[5.43365524629263,6.01424994467925],[5.43332813588484,6.0191608896634],[5.42939899786552,6.02472653390248],[5.42972658491402,6.0319291592034],[5.43565128707729,6.03621974014897],[5.4392208896324,6.03880467499579],[5.44277848983546,6.04135243096994],[5.44463205192773,6.03922557839775],[5.45209455521962,6.03429794289582],[5.4530601501059,6.027536869431],[5.45340394923289,6.02513074858524],[5.45619106336693,6.02239656405021],[5.45846319242241,6.02304601666037],[5.46551799795731,6.0277500150512],[5.47367763501489,6.02735185640307],[5.47356427637033,6.00151312982712],[5.47155083370404,5.9784359856323],[5.47495819766272,5.94776971540011],[5.46957155718167,5.93145700183919],[5.50015199971506,5.93138300022531],[5.49803500011524,5.92888600018881],[5.50041800029055,5.91939799971794],[5.50859100037439,5.91119500004925],[5.51240399994469,5.9044490001213],[5.52605399989221,5.89269699956691],[5.53179800037748,5.89121599961874],[5.53431599958378,5.89002200031513],[5.54006899958472,5.88900300008845],[5.54810299955386,5.88656400002861],[5.55011000037626,5.88238000043674],[5.54912800005718,5.87871000026632],[5.54746899999441,5.87597299995406],[5.54704612977514,5.87161351655061],[5.54690600011185,5.86976200041602],[5.54200399978481,5.8661589997381],[5.53825400042183,5.86253499989039],[5.54944700037879,5.85566399959396],[5.54915799964203,5.85198099972342],[5.54678099974342,5.84764300022431],[5.54602900013828,5.8439699999156],[5.54343500012521,5.84055799995178],[5.54562699958643,5.83337799979489],[5.54929699975679,5.83216399956899],[5.55248800032103,5.82980499960109],[5.55564700030885,5.82537400030992],[5.55651900005188,5.82236299995253],[5.56031899992195,5.81469599982057],[5.56183200044649,5.80844900042109],[5.56674999971278,5.79868799995131],[5.56843500007523,5.78875100035845],[5.56997800018462,5.78434500042147],[5.57074999981268,5.77825300007595],[5.56914599958827,5.77560500027062],[5.56175000026235,5.77480900043508],[5.5561799997073,5.77282899995845],[5.54903500026512,5.77317999995711],[5.54149723810713,5.77078595700635],[5.53293699984272,5.77621799976095],[5.52771600009339,5.78137800029452],[5.52343300043265,5.78766999997055],[5.50846600000597,5.78651499976746],[5.50521200013372,5.78774799997029],[5.50249900002888,5.79125099963397],[5.49542700035585,5.79620999989163],[5.48481800035046,5.79638800000623],[5.47840000025985,5.7988019998125],[5.47219400005309,5.80029000008346],[5.46695799961202,5.80452500022864],[5.46374900001638,5.80541599994848],[5.4607537899555,5.81503039923359],[5.45767608957993,5.81895210525551],[5.45475183782708,5.82496698244034],[5.45080656597031,5.82498402189515],[5.44705926187549,5.82248795985151],[5.44285429009346,5.82220318682766],[5.43872675173827,5.82278430804945],[5.43334610613795,5.82598716257752],[5.43122815235739,5.82618818443723],[5.4272502189225,5.82390561515206],[5.42476023629592,5.82393998004608],[5.42268746175699,5.82463994667626],[5.416376866799,5.82991012405301],[5.4137235600943,5.8280958650322],[5.41074324370578,5.82015552405824],[5.40797047285906,5.81966626408689],[5.40023297037533,5.82311838370651],[5.38671771495063,5.82416161526641],[5.38115193041733,5.82335748555954],[5.37832357157561,5.82087776239888],[5.37464939225572,5.81647109426564],[5.37044093829871,5.81428046627053],[5.366806555778,5.81142410793626],[5.36630592567798,5.80500886696569],[5.36442255375789,5.80187112425301],[5.35388675496984,5.80469945071911],[5.34647047862973,5.80116456829023],[5.3339487672219,5.7911001239716],[5.33172923231825,5.78688796390844],[5.33208176835899,5.78413267768099],[5.33423489192677,5.77578781895272],[5.33330633921622,5.7664121959661],[5.33265578493655,5.76010296527966],[5.34100830139204,5.74525503868915],[5.33955156874993,5.74169515960398],[5.3339717107259,5.73644703270446],[5.32443289226421,5.72940574937587],[5.33818361358294,5.72309506628432],[5.38603576803632,5.72080900942831],[5.43401756875585,5.70889438716631],[5.45677383304599,5.68530940030865],[5.45163486855438,5.6783815439731],[5.44199871826629,5.67385508434472],[5.43359502588976,5.66875255408718],[5.43243692122701,5.66326988309868],[5.43319892129324,5.65802331742219],[5.43504084435955,5.65227287958976],[5.41279204861422,5.64700522571064],[5.39924303533786,5.63728365601594],[5.38780770765965,5.60804155217596],[5.37353094229917,5.59852370770301],[5.35122349456867,5.59614424725925],[5.30125481355884,5.61399020418463],[5.2471964340682,5.62202088475607]]]},"properties":{"FID":19,"globalid":"2a2f74e9-1f1c-4540-bd9a-621d087e7a6f","uniq_id":28947,"timestamp":1565308800000,"editor":"nuraddeen.isah","lganame":"Warri North","lgacode":"10023","statename":"Delta","statecode":"DE","source":"eHA_Polio","amapcode":"NIE DTS KLK","Shape__Area":0.17913029318039086,"Shape__Length":2.7056168317846017}},{"type":"Feature","id":22,"geometry":{"type":"MultiPolygon","coordinates":[[[[5.77340699963338,5.18342599971015],[5.77860099993626,5.17642699980627],[5.78848880391524,5.18200465359195],[5.80039079429974,5.18720605891252],[5.8072131547633,5.18751121596989],[5.81313337110822,5.1884532126457],[5.81861300688479,5.18938221411793],[5.82815135590039,5.18682264734736],[5.83272194795956,5.1802358301195],[5.83872559531005,5.17616037600061],[5.84459099977488,5.17738199977953],[5.8552779997799,5.18203999964629],[5.86379397521182,5.18479054644661],[5.87906288434471,5.17621111395181],[5.88027042024373,5.13870774606568],[5.88135332089911,5.1095089913469],[5.88077274556582,5.1095089913469],[5.87764501590482,5.10525846530595],[5.87789249404341,5.10030508041518],[5.87838792786062,5.09708595265465],[5.87764501590482,5.09138965580803],[5.87442541060426,5.08618879277861],[5.87170124091961,5.08123540878711],[5.87021493856861,5.07603454575775],[5.87009169637474,5.07521290175407],[5.86947202661281,5.07108163840695],[5.86789421284772,5.06837613055404],[5.86773872366319,5.0681095121443],[5.8650621461012,5.06952899756521],[5.86374363476097,5.07279895500784],[5.8630819315859,5.07444000190463],[5.86230474826556,5.0748385760395],[5.85738325063653,5.07736253685164],[5.85314559929003,5.07546281795476],[5.85197639519453,5.07020282719878],[5.84832382208674,5.06654977834967],[5.84087133364517,5.06757259439973],[5.83999490743906,5.07078695305546],[5.83951091839424,5.07453632379236],[5.8405790332958,5.08057737394671],[5.84014081974311,5.083061217801],[5.8353190416405,5.08247661620294],[5.83064317674126,5.0802850717987],[5.8255290991886,5.07750845005495],[5.8226065642416,5.07575511920345],[5.82155298957883,5.07549167180326],[5.82026863089266,5.07517051670601],[5.8173460959456,5.07736253685164],[5.81530046474472,5.08189249034621],[5.8141312597499,5.08452224740387],[5.81368143684887,5.08468934233935],[5.80901718129792,5.08642196720007],[5.8055105213935,5.08364582119776],[5.80361080159724,5.08189249034621],[5.7974739070952,5.083061217801],[5.79133653595244,5.08583736380336],[5.78914499334684,5.08437633509982],[5.78987550724889,5.07867765415045],[5.78812217729671,5.0725407596484],[5.78417682629953,5.06932592435197],[5.78044319189985,5.06495857188065],[5.77901887891818,5.05801391620929],[5.77563571931307,5.05747985830885],[5.77349901196988,5.06121921509475],[5.76922559728354,5.06335592333721],[5.76423978823567,5.06424617841844],[5.75836372410663,5.06104087773434],[5.75487481502074,5.05719335139213],[5.75195360207709,5.05374050062363],[5.74857044157267,5.05320644362251],[5.74305057462436,5.05569934814645],[5.73646211613379,5.05658960322768],[5.73058605200475,5.0544528967838],[5.72844934466156,5.05071353909858],[5.72453212715601,5.04109811818364],[5.71950886674085,5.03122462061981],[5.71936845828776,5.03094864026758],[5.71028709437394,5.02382612207793],[5.70209646128274,5.0229358669967],[5.69123458900515,5.02418232015799],[5.68215370173198,5.02792167694389],[5.67556524324141,5.02988004692668],[5.66666221578868,5.02827787412463],[5.66368508659752,5.0243086632143],[5.66345691690321,5.02400445943829],[5.66345691690321,5.01884031303007],[5.66363525426362,5.01510095624417],[5.66180896770976,5.01288366335041],[5.656670569791,5.01177644772491],[5.64789342943828,5.01177644772491],[5.64232873937988,5.0156021124476],[5.63764888418871,5.01698857656163],[5.6329388612395,5.0183839799368],[5.62528801023353,5.02603530938205],[5.61972331927581,5.03472948098079],[5.61102914767707,5.03890275975459],[5.59920454035728,5.0423808104261],[5.59085798280972,5.04342412922023],[5.58564138434247,5.04794502294448],[5.5845980637497,5.05524825989932],[5.56929588329842,5.05629157959277],[5.55086374286748,5.05559635238978],[5.54460382470677,5.05803060492855],[5.53312730807886,5.06289959024394],[5.52408504398966,5.06881189255483],[5.5176069637904,5.0793000731399],[5.51678180703482,5.08063602413324],[5.51156520766824,5.08828735357855],[5.50287056032812,5.09246063235236],[5.49382829713824,5.09176492671003],[5.48684822616474,5.09064822323694],[5.47611363583565,5.09088578005475],[5.46793454284494,5.09323697660523],[5.46464729413736,5.09757213784394],[5.46658998983622,5.10803899100665],[5.46923379880081,5.11682695829751],[5.46603285803002,5.12158422802975],[5.46158786528781,5.12474703484781],[5.4546501200071,5.12667977325299],[5.4483852178036,5.13369056057098],[5.4476713791309,5.13868742858199],[5.44386424224103,5.14674225325246],[5.43159997885601,5.15168685176684],[5.42163289244405,5.1525084948712],[5.4124363712416,5.1495285858756],[5.3972093426371,5.14214121644403],[5.38801282233391,5.13897519994555],[5.37263503138166,5.1456087567388],[5.36038451323475,5.15855315940081],[5.35265126544357,5.16792228658431],[5.34574430215787,5.23136053925754],[5.33041800009067,5.30013800036846],[5.32003422629856,5.35480697636092],[5.32057302902211,5.36443110361262],[5.32470768011541,5.36650860858549],[5.33687808935241,5.36122190706539],[5.34772952769561,5.3634565676665],[5.35173419527695,5.36330480617193],[5.37048188263282,5.35664760080618],[5.38545570711523,5.36079389362334],[5.41582982808416,5.36491825917039],[5.43182130381018,5.36606975831273],[5.46705462636999,5.37167706544426],[5.51275022004666,5.3987449808962],[5.51936564021219,5.40536060790578],[5.52688213340377,5.40711606025803],[5.53988790490291,5.39908409095807],[5.54806995396524,5.39429712291394],[5.55794890321937,5.38987746227514],[5.5725353717101,5.38637483313209],[5.58129676493382,5.38106489672765],[5.58669519912416,5.37966500483617],[5.59479895141055,5.37760594675706],[5.60613385809114,5.37763752015547],[5.6134729995793,5.38013799966899],[5.63983999961636,5.38292799972743],[5.65978899956275,5.38973299967824],[5.6687190003816,5.39995099963897],[5.67319499994932,5.40563500005527],[5.68231200039855,5.41308299998053],[5.69202799969247,5.41476300011243],[5.69458299970574,5.41458299990558],[5.69680499965108,5.41441200011377],[5.70423899983001,5.41386500006973],[5.70249534298574,5.41021998036786],[5.69847215566551,5.40091296755946],[5.70293341894217,5.39498701893581],[5.70802092062905,5.39258776081658],[5.71259373940961,5.39058905713932],[5.7183505102679,5.38612320911886],[5.71830941214972,5.38353112106444],[5.71587465868862,5.37823174090215],[5.71486820490378,5.37409207069254],[5.71916958940506,5.37335062463166],[5.72307576863187,5.36849843865207],[5.72320298942645,5.35752852182389],[5.71945648842626,5.34288643655987],[5.72201561902563,5.33487633787274],[5.72835125200874,5.32825212323695],[5.72679634757344,5.32321973560238],[5.72535283586473,5.32130938761821],[5.72577750113084,5.31796794396547],[5.72529230879309,5.31536883040724],[5.72963394784847,5.31203264868782],[5.73372131078992,5.31123189233801],[5.73576039762429,5.30905482791803],[5.73662003708512,5.30635719722693],[5.73658103438726,5.30319736626547],[5.73809659528172,5.30341070344127],[5.73901868996063,5.30526923158982],[5.73974814805865,5.30559099193079],[5.74012470319252,5.3046090275846],[5.74003685201916,5.30353916440095],[5.74069081023276,5.30295355196489],[5.74376421634554,5.30376366306263],[5.744536557716,5.30352061678309],[5.74491654016623,5.30282577179196],[5.74475800767596,5.30172169659909],[5.7445147401632,5.30100510060498],[5.74485798530782,5.30058865694099],[5.74390184859146,5.29575906283054],[5.74328000696681,5.2903196330447],[5.7458658905984,5.2874394516694],[5.74809678573814,5.27914981041545],[5.74833033068029,5.27585199827115],[5.7473341336634,5.27377599516609],[5.7448623937845,5.27289233301479],[5.7411122990934,5.27269567286703],[5.73786961988708,5.27133421889914],[5.73690885256156,5.26936317477077],[5.73697126371292,5.26665403095882],[5.73808981978942,5.26296705878281],[5.73890079063904,5.26148778643227],[5.74008256995467,5.26013326174069],[5.74270760916886,5.25918244541356],[5.74605337856065,5.2593519658206],[5.74810753983115,5.26030991197291],[5.74973742793998,5.26402479910524],[5.75270328862592,5.26625199623271],[5.7544668591583,5.26753319290259],[5.7569518496482,5.26785497482729],[5.75852479718168,5.2668157866193],[5.75981557972528,5.2634052930199],[5.76151961873546,5.26035863094609],[5.76485271218297,5.2593914694408],[5.76668766280545,5.25891064421091],[5.77210576157171,5.25972106467543],[5.78127025521815,5.2617979895856],[5.78403275400842,5.26532352176315],[5.78740089223743,5.26837284133359],[5.80159700010154,5.27189099996974],[5.80833707979247,5.26494241156308],[5.81205352095327,5.24733445482127],[5.80102659520128,5.23981775478558],[5.79644399989076,5.238567000167],[5.78201900017677,5.23097800003472],[5.77104999975774,5.22309900001886],[5.76752900016328,5.21924000012598],[5.76472300026632,5.21698400041134],[5.76327600008739,5.21309299994203],[5.76280599999694,5.21263999973627],[5.75837599985255,5.20971799988581],[5.76097199995786,5.19907400006508],[5.76503500026507,5.19347700006352],[5.76885500015817,5.18719099976488],[5.77340699963338,5.18342599971015]]],[[[5.34982500022363,5.4371510001186],[5.36812399962292,5.4276219995557],[5.37768900004738,5.42008900020727],[5.41395000039228,5.40841299956031],[5.43124900044108,5.40059599970567],[5.43180500000079,5.40014000026088],[5.43208300023031,5.39902800024208],[5.43263899979007,5.39874899996641],[5.43291700001959,5.39708299958079],[5.43347100038642,5.39652700002108],[5.43347100038642,5.3956930002318],[5.43402699994613,5.39541700009454],[5.43402699994613,5.39486099963545],[5.43374899971661,5.39486099963545],[5.43374899971661,5.39291699991963],[5.43347100038642,5.39291699991963],[5.43374899971661,5.39208300013041],[5.43347100038642,5.39208300013041],[5.43347100038642,5.39152699967133],[5.43263899979007,5.3906949999743],[5.43104945526818,5.38554211937338],[5.37944412234839,5.38999938966015],[5.35490670308195,5.38982514781236],[5.31802505631134,5.40386396784788],[5.26015370962602,5.4284664530644],[5.239800752203,5.4402259395755],[5.22712008832144,5.45121739966334],[5.22872699965137,5.45267400010505],[5.23224900019125,5.45482799961252],[5.24338200007929,5.45968899984751],[5.2565759996827,5.46245999992908],[5.26785800014665,5.46111800009567],[5.30024900009136,5.46702099981934],[5.34982500022363,5.4371510001186]]]]},"properties":{"FID":22,"globalid":"1891324d-0b82-4eb9-9845-d01d394490cf","uniq_id":28949,"timestamp":1565308800000,"editor":"nuraddeen.isah","lganame":"Burutu","lgacode":"10004","statename":"Delta","statecode":"DE","source":"eHA_Polio","amapcode":"NIE DTS BUR","Shape__Area":0.14636025274864117,"Shape__Length":2.4157887976457726}},{"type":"Feature","id":33,"geometry":{"type":"MultiPolygon","coordinates":[[[[5.70791800041542,5.47787000010049],[5.70847199988293,5.47809799982286],[5.72847599966769,5.48603599986154],[5.73430300038319,5.48985299961629],[5.74029499971454,5.48952299968676],[5.7430669998422,5.4897049999858],[5.74769600017032,5.49054900023623],[5.75025936657653,5.49103430678787],[5.74835221298429,5.48841537217174],[5.74595609619695,5.48644363826332],[5.743719031708,5.48292297861263],[5.74585807369118,5.47821052119866],[5.75054219076952,5.47428427719768],[5.7489559998196,5.46863699969782],[5.75285299966623,5.46719000041821],[5.75906600019579,5.46616199977649],[5.76290421315895,5.45746942627306],[5.76731476636343,5.44816057435105],[5.77697900157972,5.44383909359937],[5.78848695760706,5.44231176417662],[5.7795739998403,5.43632099961451],[5.76816199967658,5.42960200003233],[5.75233600010637,5.4208819999044],[5.7288896149638,5.41454063734056],[5.70249534298574,5.41021998036786],[5.70423899983001,5.41386500006973],[5.69680499965108,5.41441200011377],[5.69458299970574,5.41458299990558],[5.69202799969247,5.41476300011243],[5.68231200039855,5.41308299998053],[5.67319499994932,5.40563500005527],[5.6687190003816,5.39995099963897],[5.65978899956275,5.38973299967824],[5.63983999961636,5.38292799972743],[5.6134729995793,5.38013799966899],[5.60613385809114,5.37763752015547],[5.59479895141055,5.37760594675706],[5.58669519912416,5.37966500483617],[5.58129676493382,5.38106489672765],[5.5725353717101,5.38637483313209],[5.55794890321937,5.38987746227514],[5.54806995396524,5.39429712291394],[5.53988790490291,5.39908409095807],[5.52688213340377,5.40711606025803],[5.52501686033986,5.41710919733163],[5.51445800203521,5.42647832541445],[5.50731961890534,5.44372941677921],[5.50850935002654,5.46811889217321],[5.51951435660231,5.50113391369922],[5.53111422873872,5.50529796992544],[5.55282681090864,5.50648770104664],[5.56888817295089,5.50381080692324],[5.58494953409377,5.50589283638533],[5.59357508112515,5.50946202705097],[5.59977174726839,5.51316505392413],[5.60871645380138,5.51176736357303],[5.61337408224813,5.51250742108067],[5.61867957420304,5.51464314726348],[5.62006907982425,5.51446851510991],[5.62105252805179,5.51359251518249],[5.62067831475247,5.51156042687228],[5.61796027934349,5.50881808728496],[5.61728092337597,5.5071574450601],[5.61839328762017,5.50498744211683],[5.62000730179557,5.50442045823763],[5.6237679041655,5.50548597319914],[5.62472376119268,5.50546622588564],[5.6256242388676,5.50453998263413],[5.62636524875728,5.50168489773989],[5.62781048626499,5.50094869292786],[5.62996654162265,5.50287689964927],[5.6312480764376,5.50328442383716],[5.63392513243895,5.50175060940313],[5.63521751577576,5.50142025334208],[5.63635427233186,5.50235754566427],[5.63866790779775,5.50293562268087],[5.64040317486666,5.50127831784016],[5.64155454900327,5.49827116568179],[5.64359051519017,5.49501027970069],[5.64647872391402,5.49264432617474],[5.6462155112369,5.49195020693656],[5.64447048202715,5.49125243285351],[5.64319979213673,5.48911722468023],[5.64343547296875,5.48813320898046],[5.64505456741438,5.48743887390498],[5.64580413525266,5.48574418784403],[5.64597300005397,5.48374300023931],[5.64788800023109,5.48117899981105],[5.65428500025263,5.47738400017153],[5.65883399958943,5.47339100039443],[5.66616599956126,5.4702710004064],[5.67302900038811,5.46669700016645],[5.69955299957132,5.4664790000059],[5.70009999961536,5.47176800019309],[5.70791800041542,5.47787000010049]]],[[[5.50975856680446,5.50089596837427],[5.50021849828511,5.48067054920654],[5.49548180144404,5.45717337215348],[5.49102031063887,5.43278389586015],[5.47229741759179,5.39943505588315],[5.43104945526818,5.38554211937338],[5.43263899979007,5.3906949999743],[5.43347100038642,5.39152699967133],[5.43347100038642,5.39208300013041],[5.43374899971661,5.39208300013041],[5.43347100038642,5.39291699991963],[5.43374899971661,5.39291699991963],[5.43374899971661,5.39486099963545],[5.43402699994613,5.39486099963545],[5.43402699994613,5.39541700009454],[5.43347100038642,5.3956930002318],[5.43347100038642,5.39652700002108],[5.43291700001959,5.39708299958079],[5.43263899979007,5.39874899996641],[5.43208300023031,5.39902800024208],[5.43180500000079,5.40014000026088],[5.43124900044108,5.40059599970567],[5.41395000039228,5.40841299956031],[5.37768900004738,5.42008900020727],[5.36812399962292,5.4276219995557],[5.34982500022363,5.4371510001186],[5.30024900009136,5.46702099981934],[5.26785800014665,5.46111800009567],[5.2565759996827,5.46245999992908],[5.24338200007929,5.45968899984751],[5.23224900019125,5.45482799961252],[5.22872699965137,5.45267400010505],[5.22712008832144,5.45121739966334],[5.20833882117972,5.46749770975157],[5.17663402643922,5.51024724941107],[5.1571224459442,5.53713515926023],[5.15973985261218,5.54712889528236],[5.16367310413051,5.55473957267321],[5.17044742730695,5.55712263130442],[5.17960835064491,5.57049520209193],[5.19578868669856,5.58048893811406],[5.19908918331919,5.58568341955424],[5.20744804629038,5.5988107883872],[5.21021760655736,5.59925040128502],[5.21405911823376,5.60124246796556],[5.2164861672029,5.60078561236617],[5.21914326724806,5.60066717165267],[5.21986119693673,5.60121246118621],[5.22547672477106,5.6017359430594],[5.23142299807296,5.60209286239575],[5.23308769893822,5.60161621091947],[5.24623326015688,5.60214203282862],[5.28733844881043,5.59994103205304],[5.32111317173553,5.58970508612089],[5.32659955602475,5.58804372713632],[5.34860957007567,5.58506940113199],[5.37656823703458,5.58655656413418],[5.38727363087344,5.58565435706299],[5.39358138307443,5.5882816733606],[5.39595459502857,5.59467109029862],[5.39656478863412,5.5963139187524],[5.40286128132311,5.61326601431517],[5.4021474426504,5.629922241918],[5.40785814843485,5.63682267702495],[5.4178518853563,5.63991597704074],[5.43569784228163,5.63515705525396],[5.46686878236846,5.63111197124056],[5.4804317099555,5.62183207299182],[5.49447052999102,5.6077932529563],[5.51055526721188,5.59611034461676],[5.51542189540419,5.59229816432889],[5.51628957660273,5.59161848190746],[5.52410316442956,5.58549785614122],[5.53433990356376,5.57726192509779],[5.54253721232254,5.56900787361451],[5.54530620601662,5.55793619220157],[5.55010318801175,5.54965400722671],[5.55898284927912,5.54071187994936],[5.56784820593003,5.53523778939251],[5.58217944502542,5.51445264387445],[5.56646853799271,5.51669560881533],[5.55556319068876,5.51874192529965],[5.54069155976771,5.51874192529965],[5.5243327649452,5.51338813795223],[5.50975856680446,5.50089596837427]]],[[[5.51282873535791,5.65472516083753],[5.50699765261965,5.64735213829061],[5.49324050564485,5.6375633568635],[5.48573476474763,5.63119681328237],[5.44499969478017,5.65444373958695],[5.43504084435955,5.65227287958976],[5.43319892129324,5.65802331742219],[5.43243692122701,5.66326988309868],[5.43359502588976,5.66875255408718],[5.44199871826629,5.67385508434472],[5.45163486855438,5.6783815439731],[5.45677383304599,5.68530940030865],[5.43401756875585,5.70889438716631],[5.38603576803632,5.72080900942831],[5.33818361358294,5.72309506628432],[5.32443289226421,5.72940574937587],[5.3339717107259,5.73644703270446],[5.33955156874993,5.74169515960398],[5.34100830139204,5.74525503868915],[5.33265578493655,5.76010296527966],[5.33330633921622,5.7664121959661],[5.33423489192677,5.77578781895272],[5.33208176835899,5.78413267768099],[5.33172923231825,5.78688796390844],[5.3339487672219,5.7911001239716],[5.34647047862973,5.80116456829023],[5.35388675496984,5.80469945071911],[5.36442255375789,5.80187112425301],[5.36630592567798,5.80500886696569],[5.366806555778,5.81142410793626],[5.37044093829871,5.81428046627053],[5.37464939225572,5.81647109426564],[5.37832357157561,5.82087776239888],[5.38115193041733,5.82335748555954],[5.38671771495063,5.82416161526641],[5.40023297037533,5.82311838370651],[5.40797047285906,5.81966626408689],[5.41074324370578,5.82015552405824],[5.4137235600943,5.8280958650322],[5.416376866799,5.82991012405301],[5.42268746175699,5.82463994667626],[5.42476023629592,5.82393998004608],[5.4272502189225,5.82390561515206],[5.43122815235739,5.82618818443723],[5.43334610613795,5.82598716257752],[5.43872675173827,5.82278430804945],[5.44285429009346,5.82220318682766],[5.44705926187549,5.82248795985151],[5.45080656597031,5.82498402189515],[5.45475183782708,5.82496698244034],[5.45767608957993,5.81895210525551],[5.4607537899555,5.81503039923359],[5.46374900001638,5.80541599994848],[5.46695799961202,5.80452500022864],[5.47219400005309,5.80029000008346],[5.47840000025985,5.7988019998125],[5.48481800035046,5.79638800000623],[5.49542700035585,5.79620999989163],[5.50249900002888,5.79125099963397],[5.50521200013372,5.78774799997029],[5.50846600000597,5.78651499976746],[5.52343300043265,5.78766999997055],[5.52771600009339,5.78137800029452],[5.53293699984272,5.77621799976095],[5.54149723810713,5.77078595700635],[5.54439306318937,5.76458501818411],[5.54919004428518,5.75630378738992],[5.54036807992298,5.75206899678682],[5.52853866392826,5.75202578076522],[5.51937336358992,5.75542297698883],[5.50637209679491,5.76265560727052],[5.50154232821592,5.75208862089318],[5.50429075711281,5.73904200038805],[5.51514291041701,5.72784669007274],[5.51994412372238,5.71648206889239],[5.52262629236952,5.70881610837677],[5.52495941794285,5.70214775411563],[5.52655695114242,5.69469226283769],[5.52227273739697,5.68350822192696],[5.51724367095869,5.6706060361397],[5.51716912885229,5.66102051408552],[5.51282873535791,5.65472516083753]]]]},"properties":{"FID":33,"globalid":"88187ced-e635-46a7-b092-b07d7cd58c2f","uniq_id":28962,"timestamp":1565308800000,"editor":"nuraddeen.isah","lganame":"Warri South-West","lgacode":"10025","statename":"Delta","statecode":"DE","source":"eHA_Polio","amapcode":"NIE DTS WRC","Shape__Area":0.10434618617247615,"Shape__Length":2.6967014007197849}},{"type":"Feature","id":34,"geometry":{"type":"Polygon","coordinates":[[[5.77903929802522,5.49064929802671],[5.77160125539365,5.48795702099977],[5.76692434008629,5.48800072265527],[5.76075078741894,5.49226900041407],[5.75584508458303,5.49582028917507],[5.75233800019862,5.4923129997452],[5.75025936657653,5.49103430678787],[5.74769600017032,5.49054900023623],[5.7430669998422,5.4897049999858],[5.74029499971454,5.48952299968676],[5.73430300038319,5.48985299961629],[5.72847599966769,5.48603599986154],[5.70847199988293,5.47809799982286],[5.70791800041542,5.47787000010049],[5.70009999961536,5.47176800019309],[5.69955299957132,5.4664790000059],[5.67302900038811,5.46669700016645],[5.66616599956126,5.4702710004064],[5.65883399958943,5.47339100039443],[5.65428500025263,5.47738400017153],[5.64788800023109,5.48117899981105],[5.64597300005397,5.48374300023931],[5.64580413525266,5.48574418784403],[5.64505456741438,5.48743887390498],[5.64343547296875,5.48813320898046],[5.64319979213673,5.48911722468023],[5.64447048202715,5.49125243285351],[5.6462155112369,5.49195020693656],[5.64647872391402,5.49264432617474],[5.64359051519017,5.49501027970069],[5.64155454900327,5.49827116568179],[5.64040317486666,5.50127831784016],[5.63866790779775,5.50293562268087],[5.63635427233186,5.50235754566427],[5.63521751577576,5.50142025334208],[5.63392513243895,5.50175060940313],[5.6312480764376,5.50328442383716],[5.62996654162265,5.50287689964927],[5.62781048626499,5.50094869292786],[5.62636524875728,5.50168489773989],[5.6256242388676,5.50453998263413],[5.62472376119268,5.50546622588564],[5.6237679041655,5.50548597319914],[5.62000730179557,5.50442045823763],[5.61839328762017,5.50498744211683],[5.61728092337597,5.5071574450601],[5.61796027934349,5.50881808728496],[5.62067831475247,5.51156042687228],[5.62105252805179,5.51359251518249],[5.62006907982425,5.51446851510991],[5.61867957420304,5.51464314726348],[5.61337408224813,5.51250742108067],[5.60871645380138,5.51176736357303],[5.59977174726839,5.51316505392413],[5.59995611098577,5.51671696501597],[5.59581880779177,5.51906057938226],[5.58217944502542,5.51445264387445],[5.56784820593003,5.53523778939251],[5.55898284927912,5.54071187994936],[5.55010318801175,5.54965400722671],[5.54530620601662,5.55793619220157],[5.54253721232254,5.56900787361451],[5.53433990356376,5.57726192509779],[5.52410316442956,5.58549785614122],[5.51628957660273,5.59161848190746],[5.51542189540419,5.59229816432889],[5.51055526721188,5.59611034461676],[5.50749969465522,5.60666656520988],[5.5036106106412,5.61638832106422],[5.50111103044975,5.62055492417045],[5.49777698641884,5.62416648909226],[5.48573476474763,5.63119681328237],[5.49324050564485,5.6375633568635],[5.50699765261965,5.64735213829061],[5.51282873535791,5.65472516083753],[5.51716912885229,5.66102051408552],[5.51724367095869,5.6706060361397],[5.52227273739697,5.68350822192696],[5.52655695114242,5.69469226283769],[5.52495941794285,5.70214775411563],[5.52262629236952,5.70881610837677],[5.51994412372238,5.71648206889239],[5.51514291041701,5.72784669007274],[5.50429075711281,5.73904200038805],[5.50154232821592,5.75208862089318],[5.50637209679491,5.76265560727052],[5.51937336358992,5.75542297698883],[5.52853866392826,5.75202578076522],[5.54036807992298,5.75206899678682],[5.54919004428518,5.75630378738992],[5.54439306318937,5.76458501818411],[5.54149723810713,5.77078595700635],[5.54903500026512,5.77317999995711],[5.5561799997073,5.77282899995845],[5.56175000026235,5.77480900043508],[5.56914599958827,5.77560500027062],[5.57074999981268,5.77825300007595],[5.5733638820376,5.77935572088984],[5.5766149995826,5.78100800031899],[5.58353200020167,5.78089200036555],[5.58904499992684,5.77941499970251],[5.59830099959152,5.7811020001572],[5.60416900039911,5.77316800030303],[5.60128799974143,5.7663030002833],[5.60045199985996,5.75733300031777],[5.6000300001844,5.74558800008617],[5.60154099971743,5.7391109999727],[5.60173499967055,5.73680499975097],[5.60143400017904,5.73243100039042],[5.60736700038683,5.72841300035975],[5.61303500006522,5.72232500019862],[5.61813115772679,5.71853624814941],[5.63307999994208,5.70654900023624],[5.63940700033282,5.69797899983104],[5.65061839862022,5.70067651630825],[5.65895986600503,5.69202995301998],[5.66715717296523,5.68377590243603],[5.67603683513187,5.67483520508068],[5.68558788257479,5.66798019383094],[5.69241619115434,5.66179513883463],[5.69648599573219,5.6470088958439],[5.68022203441939,5.65129089365985],[5.67715017334189,5.64630748670118],[5.67076921542701,5.63595581061224],[5.66266107624773,5.62410020815815],[5.6559038159084,5.61433506001504],[5.66476821927796,5.60886001617683],[5.67499589864184,5.6027050021342],[5.68250083914245,5.59721899016432],[5.6920552248688,5.58967018073429],[5.70160198164621,5.58350801528275],[5.70593118667495,5.58184862131685],[5.71045780188609,5.58011388844523],[5.72068882043277,5.57326507622236],[5.7304909289133,5.56689723222155],[5.730717815275,5.56405800327428],[5.73152008338519,5.56127684984676],[5.7319075463962,5.55929908238681],[5.73170141099138,5.55697428723363],[5.73482403969774,5.55728444901814],[5.73833840409412,5.55541036439683],[5.74104359628501,5.55339978067536],[5.7430486347867,5.55289522773262],[5.74407700594912,5.55478471324398],[5.74632553139821,5.55598091228933],[5.74814819368424,5.55637336294041],[5.74867913003789,5.55598136644693],[5.74880650011994,5.55386009596668],[5.74993202594231,5.55080666019927],[5.75113184655754,5.55017160123845],[5.75379621132612,5.55138721035155],[5.75388949980061,5.55235681531479],[5.75307194411499,5.55391414881893],[5.75335869205003,5.5550738740601],[5.75533704496871,5.55594135291113],[5.757262095969,5.55623013061609],[5.75954231982223,5.55508633776435],[5.76067176309147,5.55386880140412],[5.76284214464931,5.55248824313799],[5.7673559094477,5.55173945231394],[5.7699731731235,5.55015417957179],[5.76986874204886,5.54886359038244],[5.77049206485697,5.5480902840394],[5.77062972138458,5.54748272724612],[5.77245323802657,5.54681060272719],[5.77297409387938,5.54604315276936],[5.77371447244502,5.54651896877544],[5.77542989867095,5.5471230227094],[5.77992494318164,5.54738493316819],[5.77739318794534,5.54186570024194],[5.77741280036048,5.54124216969041],[5.77828646474859,5.53942394196139],[5.77838134412377,5.5384196789251],[5.7780271704176,5.53744071831454],[5.77773247877093,5.53549422927529],[5.77736064867503,5.53359888468083],[5.77588011187771,5.53147151769645],[5.77456805317314,5.5297903583384],[5.7736255852526,5.52840746363358],[5.77344443571218,5.52778253193833],[5.77815732480076,5.52730362496237],[5.78189607364493,5.52488862331137],[5.78260406312705,5.52482177760299],[5.78402565206227,5.52503635134661],[5.78403003985449,5.52129917181935],[5.78399560391404,5.51596249497322],[5.77907958135762,5.51796183537044],[5.77154108175557,5.52365563839703],[5.76927873732393,5.52296327733342],[5.76899488880315,5.51939727026786],[5.77103030640359,5.51429156000756],[5.77439696794579,5.50662095719144],[5.77902000037278,5.50176899963969],[5.78026842484797,5.49406732434761],[5.77903929802522,5.49064929802671]]]},"properties":{"FID":34,"globalid":"953a7271-e822-4b04-9f67-3945a4e8140a","uniq_id":28963,"timestamp":1565308800000,"editor":"nuraddeen.isah","lganame":"Warri South","lgacode":"10024","statename":"Delta","statecode":"DE","source":"eHA_Polio","amapcode":"NIE DTS WWR","Shape__Area":0.044420632186389142,"Shape__Length":1.1985564582715837}},{"type":"Feature","id":113,"geometry":{"type":"Polygon","coordinates":[[[5.83331012706077,5.94105291376098],[5.92131710080361,5.87729215610818],[5.91054678040962,5.85223722466822],[5.90650415424335,5.84388208399105],[5.90640401833082,5.82597923325505],[5.90240097042852,5.8110599517554],[5.89767074600815,5.80378246329008],[5.89418511495114,5.79859168705678],[5.89052942569248,5.7966679553619],[5.88934473527138,5.79531137122285],[5.88990835388745,5.79282638792751],[5.89003642274275,5.79075096668379],[5.88726136222215,5.78921581225995],[5.88358373939809,5.78941456333149],[5.8793030069283,5.79003891226603],[5.87532319211169,5.79185763642084],[5.87439265369807,5.79139416540846],[5.87199459257641,5.78846268670367],[5.87169803573579,5.78684540978787],[5.871927299905,5.78578146594197],[5.87172757396843,5.78280236723549],[5.87086131639666,5.78172497582705],[5.86957484430366,5.78129851191682],[5.86741679514904,5.78140423981387],[5.86451443199547,5.78339476325777],[5.86339438394373,5.78539374662415],[5.862772226657,5.78875026831031],[5.85966296277559,5.78940853967242],[5.85710485110803,5.78959826065125],[5.85248055063693,5.78722427797811],[5.84961149387539,5.78857649141202],[5.84714044377648,5.78988389612493],[5.84343806801246,5.79251690513109],[5.84178255102398,5.79135636240625],[5.83918880821699,5.7873617132725],[5.83934264534685,5.78346960663708],[5.83782874280229,5.78168089825488],[5.83448508501868,5.78175861406885],[5.83041924914909,5.78442592321784],[5.82822995934521,5.78331432339735],[5.82579035044438,5.78065911192851],[5.82614845598653,5.77684622567284],[5.82800452628788,5.77530144040918],[5.82734621265763,5.77248445529341],[5.82557990189099,5.77102932794116],[5.82218932737561,5.77214350791661],[5.81971569622243,5.77386736618604],[5.81886646641436,5.77653047190381],[5.81602361589722,5.77796450565745],[5.81263111683262,5.78001032931331],[5.81123111342521,5.78340858673693],[5.81144577710097,5.78601859288381],[5.8125362401554,5.78890657497851],[5.80835442141944,5.7917945112078],[5.80464989717507,5.79059517442778],[5.80253492374777,5.78686227207623],[5.80010519300032,5.78801515077862],[5.79851780415339,5.79083136427607],[5.79558579394927,5.79176534889177],[5.79421988923656,5.79592256577382],[5.79533512141876,5.79840566409018],[5.79628974277745,5.80042682923482],[5.79532869756139,5.803309964883],[5.79487041024129,5.80649039211795],[5.79229272842673,5.80877770982352],[5.7879113726118,5.80805173839707],[5.78234226958011,5.81044582271659],[5.77805980861331,5.81186181067409],[5.77701581892495,5.81490203090408],[5.77753994381339,5.81859495389403],[5.77488566224355,5.82200740172027],[5.77160037136008,5.82393578470874],[5.77056405828472,5.82776669697552],[5.7716194387861,5.8317230062118],[5.77372098533527,5.83391183916012],[5.77659031728933,5.83386400961638],[5.77845875956416,5.83636074795021],[5.77926575001442,5.83895433427517],[5.77605922265502,5.84536650496028],[5.7742003311804,5.85040984633741],[5.77234531218647,5.85281460740828],[5.7685053320555,5.85398577112647],[5.76528918644686,5.85401437856075],[5.76080138507592,5.8524521158725],[5.7577284106377,5.85253427973328],[5.75311072737821,5.85522279309748],[5.75167549392893,5.86094339592103],[5.75004131695329,5.86238115016999],[5.746145083329,5.8650127139656],[5.74119732099962,5.86576778115824],[5.73637417322954,5.86500447077975],[5.73159851685813,5.86104908784517],[5.72509027789408,5.85966200769553],[5.7210632342809,5.86307934423638],[5.71963762987275,5.86782947155291],[5.72097608098142,5.87327598799652],[5.7226384256229,5.87921417819183],[5.72530598388408,5.8853143542741],[5.72605107939387,5.89230104335849],[5.72886875339032,5.89662988236324],[5.72801833108116,5.89849019386742],[5.72565426613153,5.89870724794116],[5.72117592382989,5.89483499923585],[5.71614530066512,5.89295526327481],[5.70817682530031,5.8921154727509],[5.69881484682776,5.89075315003788],[5.69571330812272,5.89183482132],[5.69526720211974,5.89459965295168],[5.69290375590367,5.8986857919158],[5.69194252003132,5.90218437410965],[5.68182660571335,5.90377500591183],[5.68064697667666,5.90625464723422],[5.67365583414949,5.91426967060886],[5.67189264672834,5.91621843763085],[5.66436073016359,5.92409498699408],[5.65418580593024,5.9340428683837],[5.6466556826137,5.94149504386121],[5.64066011297388,5.94577278968256],[5.63409420498363,5.94420369124742],[5.62603991720846,5.93978018510751],[5.62036180465361,5.92948627517148],[5.61691865487205,5.91726175822362],[5.61033873724296,5.91399466332308],[5.60152292334431,5.91538466896736],[5.58939144126208,5.91912797827365],[5.57926825502602,5.92553129513323],[5.57514391915657,5.93201181879044],[5.57904893286201,5.94697040605945],[5.57421523514506,5.95663684911136],[5.56724370503304,5.95979346139916],[5.56933498402236,5.96798276888973],[5.57201194829281,5.97771406205436],[5.57127380364318,5.99088382672727],[5.5780191416701,6.00342321430992],[5.5834259989108,6.01109600157923],[5.59359502808815,6.01811599705565],[5.60513400982671,6.02306604366305],[5.61600780531603,6.0245428087037],[5.62619018582848,6.02878904407919],[5.63706684116181,6.02957296422096],[5.65745210583009,6.03320980189091],[5.66760730703163,6.04986143126007],[5.6689300541787,6.05203008701898],[5.67397785169652,6.04892206240328],[5.69893312476393,6.03355598422132],[5.74528503377735,6.00897598295529],[5.75693464291948,6.00209331485462],[5.76417732222569,5.99781417778212],[5.78500328617275,5.98550975427179],[5.79505681991634,5.97956991202187],[5.81203889797683,5.98387193684044],[5.82299613976011,5.96662712094491],[5.83050680174756,5.95975399015458],[5.83530378284337,5.95147180607904],[5.83331012706077,5.94105291376098]]]},"properties":{"FID":113,"globalid":"c50f2b5f-843e-4315-9881-bee186247f37","uniq_id":28741,"timestamp":1565308800000,"editor":"nuraddeen.isah","lganame":"Ethiope West","lgacode":"10006","statename":"Delta","statecode":"DE","source":"WHO","amapcode":"NIE DTS GRA","Shape__Area":0.044458135692227785,"Shape__Length":1.1435816670792853}},{"type":"Feature","id":204,"geometry":{"type":"Polygon","coordinates":[[[6.65633593635442,6.10666236977261],[6.65626335117275,6.10665750533963],[6.65345096608928,6.10605382912098],[6.65293398361649,6.1057333287302],[6.65234329091021,6.10536713198758],[6.64919519430282,6.10341548893371],[6.64706707008924,6.10209655761008],[6.64517259603855,6.10122728281289],[6.64113378479635,6.10935687981618],[6.63157415422387,6.11829280896603],[6.61998605691105,6.12443780995699],[6.61702433310654,6.12848697869117],[6.61040687597659,6.13753414228688],[6.61036682107198,6.14654922616592],[6.60896778083844,6.15555286437325],[6.60688781711912,6.16455078109374],[6.60764975962877,6.17058032712043],[6.60820198113657,6.17496395102557],[6.61016178104143,6.19301080660347],[6.61260801344912,6.19609667012526],[6.61474090856615,6.198787268118],[6.61624908422789,6.20068979289965],[6.62504005435505,6.21185779620038],[6.62852852007518,6.22062330382244],[6.62974786767001,6.22368717172566],[6.63326348931861,6.23304363465604],[6.63445282024151,6.23620891640843],[6.62624597507175,6.24654197832967],[6.6153202059628,6.2568540581683],[6.60780620569187,6.26442003295818],[6.60729125838492,6.26511164128925],[6.60348164566147,6.27022819827278],[6.60164880844582,6.27268981897998],[6.59412288676185,6.28303003320951],[6.58152723309536,6.29116678162171],[6.57359981537923,6.31059789707535],[6.56676578531278,6.31817007089211],[6.56604290035961,6.32787179884451],[6.56844755620978,6.33788015424579],[6.56938219103534,6.34177017175608],[6.57037257483449,6.34505773522636],[6.57273292468477,6.35289287620532],[6.57265901570105,6.36953592334424],[6.57282566637144,6.37070532618992],[6.57463789022648,6.38342189910139],[6.57461359144412,6.38906106561575],[6.57459306711638,6.39382410000223],[6.57549690016185,6.39822607907035],[6.5765900611824,6.40355014832073],[6.57926082642604,6.41466808276584],[6.57785510962566,6.42505788831096],[6.57440900826919,6.4354310042375],[6.57093191087904,6.45274019180647],[6.57095981324483,6.4531335255918],[6.57157182707823,6.46176099807167],[6.57153177307293,6.47077512687065],[6.57080316483422,6.48186492872355],[6.57323908291738,6.4887119890671],[6.57426738663065,6.49160242091506],[6.57550478002162,6.49507999404653],[6.57650217043886,6.49535989364421],[6.5783595834281,6.49588114609804],[6.58569288292028,6.49793911060152],[6.59432087430895,6.4985279084363],[6.59724998509876,6.49872779804952],[6.60880708727728,6.49951791811748],[6.61889982156958,6.4965186134433],[6.62127174299661,6.49581393166767],[6.62242603273529,6.49547100128575],[6.6326541896392,6.48931503306238],[6.64625692391797,6.4887337679491],[6.64935445794191,6.49097776441232],[6.6563653954467,6.49605751034585],[6.65981388090592,6.498556137256],[6.66892099420858,6.50123405570713],[6.67162395787938,6.48177360167045],[6.67386388760838,6.46833324358437],[6.67543514621508,6.4658292827952],[6.68176507929502,6.45574188238203],[6.68522405624526,6.44259500455587],[6.68867015760173,6.43222188862933],[6.69213104201401,6.41838121442157],[6.69471053326453,6.40743135877022],[6.69490289735086,6.40661477974834],[6.69510281214514,6.40566829095889],[6.69688311636276,6.39723950120208],[6.69768094991593,6.39346218133466],[6.69977378832971,6.38169002517458],[6.70731210626872,6.36857700322616],[6.71224758835558,6.35494685491346],[6.71282005270331,6.35336589801784],[6.71396973701383,6.34541687498881],[6.71492385924876,6.33881998085747],[6.71702480325212,6.32496786097806],[6.71844100974488,6.31249713933158],[6.71917581611109,6.30002117193959],[6.72126817698484,6.28824901577951],[6.72210745669383,6.2827154107876],[6.72198482424028,6.27445944194972],[6.72313463625449,6.26557564290164],[6.70581483758474,6.26180219731361],[6.69925252058738,6.23576185712403],[6.69483719737883,6.21824113641935],[6.69083729980161,6.20236889730683],[6.68819076409255,6.19186701375173],[6.68743801085554,6.18887996683702],[6.69011497512605,6.18324661443978],[6.69193220190965,6.1802025001453],[6.69349098242293,6.17759132398049],[6.69644847941385,6.17449960497282],[6.69896507297977,6.17186880110432],[6.70080699065016,6.16994345962303],[6.7030711166388,6.16757679023675],[6.70650768338294,6.16469335601363],[6.70925950991852,6.16252517689543],[6.71401929865175,6.15613222112518],[6.71324491492095,6.15268945715275],[6.70943679866934,6.14309918577885],[6.69992065391511,6.11913394937233],[6.69492054025079,6.11443948739247],[6.69206333205716,6.11175632499447],[6.6884918211407,6.10840320634293],[6.67110020441095,6.107633664562],[6.67027950289679,6.10759735083712],[6.66327142703477,6.10712718976805],[6.65633593635442,6.10666236977261]]]},"properties":{"FID":204,"globalid":"70ca2703-4a47-4623-ba19-64328b287448","uniq_id":28749,"timestamp":1565308800000,"editor":"nuraddeen.isah","lganame":"Oshimili North","lgacode":"10014","statename":"Delta","statecode":"DE","source":"WHO","amapcode":"NIE DTS AKU","Shape__Area":0.041601325851921445,"Shape__Length":1.0257608557827407}},{"type":"Feature","id":241,"geometry":{"type":"Polygon","coordinates":[[[5.8072131547633,5.18751121596989],[5.80039079429974,5.18720605891252],[5.78848880391524,5.18200465359195],[5.77860099993626,5.17642699980627],[5.77340699963338,5.18342599971015],[5.76885500015817,5.18719099976488],[5.76503500026507,5.19347700006352],[5.76097199995786,5.19907400006508],[5.75837599985255,5.20971799988581],[5.76280599999694,5.21263999973627],[5.76327600008739,5.21309299994203],[5.76472300026632,5.21698400041134],[5.76752900016328,5.21924000012598],[5.77104999975774,5.22309900001886],[5.78201900017677,5.23097800003472],[5.79644399989076,5.238567000167],[5.80102659520128,5.23981775478558],[5.81205352095327,5.24733445482127],[5.80833707979247,5.26494241156308],[5.80159700010154,5.27189099996974],[5.78740089223743,5.26837284133359],[5.78403275400842,5.26532352176315],[5.78127025521815,5.2617979895856],[5.77210576157171,5.25972106467543],[5.76668766280545,5.25891064421091],[5.76485271218297,5.2593914694408],[5.76151961873546,5.26035863094609],[5.75981557972528,5.2634052930199],[5.75852479718168,5.2668157866193],[5.7569518496482,5.26785497482729],[5.7544668591583,5.26753319290259],[5.75270328862592,5.26625199623271],[5.74973742793998,5.26402479910524],[5.74810753983115,5.26030991197291],[5.74605337856065,5.2593519658206],[5.74270760916886,5.25918244541356],[5.74008256995467,5.26013326174069],[5.73890079063904,5.26148778643227],[5.73808981978942,5.26296705878281],[5.73697126371292,5.26665403095882],[5.73690885256156,5.26936317477077],[5.73786961988708,5.27133421889914],[5.7411122990934,5.27269567286703],[5.7448623937845,5.27289233301479],[5.7473341336634,5.27377599516609],[5.74833033068029,5.27585199827115],[5.74809678573814,5.27914981041545],[5.7458658905984,5.2874394516694],[5.74328000696681,5.2903196330447],[5.74390184859146,5.29575906283054],[5.74485798530782,5.30058865694099],[5.7445147401632,5.30100510060498],[5.74475800767596,5.30172169659909],[5.74491654016623,5.30282577179196],[5.744536557716,5.30352061678309],[5.74376421634554,5.30376366306263],[5.74069081023276,5.30295355196489],[5.74003685201916,5.30353916440095],[5.74012470319252,5.3046090275846],[5.73974814805865,5.30559099193079],[5.73901868996063,5.30526923158982],[5.73809659528172,5.30341070344127],[5.73658103438726,5.30319736626547],[5.73662003708512,5.30635719722693],[5.73576039762429,5.30905482791803],[5.73372131078992,5.31123189233801],[5.72963394784847,5.31203264868782],[5.72529230879309,5.31536883040724],[5.72577750113084,5.31796794396547],[5.72535283586473,5.32130938761821],[5.72679634757344,5.32321973560238],[5.72835125200874,5.32825212323695],[5.75090312198154,5.33434982708292],[5.75342976727001,5.34076851335624],[5.75621497843855,5.34563796811779],[5.76102280086161,5.34698457068146],[5.76695140068665,5.34289444682133],[5.77291220163687,5.34047714740245],[5.77826906106839,5.34129551967254],[5.78099472272834,5.34547177700097],[5.78752551758862,5.35453912677934],[5.79317154143354,5.35511006138029],[5.79916636013945,5.35781133882227],[5.80498494589858,5.35877437513733],[5.81293122239805,5.35073029556673],[5.8181736718775,5.34212659396718],[5.81631419584352,5.33693778365182],[5.81126695320739,5.33162565739821],[5.80477659276562,5.32747504603657],[5.79679519774021,5.321479164332],[5.79468572816387,5.31477274266797],[5.79978002872537,5.305977589794],[5.80975676935947,5.30343014768323],[5.81557902255389,5.30629628794338],[5.82523098562154,5.30999478583072],[5.83140586568823,5.30747641430514],[5.83440101999111,5.30206566659729],[5.83595723294002,5.29260852456383],[5.83899237469836,5.28976833064399],[5.84463768717956,5.28806984674605],[5.84638884167174,5.28461833326952],[5.84483328432867,5.27772856412196],[5.84337013232579,5.265965193439],[5.846756260593,5.25976133182007],[5.84582342710951,5.25522428986915],[5.84348584539549,5.25189426940506],[5.83907358168051,5.24811502229051],[5.83870301513207,5.24287226794087],[5.84832780788207,5.23611931265623],[5.84859844895931,5.22978432988299],[5.85223053461152,5.22781900364413],[5.85587749684908,5.22488094819727],[5.86019867632791,5.22552300388355],[5.85971379515559,5.22289228904793],[5.85867721498153,5.22033752555643],[5.85656739017298,5.21826718188498],[5.88688100205667,5.20906958958994],[5.88368899964769,5.19860900020524],[5.88966614667538,5.19524540085462],[5.90320883861705,5.19139506772825],[5.91136213365559,5.17697500259436],[5.92434158109916,5.16580249728747],[5.92782640456494,5.16072320910888],[5.92759275440216,5.15488195413894],[5.92689180391369,5.1399278643795],[5.92175149943222,5.13502073342016],[5.91754531896134,5.13408613186954],[5.9163770681472,5.13151598007846],[5.91590976692225,5.11749649007101],[5.91450786594532,5.10815000511872],[5.90936756056453,5.1048789019398],[5.89651632316981,5.10441160161417],[5.88530063601559,5.09997224762117],[5.88273048422451,5.1018414498231],[5.88135332089911,5.1095089913469],[5.88027042024373,5.13870774606568],[5.87906288434471,5.17621111395181],[5.86379397521182,5.18479054644661],[5.8552779997799,5.18203999964629],[5.84459099977488,5.17738199977953],[5.83872559531005,5.17616037600061],[5.83272194795956,5.1802358301195],[5.82815135590039,5.18682264734736],[5.81861300688479,5.18938221411793],[5.81313337110822,5.1884532126457],[5.8072131547633,5.18751121596989]]]},"properties":{"FID":241,"globalid":"ddf07980-8ba3-40c9-bf19-1452a49eae94","uniq_id":28363,"timestamp":1565308800000,"editor":"nuraddeen.isah","lganame":"Bomadi","lgacode":"10003","statename":"Delta","statecode":"DE","source":"eHA_Polio","amapcode":"NIE DTS BMA","Shape__Area":0.016922269049317151,"Shape__Length":1.0004978469843215}},{"type":"Feature","id":328,"geometry":{"type":"Polygon","coordinates":[[[5.99416303639504,5.39731597884941],[5.99719369323441,5.39569654715797],[6.00231599958374,5.38738600026375],[6.00567599984754,5.3811070002879],[6.01158499984791,5.37570700037782],[6.0137800003468,5.3687580000817],[6.01467100006664,5.3669009998813],[6.0170096195983,5.36140657655233],[6.01816704527295,5.35498896496881],[6.02191187623214,5.35208424109487],[6.0229468340292,5.34693098098006],[6.02571582772333,5.33585882202703],[6.02847623828779,5.32686710433347],[6.02618408222963,5.31672000872146],[6.01811599705565,5.2998037340551],[6.01011085543166,5.28706788957152],[6.00465250031272,5.26705408088117],[6.0053801543707,5.25977659241585],[6.00683593732867,5.24594879200322],[6.01302194560634,5.23394060067824],[6.02830505413499,5.22120475799323],[6.04322433473533,5.21210765774225],[6.05232143408693,5.20919656756757],[6.05458641083425,5.20949888186794],[6.07116413121975,5.20794296299738],[6.06381108891065,5.20623758669529],[6.06264829608205,5.20596790339607],[6.0491290089966,5.19947862573804],[6.02966165536117,5.19298982562003],[6.02046918920178,5.19136762671462],[6.01181697817105,5.19001579279467],[6.002083301803,5.18920421580196],[5.99370145755626,5.1867709156453],[5.98991632527822,5.18595981619262],[5.98839425958744,5.18413352963876],[5.98564815543807,5.16978311519864],[5.9843435287309,5.15944528597123],[5.98690414411101,5.1543722148059],[5.98682928094661,5.15090703972817],[5.9867539411415,5.14744234129108],[5.98667860043713,5.14397716531397],[5.98446083090266,5.13850021401373],[5.98300170876189,5.13577270514628],[5.9808893199862,5.13055753660109],[5.97829675708971,5.13331222477939],[5.97492647217899,5.13752460517645],[5.97245550211977,5.14061403271148],[5.96424484292521,5.14910745584444],[5.96053886357777,5.15721845576718],[5.94605207414395,5.16422796155121],[5.93320083495064,5.16469526277621],[5.92782640456494,5.16072320910888],[5.92434158109916,5.16580249728747],[5.91136213365559,5.17697500259436],[5.90320883861705,5.19139506772825],[5.88966614667538,5.19524540085462],[5.88368899964769,5.19860900020524],[5.88688100205667,5.20906958958994],[5.85656739017298,5.21826718188498],[5.85867721498153,5.22033752555643],[5.85971379515559,5.22289228904793],[5.86019867632791,5.22552300388355],[5.85587749684908,5.22488094819727],[5.85223053461152,5.22781900364413],[5.84859844895931,5.22978432988299],[5.84832780788207,5.23611931265623],[5.83870301513207,5.24287226794087],[5.83907358168051,5.24811502229051],[5.84348584539549,5.25189426940506],[5.84582342710951,5.25522428986915],[5.846756260593,5.25976133182007],[5.84337013232579,5.265965193439],[5.84483328432867,5.27772856412196],[5.84638884167174,5.28461833326952],[5.84463768717956,5.28806984674605],[5.83899237469836,5.28976833064399],[5.83595723294002,5.29260852456383],[5.83440101999111,5.30206566659729],[5.83140586568823,5.30747641430514],[5.82523098562154,5.30999478583072],[5.81557902255389,5.30629628794338],[5.80975676935947,5.30343014768323],[5.79978002872537,5.305977589794],[5.79468572816387,5.31477274266797],[5.79679519774021,5.321479164332],[5.80477659276562,5.32747504603657],[5.81126695320739,5.33162565739821],[5.81631419584352,5.33693778365182],[5.8181736718775,5.34212659396718],[5.81293122239805,5.35073029556673],[5.80498494589858,5.35877437513733],[5.79916636013945,5.35781133882227],[5.79317154143354,5.35511006138029],[5.78752551758862,5.35453912677934],[5.78099472272834,5.34547177700097],[5.77826906106839,5.34129551967254],[5.77291220163687,5.34047714740245],[5.76695140068665,5.34289444682133],[5.76102280086161,5.34698457068146],[5.75621497843855,5.34563796811779],[5.75342976727001,5.34076851335624],[5.75090312198154,5.33434982708292],[5.72835125200874,5.32825212323695],[5.72201561902563,5.33487633787274],[5.71945648842626,5.34288643655987],[5.72320298942645,5.35752852182389],[5.72307576863187,5.36849843865207],[5.71916958940506,5.37335062463166],[5.71486820490378,5.37409207069254],[5.71587465868862,5.37823174090215],[5.71830941214972,5.38353112106444],[5.7183505102679,5.38612320911886],[5.71259373940961,5.39058905713932],[5.70802092062905,5.39258776081658],[5.70293341894217,5.39498701893581],[5.69847215566551,5.40091296755946],[5.70249534298574,5.41021998036786],[5.7288896149638,5.41454063734056],[5.75233600010637,5.4208819999044],[5.76816199967658,5.42960200003233],[5.7795739998403,5.43632099961451],[5.78848695760706,5.44231176417662],[5.79625083360912,5.4362770119746],[5.80292177162249,5.43109178455825],[5.80975580168894,5.42352104156288],[5.81455278368406,5.41523885658802],[5.82749509812032,5.41049194344851],[5.84110403142597,5.4085249903361],[5.8546829219793,5.41349220320268],[5.86553001389905,5.42121076596413],[5.88561441397405,5.43120967488665],[5.88767600274537,5.4363123607269],[5.88947627640908,5.44428208435079],[5.88876244133365,5.45077602319498],[5.89006026916616,5.46096298215593],[5.89050006822362,5.46441507299727],[5.89113998442281,5.47343492508179],[5.89041805275099,5.48313808385552],[5.87952184705563,5.48651504533314],[5.8747158529543,5.48919089264564],[5.86725091879492,5.49334716793749],[5.8617768291374,5.50092983234595],[5.8583250053947,5.51269102127367],[5.85095802359399,5.52212637812988],[5.85010290142782,5.52649211901615],[5.84259319272172,5.53336381898509],[5.83799007668074,5.53688485455245],[5.83382351044668,5.53939252324642],[5.82911829617245,5.54182866975736],[5.82637236918953,5.54212441181221],[5.82532688212996,5.55118414703082],[5.82337070829158,5.55598017484522],[5.81956868314825,5.56196098571098],[5.82369521156483,5.56190671882007],[5.82781955372946,5.56042944386377],[5.82958329333439,5.55536040975517],[5.83131214104253,5.55308124170597],[5.83428142185016,5.55482790498388],[5.8341206536453,5.55955339807093],[5.83492125621103,5.56194694279725],[5.83760293562705,5.56424725660565],[5.84048629430708,5.56381518632185],[5.84113264065888,5.5614113812303],[5.84027099570994,5.55897665025225],[5.84206914877223,5.55766534787756],[5.84596538509447,5.55702876996179],[5.85039806431928,5.55637836586897],[5.85337495788804,5.55564498942476],[5.86426687201856,5.55296182612744],[5.87378692612577,5.55304098085662],[5.88398504297538,5.55381918041087],[5.89351701669699,5.55112504988119],[5.90712976492676,5.54846382104853],[5.91733884810941,5.54646921198457],[5.92753610880442,5.53424100331972],[5.91867478381425,5.52593659699642],[5.91675710725474,5.52427196537894],[5.90659999769179,5.51447916038501],[5.90836173720447,5.50570912737436],[5.9086861613373,5.5040941239447],[5.91889810616271,5.50140476162051],[5.93353275583206,5.50439995459431],[5.93656301517109,5.50502014236571],[5.95151805911121,5.50653076238484],[5.96512699061816,5.50456380837312],[5.9684944696441,5.49522355032661],[5.96562916395482,5.49350906299293],[5.95934738687248,5.49179585089786],[5.96871294464671,5.48220186442455],[5.9878009822296,5.47454119012389],[5.99268159487974,5.47644689041169],[5.99270396011968,5.47645562282878],[5.99292093775114,5.47626821310757],[5.99393635597812,5.47539116726858],[5.99284543876604,5.47287556655419],[5.99319613389451,5.47125483174511],[5.99523782696417,5.46181917181735],[5.99119996990271,5.45207595813901],[5.98717308007366,5.44025421066334],[5.98109197591401,5.43118810824467],[5.98453807816981,5.42081403723807],[5.9893541338862,5.40837097244247],[5.99416303639504,5.39731597884941]]]},"properties":{"FID":328,"globalid":"4d13a2bc-164d-4945-a987-845247ae6e29","uniq_id":28379,"timestamp":1565308800000,"editor":"nuraddeen.isah","lganame":"Ughelli South","lgacode":"10020","statename":"Delta","statecode":"DE","source":"eHA_Polio","amapcode":"NIE DTS JRT","Shape__Area":0.064497450105072573,"Shape__Length":1.7277111246544032}},{"type":"Feature","id":363,"geometry":{"type":"Polygon","coordinates":[[[6.09448488916632,5.37029952800088],[6.09631490700741,5.36418485574654],[6.0948568730463,5.35254036014953],[6.09489692705159,5.34352622955191],[6.09426273323862,5.33311830626485],[6.09500660027442,5.31856142097286],[6.09927511185697,5.31011915217715],[6.10665954590138,5.29785429074298],[6.10871362173629,5.29455454595558],[6.11776399591173,5.28114604995028],[6.12664985710529,5.27081823377449],[6.13622522401494,5.25841522208486],[6.14443397484808,5.24738693206132],[6.15126800491453,5.23981618906595],[6.16148710294749,5.23574018456191],[6.15472984260822,5.2259759897002],[6.1452159884272,5.22450876196984],[6.13659736977286,5.22278791193264],[6.13434505458065,5.22233819964822],[6.12415885914407,5.21878576335234],[6.11193513899553,5.21521711317928],[6.10173702214593,5.21443796214231],[6.08950281140568,5.21295022986925],[6.07999181706873,5.21079015724001],[6.07116413121975,5.20794296299738],[6.05458641083425,5.20949888186794],[6.05232143408693,5.20919656756757],[6.04322433473533,5.21210765774225],[6.02830505413499,5.22120475799323],[6.01302194560634,5.23394060067824],[6.00683593732867,5.24594879200322],[6.0053801543707,5.25977659241585],[6.00465250031272,5.26705408088117],[6.01011085543166,5.28706788957152],[6.01811599705565,5.2998037340551],[6.02618408222963,5.31672000872146],[6.02847623828779,5.32686710433347],[6.02571582772333,5.33585882202703],[6.0229468340292,5.34693098098006],[6.02191187623214,5.35208424109487],[6.01816704527295,5.35498896496881],[6.0170096195983,5.36140657655233],[6.01467100006664,5.3669009998813],[6.0137800003468,5.3687580000817],[6.01158499984791,5.37570700037782],[6.00567599984754,5.3811070002879],[6.00231599958374,5.38738600026375],[5.99719369323441,5.39569654715797],[5.99416303639504,5.39731597884941],[5.9893541338862,5.40837097244247],[5.98453807816981,5.42081403723807],[5.98109197591401,5.43118810824467],[5.98717308007366,5.44025421066334],[5.99119996990271,5.45207595813901],[5.99523782696417,5.46181917181735],[5.99319613389451,5.47125483174511],[5.99284543876604,5.47287556655419],[5.99393635597812,5.47539116726858],[5.99292093775114,5.47626821310757],[5.99270396011968,5.47645562282878],[5.99268159487974,5.47644689041169],[5.9878009822296,5.47454119012389],[5.96871294464671,5.48220186442455],[5.95934738687248,5.49179585089786],[5.96562916395482,5.49350906299293],[5.9684944696441,5.49522355032661],[5.96512699061816,5.50456380837312],[5.95151805911121,5.50653076238484],[5.93656301517109,5.50502014236571],[5.93353275583206,5.50439995459431],[5.91889810616271,5.50140476162051],[5.9086861613373,5.5040941239447],[5.90836173720447,5.50570912737436],[5.90659999769179,5.51447916038501],[5.91675710725474,5.52427196537894],[5.91867478381425,5.52593659699642],[5.92753610880442,5.53424100331972],[5.91733884810941,5.54646921198457],[5.90712976492676,5.54846382104853],[5.89351701669699,5.55112504988119],[5.88398504297538,5.55381918041087],[5.87378692612577,5.55304098085662],[5.86426687201856,5.55296182612744],[5.85337495788804,5.55564498942476],[5.85039806431928,5.55637836586897],[5.84812200432708,5.56149266375547],[5.84740816565437,5.57089153511629],[5.84688852658428,5.57441765904775],[5.84607566805767,5.57993348714075],[5.84606742936842,5.58721876193636],[5.85301637570524,5.59553384770896],[5.85805625379311,5.61520899689776],[5.861209040365,5.62091970268216],[5.86674128738053,5.61889716067549],[5.8727494259453,5.61467361699385],[5.87869807705465,5.60931983144513],[5.87908033119237,5.60927050812751],[5.88238624263101,5.60884393809732],[5.88692944763596,5.60581563118649],[5.89236902131336,5.60903072009171],[5.89551236860098,5.60896857244171],[5.89573505243078,5.60768035476463],[5.89680921976975,5.6062544526809],[5.89941439475854,5.60418724764344],[5.90089945424648,5.60186805076995],[5.90136526889211,5.59906341694318],[5.90852671243789,5.60023654657942],[5.90903441300782,5.60150341525048],[5.9112753418836,5.60106276903161],[5.91424313341395,5.59934399822697],[5.91596873816678,5.59635880211709],[5.91642938710658,5.59310082724141],[5.91578629000531,5.59121501995725],[5.91625334211807,5.59040768686532],[5.91789570112576,5.58867173001636],[5.91764086563347,5.58234370259987],[5.91744153090195,5.58059416059211],[5.91853591769848,5.57991220738251],[5.91953494668047,5.5793305951309],[5.92040447238855,5.57724099067923],[5.92099789093999,5.57571869566135],[5.9213599975659,5.57401055664195],[5.92073993659886,5.57201660138509],[5.92095464164345,5.56890055931342],[5.91978394287469,5.5655742206738],[5.92263900528593,5.56299146578357],[5.92312952161018,5.56318231631087],[5.92461388142556,5.56293593894247],[5.92628907827839,5.56306924544936],[5.92802526175649,5.5628637242815],[5.93034617633504,5.56352651024031],[5.9340475475563,5.56367162124837],[5.94149431361171,5.56210198771663],[5.9485613130542,5.56431488742214],[5.9546474426254,5.56640585344741],[5.95493470497269,5.54982615815072],[5.96903619156706,5.5493748162948],[5.97848142207999,5.55473516059925],[5.98998691126701,5.5573999399553],[5.99771926783001,5.56943268636945],[6.0072848186395,5.57315049899637],[6.01141663866701,5.57851168506625],[6.0134552047939,5.58454019597332],[6.0162350002451,5.59176000012394],[6.02864980744272,5.59524488384437],[6.0359454280391,5.5998651400642],[6.04085588469138,5.60297489227753],[6.05033683807466,5.61206912998642],[6.05845403702426,5.62184476872113],[6.05899722484207,5.63075959617845],[6.05908822993791,5.63225317044748],[6.05766391785556,5.64680385581335],[6.05420923157084,5.65925788874063],[6.04461479183919,5.67582178115032],[6.04117202786682,5.68550205217804],[6.04621194102833,5.68584477661517],[6.05048881540654,5.68616335425543],[6.06011580160299,5.68890459577051],[6.06506003499265,5.69802976476188],[6.06770409756609,5.70868707904549],[6.06967577571652,5.71590056725745],[6.07418770769658,5.71900913416425],[6.08030660766389,5.71946629643247],[6.09212006428959,5.71690719910799],[6.09742363978921,5.7223504905827],[6.10160010576033,5.7317036098338],[6.10632374624396,5.74331965807579],[6.11344114998911,5.75163399831041],[6.12878727671148,5.75238116585814],[6.14383835835361,5.75137460955062],[6.14966124467077,5.7556932286596],[6.16265487712093,5.74060392403192],[6.16683244656019,5.72647571588163],[6.16817808235265,5.7219262120251],[6.17368602788792,5.70671606099745],[6.17441797261142,5.69493198432366],[6.17721795964115,5.67692518185169],[6.179989814978,5.66515922471848],[6.18479585584413,5.65479707692361],[6.19096183801844,5.64444589636105],[6.20257377635875,5.63275289493021],[6.20528635288292,5.62938989272942],[6.21146297493641,5.62173223475486],[6.19449377067104,5.61465501811466],[6.18162012127164,5.60414600383507],[6.17416381790594,5.59853601492517],[6.16816756298272,5.59618926462292],[6.16330194472903,5.59428501134425],[6.14697885479035,5.59484291117144],[6.13609600132946,5.59544610985012],[6.13307011629286,5.59473435940322],[6.12386798871677,5.59256982793528],[6.11506080561173,5.58486795389302],[6.11238384224055,5.57513809244904],[6.11585092478037,5.55990982098149],[6.11658287040319,5.54812717422976],[6.11118888875626,5.5376801493195],[6.10237693834506,5.53136491835636],[6.0867547988949,5.52707385987077],[6.07794189520234,5.52075910644766],[6.07658878514439,5.51883847111861],[6.07253599214238,5.51308584163831],[6.06917190625853,5.5047359467066],[6.06243705702462,5.49011707384392],[6.05771398491254,5.48175620988121],[6.05651098789184,5.47374993061487],[6.05573177300295,5.46856403410294],[6.0564789774229,5.45331287488932],[6.06198406221472,5.43879604270325],[6.06268096215672,5.43787790324268],[6.06477735289258,5.43511599260904],[6.07087612243515,5.42708110770701],[6.0804419520345,5.41675805973671],[6.08797693258941,5.40433788268717],[6.08801984823748,5.39462900242654],[6.09217405328997,5.37802076264813],[6.09448488916632,5.37029952800088]]]},"properties":{"FID":363,"globalid":"2519b543-5551-4baf-9b3a-a1852aef0333","uniq_id":28405,"timestamp":1565308800000,"editor":"nuraddeen.isah","lganame":"Ughelli North","lgacode":"10019","statename":"Delta","statecode":"DE","source":"eHA_Polio","amapcode":"NIE DTS UGH","Shape__Area":0.062495068414541777,"Shape__Length":1.9226200078647029}},{"type":"Feature","id":368,"geometry":{"type":"Polygon","coordinates":[[[6.33052587536889,6.07071208969126],[6.32718515387182,6.05750799160057],[6.32521200173255,6.04223394374156],[6.32321786930925,6.03181600560424],[6.31919622432633,6.01860618602672],[6.30971193265964,6.01020479231738],[6.29950904760449,6.01081419002293],[6.29335212699908,6.01908397694405],[6.28314876620266,6.01969289800888],[6.27024412166895,6.01611804970827],[6.25663995656879,6.01669788400022],[6.2409567828293,6.02627706493467],[6.23276281415258,6.03383684159701],[6.24327439329863,6.05302078917811],[6.24485197593799,6.05368227921389],[6.24436323397612,6.0540313942335],[6.24092919612553,6.05582074832893],[6.23388599184511,6.05549714078046],[6.2277945715623,6.05412657218363],[6.22048486668331,6.05313671628647],[6.21095750468515,6.05293684106243],[6.20262939223272,6.05374585858453],[6.19552307083308,6.05446388090343],[6.19322204566095,6.05639314702614],[6.18569898561975,6.06603908463609],[6.17681789443031,6.07497978199137],[6.16930389415944,6.08254623432128],[6.1638121598034,6.09428882616845],[6.15696906996664,6.10394096370459],[6.14808320967245,6.11427020980238],[6.14124011983569,6.12392091831578],[6.13438701604798,6.13565301867192],[6.13024616233059,6.14948797319147],[6.12541580199769,6.16539907470758],[6.12127113335617,6.17992687232737],[6.11919116963679,6.1889247890478],[6.11574220663755,6.19999217979529],[6.11502218242782,6.20900106374813],[6.11430311239877,6.2180099486003],[6.11216116020944,6.24087810474077],[6.10348816674554,6.24820771161666],[6.09509706487768,6.25529909078045],[6.08485889402277,6.26353502272315],[6.07663202274972,6.27872276264543],[6.08610582382477,6.28920507425482],[6.0860419269934,6.30376720439301],[6.08801698659471,6.31834697743113],[6.09477806095879,6.32741784985393],[6.10086393422324,6.33509683615011],[6.10695409815315,6.3420829766481],[6.11304283126168,6.34906816476405],[6.11777210240064,6.35152435266679],[6.12246228090959,6.35396012865704],[6.12661313958478,6.35611581799066],[6.14092683830302,6.34860706256592],[6.15047502500244,6.34244394293364],[6.15865898062748,6.33696508417137],[6.16752386063769,6.3314909927152],[6.1800001841612,6.3215859172563],[6.18049001700075,6.32119703331648],[6.18870306029805,6.30947589929337],[6.19351100862622,6.2984199524189],[6.19759893364392,6.28274631509044],[6.21263790141808,6.27916097619811],[6.22347211774411,6.28965377839921],[6.23633098588635,6.30363082939931],[6.24664401900634,6.3126502039438],[6.25468015666394,6.30655717837112],[6.26219701767826,6.29829788204165],[6.27378988319663,6.29076576312951],[6.28061819087685,6.28458213805527],[6.28407001461954,6.27282095002687],[6.28141498571307,6.25823593124329],[6.27729626341187,6.25315590112399],[6.27465105060554,6.24985790282],[6.26722001998797,6.23869991257095],[6.25910282103843,6.22892379899417],[6.25096988665098,6.22261476525927],[6.2482008929569,6.23368787839291],[6.24610614798041,6.24615287765323],[6.24198913618972,6.25444078411493],[6.23388766908073,6.25088776236038],[6.23520191313781,6.26353350017092],[6.22395478118824,6.25954341329793],[6.21268475609668,6.25546786205223],[6.20822726008004,6.25383064806601],[6.20480538735876,6.25369175766855],[6.19976179866813,6.25348704499118],[6.19506764065915,6.25349377821533],[6.19158534878488,6.25457145740688],[6.18833690582358,6.25559693814824],[6.18810738984422,6.25416260671898],[6.18810323407706,6.25236959957743],[6.18834607621051,6.25103808673833],[6.1876990238909,6.24914701931954],[6.1867955802519,6.24808619881907],[6.18663851635449,6.24699732306806],[6.18497196828179,6.24397454159185],[6.18028580974237,6.23157428542498],[6.17689800334023,6.21090316764713],[6.17220051424238,6.20116638322207],[6.16707561694619,6.19000928330183],[6.16434150435697,6.18286389175523],[6.1636249011683,6.17078633931817],[6.17193594089099,6.16888481907921],[6.17426851428058,6.16716870936847],[6.17625408785591,6.16408201487314],[6.17803990581706,6.15885402829082],[6.18023042139686,6.15704299963477],[6.18396107993993,6.15678254068177],[6.19043087378583,6.15877185993344],[6.19586353167671,6.16034997587076],[6.20404321012609,6.16155272018193],[6.2243529866011,6.15708827600321],[6.21762363941946,6.12858921182271],[6.21598795518003,6.12214776011109],[6.21702700039577,6.11095000004252],[6.220424999714,6.10720500001077],[6.23125800015663,6.092275000391],[6.23650200006728,6.08849999987513],[6.24247100013662,6.08678599997398],[6.24590800035401,6.08534400002566],[6.25405342182802,6.08902458161919],[6.26263700019746,6.0926640003434],[6.26597079781413,6.09630642640053],[6.26803800015364,6.09856499997483],[6.27036999977571,6.10013799966902],[6.28706399980382,6.10538599976411],[6.29329100007965,6.10527900022572],[6.3016050003705,6.10582900040811],[6.30994500006176,6.10799100028447],[6.31456199983649,6.10837700009853],[6.31921799961106,6.11083099995074],[6.32894400026544,6.11319900033362],[6.33613900021476,6.11584299995451],[6.34473800015866,6.11984700023891],[6.34685099957403,6.1203150002371],[6.34764915418515,6.12073658802319],[6.34801101709479,6.11524009715282],[6.34465885172466,6.10411596278152],[6.33586788159749,6.09294700619944],[6.33252286943491,6.0804371829297],[6.33052587536889,6.07071208969126]]]},"properties":{"FID":368,"globalid":"3f141d14-5a88-4642-9302-d97e017cc6de","uniq_id":28411,"timestamp":1565308800000,"editor":"nuraddeen.isah","lganame":"Ika South","lgacode":"10008","statename":"Delta","statecode":"DE","source":"eHA_Polio","amapcode":"NIE DTS AGB","Shape__Area":0.033875922680167037,"Shape__Length":1.3905338274532664}},{"type":"Feature","id":385,"geometry":{"type":"Polygon","coordinates":[[[5.78972859669744,5.53270422831753],[5.79243806696326,5.53090286287687],[5.79685179837185,5.52659003270389],[5.79827594767687,5.5237722399969],[5.80101299295529,5.52091074023849],[5.80049041040417,5.51825808014632],[5.79501756990499,5.51633557872401],[5.78695352088835,5.5166575063389],[5.78399560391404,5.51596249497322],[5.78403003985449,5.52129917181935],[5.78402565206227,5.52503635134661],[5.78260406312705,5.52482177760299],[5.78189607364493,5.52488862331137],[5.77815732480076,5.52730362496237],[5.77344443571218,5.52778253193833],[5.7736255852526,5.52840746363358],[5.77456805317314,5.5297903583384],[5.77588011187771,5.53147151769645],[5.77736064867503,5.53359888468083],[5.77773247877093,5.53549422927529],[5.7780271704176,5.53744071831454],[5.77838134412377,5.5384196789251],[5.77828646474859,5.53942394196139],[5.77741280036048,5.54124216969041],[5.77739318794534,5.54186570024194],[5.77992494318164,5.54738493316819],[5.77542989867095,5.5471230227094],[5.77371447244502,5.54651896877544],[5.77297409387938,5.54604315276936],[5.77245323802657,5.54681060272719],[5.77062972138458,5.54748272724612],[5.77049206485697,5.5480902840394],[5.76986874204886,5.54886359038244],[5.7699731731235,5.55015417957179],[5.7673559094477,5.55173945231394],[5.76284214464931,5.55248824313799],[5.76067176309147,5.55386880140412],[5.75954231982223,5.55508633776435],[5.757262095969,5.55623013061609],[5.75533704496871,5.55594135291113],[5.75335869205003,5.5550738740601],[5.75307194411499,5.55391414881893],[5.75388949980061,5.55235681531479],[5.75379621132612,5.55138721035155],[5.75113184655754,5.55017160123845],[5.74993202594231,5.55080666019927],[5.74880650011994,5.55386009596668],[5.74867913003789,5.55598136644693],[5.74814819368424,5.55637336294041],[5.74632553139821,5.55598091228933],[5.74407700594912,5.55478471324398],[5.7430486347867,5.55289522773262],[5.74104359628501,5.55339978067536],[5.73833840409412,5.55541036439683],[5.73482403969774,5.55728444901814],[5.73170141099138,5.55697428723363],[5.7319075463962,5.55929908238681],[5.73152008338519,5.56127684984676],[5.730717815275,5.56405800327428],[5.7304909289133,5.56689723222155],[5.72068882043277,5.57326507622236],[5.71045780188609,5.58011388844523],[5.70593118667495,5.58184862131685],[5.73708029841708,5.6033220971371],[5.74303429509666,5.60742664522354],[5.75833177569092,5.61797237432569],[5.76077476604269,5.61849676001754],[5.76395654585798,5.61917972586372],[5.77034044275729,5.62313699737456],[5.77736377741644,5.62430000334251],[5.78312837327587,5.62199179438585],[5.79115438456722,5.61444678009485],[5.79753278301155,5.6059078800447],[5.80277204529369,5.60199165359199],[5.81102800333974,5.59548664139544],[5.81514883005451,5.59188795116808],[5.81860017805582,5.58969736094451],[5.81863784526041,5.58968000133103],[5.81925989912509,5.58939331275121],[5.82345056539134,5.58746194761085],[5.82834529919626,5.5873060231545],[5.83392476961245,5.58643436425456],[5.83672237433814,5.58634519557438],[5.84023380334742,5.58692645978834],[5.84606742936842,5.58721876193636],[5.84607566805767,5.57993348714075],[5.84688852658428,5.57441765904775],[5.84740816565437,5.57089153511629],[5.84812200432708,5.56149266375547],[5.85039806431928,5.55637836586897],[5.84596538509447,5.55702876996179],[5.84206914877223,5.55766534787756],[5.84027099570994,5.55897665025225],[5.84113264065888,5.5614113812303],[5.84048629430708,5.56381518632185],[5.83760293562705,5.56424725660565],[5.83492125621103,5.56194694279725],[5.8341206536453,5.55955339807093],[5.83428142185016,5.55482790498388],[5.83131214104253,5.55308124170597],[5.82958329333439,5.55536040975517],[5.82781955372946,5.56042944386377],[5.82369521156483,5.56190671882007],[5.81956868314825,5.56196098571098],[5.81553769330992,5.55718593907989],[5.81324621893788,5.55477144194856],[5.81182390694778,5.55097975541145],[5.81047865426655,5.54836297287295],[5.80797394704007,5.54828275694371],[5.80534715414791,5.55006386335668],[5.80321206288642,5.55090539856536],[5.8009818071647,5.55032860488126],[5.79855821878681,5.54844650819985],[5.79537210603792,5.54845287180262],[5.7934836943171,5.5500582327013],[5.79129971590919,5.55255698012058],[5.78820768573615,5.55270412719375],[5.78541784126043,5.55142103475299],[5.78424596617845,5.54889064378824],[5.78583782825319,5.54723432370514],[5.78680915721691,5.54390618732072],[5.78944656840446,5.54153120729944],[5.79332682017667,5.53969067638366],[5.79786863482968,5.54054626799592],[5.79925241716535,5.53962142408949],[5.79834729539141,5.53670386599066],[5.79603668524487,5.53468059373444],[5.79151823497858,5.53551996787229],[5.7898526293954,5.53515592140872],[5.78972859669744,5.53270422831753]]]},"properties":{"FID":385,"globalid":"2375776b-30ba-4a0a-a7aa-35c5d3ee8b72","uniq_id":28424,"timestamp":1565308800000,"editor":"nuraddeen.isah","lganame":"Uvwie","lgacode":"10022","statename":"Delta","statecode":"DE","source":"eHA_Polio","amapcode":"NIE DTS EFR","Shape__Area":0.0068017244573965741,"Shape__Length":0.51239460682797722}},{"type":"Feature","id":387,"geometry":{"type":"Polygon","coordinates":[[[5.90679386814253,5.65723910590009],[5.91044049583229,5.64071266665627],[5.91833400730866,5.62900114098989],[5.90089945424648,5.60186805076995],[5.89941439475854,5.60418724764344],[5.89680921976975,5.6062544526809],[5.89573505243078,5.60768035476463],[5.89551236860098,5.60896857244171],[5.89236902131336,5.60903072009171],[5.88692944763596,5.60581563118649],[5.88238624263101,5.60884393809732],[5.87908033119237,5.60927050812751],[5.87869807705465,5.60931983144513],[5.8727494259453,5.61467361699385],[5.86674128738053,5.61889716067549],[5.861209040365,5.62091970268216],[5.85805625379311,5.61520899689776],[5.85301637570524,5.59553384770896],[5.84606742936842,5.58721876193636],[5.84023380334742,5.58692645978834],[5.83672237433814,5.58634519557438],[5.83392476961245,5.58643436425456],[5.82834529919626,5.5873060231545],[5.82345056539134,5.58746194761085],[5.81925989912509,5.58939331275121],[5.81863784526041,5.58968000133103],[5.81860017805582,5.58969736094451],[5.81514883005451,5.59188795116808],[5.81102800333974,5.59548664139544],[5.80277204529369,5.60199165359199],[5.79753278301155,5.6059078800447],[5.79115438456722,5.61444678009485],[5.78312837327587,5.62199179438585],[5.77736377741644,5.62430000334251],[5.77034044275729,5.62313699737456],[5.76395654585798,5.61917972586372],[5.76077476604269,5.61849676001754],[5.75833177569092,5.61797237432569],[5.74303429509666,5.60742664522354],[5.73708029841708,5.6033220971371],[5.70593118667495,5.58184862131685],[5.70160198164621,5.58350801528275],[5.6920552248688,5.58967018073429],[5.68250083914245,5.59721899016432],[5.67499589864184,5.6027050021342],[5.66476821927796,5.60886001617683],[5.6559038159084,5.61433506001504],[5.66266107624773,5.62410020815815],[5.67076921542701,5.63595581061224],[5.67715017334189,5.64630748670118],[5.68022203441939,5.65129089365985],[5.69648599573219,5.6470088958439],[5.69241619115434,5.66179513883463],[5.68558788257479,5.66798019383094],[5.67603683513187,5.67483520508068],[5.66715717296523,5.68377590243603],[5.65895986600503,5.69202995301998],[5.65061839862022,5.70067651630825],[5.66321430589556,5.70487688176274],[5.66913670669373,5.70670500113494],[5.67891975224484,5.70813452928513],[5.685152223996,5.70894457293372],[5.70757210227077,5.71433978485322],[5.71565824133484,5.7139638520502],[5.72595899870885,5.71991996123728],[5.72543001208544,5.73141813264078],[5.73287105575469,5.74049520498977],[5.74164009141714,5.75651788809012],[5.74636697755403,5.7641859053553],[5.75245618820259,5.77117204765193],[5.75328202844292,5.77278336026393],[5.75852394102708,5.78301096138682],[5.7645978928785,5.79348651908765],[5.77701581892495,5.81490203090408],[5.77805980861331,5.81186181067409],[5.78234226958011,5.81044582271659],[5.7879113726118,5.80805173839707],[5.79229272842673,5.80877770982352],[5.79487041024129,5.80649039211795],[5.79532869756139,5.803309964883],[5.79628974277745,5.80042682923482],[5.79533512141876,5.79840566409018],[5.79421988923656,5.79592256577382],[5.79558579394927,5.79176534889177],[5.79851780415339,5.79083136427607],[5.80010519300032,5.78801515077862],[5.80253492374777,5.78686227207623],[5.80464989717507,5.79059517442778],[5.80835442141944,5.7917945112078],[5.8125362401554,5.78890657497851],[5.81144577710097,5.78601859288381],[5.81123111342521,5.78340858673693],[5.81263111683262,5.78001032931331],[5.81602361589722,5.77796450565745],[5.81886646641436,5.77653047190381],[5.81971569622243,5.77386736618604],[5.82218932737561,5.77214350791661],[5.82557990189099,5.77102932794116],[5.82734621265763,5.77248445529341],[5.82800452628788,5.77530144040918],[5.82614845598653,5.77684622567284],[5.82579035044438,5.78065911192851],[5.82822995934521,5.78331432339735],[5.83041924914909,5.78442592321784],[5.83448508501868,5.78175861406885],[5.83782874280229,5.78168089825488],[5.83934264534685,5.78346960663708],[5.83918880821699,5.7873617132725],[5.84178255102398,5.79135636240625],[5.84343806801246,5.79251690513109],[5.84714044377648,5.78988389612493],[5.84961149387539,5.78857649141202],[5.85248055063693,5.78722427797811],[5.85710485110803,5.78959826065125],[5.85966296277559,5.78940853967242],[5.862772226657,5.78875026831031],[5.86339438394373,5.78539374662415],[5.86451443199547,5.78339476325777],[5.86741679514904,5.78140423981387],[5.86957484430366,5.78129851191682],[5.87086131639666,5.78172497582705],[5.87172757396843,5.78280236723549],[5.871927299905,5.78578146594197],[5.87169803573579,5.78684540978787],[5.87199459257641,5.78846268670367],[5.87439265369807,5.79139416540846],[5.87532319211169,5.79185763642084],[5.8793030069283,5.79003891226603],[5.88358373939809,5.78941456333149],[5.88726136222215,5.78921581225995],[5.89003642274275,5.79075096668379],[5.88990835388745,5.79282638792751],[5.88934473527138,5.79531137122285],[5.89052942569248,5.7966679553619],[5.89418511495114,5.79859168705678],[5.90264081961817,5.79461193069608],[5.90677976587352,5.78147077705478],[5.90614891124329,5.7703700070702],[5.89053916894756,5.76330518668505],[5.88789606055479,5.75300264415677],[5.8783512121388,5.75141477597117],[5.86816596998358,5.74786186213527],[5.86505472669432,5.74089278177649],[5.86412620456076,5.73881292417718],[5.86009502406614,5.72768402070102],[5.85810708887112,5.71587800956252],[5.8547430038866,5.70752906791222],[5.85285612101325,5.7030693011074],[5.85665368012332,5.69813655295962],[5.85958003898764,5.69023180085696],[5.87465396340974,5.68832903595631],[5.8782910852654,5.68041580234745],[5.88929416279541,5.67209815080906],[5.89945407014926,5.66186779056613],[5.90679386814253,5.65723910590009]]]},"properties":{"FID":387,"globalid":"00cbf90b-93e1-4abb-a471-d3ff1924340f","uniq_id":28426,"timestamp":1565308800000,"editor":"nuraddeen.isah","lganame":"Okpe","lgacode":"10013","statename":"Delta","statecode":"DE","source":"eHA_Polio","amapcode":"NIE DTS KPE","Shape__Area":0.035464914395115343,"Shape__Length":1.1006038120465753}},{"type":"Feature","id":402,"geometry":{"type":"Polygon","coordinates":[[[5.86553001389905,5.42121076596413],[5.8546829219793,5.41349220320268],[5.84110403142597,5.4085249903361],[5.82749509812032,5.41049194344851],[5.81455278368406,5.41523885658802],[5.80975580168894,5.42352104156288],[5.80292177162249,5.43109178455825],[5.79625083360912,5.4362770119746],[5.78848695760706,5.44231176417662],[5.77697900157972,5.44383909359937],[5.76731476636343,5.44816057435105],[5.76290421315895,5.45746942627306],[5.75906600019579,5.46616199977649],[5.75285299966623,5.46719000041821],[5.7489559998196,5.46863699969782],[5.75054219076952,5.47428427719768],[5.74585807369118,5.47821052119866],[5.743719031708,5.48292297861263],[5.74595609619695,5.48644363826332],[5.74835221298429,5.48841537217174],[5.75025936657653,5.49103430678787],[5.75233800019862,5.4923129997452],[5.75584508458303,5.49582028917507],[5.76075078741894,5.49226900041407],[5.76692434008629,5.48800072265527],[5.77160125539365,5.48795702099977],[5.77903929802522,5.49064929802671],[5.78026842484797,5.49406732434761],[5.77902000037278,5.50176899963969],[5.77439696794579,5.50662095719144],[5.77103030640359,5.51429156000756],[5.76899488880315,5.51939727026786],[5.76927873732393,5.52296327733342],[5.77154108175557,5.52365563839703],[5.77907958135762,5.51796183537044],[5.78399560391404,5.51596249497322],[5.78695352088835,5.5166575063389],[5.79501756990499,5.51633557872401],[5.80049041040417,5.51825808014632],[5.80101299295529,5.52091074023849],[5.79827594767687,5.5237722399969],[5.79685179837185,5.52659003270389],[5.79243806696326,5.53090286287687],[5.78972859669744,5.53270422831753],[5.7898526293954,5.53515592140872],[5.79151823497858,5.53551996787229],[5.79603668524487,5.53468059373444],[5.79834729539141,5.53670386599066],[5.79925241716535,5.53962142408949],[5.79786863482968,5.54054626799592],[5.79332682017667,5.53969067638366],[5.78944656840446,5.54153120729944],[5.78680915721691,5.54390618732072],[5.78583782825319,5.54723432370514],[5.78424596617845,5.54889064378824],[5.78541784126043,5.55142103475299],[5.78820768573615,5.55270412719375],[5.79129971590919,5.55255698012058],[5.7934836943171,5.5500582327013],[5.79537210603792,5.54845287180262],[5.79855821878681,5.54844650819985],[5.8009818071647,5.55032860488126],[5.80321206288642,5.55090539856536],[5.80534715414791,5.55006386335668],[5.80797394704007,5.54828275694371],[5.81047865426655,5.54836297287295],[5.81182390694778,5.55097975541145],[5.81324621893788,5.55477144194856],[5.81553769330992,5.55718593907989],[5.81956868314825,5.56196098571098],[5.82337070829158,5.55598017484522],[5.82532688212996,5.55118414703082],[5.82637236918953,5.54212441181221],[5.82911829617245,5.54182866975736],[5.83382351044668,5.53939252324642],[5.83799007668074,5.53688485455245],[5.84259319272172,5.53336381898509],[5.85010290142782,5.52649211901615],[5.85095802359399,5.52212637812988],[5.8583250053947,5.51269102127367],[5.8617768291374,5.50092983234595],[5.86725091879492,5.49334716793749],[5.8747158529543,5.48919089264564],[5.87952184705563,5.48651504533314],[5.89041805275099,5.48313808385552],[5.89113998442281,5.47343492508179],[5.89050006822362,5.46441507299727],[5.89006026916616,5.46096298215593],[5.88876244133365,5.45077602319498],[5.88947627640908,5.44428208435079],[5.88767600274537,5.4363123607269],[5.88561441397405,5.43120967488665],[5.86553001389905,5.42121076596413]]]},"properties":{"FID":402,"globalid":"afd06d28-aae7-4484-a91d-f321a38b1460","uniq_id":28760,"timestamp":1565308800000,"editor":"nuraddeen.isah","lganame":"Udu","lgacode":"10018","statename":"Delta","statecode":"DE","source":"WHO","amapcode":"NIE DTS ALA","Shape__Area":0.012465209177541681,"Shape__Length":0.56745184553388539}},{"type":"Feature","id":409,"geometry":{"type":"Polygon","coordinates":[[[5.74636697755403,5.7641859053553],[5.74164009141714,5.75651788809012],[5.73287105575469,5.74049520498977],[5.72543001208544,5.73141813264078],[5.72595899870885,5.71991996123728],[5.71565824133484,5.7139638520502],[5.70757210227077,5.71433978485322],[5.685152223996,5.70894457293372],[5.67891975224484,5.70813452928513],[5.66913670669373,5.70670500113494],[5.66321430589556,5.70487688176274],[5.65061839862022,5.70067651630825],[5.63940700033282,5.69797899983104],[5.63307999994208,5.70654900023624],[5.61813115772679,5.71853624814941],[5.61303500006522,5.72232500019862],[5.60736700038683,5.72841300035975],[5.60143400017904,5.73243100039042],[5.60173499967055,5.73680499975097],[5.60154099971743,5.7391109999727],[5.6000300001844,5.74558800008617],[5.60045199985996,5.75733300031777],[5.60128799974143,5.7663030002833],[5.60416900039911,5.77316800030303],[5.59830099959152,5.7811020001572],[5.58904499992684,5.77941499970251],[5.58353200020167,5.78089200036555],[5.5766149995826,5.78100800031899],[5.5733638820376,5.77935572088984],[5.57074999981268,5.77825300007595],[5.56997800018462,5.78434500042147],[5.56843500007523,5.78875100035845],[5.56674999971278,5.79868799995131],[5.56183200044649,5.80844900042109],[5.56031899992195,5.81469599982057],[5.55651900005188,5.82236299995253],[5.55564700030885,5.82537400030992],[5.55248800032103,5.82980499960109],[5.54929699975679,5.83216399956899],[5.54562699958643,5.83337799979489],[5.54343500012521,5.84055799995178],[5.54602900013828,5.8439699999156],[5.54678099974342,5.84764300022431],[5.54915799964203,5.85198099972342],[5.54944700037879,5.85566399959396],[5.53825400042183,5.86253499989039],[5.54200399978481,5.8661589997381],[5.54690600011185,5.86976200041602],[5.54704612977514,5.87161351655061],[5.54746899999441,5.87597299995406],[5.54912800005718,5.87871000026632],[5.55011000037626,5.88238000043674],[5.54810299955386,5.88656400002861],[5.54006899958472,5.88900300008845],[5.53431599958378,5.89002200031513],[5.53179800037748,5.89121599961874],[5.52605399989221,5.89269699956691],[5.51240399994469,5.9044490001213],[5.50859100037439,5.91119500004925],[5.50041800029055,5.91939799971794],[5.49803500011524,5.92888600018881],[5.50015199971506,5.93138300022531],[5.46957155718167,5.93145700183919],[5.47495819766272,5.94776971540011],[5.47155083370404,5.9784359856323],[5.47356427637033,6.00151312982712],[5.47367763501489,6.02735185640307],[5.47894096405429,6.0270953175949],[5.48417949698626,6.0277500150512],[5.48974514032602,6.03004169536797],[5.4902734758403,6.03359508494526],[5.49138212228718,6.03855419222225],[5.49432849916093,6.04182815614456],[5.49727535177612,6.04248285270154],[5.50087642700555,6.03658962231327],[5.50578737288902,6.03593492485692],[5.51298999818994,6.03528022829994],[5.51659154916069,6.03036928241647],[5.51888322767888,6.02742242800269],[5.51528215424804,6.02185678466293],[5.51921081472739,6.01629114222249],[5.52346706405382,6.01269006699306],[5.52837800993728,6.01203489289605],[5.53263378082437,6.01170778338752],[5.53459835073335,6.00974321437786],[5.53230667131589,6.00417757013878],[5.53659677472143,5.98990201976244],[5.54632759124542,5.98536157567622],[5.56107997925767,5.98941183079143],[5.57127380364318,5.99088382672727],[5.57201194829281,5.97771406205436],[5.56933498402236,5.96798276888973],[5.56724370503304,5.95979346139916],[5.57421523514506,5.95663684911136],[5.57904893286201,5.94697040605945],[5.57514391915657,5.93201181879044],[5.57926825502602,5.92553129513323],[5.58939144126208,5.91912797827365],[5.60152292334431,5.91538466896736],[5.61033873724296,5.91399466332308],[5.61691865487205,5.91726175822362],[5.62036180465361,5.92948627517148],[5.62603991720846,5.93978018510751],[5.63409420498363,5.94420369124742],[5.64066011297388,5.94577278968256],[5.6466556826137,5.94149504386121],[5.65418580593024,5.9340428683837],[5.66436073016359,5.92409498699408],[5.67189264672834,5.91621843763085],[5.67365583414949,5.91426967060886],[5.68064697667666,5.90625464723422],[5.68182660571335,5.90377500591183],[5.69194252003132,5.90218437410965],[5.69290375590367,5.8986857919158],[5.69526720211974,5.89459965295168],[5.69571330812272,5.89183482132],[5.69881484682776,5.89075315003788],[5.70817682530031,5.8921154727509],[5.71614530066512,5.89295526327481],[5.72117592382989,5.89483499923585],[5.72565426613153,5.89870724794116],[5.72801833108116,5.89849019386742],[5.72886875339032,5.89662988236324],[5.72605107939387,5.89230104335849],[5.72530598388408,5.8853143542741],[5.7226384256229,5.87921417819183],[5.72097608098142,5.87327598799652],[5.71963762987275,5.86782947155291],[5.7210632342809,5.86307934423638],[5.72509027789408,5.85966200769553],[5.73159851685813,5.86104908784517],[5.73637417322954,5.86500447077975],[5.74119732099962,5.86576778115824],[5.746145083329,5.8650127139656],[5.75004131695329,5.86238115016999],[5.75167549392893,5.86094339592103],[5.75311072737821,5.85522279309748],[5.7577284106377,5.85253427973328],[5.76080138507592,5.8524521158725],[5.76528918644686,5.85401437856075],[5.7685053320555,5.85398577112647],[5.77234531218647,5.85281460740828],[5.7742003311804,5.85040984633741],[5.77605922265502,5.84536650496028],[5.77926575001442,5.83895433427517],[5.77845875956416,5.83636074795021],[5.77659031728933,5.83386400961638],[5.77372098533527,5.83391183916012],[5.7716194387861,5.8317230062118],[5.77056405828472,5.82776669697552],[5.77160037136008,5.82393578470874],[5.77488566224355,5.82200740172027],[5.77753994381339,5.81859495389403],[5.77701581892495,5.81490203090408],[5.7645978928785,5.79348651908765],[5.75852394102708,5.78301096138682],[5.75328202844292,5.77278336026393],[5.75245618820259,5.77117204765193],[5.74636697755403,5.7641859053553]]]},"properties":{"FID":409,"globalid":"56eb7e91-f3bd-4119-9f83-e868de89f2f4","uniq_id":28761,"timestamp":1565308800000,"editor":"nuraddeen.isah","lganame":"Sapele","lgacode":"10017","statename":"Delta","statecode":"DE","source":"WHO","amapcode":"NIE DTS SAP","Shape__Area":0.0467235158158239,"Shape__Length":1.2279811604362214}},{"type":"Feature","id":410,"geometry":{"type":"Polygon","coordinates":[[[6.36295683219208,6.16535573278088],[6.35656295731468,6.15984702911715],[6.3539438248477,6.15759086572592],[6.34375190702491,6.15542697907188],[6.34379196103021,6.14641094191148],[6.34519910775265,6.13602113726574],[6.34728097893407,6.12632894482499],[6.34764915418515,6.12073658802319],[6.34685099957403,6.1203150002371],[6.34473800015866,6.11984700023891],[6.33613900021476,6.11584299995451],[6.32894400026544,6.11319900033362],[6.31921799961106,6.11083099995074],[6.31456199983649,6.10837700009853],[6.30994500006176,6.10799100028447],[6.3016050003705,6.10582900040811],[6.29329100007965,6.10527900022572],[6.28706399980382,6.10538599976411],[6.27036999977571,6.10013799966902],[6.26803800015364,6.09856499997483],[6.26597079781413,6.09630642640053],[6.26263700019746,6.0926640003434],[6.25405342182802,6.08902458161919],[6.24590800035401,6.08534400002566],[6.24247100013662,6.08678599997398],[6.23650200006728,6.08849999987513],[6.23125800015663,6.092275000391],[6.220424999714,6.10720500001077],[6.21702700039577,6.11095000004252],[6.21598795518003,6.12214776011109],[6.21762363941946,6.12858921182271],[6.2243529866011,6.15708827600321],[6.20404321012609,6.16155272018193],[6.19586353167671,6.16034997587076],[6.19043087378583,6.15877185993344],[6.18396107993993,6.15678254068177],[6.18023042139686,6.15704299963477],[6.17803990581706,6.15885402829082],[6.17625408785591,6.16408201487314],[6.17426851428058,6.16716870936847],[6.17193594089099,6.16888481907921],[6.1636249011683,6.17078633931817],[6.16434150435697,6.18286389175523],[6.16707561694619,6.19000928330183],[6.17220051424238,6.20116638322207],[6.17689800334023,6.21090316764713],[6.18028580974237,6.23157428542498],[6.18497196828179,6.24397454159185],[6.18663851635449,6.24699732306806],[6.1867955802519,6.24808619881907],[6.1876990238909,6.24914701931954],[6.18834607621051,6.25103808673833],[6.18810323407706,6.25236959957743],[6.18810738984422,6.25416260671898],[6.18833690582358,6.25559693814824],[6.19158534878488,6.25457145740688],[6.19506764065915,6.25349377821533],[6.19976179866813,6.25348704499118],[6.20480538735876,6.25369175766855],[6.20822726008004,6.25383064806601],[6.21268475609668,6.25546786205223],[6.22395478118824,6.25954341329793],[6.23520191313781,6.26353350017092],[6.23388766908073,6.25088776236038],[6.24198913618972,6.25444078411493],[6.24610614798041,6.24615287765323],[6.2482008929569,6.23368787839291],[6.25096988665098,6.22261476525927],[6.25910282103843,6.22892379899417],[6.26722001998797,6.23869991257095],[6.27465105060554,6.24985790282],[6.27729626341187,6.25315590112399],[6.28141498571307,6.25823593124329],[6.28407001461954,6.27282095002687],[6.28061819087685,6.28458213805527],[6.27378988319663,6.29076576312951],[6.26219701767826,6.29829788204165],[6.25468015666394,6.30655717837112],[6.24664401900634,6.3126502039438],[6.25394392037566,6.31903409994379],[6.26136589032365,6.3322720530129],[6.27083682975592,6.34344577780047],[6.28165578818414,6.35740613918205],[6.29031801226648,6.36186838182039],[6.29885339686683,6.36337804765884],[6.30460262331246,6.36504745467636],[6.30776548408988,6.36596584234979],[6.31278133409137,6.36732482857803],[6.31938695884111,6.37126302726693],[6.32237529808157,6.37304496825072],[6.3246588701108,6.37384557711175],[6.33165550209981,6.3764476782178],[6.33629465127717,6.37817335131916],[6.34158611290883,6.37841367714952],[6.34956598358332,6.37877607335713],[6.35756015797494,6.38429355620269],[6.3622894291139,6.38443899186603],[6.36385822267886,6.37612104535003],[6.36851945201113,6.36682235127057],[6.37414503066867,6.35678911162825],[6.37826681066485,6.34711408634604],[6.38290255410965,6.33316104904321],[6.38309192705083,6.33259105693179],[6.38790416694377,6.3208417894171],[6.39135312994301,6.30977487620964],[6.38998737991369,6.2992033500546],[6.3893799778038,6.29450178073262],[6.38399314936441,6.28266811364256],[6.377909183562,6.27429580670616],[6.37319183293681,6.26454782482233],[6.37119817715421,6.25412893340359],[6.37534189161505,6.23960018160312],[6.37948083876972,6.22645902616318],[6.38293314005244,6.21469783813478],[6.38569307307694,6.20570612044116],[6.38981914463784,6.19533777182079],[6.38578796414328,6.18420887014327],[6.37929284179125,6.17852888969657],[6.37698078193756,6.17650699610101],[6.36613798068333,6.16809511180003],[6.36295683219208,6.16535573278088]]]},"properties":{"FID":410,"globalid":"52c04c3f-04b0-4404-9afe-90df3488264a","uniq_id":28763,"timestamp":1565308800000,"editor":"nuraddeen.isah","lganame":"Ika North East","lgacode":"10007","statename":"Delta","statecode":"DE","source":"WHO","amapcode":"NIE DTS AYB","Shape__Area":0.038962032717041239,"Shape__Length":1.0224914192162959}},{"type":"Feature","id":612,"geometry":{"type":"Polygon","coordinates":[[[6.43751521095828,5.79790149335929],[6.43648719772602,5.79142713455468],[6.4365520478388,5.7768640520344],[6.43795394881573,5.76716709138822],[6.43664884636723,5.75467300355632],[6.43874216142166,5.74290180157692],[6.44421482115712,5.73531913806784],[6.44629220382222,5.73213445074435],[6.44952773971346,5.72717428226736],[6.46033096270384,5.72109794631319],[6.47315931325176,5.71434593171944],[6.47518491655069,5.70286750762943],[6.47045850795382,5.6913895610794],[6.46007013323009,5.68690681479774],[6.44952773971346,5.6866631506839],[6.43467378586655,5.68396234538596],[6.43099267906894,5.67870362087547],[6.42994737637036,5.67721033079221],[6.42657136907349,5.67045879373836],[6.41799783703061,5.66644620942509],[6.40507221221287,5.66772604002477],[6.39148092270648,5.66553211241711],[6.38233958930067,5.66039466328311],[6.37519979513451,5.65638208526508],[6.36435985642231,5.64727592524378],[6.35350084308948,5.6423311225833],[6.34058380140135,5.6415309912623],[6.32563877141223,5.6379380234211],[6.31206321734368,5.63227701237429],[6.30323219321122,5.63012409205328],[6.29032421129335,5.6272430419329],[6.27742195086239,5.62297391881134],[6.26518821676285,5.62148523325698],[6.24819421818864,5.61995697033797],[6.2366371151108,5.61916685116927],[6.22099304209524,5.6197299958427],[6.21146297493641,5.62173223475486],[6.20528635288292,5.62938989272942],[6.20257377635875,5.63275289493021],[6.19096183801844,5.64444589636105],[6.18479585584413,5.65479707692361],[6.179989814978,5.66515922471848],[6.17721795964115,5.67692518185169],[6.17441797261142,5.69493198432366],[6.17368602788792,5.70671606099745],[6.16817808235265,5.7219262120251],[6.16683244656019,5.72647571588163],[6.16868686660564,5.72762536961517],[6.1725821640357,5.732858705365],[6.17757627022871,5.73561444844808],[6.1802629309895,5.7356336103029],[6.18189491901535,5.73537110179495],[6.18478257915274,5.73587719077977],[6.18691808680029,5.73679431670439],[6.19135543980178,5.74017131055757],[6.19396959002461,5.74295975838618],[6.19746433031463,5.74690401041181],[6.19820863801829,5.74724224273535],[6.2004915733275,5.74815598091385],[6.20363010204761,5.74990951321354],[6.20405629975846,5.75044114384377],[6.20542978125945,5.75172254016314],[6.20851017780251,5.76243115537358],[6.21649129044073,5.76335983398917],[6.22198311562835,5.76576913843502],[6.22921502825102,5.76747561370865],[6.23685908218096,5.77024434839802],[6.24305200624514,5.77316856417792],[6.24876070024618,5.77361393003889],[6.25384577915941,5.77542972959839],[6.26151488100697,5.7762107098564],[6.26563406016379,5.777236462193],[6.2747101783321,5.7762532226082],[6.28720712690745,5.77169370659931],[6.29412507990855,5.76800584769177],[6.29690742493779,5.76722335837133],[6.29977989192849,5.77059936476894],[6.30478000559282,5.77529382674874],[6.30552311809748,5.77573275076588],[6.31257772398283,5.77989959668906],[6.3274283413449,5.7870540623951],[6.34858798974398,5.79470062363492],[6.35702466925312,5.79651212713298],[6.36689042994942,5.79966449731876],[6.37437702787759,5.80143856204006],[6.37462758979149,5.80149793618085],[6.37473297144953,5.80634927679773],[6.3754920963832,5.80909872102922],[6.37702608078905,5.8152914049744],[6.37646198283431,5.82155036895443],[6.37386035926824,5.83064842158745],[6.37054395723789,5.8390760422256],[6.36880073296749,5.84369982468723],[6.3678975105617,5.84609556196068],[6.365235329347,5.8524217610555],[6.36188936210442,5.85946321615455],[6.34766960117122,5.88141441274502],[6.34557226974448,5.88582816393864],[6.34432363482796,5.88845586784407],[6.33818006465833,5.89558696736469],[6.33687162392636,5.89978933291144],[6.33352518094239,5.9068307880105],[6.3287806510063,5.91391706621965],[6.32126855909678,5.92247867595017],[6.31165885876936,5.9311065666148],[6.30271816321272,5.93832683571492],[6.29791307382936,5.94264125768797],[6.286175251087,5.94995021792829],[6.27100086160056,5.96014308903239],[6.26405286764577,5.96244525904154],[6.2564058297653,5.96476936261604],[6.24874353398695,5.966401099731],[6.24376964635212,5.96738481505724],[6.24596023567636,5.97153282198218],[6.24794387840728,5.98403310794163],[6.25062513424263,5.99307012628537],[6.25663995656879,6.01669788400022],[6.27024412166895,6.01611804970827],[6.28314876620266,6.01969289800888],[6.29335212699908,6.01908397694405],[6.29950904760449,6.01081419002293],[6.30971193265964,6.01020479231738],[6.31919622432633,6.01860618602672],[6.32807588559371,6.00966501293004],[6.3376450543758,5.99864912006092],[6.34583616320839,5.99178218829741],[6.35331020929874,5.99045971004762],[6.36080884914912,5.98913288087778],[6.36620616907948,5.9988861076078],[6.37427711499691,6.01906394994137],[6.38306808512408,6.03023290742277],[6.38786179538562,6.02783406029369],[6.393972873949,6.02477598222583],[6.40084409727734,6.00888299935099],[6.40361022932865,5.99850416193755],[6.41181898106117,5.98747682609468],[6.43019199376556,5.98485612880734],[6.44447517399016,5.98428106272092],[6.45602607714181,5.98645782496868],[6.47915315619326,5.98526287058507],[6.47513103456964,5.97205400518823],[6.46974277530887,5.96021890637746],[6.46300697189429,5.94560098589682],[6.45897912968314,5.93377780939841],[6.45694506466305,5.92957413983476],[6.45493602777549,5.92542219208053],[6.44751405692824,5.91218376237077],[6.44280576697264,5.90035581586824],[6.44966077822238,5.88792991643254],[6.46192884394105,5.88179111536772],[6.46222411744913,5.88164335315827],[6.4714708334123,5.8770160678373],[6.4776239399929,5.86943912491574],[6.47698497797438,5.86041784290916],[6.47294712091292,5.85067606095151],[6.46687602980501,5.83952999121618],[6.46147298838775,5.83116293002524],[6.45335912682231,5.82069301557027],[6.44319486585044,5.81228685365539],[6.43847179373836,5.80392599059206],[6.43751521095828,5.79790149335929]]]},"properties":{"FID":612,"globalid":"cbcc9ad1-82e9-4168-b0f0-646057b71a87","uniq_id":28775,"timestamp":1565308800000,"editor":"nuraddeen.isah","lganame":"Ndokwa West","lgacode":"10012","statename":"Delta","statecode":"DE","source":"WHO","amapcode":"NIE DTS KWC","Shape__Area":0.066020926873562757,"Shape__Length":1.556393364449048}},{"type":"Feature","id":657,"geometry":{"type":"Polygon","coordinates":[[[6.18691808680029,5.73679431670439],[6.18478257915274,5.73587719077977],[6.18189491901535,5.73537110179495],[6.1802629309895,5.7356336103029],[6.17757627022871,5.73561444844808],[6.1725821640357,5.732858705365],[6.16868686660564,5.72762536961517],[6.16683244656019,5.72647571588163],[6.16265487712093,5.74060392403192],[6.14966124467077,5.7556932286596],[6.15574575726095,5.76884603841398],[6.15604976498469,5.77296617175148],[6.15465148377899,5.77455229075565],[6.15358000721159,5.77913142997159],[6.15370081404137,5.78569875439405],[6.1513172697762,5.78985776002764],[6.15114066630878,5.7913901580294],[6.15304431884027,5.79893619125227],[6.1518201059132,5.80492682271472],[6.14930650529101,5.80968539826256],[6.14443960100681,5.8178406196489],[6.13787514362303,5.81455410838544],[6.12352705033317,5.82349586514209],[6.1208791728356,5.83972501819505],[6.13094472871632,5.84568834264297],[6.13281011599412,5.8467936517057],[6.14244222562826,5.85208702079944],[6.15193700788666,5.85771322268715],[6.16074419009237,5.86541509672941],[6.16886997217154,5.87311077084547],[6.17970991088373,5.88221597668604],[6.19191694321239,5.88994598421982],[6.19893550876674,5.89513349501482],[6.20140600218531,5.89695978156874],[6.20383024257171,5.90057420723394],[6.20748710634496,5.90602588668537],[6.20967428543997,5.90829377273946],[6.21764087672511,5.91651201231957],[6.22371482767721,5.92696523715603],[6.22670049323324,5.93182802973985],[6.22911500925034,5.93602609742652],[6.23381996182184,5.94854688612992],[6.24376964635212,5.96738481505724],[6.24874353398695,5.966401099731],[6.2564058297653,5.96476936261604],[6.26405286764577,5.96244525904154],[6.27100086160056,5.96014308903239],[6.286175251087,5.94995021792829],[6.29791307382936,5.94264125768797],[6.30271816321272,5.93832683571492],[6.31165885876936,5.9311065666148],[6.32126855909678,5.92247867595017],[6.3287806510063,5.91391706621965],[6.33352518094239,5.9068307880105],[6.33687162392636,5.89978933291144],[6.33818006465833,5.89558696736469],[6.34432363482796,5.88845586784407],[6.34557226974448,5.88582816393864],[6.34766960117122,5.88141441274502],[6.36188936210442,5.85946321615455],[6.365235329347,5.8524217610555],[6.3678975105617,5.84609556196068],[6.36880073296749,5.84369982468723],[6.37054395723789,5.8390760422256],[6.37386035926824,5.83064842158745],[6.37646198283431,5.82155036895443],[6.37702608078905,5.8152914049744],[6.3754920963832,5.80909872102922],[6.37473297144953,5.80634927679773],[6.37462758979149,5.80149793618085],[6.37437702787759,5.80143856204006],[6.36689042994942,5.79966449731876],[6.35702466925312,5.79651212713298],[6.34858798974398,5.79470062363492],[6.3274283413449,5.7870540623951],[6.31257772398283,5.77989959668906],[6.30552311809748,5.77573275076588],[6.30478000559282,5.77529382674874],[6.29977989192849,5.77059936476894],[6.29690742493779,5.76722335837133],[6.29412507990855,5.76800584769177],[6.28720712690745,5.77169370659931],[6.2747101783321,5.7762532226082],[6.26563406016379,5.777236462193],[6.26151488100697,5.7762107098564],[6.25384577915941,5.77542972959839],[6.24876070024618,5.77361393003889],[6.24305200624514,5.77316856417792],[6.23685908218096,5.77024434839802],[6.22921502825102,5.76747561370865],[6.22198311562835,5.76576913843502],[6.21649129044073,5.76335983398917],[6.20851017780251,5.76243115537358],[6.20542978125945,5.75172254016314],[6.20405629975846,5.75044114384377],[6.20363010204761,5.74990951321354],[6.2004915733275,5.74815598091385],[6.19820863801829,5.74724224273535],[6.19746433031463,5.74690401041181],[6.19396959002461,5.74295975838618],[6.19135543980178,5.74017131055757],[6.18691808680029,5.73679431670439]]]},"properties":{"FID":657,"globalid":"18c48cd2-995e-4693-8fdf-4930272f2875","uniq_id":28736,"timestamp":1565308800000,"editor":"nuraddeen.isah","lganame":"Ukwuani","lgacode":"10021","statename":"Delta","statecode":"DE","source":"WHO","amapcode":"NIE DTS BKW","Shape__Area":0.032978707394807572,"Shape__Length":0.7903956144637454}},{"type":"Feature","id":678,"geometry":{"type":"MultiPolygon","coordinates":[[[[6.20176157973316,5.18292815840783],[6.20229101242035,5.17928123484114],[6.20073413757046,5.16954994167651],[6.1909070009574,5.15857076632784],[6.18407448894658,5.16002400960042],[6.17882776319078,5.16113996483756],[6.1659064290385,5.16113996483756],[6.15982406942533,5.15599355126142],[6.15470743240212,5.15166425719974],[6.15026903169053,5.14116621015251],[6.14613569001011,5.13712337174627],[6.14373588600239,5.13477611512565],[6.12972593330522,5.12926673876905],[6.12857906926865,5.12981256969437],[6.12068271593466,5.13367748262976],[6.1090512281317,5.14218807202195],[6.09785270723671,5.14994144394251],[6.08579254229204,5.1508026122508],[6.06956958826595,5.14134406997289],[6.06675100325623,5.13334703393849],[6.063354014776,5.12318420378801],[6.06372833329601,5.11177158399147],[6.06357603580545,5.11085794833571],[6.06226778033385,5.10300970243588],[6.05496597330108,5.09716796992592],[6.05091404544692,5.09659143074998],[6.04444313014636,5.09567070124194],[6.02721452722869,5.09567070124194],[6.02576100156904,5.09615514894102],[6.01946163194879,5.09825468100877],[6.01358223043565,5.10039281827397],[6.00452327672787,5.10368681009828],[6.00020217908735,5.10739088108437],[5.99582099864023,5.11323213605431],[5.99217033389385,5.11761331560206],[5.98839988394752,5.12138376644771],[5.98559856412248,5.12418508537343],[5.98394261725804,5.12642587755226],[5.9808893199862,5.13055753660109],[5.98300170876189,5.13577270514628],[5.98446083090266,5.13850021401373],[5.98667860043713,5.14397716531397],[5.9867539411415,5.14744234129108],[5.98682928094661,5.15090703972817],[5.98690414411101,5.1543722148059],[5.9843435287309,5.15944528597123],[5.98564815543807,5.16978311519864],[5.98839425958744,5.18413352963876],[5.98991632527822,5.18595981619262],[5.99370145755626,5.1867709156453],[6.002083301803,5.18920421580196],[6.01181697817105,5.19001579279467],[6.02046918920178,5.19136762671462],[6.02966165536117,5.19298982562003],[6.0491290089966,5.19947862573804],[6.06264829608205,5.20596790339607],[6.06381108891065,5.20623758669529],[6.07116413121975,5.20794296299738],[6.07999181706873,5.21079015724001],[6.08950281140568,5.21295022986925],[6.10173702214593,5.21443796214231],[6.11193513899553,5.21521711317928],[6.12415885914407,5.21878576335234],[6.13434505458065,5.22233819964822],[6.13659736977286,5.22278791193264],[6.1452159884272,5.22450876196984],[6.15472984260822,5.2259759897002],[6.16148710294749,5.23574018456191],[6.17006125102597,5.23497892913434],[6.17595961114716,5.23441852199721],[6.18140738214504,5.23250112332823],[6.1873521796594,5.2304081922843],[6.19324444507515,5.24032133915853],[6.19698000042672,5.24660587266294],[6.2002587316552,5.24742555614455],[6.2010030753317,5.2494826321178],[6.20314598080245,5.25149440834031],[6.20735693037807,5.25205373808961],[6.21293640079432,5.25118207918968],[6.2173842147098,5.25048721531277],[6.21851587300915,5.25031042118906],[6.21966886502616,5.24132967072779],[6.22000837258838,5.23868370069226],[6.21328544566683,5.23866939517649],[6.2023452361438,5.23193710181584],[6.20208692567115,5.23177814484558],[6.19820006657983,5.22610085696903],[6.19597055819474,5.22302259091987],[6.19433786779842,5.21665586117911],[6.1958913800832,5.21107673610254],[6.19808196940738,5.20377492906977],[6.19988405070842,5.19449735466924],[6.20061665013833,5.19072574369818],[6.20066785843494,5.19046211193694],[6.20176157973316,5.18292815840783]]],[[[6.27696910534002,5.27636566674215],[6.28026193344152,5.27347698677357],[6.28354215574592,5.27059936486881],[6.28383445699467,5.26650095015879],[6.28526544564386,5.26274394957369],[6.28715562812977,5.25927448293112],[6.29075193425439,5.25105476396624],[6.29227542806859,5.24539518374081],[6.29300594287002,5.23882389061009],[6.29045009569541,5.23407745411129],[6.28471279066281,5.23166465759795],[6.27899599107218,5.22888803495488],[6.27256059629451,5.22823619824203],[6.2594175342918,5.22787094129097],[6.26198067496824,5.24656359103693],[6.26903000003455,5.26166899982451],[6.27100100009613,5.26946999984068],[6.27319629197535,5.27471394579203],[6.27696910534002,5.27636566674215]]]]},"properties":{"FID":678,"globalid":"74ccffe6-efcd-4b51-8a0f-57e4a3694d31","uniq_id":28783,"timestamp":1565308800000,"editor":"nuraddeen.isah","lganame":"Patani","lgacode":"10016","statename":"Delta","statecode":"DE","source":"WHO","amapcode":"NIE DTS PTN","Shape__Area":0.01873856575085675,"Shape__Length":0.83616081880735571}},{"type":"Feature","id":710,"geometry":{"type":"Polygon","coordinates":[[[6.32224702777813,5.50775766518416],[6.32365047019312,5.51214669131679],[6.32599260517463,5.51814908231432],[6.33052825857231,5.52626943608567],[6.33019113511284,5.53117990532843],[6.32207447395785,5.53580943535718],[6.2995290764058,5.54479503586225],[6.28597471036466,5.5510701498676],[6.2812487766098,5.54340213080377],[6.27577400166888,5.53419494633977],[6.26493692370013,5.52439594321828],[6.2585890437494,5.52014213824913],[6.25851447915994,5.52009217101693],[6.25317217435639,5.51642324014045],[6.24601097992286,5.50895441101733],[6.23644399559396,5.50890207317218],[6.22621011720321,5.51644516021599],[6.21802520829675,5.52192497315906],[6.20846796002837,5.53016805561134],[6.20467564306654,5.53398612376066],[6.2009539597575,5.53773307801919],[6.1953769301013,5.54283597160287],[6.18999395525685,5.53507024569535],[6.18459711196721,5.52531606478459],[6.17988309962539,5.5148752389012],[6.17591940065984,5.50907887718847],[6.17186689364229,5.50281715408846],[6.16171312326207,5.49233007427358],[6.15183301837914,5.48477638242417],[6.14303918930722,5.47430026984165],[6.13765092914713,5.46246755603295],[6.13293119531846,5.45341241814862],[6.12618013400601,5.44226062692644],[6.11594649393561,5.43293822581853],[6.11588362862659,5.43288446344729],[6.11437797466385,5.43160295471262],[6.10626411399772,5.42113399533764],[6.09543323505579,5.40994787159707],[6.08797693258941,5.40433788268717],[6.0804419520345,5.41675805973671],[6.07087612243515,5.42708110770701],[6.06477735289258,5.43511599260904],[6.06268096215672,5.43787790324268],[6.06198406221472,5.43879604270325],[6.0564789774229,5.45331287488932],[6.05573177300295,5.46856403410294],[6.05651098789184,5.47374993061487],[6.05771398491254,5.48175620988121],[6.06243705702462,5.49011707384392],[6.06917190625853,5.5047359467066],[6.07253599214238,5.51308584163831],[6.07658878514439,5.51883847111861],[6.07794189520234,5.52075910644766],[6.0867547988949,5.52707385987077],[6.10237693834506,5.53136491835636],[6.11118888875626,5.5376801493195],[6.11658287040319,5.54812717422976],[6.11585092478037,5.55990982098149],[6.11238384224055,5.57513809244904],[6.11506080561173,5.58486795389302],[6.12386798871677,5.59256982793528],[6.13307011629286,5.59473435940322],[6.13609600132946,5.59544610985012],[6.14697885479035,5.59484291117144],[6.16330194472903,5.59428501134425],[6.16816756298272,5.59618926462292],[6.17416381790594,5.59853601492517],[6.18162012127164,5.60414600383507],[6.19449377067104,5.61465501811466],[6.21146297493641,5.62173223475486],[6.22099304209524,5.6197299958427],[6.2366371151108,5.61916685116927],[6.24819421818864,5.61995697033797],[6.26518821676285,5.62148523325698],[6.27742195086239,5.62297391881134],[6.29032421129335,5.6272430419329],[6.30323219321122,5.63012409205328],[6.31206321734368,5.63227701237429],[6.32563877141223,5.6379380234211],[6.32772779490188,5.62686014208197],[6.33523321204314,5.62137508429277],[6.34962892533468,5.59514188808771],[6.35599483219579,5.5877172561465],[6.35832585605345,5.58307295924971],[6.36481234581316,5.56947438703338],[6.36894556968235,5.55771939713253],[6.37513539288415,5.54182117031081],[6.37859055401088,5.52936761312492],[6.38409563970208,5.5148493519161],[6.38551661529959,5.50099246383121],[6.3851775538011,5.49621134227965],[6.38227506294385,5.49155830936854],[6.37608460212272,5.48950623992107],[6.37338756498417,5.48789948956983],[6.37250281735118,5.48545416727603],[6.37389887093622,5.48018640008235],[6.37671672929366,5.47591706022422],[6.38188417441518,5.47286689708966],[6.38463514029951,5.47147537698709],[6.38571561098672,5.46902861218075],[6.38498494240122,5.46748178006015],[6.38676402084292,5.46453158826222],[6.38955018079628,5.46373574760673],[6.40082690223977,5.46373574760673],[6.4082560253953,5.46426646722375],[6.41727730830121,5.46453158826222],[6.42345187180649,5.46453158826222],[6.42557761101796,5.46516959699937],[6.43103405957424,5.46516959699937],[6.44588801432047,5.46304767091334],[6.45013186469384,5.45971315024173],[6.45467898444764,5.45637862687221],[6.45649811689464,5.453347372883],[6.45619484931291,5.44607179187972],[6.45346686380475,5.43940274693927],[6.44619128100288,5.43273370289813],[6.43275353364868,5.42995660361441],[6.42255351113567,5.42987124985837],[6.41098639410683,5.43116252523038],[6.39327570780773,5.43794934718466],[6.39103049636037,5.439300573163],[6.38716602319346,5.43920517038237],[6.38226699782376,5.44215393135892],[6.3799147301807,5.44044843814493],[6.37642024889544,5.43942431717852],[6.37163013682141,5.44398655993183],[6.36788402073103,5.44540533668697],[6.36483154813749,5.44509679907804],[6.36326542465969,5.44283295097995],[6.3646901351417,5.43940565624609],[6.36713929574194,5.43552380188203],[6.36580838814666,5.43307023010709],[6.36355733020667,5.43249078342296],[6.35678495226381,5.43441081260897],[6.35016395899953,5.43209850364309],[6.34410429018089,5.45026349956089],[6.34051465972379,5.45733880963843],[6.33515596387667,5.46732521078991],[6.32175970134921,5.48291349436232],[6.31859350228837,5.49338722194278],[6.31908035297596,5.49679708511741],[6.32224702777813,5.50775766518416]]]},"properties":{"FID":710,"globalid":"0fcfd49e-15ae-417f-a937-390d2501faa2","uniq_id":28711,"timestamp":1565308800000,"editor":"nuraddeen.isah","lganame":"Isoko North","lgacode":"10009","statename":"Delta","statecode":"DE","source":"WHO","amapcode":"NIE DTS DSZ","Shape__Area":0.03704860393378695,"Shape__Length":1.3192280109991101}},{"type":"Feature","id":719,"geometry":{"type":"Polygon","coordinates":[[[6.39108943432996,5.3072575606879],[6.38035392759173,5.30904674571082],[6.3625273699422,5.31403827714485],[6.34755277564011,5.32045602812326],[6.3387551936973,5.31978236216634],[6.33352381307355,5.31760226433306],[6.33008813935618,5.31363248774915],[6.32745361319377,5.31041240670726],[6.32540321378735,5.30653953567111],[6.32187700262165,5.30526494991756],[6.315567969786,5.30477285438377],[6.31064271928614,5.303543090841],[6.31777822638406,5.32208019384592],[6.32502170159029,5.33197232806054],[6.33334127318125,5.33980475038896],[6.33945039302125,5.34645569827188],[6.34198925380105,5.35307318957609],[6.34336904494552,5.35695567436494],[6.34450519805648,5.36806188524787],[6.34284230662718,5.37211321325424],[6.3425162421309,5.3776432812125],[6.34171625560077,5.38987406283781],[6.34197520908867,5.39424455304373],[6.34378084181247,5.39873202886008],[6.34362132906114,5.40577316829712],[6.34486252208779,5.41545173600883],[6.34515741338396,5.41982369210973],[6.34531572194305,5.42454016409732],[6.34674217800915,5.42841862442003],[6.35016395899953,5.43209850364309],[6.35678495226381,5.43441081260897],[6.36355733020667,5.43249078342296],[6.36580838814666,5.43307023010709],[6.36713929574194,5.43552380188203],[6.3646901351417,5.43940565624609],[6.36326542465969,5.44283295097995],[6.36483154813749,5.44509679907804],[6.36788402073103,5.44540533668697],[6.37163013682141,5.44398655993183],[6.37642024889544,5.43942431717852],[6.3799147301807,5.44044843814493],[6.38226699782376,5.44215393135892],[6.38716602319346,5.43920517038237],[6.39103049636037,5.439300573163],[6.39327570780773,5.43794934718466],[6.41098639410683,5.43116252523038],[6.42255351113567,5.42987124985837],[6.43275353364868,5.42995660361441],[6.44619128100288,5.43273370289813],[6.45346686380475,5.43940274693927],[6.45619484931291,5.44607179187972],[6.45649811689464,5.453347372883],[6.45467898444764,5.45637862687221],[6.45013186469384,5.45971315024173],[6.44588801432047,5.46304767091334],[6.43103405957424,5.46516959699937],[6.42557761101796,5.46516959699937],[6.42345187180649,5.46453158826222],[6.41727730830121,5.46453158826222],[6.4082560253953,5.46426646722375],[6.40082690223977,5.46373574760673],[6.38955018079628,5.46373574760673],[6.38676402084292,5.46453158826222],[6.38498494240122,5.46748178006015],[6.38571561098672,5.46902861218075],[6.38463514029951,5.47147537698709],[6.38188417441518,5.47286689708966],[6.37671672929366,5.47591706022422],[6.37389887093622,5.48018640008235],[6.37250281735118,5.48545416727603],[6.37338756498417,5.48789948956983],[6.37608460212272,5.48950623992107],[6.38227506294385,5.49155830936854],[6.3851775538011,5.49621134227965],[6.38551661529959,5.50099246383121],[6.38409563970208,5.5148493519161],[6.37859055401088,5.52936761312492],[6.37513539288415,5.54182117031081],[6.36894556968235,5.55771939713253],[6.36481234581316,5.56947438703338],[6.35832585605345,5.58307295924971],[6.35599483219579,5.5877172561465],[6.34962892533468,5.59514188808771],[6.33523321204314,5.62137508429277],[6.32772779490188,5.62686014208197],[6.32563877141223,5.6379380234211],[6.34058380140135,5.6415309912623],[6.35350084308948,5.6423311225833],[6.36435985642231,5.64727592524378],[6.37519979513451,5.65638208526508],[6.38233958930067,5.66039466328311],[6.39148092270648,5.66553211241711],[6.40507221221287,5.66772604002477],[6.41799783703061,5.66644620942509],[6.42657136907349,5.67045879373836],[6.42994737637036,5.67721033079221],[6.43099267906894,5.67870362087547],[6.43467378586655,5.68396234538596],[6.44952773971346,5.6866631506839],[6.46007013323009,5.68690681479774],[6.47045850795382,5.6913895610794],[6.47518491655069,5.70286750762943],[6.47315931325176,5.71434593171944],[6.46033096270384,5.72109794631319],[6.44952773971346,5.72717428226736],[6.44629220382222,5.73213445074435],[6.44421482115712,5.73531913806784],[6.43874216142166,5.74290180157692],[6.43664884636723,5.75467300355632],[6.43795394881573,5.76716709138822],[6.4365520478388,5.7768640520344],[6.43648719772602,5.79142713455468],[6.43751521095828,5.79790149335929],[6.43847179373836,5.80392599059206],[6.44319486585044,5.81228685365539],[6.45335912682231,5.82069301557027],[6.46147298838775,5.83116293002524],[6.46687602980501,5.83952999121618],[6.47294712091292,5.85067606095151],[6.47698497797438,5.86041784290916],[6.4776239399929,5.86943912491574],[6.4714708334123,5.8770160678373],[6.46222411744913,5.88164335315827],[6.46192884394105,5.88179111536772],[6.44966077822238,5.88792991643254],[6.44280576697264,5.90035581586824],[6.44751405692824,5.91218376237077],[6.45493602777549,5.92542219208053],[6.45694506466305,5.92957413983476],[6.45897912968314,5.93377780939841],[6.46300697189429,5.94560098589682],[6.46974277530887,5.96021890637746],[6.47513103456964,5.97205400518823],[6.47915315619326,5.98526287058507],[6.4861423013262,5.98940504090996],[6.48864793755234,5.99089002575414],[6.49838542344855,5.99097106816032],[6.50428914982444,5.99102020262029],[6.51652288392398,5.99250888817471],[6.52738809628369,5.99606704685675],[6.53691101113429,5.99545192676504],[6.5518708232799,5.99557685878506],[6.55795771187894,5.99590982377941],[6.56682920460418,5.9963951123446],[6.58316087677309,5.99375677125806],[6.59676504097393,5.99317598278543],[6.6076421738473,5.99396085710794],[6.61714982990077,5.99681377373673],[6.62459278103205,6.00519800298548],[6.6327171331892,6.01358699774181],[6.64362382857689,6.00743579862325],[6.65859985370031,6.00409412384477],[6.67152309441531,6.00350809142532],[6.68307685920973,6.00499105459352],[6.69940710055727,6.00304603594583],[6.70623493159684,5.99686098094958],[6.71967898499719,5.99616113123125],[6.71650600414881,5.98099708574694],[6.71629446022121,5.97727452559894],[6.71587514861926,5.96989584092034],[6.70943932126772,5.95933071793831],[6.70299396829705,5.94062135519141],[6.70013911093127,5.92934479112927],[6.69650147376404,5.9237620678652],[6.69369775634641,5.91815589298011],[6.6888105741487,5.91102777111479],[6.68602792065207,5.9047951770558],[6.68111961427883,5.89790417313912],[6.6735491878448,5.88914608402462],[6.6673844467349,5.87297036868762],[6.66091585168527,5.85652923733448],[6.65792989744688,5.84040451085951],[6.65604957602716,5.83429337294086],[6.65076351212645,5.81711339996349],[6.65046034616807,5.80798243933816],[6.64862514283612,5.7970542717373],[6.64724719710051,5.78531288318305],[6.64828059367449,5.77167986783166],[6.64363002760376,5.74732542013209],[6.63907785995531,5.73946114291743],[6.60062733238556,5.70662192086502],[6.60187333318783,5.68745852189329],[6.59970494003102,5.67885144783611],[6.6064500811064,5.67023420334584],[6.60688921376624,5.66946441335205],[6.60876131088582,5.66617345763899],[6.61232519105477,5.65991210865695],[6.61729383474272,5.65100002323254],[6.62134599731996,5.64256477364546],[6.61760139478861,5.63151931826195],[6.6131072037345,5.62667941971949],[6.60814475997273,5.62125492137756],[6.60377359437592,5.61492586064003],[6.60204505873253,5.6076660159739],[6.60100793806595,5.5969495766617],[6.59756848539735,5.59031634722169],[6.59616804132207,5.5876154897631],[6.59340238591142,5.58001041424927],[6.59167385116734,5.5744791034279],[6.58787155173076,5.56791114768134],[6.58476018883169,5.56168842278254],[6.57922887801038,5.55926847575961],[6.56885814708585,5.55339145834915],[6.56632903225909,5.55319699344653],[6.55537605326231,5.55235481342396],[6.54258489597623,5.54924344962552],[6.53083133689671,5.53195857972474],[6.53104411199621,5.53001324361634],[6.53325128571834,5.50983381308004],[6.53693580634246,5.49193620719024],[6.53769683783884,5.47842502569443],[6.53816366242313,5.47580432930641],[6.53665590314745,5.46958398761097],[6.53483676890181,5.4589743607782],[6.53197968121736,5.45346288540389],[6.5245304114494,5.4386639601737],[6.51755809802785,5.43442010890095],[6.51240444221128,5.42866039276294],[6.5088205341404,5.42567396188389],[6.50594139058273,5.42582941059885],[6.49971866568393,5.42652082377703],[6.49418735486256,5.42513799742068],[6.48934793475945,5.42271852523982],[6.48312520986059,5.42064428300728],[6.4765567783727,5.40405082718399],[6.48547697118534,5.37920522733941],[6.49587106739591,5.36965751638132],[6.50054120990893,5.35198783916746],[6.5025858878285,5.33894109725389],[6.49301910404847,5.32829952200541],[6.49353218076556,5.32604074518429],[6.49016666406033,5.32402133911359],[6.47305297921167,5.32188224766765],[6.46462672824094,5.32398876656839],[6.45023489012812,5.32758665100317],[6.43454742392453,5.32330799057138],[6.42599058239949,5.3111858371567],[6.41399348241333,5.30668717467341],[6.4088768957522,5.30476856191967],[6.39318895290791,5.30690765426488],[6.39108943432996,5.3072575606879]]]},"properties":{"FID":719,"globalid":"c855952c-c9b8-46bf-9d0b-da78aadfddd9","uniq_id":28718,"timestamp":1565308800000,"editor":"nuraddeen.isah","lganame":"Ndokwa East","lgacode":"10011","statename":"Delta","statecode":"DE","source":"WHO","amapcode":"NIE DTS ABH","Shape__Area":0.13040103770062572,"Shape__Length":2.3305767908756572}},{"type":"Feature","id":722,"geometry":{"type":"Polygon","coordinates":[[[6.05899722484207,5.63075959617845],[6.05845403702426,5.62184476872113],[6.05033683807466,5.61206912998642],[6.04085588469138,5.60297489227753],[6.0359454280391,5.5998651400642],[6.02864980744272,5.59524488384437],[6.0162350002451,5.59176000012394],[6.0134552047939,5.58454019597332],[6.01141663866701,5.57851168506625],[6.0072848186395,5.57315049899637],[5.99771926783001,5.56943268636945],[5.98998691126701,5.5573999399553],[5.97848142207999,5.55473516059925],[5.96903619156706,5.5493748162948],[5.95493470497269,5.54982615815072],[5.9546474426254,5.56640585344741],[5.9485613130542,5.56431488742214],[5.94149431361171,5.56210198771663],[5.9340475475563,5.56367162124837],[5.93034617633504,5.56352651024031],[5.92802526175649,5.5628637242815],[5.92628907827839,5.56306924544936],[5.92461388142556,5.56293593894247],[5.92312952161018,5.56318231631087],[5.92263900528593,5.56299146578357],[5.91978394287469,5.5655742206738],[5.92095464164345,5.56890055931342],[5.92073993659886,5.57201660138509],[5.9213599975659,5.57401055664195],[5.92099789093999,5.57571869566135],[5.92040447238855,5.57724099067923],[5.91953494668047,5.5793305951309],[5.91853591769848,5.57991220738251],[5.91744153090195,5.58059416059211],[5.91764086563347,5.58234370259987],[5.91789570112576,5.58867173001636],[5.91625334211807,5.59040768686532],[5.91578629000531,5.59121501995725],[5.91642938710658,5.59310082724141],[5.91596873816678,5.59635880211709],[5.91424313341395,5.59934399822697],[5.9112753418836,5.60106276903161],[5.90903441300782,5.60150341525048],[5.90852671243789,5.60023654657942],[5.90136526889211,5.59906341694318],[5.90089945424648,5.60186805076995],[5.91833400730866,5.62900114098989],[5.91044049583229,5.64071266665627],[5.90679386814253,5.65723910590009],[5.89945407014926,5.66186779056613],[5.88929416279541,5.67209815080906],[5.8782910852654,5.68041580234745],[5.87465396340974,5.68832903595631],[5.85958003898764,5.69023180085696],[5.85665368012332,5.69813655295962],[5.85285612101325,5.7030693011074],[5.8547430038866,5.70752906791222],[5.85810708887112,5.71587800956252],[5.86009502406614,5.72768402070102],[5.86412620456076,5.73881292417718],[5.86505472669432,5.74089278177649],[5.86816596998358,5.74786186213527],[5.8783512121388,5.75141477597117],[5.88789606055479,5.75300264415677],[5.89053916894756,5.76330518668505],[5.90614891124329,5.7703700070702],[5.91708087937911,5.75867223743387],[5.92460680016376,5.74833202410366],[5.94093704241061,5.74638700455665],[5.95859909067553,5.75069522930141],[5.96962022839085,5.74880504591619],[5.98173093703315,5.74811410937872],[5.99190378203394,5.75443983093351],[6.00446462564202,5.76064205218898],[6.00782489840037,5.76175355937931],[6.01566219325565,5.76434707555711],[6.01980257033239,5.76438093233423],[6.02496957838338,5.76442337044222],[6.02722215707695,5.76444959557244],[6.0312247283386,5.76449585040325],[6.03978013994157,5.76461076667357],[6.04436445205789,5.76686668365056],[6.04896402387067,5.76878499962805],[6.06185722363199,5.77513313318758],[6.073625564868,5.78647327392252],[6.07593727038875,5.78609418899566],[6.08068370778693,5.78823518790364],[6.09373521790604,5.79412221926503],[6.10049613309013,5.80168516873562],[6.10185480095834,5.80320501310092],[6.10792923034973,5.81365823703806],[6.11196708741119,5.8234000207944],[6.1208791728356,5.83972501819505],[6.12352705033317,5.82349586514209],[6.13787514362303,5.81455410838544],[6.14443960100681,5.8178406196489],[6.14930650529101,5.80968539826256],[6.1518201059132,5.80492682271472],[6.15304431884027,5.79893619125227],[6.15114066630878,5.7913901580294],[6.1513172697762,5.78985776002764],[6.15370081404137,5.78569875439405],[6.15358000721159,5.77913142997159],[6.15465148377899,5.77455229075565],[6.15604976498469,5.77296617175148],[6.15574575726095,5.76884603841398],[6.14966124467077,5.7556932286596],[6.14383835835361,5.75137460955062],[6.12878727671148,5.75238116585814],[6.11344114998911,5.75163399831041],[6.10632374624396,5.74331965807579],[6.10160010576033,5.7317036098338],[6.09742363978921,5.7223504905827],[6.09212006428959,5.71690719910799],[6.08030660766389,5.71946629643247],[6.07418770769658,5.71900913416425],[6.06967577571652,5.71590056725745],[6.06770409756609,5.70868707904549],[6.06506003499265,5.69802976476188],[6.06011580160299,5.68890459577051],[6.05048881540654,5.68616335425543],[6.04621194102833,5.68584477661517],[6.04117202786682,5.68550205217804],[6.04461479183919,5.67582178115032],[6.05420923157084,5.65925788874063],[6.05766391785556,5.64680385581335],[6.05908822993791,5.63225317044748],[6.05899722484207,5.63075959617845]]]},"properties":{"FID":722,"globalid":"830b4780-3f17-4887-9e91-5a6b04bdeeaa","uniq_id":28721,"timestamp":1565308800000,"editor":"nuraddeen.isah","lganame":"Ethiope East","lgacode":"10005","statename":"Delta","statecode":"DE","source":"WHO","amapcode":"NIE DTS SKL","Shape__Area":0.037321998491435693,"Shape__Length":1.0684012229076418}},{"type":"Feature","id":727,"geometry":{"type":"Polygon","coordinates":[[[6.70315285242225,6.05115024698637],[6.7202313234169,6.0457295096092],[6.72551446362166,6.04074867201365],[6.72649383522236,6.02893018727838],[6.72452783629063,6.01226997388022],[6.71967898499719,5.99616113123125],[6.70623493159684,5.99686098094958],[6.69940710055727,6.00304603594583],[6.68307685920973,6.00499105459352],[6.67152309441531,6.00350809142532],[6.65859985370031,6.00409412384477],[6.64362382857689,6.00743579862325],[6.6327171331892,6.01358699774181],[6.62459278103205,6.00519800298548],[6.61714982990077,5.99681377373673],[6.6076421738473,5.99396085710794],[6.59676504097393,5.99317598278543],[6.58316087677309,5.99375677125806],[6.56682920460418,5.9963951123446],[6.56950616797531,6.00612592706995],[6.57149076488696,6.01862478310733],[6.57280778874849,6.02834510814029],[6.57208490379531,6.03804683699201],[6.56796503126122,6.0470290182746],[6.56450986923511,6.05948305120188],[6.5671901699904,6.06852007044495],[6.57259607305036,6.07619285591562],[6.57878295456976,6.07818887241859],[6.58142423643943,6.07904100433893],[6.59366083128236,6.07983589171306],[6.60523080815534,6.07785177234149],[6.61611700079902,6.0765547745832],[6.62904691718154,6.07458305416469],[6.63783788730871,6.0857520098474],[6.64662313504971,6.09830713286794],[6.64517259603855,6.10122728281289],[6.64706707008924,6.10209655761008],[6.64919519430282,6.10341548893371],[6.65234329091021,6.10536713198758],[6.65293398361649,6.1057333287302],[6.65345096608928,6.10605382912098],[6.65626335117275,6.10665750533963],[6.65633593635442,6.10666236977261],[6.66327142703477,6.10712718976805],[6.67027950289679,6.10759735083712],[6.67110020441095,6.107633664562],[6.6884918211407,6.10840320634293],[6.69206333205716,6.11175632499447],[6.69492054025079,6.11443948739247],[6.69992065391511,6.11913394937233],[6.70943679866934,6.14309918577885],[6.71324491492095,6.15268945715275],[6.71401929865175,6.15613222112518],[6.70925950991852,6.16252517689543],[6.70650768338294,6.16469335601363],[6.7030711166388,6.16757679023675],[6.70080699065016,6.16994345962303],[6.69896507297977,6.17186880110432],[6.69644847941385,6.17449960497282],[6.69349098242293,6.17759132398049],[6.69193220190965,6.1802025001453],[6.69011497512605,6.18324661443978],[6.68743801085554,6.18887996683702],[6.68819076409255,6.19186701375173],[6.69083729980161,6.20236889730683],[6.69483719737883,6.21824113641935],[6.69925252058738,6.23576185712403],[6.70581483758474,6.26180219731361],[6.72313463625449,6.26557564290164],[6.72615289683876,6.25985717866592],[6.73100614491773,6.2390928272722],[6.7326511686166,6.23460743428569],[6.73582410809615,6.22595596429636],[6.73885290513749,6.21864806705469],[6.74269819306721,6.20937013562332],[6.74616705806335,6.20412848384251],[6.75120166162742,6.19652091001205],[6.75365209566775,6.19281816462666],[6.76258828472163,6.18562797425164],[6.76288938493724,6.18538570408703],[6.76730108297863,6.18183612943386],[6.76940202698199,6.16798400865514],[6.76865551144277,6.16581868668311],[6.7686496316752,6.16580163463777],[6.76751029226625,6.16249690131099],[6.7660450943057,6.15824699490292],[6.76478385898793,6.15580463407667],[6.76065111175944,6.14779996909334],[6.76035771063988,6.1464232581269],[6.75855320566598,6.13795606372139],[6.75791673656818,6.13491421302058],[6.75618934576175,6.12542915333279],[6.75580406180808,6.12331247299227],[6.75533008581488,6.12070989614483],[6.75334319922933,6.11843049876853],[6.74924087516632,6.11372423228755],[6.74166815815903,6.10864975368321],[6.73771381394141,6.10599994713988],[6.72211122485317,6.09754800793428],[6.71331596406054,6.08707284863311],[6.70453720223014,6.08109548307016],[6.69909955759857,6.06099625677189],[6.70315285242225,6.05115024698637]]]},"properties":{"FID":727,"globalid":"08c1989e-7f2d-463f-9a9e-7359e335fd22","uniq_id":28726,"timestamp":1565308800000,"editor":"nuraddeen.isah","lganame":"Oshimili South","lgacode":"10015","statename":"Delta","statecode":"DE","source":"WHO","amapcode":"NIE DTS ASB","Shape__Area":0.021307773974715616,"Shape__Length":0.90317778481332378}},{"type":"Feature","id":729,"geometry":{"type":"Polygon","coordinates":[[[6.2594175342918,5.22787094129097],[6.24446106042967,5.2336568825591],[6.23856020019315,5.23521041912556],[6.2335329063186,5.23816776323173],[6.22000837258838,5.23868370069226],[6.21966886502616,5.24132967072779],[6.21851587300915,5.25031042118906],[6.2173842147098,5.25048721531277],[6.21293640079432,5.25118207918968],[6.20735693037807,5.25205373808961],[6.20314598080245,5.25149440834031],[6.2010030753317,5.2494826321178],[6.2002587316552,5.24742555614455],[6.19698000042672,5.24660587266294],[6.19324444507515,5.24032133915853],[6.1873521796594,5.2304081922843],[6.18140738214504,5.23250112332823],[6.17595961114716,5.23441852199721],[6.17006125102597,5.23497892913434],[6.16148710294749,5.23574018456191],[6.15126800491453,5.23981618906595],[6.14443397484808,5.24738693206132],[6.13622522401494,5.25841522208486],[6.12664985710529,5.27081823377449],[6.11776399591173,5.28114604995028],[6.10871362173629,5.29455454595558],[6.10665954590138,5.29785429074298],[6.09927511185697,5.31011915217715],[6.09500660027442,5.31856142097286],[6.09426273323862,5.33311830626485],[6.09489692705159,5.34352622955191],[6.0948568730463,5.35254036014953],[6.09631490700741,5.36418485574654],[6.09448488916632,5.37029952800088],[6.09217405328997,5.37802076264813],[6.08801984823748,5.39462900242654],[6.08797693258941,5.40433788268717],[6.09543323505579,5.40994787159707],[6.10626411399772,5.42113399533764],[6.11437797466385,5.43160295471262],[6.11588362862659,5.43288446344729],[6.11594649393561,5.43293822581853],[6.12618013400601,5.44226062692644],[6.13293119531846,5.45341241814862],[6.13765092914713,5.46246755603295],[6.14303918930722,5.47430026984165],[6.15183301837914,5.48477638242417],[6.16171312326207,5.49233007427358],[6.17186689364229,5.50281715408846],[6.17591940065984,5.50907887718847],[6.17988309962539,5.5148752389012],[6.18459711196721,5.52531606478459],[6.18999395525685,5.53507024569535],[6.1953769301013,5.54283597160287],[6.2009539597575,5.53773307801919],[6.20467564306654,5.53398612376066],[6.20846796002837,5.53016805561134],[6.21802520829675,5.52192497315906],[6.22621011720321,5.51644516021599],[6.23644399559396,5.50890207317218],[6.24601097992286,5.50895441101733],[6.25317217435639,5.51642324014045],[6.25851447915994,5.52009217101693],[6.2585890437494,5.52014213824913],[6.26493692370013,5.52439594321828],[6.27577400166888,5.53419494633977],[6.2812487766098,5.54340213080377],[6.28597471036466,5.5510701498676],[6.2995290764058,5.54479503586225],[6.32207447395785,5.53580943535718],[6.33019113511284,5.53117990532843],[6.33052825857231,5.52626943608567],[6.32599260517463,5.51814908231432],[6.32365047019312,5.51214669131679],[6.32224702777813,5.50775766518416],[6.31908035297596,5.49679708511741],[6.31859350228837,5.49338722194278],[6.32175970134921,5.48291349436232],[6.33515596387667,5.46732521078991],[6.34051465972379,5.45733880963843],[6.34410429018089,5.45026349956089],[6.35016395899953,5.43209850364309],[6.34674217800915,5.42841862442003],[6.34531572194305,5.42454016409732],[6.34515741338396,5.41982369210973],[6.34486252208779,5.41545173600883],[6.34362132906114,5.40577316829712],[6.34378084181247,5.39873202886008],[6.34197520908867,5.39424455304373],[6.34171625560077,5.38987406283781],[6.3425162421309,5.3776432812125],[6.34284230662718,5.37211321325424],[6.34450519805648,5.36806188524787],[6.34336904494552,5.35695567436494],[6.34198925380105,5.35307318957609],[6.33945039302125,5.34645569827188],[6.33334127318125,5.33980475038896],[6.32502170159029,5.33197232806054],[6.31777822638406,5.32208019384592],[6.31064271928614,5.303543090841],[6.30643224725048,5.30298376109175],[6.30289030064688,5.30101633133864],[6.30004787371047,5.29902648868153],[6.29719066641616,5.29634380292424],[6.29568504392967,5.29398939039811],[6.29501771909253,5.29294586206191],[6.29290962188162,5.28962755167021],[6.28998231872907,5.28670024941704],[6.28851842928214,5.28494358118138],[6.28676223768719,5.28230905501891],[6.28500556855221,5.27908897397703],[6.28354215574592,5.27499055926694],[6.28354215574592,5.27059936486881],[6.28026193344152,5.27347698677357],[6.27696910534002,5.27636566674215],[6.27319629197535,5.27471394579203],[6.27100100009613,5.26946999984068],[6.26903000003455,5.26166899982451],[6.26198067496824,5.24656359103693],[6.2594175342918,5.22787094129097]]]},"properties":{"FID":729,"globalid":"924d6cc6-be04-421a-9f72-4f33bab5f9b6","uniq_id":28737,"timestamp":1565308800000,"editor":"nuraddeen.isah","lganame":"Isoko South","lgacode":"10010","statename":"Delta","statecode":"DE","source":"WHO","amapcode":"NIE DTS LEH","Shape__Area":0.058339100041923331,"Shape__Length":1.02502301849222}},{"type":"Feature","id":732,"geometry":{"type":"Polygon","coordinates":[[[6.43815545720861,6.25586958291495],[6.43172597907073,6.25324583063065],[6.41950988787107,6.24759578681613],[6.3991308213304,6.24257183122506],[6.38893699604557,6.2410998343899],[6.37534189161505,6.23960018160312],[6.37119817715421,6.25412893340359],[6.37319183293681,6.26454782482233],[6.377909183562,6.27429580670616],[6.38399314936441,6.28266811364256],[6.3893799778038,6.29450178073262],[6.38998737991369,6.2992033500546],[6.39135312994301,6.30977487620964],[6.38790416694377,6.3208417894171],[6.38309192705083,6.33259105693179],[6.38290255410965,6.33316104904321],[6.37826681066485,6.34711408634604],[6.37414503066867,6.35678911162825],[6.36851945201113,6.36682235127057],[6.36385822267886,6.37612104535003],[6.3622894291139,6.38443899186603],[6.36560678532493,6.38454103524066],[6.3701539041794,6.38330411938966],[6.37992095888518,6.3854808807381],[6.38568592076865,6.38772201555861],[6.39142703982606,6.38879680612774],[6.39777612756626,6.39161109867331],[6.40122985787167,6.39272213012225],[6.40639877338475,6.39380598226035],[6.40725695234653,6.39416408780244],[6.40959629763108,6.39514026501126],[6.41043710708686,6.39549112291706],[6.41273593971192,6.39603710223054],[6.41505909000506,6.39774894735609],[6.41910982086159,6.40001583066612],[6.42373180377979,6.40227508502721],[6.42894983306837,6.40568876312597],[6.43126201612921,6.40681791321617],[6.43364715579168,6.41144323441779],[6.43660402325713,6.41605901740979],[6.4401211737532,6.42008304559613],[6.44156751832634,6.42150301395299],[6.44187307378337,6.42180299810991],[6.44334178719379,6.42324611861352],[6.44537591876372,6.42524480790161],[6.44886779831029,6.42810392355727],[6.46208190855327,6.43787670244791],[6.46603580041193,6.44080120241358],[6.46618270916474,6.44090986389915],[6.47334184325149,6.44436622741949],[6.47721758222571,6.44623739823737],[6.48050785175599,6.44782590943822],[6.49044656815465,6.4557113647877],[6.49244785288613,6.45624589932885],[6.49614436327181,6.45916923017586],[6.50219821887276,6.46395683314137],[6.50962591210623,6.47580814403068],[6.51012001672547,6.47615141615501],[6.52002906808707,6.48303556543902],[6.52331876834654,6.4875411985675],[6.52618885033525,6.48807811721139],[6.52963113766691,6.48860693026569],[6.53542852370742,6.49036359940067],[6.53585611986409,6.49051270070061],[6.53618806412788,6.49062844884389],[6.53785928507801,6.49121120233519],[6.54015588828366,6.49201202433551],[6.55171108210078,6.49349498840303],[6.56530809399339,6.49430179629093],[6.57550478002162,6.49507999404653],[6.57426738663065,6.49160242091506],[6.57323908291738,6.4887119890671],[6.57080316483422,6.48186492872355],[6.57153177307293,6.47077512687065],[6.57157182707823,6.46176099807167],[6.57095981324483,6.4531335255918],[6.57093191087904,6.45274019180647],[6.57440900826919,6.4354310042375],[6.57785510962566,6.42505788831096],[6.57926082642604,6.41466808276584],[6.5765900611824,6.40355014832073],[6.57549690016185,6.39822607907035],[6.57459306711638,6.39382410000223],[6.57461359144412,6.38906106561575],[6.57463789022648,6.38342189910139],[6.57282566637144,6.37070532618992],[6.57265901570105,6.36953592334424],[6.57273292468477,6.35289287620532],[6.57037257483449,6.34505773522636],[6.56938219103534,6.34177017175608],[6.56844755620978,6.33788015424579],[6.56604290035961,6.32787179884451],[6.56676578531278,6.31817007089211],[6.57359981537923,6.31059789707535],[6.58152723309536,6.29116678162171],[6.56688880897138,6.29043102287346],[6.55667591086467,6.29311990675836],[6.54849195523957,6.29860019724134],[6.54829201886162,6.29869542195621],[6.5341811181641,6.3054161077672],[6.52022637035077,6.30416037989767],[6.51718711869063,6.30388688976819],[6.51404105724902,6.30236035714483],[6.50700807556228,6.29894781129252],[6.50267211212832,6.29446993843698],[6.4982080456648,6.28985977171112],[6.48464107472586,6.28211879694499],[6.48309488382188,6.28125486861734],[6.47582197200643,6.27719116234232],[6.4629449843236,6.26737499206229],[6.45456970063123,6.26321165979033],[6.45450693244902,6.26318045871125],[6.44733810367057,6.25961685193624],[6.44044615726438,6.25680437602119],[6.43815545720861,6.25586958291495]]]},"properties":{"FID":732,"globalid":"350372be-15df-46fc-b84e-6dfa8453b81a","uniq_id":28730,"timestamp":1565308800000,"editor":"nuraddeen.isah","lganame":"Aniocha North","lgacode":"10001","statename":"Delta","statecode":"DE","source":"WHO","amapcode":"NIE DTS SLK","Shape__Area":0.033182161925321196,"Shape__Length":0.84575464768385544}},{"type":"Feature","id":733,"geometry":{"type":"Polygon","coordinates":[[[6.4861423013262,5.98940504090996],[6.47915315619326,5.98526287058507],[6.45602607714181,5.98645782496868],[6.44447517399016,5.98428106272092],[6.43019199376556,5.98485612880734],[6.41181898106117,5.98747682609468],[6.40361022932865,5.99850416193755],[6.40084409727734,6.00888299935099],[6.393972873949,6.02477598222583],[6.38786179538562,6.02783406029369],[6.38306808512408,6.03023290742277],[6.37427711499691,6.01906394994137],[6.36620616907948,5.9988861076078],[6.36080884914912,5.98913288087778],[6.35331020929874,5.99045971004762],[6.34583616320839,5.99178218829741],[6.3376450543758,5.99864912006092],[6.32807588559371,6.00966501293004],[6.31919622432633,6.01860618602672],[6.32321786930925,6.03181600560424],[6.32521200173255,6.04223394374156],[6.32718515387182,6.05750799160057],[6.33052587536889,6.07071208969126],[6.33252286943491,6.0804371829297],[6.33586788159749,6.09294700619944],[6.34465885172466,6.10411596278152],[6.34801101709479,6.11524009715282],[6.34764915418515,6.12073658802319],[6.34728097893407,6.12632894482499],[6.34519910775265,6.13602113726574],[6.34379196103021,6.14641094191148],[6.34375190702491,6.15542697907188],[6.3539438248477,6.15759086572592],[6.35656295731468,6.15984702911715],[6.36295683219208,6.16535573278088],[6.36613798068333,6.16809511180003],[6.37698078193756,6.17650699610101],[6.37929284179125,6.17852888969657],[6.38578796414328,6.18420887014327],[6.38981914463784,6.19533777182079],[6.38569307307694,6.20570612044116],[6.38293314005244,6.21469783813478],[6.37948083876972,6.22645902616318],[6.37534189161505,6.23960018160312],[6.38893699604557,6.2410998343899],[6.3991308213304,6.24257183122506],[6.41950988787107,6.24759578681613],[6.43172597907073,6.25324583063065],[6.43815545720861,6.25586958291495],[6.44044615726438,6.25680437602119],[6.44733810367057,6.25961685193624],[6.45450693244902,6.26318045871125],[6.45456970063123,6.26321165979033],[6.4629449843236,6.26737499206229],[6.47582197200643,6.27719116234232],[6.48309488382188,6.28125486861734],[6.48464107472586,6.28211879694499],[6.4982080456648,6.28985977171112],[6.50267211212832,6.29446993843698],[6.50700807556228,6.29894781129252],[6.51404105724902,6.30236035714483],[6.51718711869063,6.30388688976819],[6.52022637035077,6.30416037989767],[6.5341811181641,6.3054161077672],[6.54829201886162,6.29869542195621],[6.54849195523957,6.29860019724134],[6.55667591086467,6.29311990675836],[6.56688880897138,6.29043102287346],[6.58152723309536,6.29116678162171],[6.59412288676185,6.28303003320951],[6.60164880844582,6.27268981897998],[6.60348164566147,6.27022819827278],[6.60729125838492,6.26511164128925],[6.60780620569187,6.26442003295818],[6.6153202059628,6.2568540581683],[6.62624597507175,6.24654197832967],[6.63445282024151,6.23620891640843],[6.63326348931861,6.23304363465604],[6.62974786767001,6.22368717172566],[6.62852852007518,6.22062330382244],[6.62504005435505,6.21185779620038],[6.61624908422789,6.20068979289965],[6.61474090856615,6.198787268118],[6.61260801344912,6.19609667012526],[6.61016178104143,6.19301080660347],[6.60820198113657,6.17496395102557],[6.60764975962877,6.17058032712043],[6.60688781711912,6.16455078109374],[6.60896778083844,6.15555286437325],[6.61036682107198,6.14654922616592],[6.61040687597659,6.13753414228688],[6.61702433310654,6.12848697869117],[6.61998605691105,6.12443780995699],[6.63157415422387,6.11829280896603],[6.64113378479635,6.10935687981618],[6.64517259603855,6.10122728281289],[6.64662313504971,6.09830713286794],[6.63783788730871,6.0857520098474],[6.62904691718154,6.07458305416469],[6.61611700079902,6.0765547745832],[6.60523080815534,6.07785177234149],[6.59366083128236,6.07983589171306],[6.58142423643943,6.07904100433893],[6.57878295456976,6.07818887241859],[6.57259607305036,6.07619285591562],[6.5671901699904,6.06852007044495],[6.56450986923511,6.05948305120188],[6.56796503126122,6.0470290182746],[6.57208490379531,6.03804683699201],[6.57280778874849,6.02834510814029],[6.57149076488696,6.01862478310733],[6.56950616797531,6.00612592706995],[6.56682920460418,5.9963951123446],[6.55795771187894,5.99590982377941],[6.5518708232799,5.99557685878506],[6.53691101113429,5.99545192676504],[6.52738809628369,5.99606704685675],[6.51652288392398,5.99250888817471],[6.50428914982444,5.99102020262029],[6.49838542344855,5.99097106816032],[6.48864793755234,5.99089002575414],[6.4861423013262,5.98940504090996]]]},"properties":{"FID":733,"globalid":"1e1140ab-a4f7-41f4-a237-0f712dd61afa","uniq_id":28731,"timestamp":1565308800000,"editor":"nuraddeen.isah","lganame":"Aniocha South","lgacode":"10002","statename":"Delta","statecode":"DE","source":"WHO","amapcode":"NIE DTS GWK","Shape__Area":0.070862318534516078,"Shape__Length":1.2001199019056321}}]}