{
"type": "FeatureCollection",
"name": "pilot_wards",
"crs": { "type": "name", "properties": { "name": "urn:ogc:def:crs:OGC:1.3:CRS84" } },
"features": [
{ "type": "Feature", "properties": { "wardname": "Akugbene 1", "lganame": "Bomadi" }, "geometry": { "type": "Polygon", "coordinates": [ [ [ 5.81264482100005, 5.27171364300006 ], [ 5.81560111800007, 5.26895835200003 ], [ 5.83160373600003, 5.26200816000005 ], [ 5.83490469100008, 5.26258883300005 ], [ 5.83832773500006, 5.26212146000006 ], [ 5.84391355700006, 5.26459974500006 ], [ 5.84480068100004, 5.26387001200004 ], [ 5.84607099300007, 5.25741882700004 ], [ 5.84554792300003, 5.25457930900006 ], [ 5.83954508100004, 5.24954788100007 ], [ 5.83877232100002, 5.24712073500007 ], [ 5.83672957400006, 5.24712959200002 ], [ 5.83266454200003, 5.24925225500004 ], [ 5.83085636700002, 5.24884778000006 ], [ 5.83250496400007, 5.24558627200003 ], [ 5.82811359600004, 5.24447004400002 ], [ 5.82217199600007, 5.23734673700005 ], [ 5.81792641800007, 5.23849868500002 ], [ 5.81633534700006, 5.23802738400002 ], [ 5.81311500600003, 5.23444882500007 ], [ 5.81019380000004, 5.23969979900005 ], [ 5.80748990000006, 5.24077120000004 ], [ 5.80510449000008, 5.23986834200002 ], [ 5.80344350000007, 5.24122029900008 ], [ 5.80316677700006, 5.24384729900004 ], [ 5.80138644300007, 5.24520613600004 ], [ 5.79824930000007, 5.24380370000006 ], [ 5.79681159900002, 5.244167 ], [ 5.79657360100003, 5.24635849900005 ], [ 5.79435520000004, 5.24916890000003 ], [ 5.79716153200008, 5.25536188100006 ], [ 5.79597827800006, 5.25830866700005 ], [ 5.79441680100007, 5.26020180000006 ], [ 5.79154530000005, 5.261564 ], [ 5.79087980000003, 5.26339260000003 ], [ 5.79156990000007, 5.265577 ], [ 5.79360340000005, 5.26793330000004 ], [ 5.79796840100005, 5.26743539900002 ], [ 5.80457945900002, 5.27037145700007 ], [ 5.81264482100005, 5.27171364300006 ] ] ] } },
{ "type": "Feature", "properties": { "wardname": "Akugbene 2", "lganame": "Bomadi" }, "geometry": { "type": "Polygon", "coordinates": [ [ [ 5.83290179200003, 5.24920001700002 ], [ 5.83672957400006, 5.24712959200002 ], [ 5.83877232100002, 5.24712073500007 ], [ 5.83867445700002, 5.24594147700003 ], [ 5.83250496400007, 5.24558627200003 ], [ 5.83081963600006, 5.24882784900007 ], [ 5.83290179200003, 5.24920001700002 ] ] ] } },
{ "type": "Feature", "properties": { "wardname": "Akugbene 3", "lganame": "Bomadi" }, "geometry": { "type": "Polygon", "coordinates": [ [ [ 5.83476561300006, 5.24612159400004 ], [ 5.83867445700002, 5.24594147700003 ], [ 5.83890553800006, 5.24233797700003 ], [ 5.84599020000007, 5.23787960100003 ], [ 5.84799897000005, 5.23433857600003 ], [ 5.83805329000006, 5.23259359600007 ], [ 5.83170825400003, 5.23288905500004 ], [ 5.82217199600007, 5.23734673700005 ], [ 5.82811359600004, 5.24447004400002 ], [ 5.83476561300006, 5.24612159400004 ] ] ] } },
{ "type": "Feature", "properties": { "wardname": "Bomadi", "lganame": "Bomadi" }, "geometry": { "type": "Polygon", "coordinates": [ [ [ 5.90230339400006, 5.19173434800007 ], [ 5.90634410100006, 5.18727020000006 ], [ 5.91091450000005, 5.175303 ], [ 5.91624232500004, 5.16899195300005 ], [ 5.92589473600003, 5.16344888500004 ], [ 5.93133656300006, 5.16333309800007 ], [ 5.93003361700005, 5.16234986100005 ], [ 5.92770046200008, 5.15654174900004 ], [ 5.92826516300005, 5.14503310800006 ], [ 5.92718720400006, 5.13861291300003 ], [ 5.92544344800007, 5.13623506300007 ], [ 5.91661632500006, 5.13223395300002 ], [ 5.91576361700004, 5.12969102200003 ], [ 5.91613038300005, 5.12388417100004 ], [ 5.91173885100005, 5.12476455400002 ], [ 5.90894052100003, 5.12621141500006 ], [ 5.90617249800005, 5.12948725100006 ], [ 5.89843814800003, 5.13259557000003 ], [ 5.89087067500003, 5.13862808700003 ], [ 5.88453880000003, 5.14138503800007 ], [ 5.88261072900002, 5.14295033500002 ], [ 5.88097562100006, 5.14654553000003 ], [ 5.87152902300005, 5.15002164400005 ], [ 5.87792061900007, 5.15780496400004 ], [ 5.88617245600005, 5.17439101500003 ], [ 5.89050288000004, 5.17870047500003 ], [ 5.89492171100005, 5.18144825900004 ], [ 5.89727357500004, 5.18578540000004 ], [ 5.90230339400006, 5.19173434800007 ] ] ] } },
{ "type": "Feature", "properties": { "wardname": "Ekaametagbene/Kalafio", "lganame": "Bomadi" }, "geometry": { "type": "Polygon", "coordinates": [ [ [ 5.69681560000004, 5.25796760000003 ], [ 5.70177770000004, 5.25019520000006 ], [ 5.70421310000006, 5.25067059900005 ], [ 5.70599950100006, 5.24870480000004 ], [ 5.71118120100004, 5.25502903400007 ], [ 5.72083067900007, 5.24550447200005 ], [ 5.72817196200003, 5.24029391400006 ], [ 5.72803144600005, 5.22382660500006 ], [ 5.72620901800002, 5.22061753100007 ], [ 5.72462289900005, 5.21503439000003 ], [ 5.71878597900007, 5.18857791500005 ], [ 5.71743956400007, 5.17798225900003 ], [ 5.71096854000007, 5.17910254200007 ], [ 5.70872104900008, 5.18179450200006 ], [ 5.70190880000007, 5.18615210000007 ], [ 5.69790870000003, 5.18699010000006 ], [ 5.69582220100006, 5.18556660000007 ], [ 5.69123420000005, 5.17880449900002 ], [ 5.68716490200006, 5.17800089900004 ], [ 5.68920530100007, 5.17456819900002 ], [ 5.68783350000007, 5.17262790000007 ], [ 5.68087080000004, 5.17097469900006 ], [ 5.67758540000005, 5.16753049900007 ], [ 5.67620210200005, 5.16703679900007 ], [ 5.67412710200006, 5.16761079900004 ], [ 5.67352007300002, 5.16615887100005 ], [ 5.66909435200006, 5.16829189700007 ], [ 5.66564707500004, 5.16785710500005 ], [ 5.66314702200003, 5.16641297600006 ], [ 5.65660961800006, 5.16009296700003 ], [ 5.65400086700004, 5.15867989400004 ], [ 5.65058464600003, 5.15802770600004 ], [ 5.64760321700004, 5.15916127000003 ], [ 5.64193783200005, 5.16584745200004 ], [ 5.64027293800007, 5.16608762000004 ], [ 5.63865459900006, 5.16343180000007 ], [ 5.63911690000003, 5.15682740000005 ], [ 5.63825058500004, 5.15219580700006 ], [ 5.63207111900005, 5.14620589500004 ], [ 5.62483015000004, 5.14427244300003 ], [ 5.61504915500007, 5.14025389500006 ], [ 5.60276604600006, 5.13877537200005 ], [ 5.59878540800003, 5.13714520700006 ], [ 5.58994397500004, 5.14125774000007 ], [ 5.58923713700005, 5.14257659500004 ], [ 5.58927717800003, 5.14567398000003 ], [ 5.58637565600003, 5.15278143600005 ], [ 5.58772536200007, 5.15776763500003 ], [ 5.58776440200006, 5.16253946400008 ], [ 5.58562727200007, 5.16861108600006 ], [ 5.58847854400005, 5.17637444300004 ], [ 5.58946534900002, 5.17734488200006 ], [ 5.58550950900008, 5.18164067600003 ], [ 5.58088912600005, 5.18460246000006 ], [ 5.57976364800004, 5.18815660100006 ], [ 5.57304138900002, 5.19564885900007 ], [ 5.57372150000003, 5.19655719900004 ], [ 5.57343510100003, 5.20105410000002 ], [ 5.57447260100002, 5.20221479900005 ], [ 5.57262560000004, 5.203489 ], [ 5.57359659900004, 5.20582370000005 ], [ 5.57401570000007, 5.21191 ], [ 5.57313800100007, 5.213059 ], [ 5.57226730100007, 5.21205099900004 ], [ 5.57116310000004, 5.21336210000004 ], [ 5.56930860000006, 5.21321410000007 ], [ 5.56701520000007, 5.21546980000005 ], [ 5.56527390000002, 5.21581519900008 ], [ 5.56478480000004, 5.21706759900007 ], [ 5.56612440000004, 5.21796360000008 ], [ 5.56609260000005, 5.21945450000004 ], [ 5.56941230000007, 5.21784380000003 ], [ 5.56792230100007, 5.22032859900003 ], [ 5.56859830000008, 5.22165030000002 ], [ 5.56930970000008, 5.22004660000005 ], [ 5.57099430000005, 5.21925710000005 ], [ 5.56981580000007, 5.22208380000006 ], [ 5.57228620000006, 5.22120619900005 ], [ 5.57149690000006, 5.22359930000005 ], [ 5.57360270000004, 5.223261 ], [ 5.57409110000003, 5.22614750000002 ], [ 5.57593860000003, 5.22603830000003 ], [ 5.57611560000004, 5.22883319900006 ], [ 5.57869210000007, 5.23152240000007 ], [ 5.58104450000008, 5.22959240000006 ], [ 5.58125680000006, 5.231841 ], [ 5.58324590000007, 5.23290530000003 ], [ 5.58397490000004, 5.23197490000007 ], [ 5.58490420200008, 5.23211249900004 ], [ 5.58763140000002, 5.23452149900004 ], [ 5.59055490000003, 5.23350770000008 ], [ 5.59166630000004, 5.23616779900004 ], [ 5.59441230000004, 5.23489349900007 ], [ 5.59763460000005, 5.23527489900005 ], [ 5.59907290000007, 5.23309840000007 ], [ 5.60123050000004, 5.23338680000006 ], [ 5.60213640100005, 5.23430759900003 ], [ 5.604845, 5.23245670000006 ], [ 5.60621799900002, 5.23405639900005 ], [ 5.60699320000003, 5.23226130000006 ], [ 5.60934630900005, 5.23068272400008 ], [ 5.61124290000004, 5.23181490000007 ], [ 5.61078530100002, 5.22891290000007 ], [ 5.61145780000004, 5.22824330000003 ], [ 5.61667880100003, 5.231694 ], [ 5.61732330000007, 5.23079179900003 ], [ 5.61449330000005, 5.22816880000005 ], [ 5.62020000100006, 5.22689460100003 ], [ 5.62216140000004, 5.23089409900007 ], [ 5.62401917100004, 5.23002614300003 ], [ 5.62974137500004, 5.23562804700003 ], [ 5.63501798500005, 5.23864293900004 ], [ 5.64009270200006, 5.24367695700005 ], [ 5.64334677600004, 5.24928103700006 ], [ 5.64443114500006, 5.25383552900007 ], [ 5.64741229800006, 5.25462186100003 ], [ 5.64982280000004, 5.25405410000008 ], [ 5.653204, 5.24831230000007 ], [ 5.65674540000003, 5.24652529900004 ], [ 5.66281180000004, 5.24678620000003 ], [ 5.66659140000007, 5.24564759900005 ], [ 5.66820330000007, 5.24647790000006 ], [ 5.671562, 5.25057370000007 ], [ 5.67564530000004, 5.24995920000003 ], [ 5.67633270100004, 5.24809039900003 ], [ 5.67186130000005, 5.24653010000003 ], [ 5.66988570000007, 5.24477250000007 ], [ 5.66942750000004, 5.24326770000005 ], [ 5.67102530000005, 5.23977710000003 ], [ 5.67366970000006, 5.23808730000007 ], [ 5.67622530000006, 5.24007450000005 ], [ 5.68420920100004, 5.25039809900005 ], [ 5.68538940100007, 5.25710220000008 ], [ 5.69188570000006, 5.25790349900007 ], [ 5.69309270000002, 5.25615670000008 ], [ 5.69095770000007, 5.25459690000002 ], [ 5.69403150000005, 5.25381160000006 ], [ 5.69476640100004, 5.25434050000007 ], [ 5.69414950100003, 5.25668550000006 ], [ 5.69681560000004, 5.25796760000003 ] ] ] } },
{ "type": "Feature", "properties": { "wardname": "Esanma", "lganame": "Bomadi" }, "geometry": { "type": "Polygon", "coordinates": [ [ [ 5.79100609000005, 5.26224500300003 ], [ 5.79441680100007, 5.26020180000006 ], [ 5.79642979600004, 5.25762662200003 ], [ 5.79712843100003, 5.25495667600006 ], [ 5.79435520000004, 5.24916890000003 ], [ 5.79657360100003, 5.24635849900005 ], [ 5.79704770100005, 5.24389990000003 ], [ 5.80138644300007, 5.24520613600004 ], [ 5.80316677700006, 5.24384729900004 ], [ 5.80344350000007, 5.24122029900008 ], [ 5.80510449000008, 5.23986834200002 ], [ 5.80748990000006, 5.24077120000004 ], [ 5.81019380000004, 5.23969979900005 ], [ 5.81296299600007, 5.23446523700005 ], [ 5.81627649400002, 5.23800676900004 ], [ 5.81792641800007, 5.23849868500002 ], [ 5.82161724900004, 5.23760694800006 ], [ 5.82353467200005, 5.23126899800008 ], [ 5.82265479000006, 5.22997457100007 ], [ 5.82234621800006, 5.22515707600007 ], [ 5.82608630100003, 5.22240250100003 ], [ 5.82785890000002, 5.21809479900003 ], [ 5.832148, 5.21710189900006 ], [ 5.83087610000007, 5.21062900300007 ], [ 5.82397510100003, 5.20585029900008 ], [ 5.818415, 5.20498920300003 ], [ 5.80967070000003, 5.20718560200004 ], [ 5.80668353100003, 5.20687200800006 ], [ 5.80122217600007, 5.20190133200003 ], [ 5.79973491400006, 5.19814151400004 ], [ 5.79526714300005, 5.19914052800004 ], [ 5.79357320100007, 5.19880970300005 ], [ 5.79265030000005, 5.19459670000003 ], [ 5.79667459900003, 5.19024140000005 ], [ 5.79663410100005, 5.18817980000006 ], [ 5.79439080000003, 5.18646760300004 ], [ 5.78571188400002, 5.18609622200006 ], [ 5.78547001600003, 5.19539125600005 ], [ 5.78396717700002, 5.20286375000006 ], [ 5.78420596200004, 5.20667215700007 ], [ 5.78233710400002, 5.20937099900004 ], [ 5.77913555300006, 5.21777036200007 ], [ 5.77577503000003, 5.22184793800005 ], [ 5.78138592700003, 5.23256552300006 ], [ 5.78211486100003, 5.24373633100004 ], [ 5.78964999900006, 5.26134748600003 ], [ 5.79100609000005, 5.26224500300003 ] ] ] } },
{ "type": "Feature", "properties": { "wardname": "Kpakiama", "lganame": "Bomadi" }, "geometry": { "type": "Polygon", "coordinates": [ [ [ 5.91197410000007, 5.23128810100008 ], [ 5.91489402600007, 5.23095292800002 ], [ 5.91623308800007, 5.22929709700003 ], [ 5.92048290000002, 5.23123230300007 ], [ 5.92182780000007, 5.23099049900003 ], [ 5.92266839900003, 5.22880470000007 ], [ 5.92572971800007, 5.22928773200005 ], [ 5.927712, 5.22548420400005 ], [ 5.93250570100003, 5.22009950000006 ], [ 5.93428660000006, 5.21956520000003 ], [ 5.93400770000005, 5.21881730000007 ], [ 5.93665770000007, 5.21905240000007 ], [ 5.93679720000006, 5.21810149900006 ], [ 5.93866190000006, 5.21753279900003 ], [ 5.93900740100003, 5.21643530000006 ], [ 5.942099, 5.21543070000007 ], [ 5.94226710100003, 5.21363559900004 ], [ 5.942974, 5.21319950000003 ], [ 5.94415240000006, 5.21386899900006 ], [ 5.94426570000007, 5.21251559900003 ], [ 5.94553270100005, 5.21188820000003 ], [ 5.94557520000006, 5.21045019900004 ], [ 5.94793230100004, 5.20803239900005 ], [ 5.94796770100004, 5.20674939900005 ], [ 5.95131090100006, 5.206528 ], [ 5.95580340000004, 5.20882310000007 ], [ 5.95751090000005, 5.20883119900003 ], [ 5.958952, 5.20705960000004 ], [ 5.96185360000004, 5.20553990000008 ], [ 5.96233489900004, 5.20267790000003 ], [ 5.96162710000004, 5.20135969900002 ], [ 5.96224290000004, 5.20053499900007 ], [ 5.96367980000002, 5.20037990000003 ], [ 5.96569720000002, 5.20189550000003 ], [ 5.96912290000006, 5.19941439900003 ], [ 5.973173, 5.19964940000006 ], [ 5.97368190100002, 5.20126369900004 ], [ 5.97545330100007, 5.20065330000006 ], [ 5.97573060000008, 5.19952420000004 ], [ 5.97414010000006, 5.19793899900003 ], [ 5.97634860000005, 5.19330760000003 ], [ 5.97520990000004, 5.19024660000002 ], [ 5.975803, 5.18942340000007 ], [ 5.98108559900004, 5.18881850000002 ], [ 5.98312790000006, 5.18701550000003 ], [ 5.97286314100006, 5.17509536000006 ], [ 5.96424989400003, 5.16141581400007 ], [ 5.95860666400006, 5.15820482300006 ], [ 5.94650001400004, 5.16383481800005 ], [ 5.93979213000006, 5.16518101400004 ], [ 5.93460349600002, 5.16518101400004 ], [ 5.93133656300006, 5.16333309800007 ], [ 5.92589473600003, 5.16344888500004 ], [ 5.91649221700004, 5.16879051800004 ], [ 5.91272476500006, 5.17260254400003 ], [ 5.91091450000005, 5.175303 ], [ 5.90519390000003, 5.18885560000007 ], [ 5.90115382800008, 5.19285589900005 ], [ 5.89471605700004, 5.19563437100004 ], [ 5.89475570700006, 5.20430792300004 ], [ 5.90531434700006, 5.21604459900004 ], [ 5.90766489900005, 5.22101862100004 ], [ 5.90956297500003, 5.22772127200005 ], [ 5.91197410000007, 5.23128810100008 ] ] ] } },
{ "type": "Feature", "properties": { "wardname": "Ogbeinma/Okoloba", "lganame": "Bomadi" }, "geometry": { "type": "MultiPolygon", "coordinates": [ [ [ [ 5.83563970100005, 5.29370620000003 ], [ 5.83915880100005, 5.28993169900002 ], [ 5.84510250000005, 5.28827909900002 ], [ 5.84625060000008, 5.287072 ], [ 5.84678700100005, 5.28432639900007 ], [ 5.84448171800005, 5.28104505000005 ], [ 5.84274586300006, 5.28225053400007 ], [ 5.83975540200004, 5.28133348100005 ], [ 5.83278990400004, 5.28107562700006 ], [ 5.81789388100003, 5.28551285400005 ], [ 5.82487821300003, 5.30504526700003 ], [ 5.82516945000003, 5.30901163300007 ], [ 5.82823679900002, 5.30842729900007 ], [ 5.83076880100003, 5.30669670000003 ], [ 5.83285020100004, 5.30396179900004 ], [ 5.83563970100005, 5.29370620000003 ] ] ], [ [ [ 5.82183596500005, 5.23734898400005 ], [ 5.83163346500004, 5.23289941200005 ], [ 5.83799733000006, 5.23259102200007 ], [ 5.84799897000005, 5.23433857600003 ], [ 5.84822160000004, 5.23266330000007 ], [ 5.84692640000003, 5.22892620100004 ], [ 5.835089, 5.22150019900005 ], [ 5.832148, 5.21710189900006 ], [ 5.82785890000002, 5.21809479900003 ], [ 5.82608630100003, 5.22240250100003 ], [ 5.82229662500004, 5.22529069100005 ], [ 5.82265479000006, 5.22997457100007 ], [ 5.82353467200005, 5.23126899800008 ], [ 5.82231644800004, 5.23363891800005 ], [ 5.82183596500005, 5.23734898400005 ] ] ] ] } },
{ "type": "Feature", "properties": { "wardname": "Ogo/Eze", "lganame": "Bomadi" }, "geometry": { "type": "Polygon", "coordinates": [ [ [ 5.79118265000005, 5.31936179600007 ], [ 5.79549621200005, 5.31779508600005 ], [ 5.79502030100002, 5.31408910000005 ], [ 5.79577140000004, 5.30975190000004 ], [ 5.797538, 5.30679160000005 ], [ 5.80143070000003, 5.30384319900003 ], [ 5.80701450000004, 5.30311349900006 ], [ 5.81245710000007, 5.30375159900007 ], [ 5.82015720100003, 5.30841590000006 ], [ 5.82519562600004, 5.30899837400005 ], [ 5.82487821300003, 5.30504526700003 ], [ 5.81789388100003, 5.28551285400005 ], [ 5.80015862600004, 5.28620873300002 ], [ 5.78805274000007, 5.28756323700003 ], [ 5.78381991300006, 5.28832514600003 ], [ 5.77890983300006, 5.29238866100007 ], [ 5.77391509700004, 5.29916118400007 ], [ 5.77840189400007, 5.30711890000003 ], [ 5.78212678200003, 5.31126707000004 ], [ 5.78822205300003, 5.31490730200005 ], [ 5.79118265000005, 5.31936179600007 ] ] ] } },
{ "type": "Feature", "properties": { "wardname": "Ogriagbene", "lganame": "Bomadi" }, "geometry": { "type": "Polygon", "coordinates": [ [ [ 5.66909435200006, 5.16829189700007 ], [ 5.67286772400007, 5.16680118200003 ], [ 5.67833680100006, 5.16029880000002 ], [ 5.68376060000003, 5.15740920000007 ], [ 5.68781160100002, 5.15352872000005 ], [ 5.68538040700003, 5.15070376100005 ], [ 5.68488002400005, 5.14859534700003 ], [ 5.68890348500003, 5.14530857200003 ], [ 5.69861053700004, 5.14016954500005 ], [ 5.71641875900002, 5.13931175900007 ], [ 5.71754298100007, 5.13378436000005 ], [ 5.71609084500005, 5.12749177100005 ], [ 5.72204957800005, 5.11375113600008 ], [ 5.72388763800006, 5.11191307800004 ], [ 5.71759836300004, 5.10441889000003 ], [ 5.70330214900002, 5.09672453500002 ], [ 5.69758878000005, 5.10155519500006 ], [ 5.69603146900005, 5.10486615700006 ], [ 5.68541349500003, 5.11410663200007 ], [ 5.68161277400003, 5.11545655600003 ], [ 5.67400116200002, 5.12075706200005 ], [ 5.66577743400006, 5.12406901700007 ], [ 5.66234368500005, 5.12508664700005 ], [ 5.65486421800006, 5.12497336400003 ], [ 5.65206409000007, 5.12594211000004 ], [ 5.64797537100003, 5.12835614000005 ], [ 5.64182471000004, 5.13456972600005 ], [ 5.64095153900007, 5.13973219000007 ], [ 5.64113853900005, 5.14936715200002 ], [ 5.63886448500006, 5.15475616000003 ], [ 5.63850860000002, 5.16182130000004 ], [ 5.63919902300006, 5.16512405300006 ], [ 5.64027293800007, 5.16608762000004 ], [ 5.64193783200005, 5.16584745200004 ], [ 5.64760321700004, 5.15916127000003 ], [ 5.65058464600003, 5.15802770600004 ], [ 5.65660961800006, 5.16009296700003 ], [ 5.66314702200003, 5.16641297600006 ], [ 5.66564707500004, 5.16785710500005 ], [ 5.66909435200006, 5.16829189700007 ] ] ] } },
{ "type": "Feature", "properties": { "wardname": "Bolou-Ndoro", "lganame": "Burutu" }, "geometry": { "type": "MultiPolygon", "coordinates": [ [ [ [ 5.55771770100006, 5.26108270000003 ], [ 5.56104360000006, 5.26110409900002 ], [ 5.56241690000007, 5.25770670000003 ], [ 5.56080760000003, 5.25652080000003 ], [ 5.56056080100007, 5.25542040000005 ], [ 5.56270660100006, 5.25634990000003 ], [ 5.56511060000003, 5.25500130000006 ], [ 5.56473520000003, 5.25274309900004 ], [ 5.565908, 5.25072310000007 ], [ 5.56779400100004, 5.25134590000005 ], [ 5.56857460000003, 5.24783510000003 ], [ 5.57088540000007, 5.24735509900006 ], [ 5.57296160000004, 5.24821640000005 ], [ 5.57149140100006, 5.24543179900007 ], [ 5.57161540100003, 5.24314850000007 ], [ 5.57562230100007, 5.23622140000003 ], [ 5.57906060000005, 5.23507940000007 ], [ 5.58022810000006, 5.23641870000006 ], [ 5.58157310000007, 5.23536769900005 ], [ 5.58234830000004, 5.236735 ], [ 5.58250710100003, 5.23543280000007 ], [ 5.58474870000003, 5.23353540000005 ], [ 5.58631780100006, 5.23455849900006 ], [ 5.58683570000005, 5.23396090000006 ], [ 5.58441380000005, 5.23192550000005 ], [ 5.58324590000007, 5.23290530000003 ], [ 5.58125680000006, 5.231841 ], [ 5.58104450000008, 5.22959240000006 ], [ 5.57869210000007, 5.23152240000007 ], [ 5.57611560000004, 5.22883319900006 ], [ 5.57593860000003, 5.22603830000003 ], [ 5.57409110000003, 5.22614750000002 ], [ 5.57360270000004, 5.223261 ], [ 5.57149690000006, 5.22359930000005 ], [ 5.57228620000006, 5.22120619900005 ], [ 5.56981580000007, 5.22208380000006 ], [ 5.57111110000005, 5.219377 ], [ 5.56954330100007, 5.21982110000005 ], [ 5.56838950100007, 5.22163619900005 ], [ 5.56792230100007, 5.22032859900003 ], [ 5.569561, 5.21797419900003 ], [ 5.56629780000003, 5.21953910000002 ], [ 5.56595450000003, 5.21768169900002 ], [ 5.56478480000004, 5.21706759900007 ], [ 5.56527390000002, 5.21581519900008 ], [ 5.56701520000007, 5.21546980000005 ], [ 5.56893340000005, 5.21340440000006 ], [ 5.57116310000004, 5.21336210000004 ], [ 5.57226730100007, 5.21205099900004 ], [ 5.57313800100007, 5.213059 ], [ 5.57392370000002, 5.21221309900005 ], [ 5.57359659900004, 5.20582370000005 ], [ 5.57262560000004, 5.203489 ], [ 5.57447260100002, 5.20221479900005 ], [ 5.57343510100003, 5.20105410000002 ], [ 5.57372150000003, 5.19655719900004 ], [ 5.57304138900002, 5.19564885900007 ], [ 5.57976364800004, 5.18815660100006 ], [ 5.58088912600005, 5.18460246000006 ], [ 5.58550950900008, 5.18164067600003 ], [ 5.58946534900002, 5.17734488200006 ], [ 5.58847854400005, 5.17637444300004 ], [ 5.58562727200007, 5.16861108600006 ], [ 5.58776440200006, 5.16253946400008 ], [ 5.58772536200007, 5.15776763500003 ], [ 5.58637565600003, 5.15278143600005 ], [ 5.58927717800003, 5.14567398000003 ], [ 5.58923713700005, 5.14257659500004 ], [ 5.58994397500004, 5.14125774000007 ], [ 5.59878540800003, 5.13714520700006 ], [ 5.60276604600006, 5.13877537200005 ], [ 5.61504915500007, 5.14025389500006 ], [ 5.62483015000004, 5.14427244300003 ], [ 5.63207111900005, 5.14620589500004 ], [ 5.63825058500004, 5.15219580700006 ], [ 5.63898284900006, 5.15475055900004 ], [ 5.64113853900005, 5.14936715200002 ], [ 5.64095153900007, 5.13973219000007 ], [ 5.64182471000004, 5.13456972600005 ], [ 5.64797537100003, 5.12835614000005 ], [ 5.65480675500004, 5.12498643700008 ], [ 5.66236217100004, 5.12508289700003 ], [ 5.67400116200002, 5.12075706200005 ], [ 5.68149919500007, 5.11552364300007 ], [ 5.68506626200002, 5.11430215100006 ], [ 5.68829609600004, 5.11193307000002 ], [ 5.69630078900008, 5.10459401100007 ], [ 5.69742651500007, 5.10175380900006 ], [ 5.70001389100003, 5.09901714200004 ], [ 5.70331462500008, 5.09671984400006 ], [ 5.70327685200004, 5.09385521800004 ], [ 5.69862364700003, 5.08866786300007 ], [ 5.69236894000005, 5.07393928000005 ], [ 5.69077429700008, 5.07183113000002 ], [ 5.68215455400002, 5.07020174100006 ], [ 5.65624368100003, 5.05901298700007 ], [ 5.65313321300005, 5.05698544400002 ], [ 5.65370513800002, 5.05382233300003 ], [ 5.65293559400004, 5.05047800900007 ], [ 5.65313780500003, 5.04608094900004 ], [ 5.64785670000003, 5.03946969900005 ], [ 5.63934580000006, 5.03389530100003 ], [ 5.63521620000006, 5.02681149900008 ], [ 5.62977760000007, 5.02277210000005 ], [ 5.62789655500006, 5.02271690800006 ], [ 5.62428569700006, 5.02440787700004 ], [ 5.61764780900006, 5.03300868500003 ], [ 5.61091747800003, 5.03750353100003 ], [ 5.60182844600007, 5.04052220800003 ], [ 5.58588836700005, 5.04426900100003 ], [ 5.58289599500006, 5.04682611900006 ], [ 5.58164463900005, 5.04954645800007 ], [ 5.58169904600004, 5.05471510000007 ], [ 5.57785625100007, 5.05697387100003 ], [ 5.55475197900006, 5.05646686100005 ], [ 5.55426668600006, 5.05741672100004 ], [ 5.54383146800006, 5.05901189900004 ], [ 5.53224411400004, 5.06296418900007 ], [ 5.52576771000003, 5.06709999700007 ], [ 5.52147340100004, 5.07103371400007 ], [ 5.51508264100005, 5.08048182400006 ], [ 5.51620526200003, 5.08149882500004 ], [ 5.51446091500003, 5.08138237200006 ], [ 5.50748418500007, 5.08986520500002 ], [ 5.50021006500003, 5.09298554200006 ], [ 5.49235705200005, 5.09350565200003 ], [ 5.49232047500004, 5.09683455800007 ], [ 5.48951583500002, 5.10118553500007 ], [ 5.48678496600007, 5.10201658400007 ], [ 5.48338959500006, 5.10077860900003 ], [ 5.47751214100003, 5.10570049800003 ], [ 5.47424652400002, 5.10346845300006 ], [ 5.46944536000007, 5.10762405800006 ], [ 5.47098252300003, 5.11567793800003 ], [ 5.47946440000004, 5.12002287900003 ], [ 5.48176331900004, 5.12555754700003 ], [ 5.48337444400005, 5.12680569200006 ], [ 5.48638676600007, 5.12672107000003 ], [ 5.48802716000006, 5.12555646300007 ], [ 5.48776589200003, 5.12230105000003 ], [ 5.48834903400007, 5.12146046000004 ], [ 5.49115337700005, 5.12168710400005 ], [ 5.49404165500005, 5.12041920400003 ], [ 5.49225694800003, 5.11856690300004 ], [ 5.49377124400007, 5.11641425100004 ], [ 5.49189543100005, 5.11496398100007 ], [ 5.49353207900003, 5.11218936700004 ], [ 5.49366460500005, 5.11365023700006 ], [ 5.49225789600007, 5.11491406100004 ], [ 5.49413575600005, 5.11663202800003 ], [ 5.49261585800002, 5.11850570400003 ], [ 5.49466756400005, 5.12018726700006 ], [ 5.49198940500003, 5.12195236100007 ], [ 5.48841483200005, 5.12198075200007 ], [ 5.48903188800006, 5.12393233000006 ], [ 5.49204578600006, 5.12429664200005 ], [ 5.49385726700007, 5.12366177400003 ], [ 5.49688239100004, 5.12065297500004 ], [ 5.49847385400005, 5.11991352000007 ], [ 5.50095694300006, 5.12015863600004 ], [ 5.50331116600006, 5.11784780300007 ], [ 5.50643645200006, 5.12033987400002 ], [ 5.50842514600004, 5.11531757900002 ], [ 5.50841291900002, 5.11798825700004 ], [ 5.50682417000007, 5.12113844200007 ], [ 5.50340796300003, 5.11838735200007 ], [ 5.50162186900008, 5.12060173400005 ], [ 5.49738032100004, 5.12108764000004 ], [ 5.49488914100004, 5.12399747000006 ], [ 5.49228530600004, 5.12493006700004 ], [ 5.48939188000003, 5.12449533000006 ], [ 5.48715110500007, 5.12734001600006 ], [ 5.48382095700003, 5.12779776400004 ], [ 5.48088646400004, 5.12587594000007 ], [ 5.47947945300007, 5.12161194000004 ], [ 5.47821724000005, 5.12018463700002 ], [ 5.47096730800007, 5.11758457800005 ], [ 5.46913504800006, 5.12102666000004 ], [ 5.46508400400006, 5.12543739000006 ], [ 5.45471126800004, 5.12989194600004 ], [ 5.44887403700005, 5.13520373400007 ], [ 5.45048774700007, 5.13964974600003 ], [ 5.45876573900006, 5.14174975800006 ], [ 5.46098836600004, 5.14341469200002 ], [ 5.46397767500002, 5.14327570700004 ], [ 5.46415436300003, 5.14486152700005 ], [ 5.46548604000003, 5.14503132100003 ], [ 5.47141999800004, 5.14246301100007 ], [ 5.47463208300007, 5.14225698500007 ], [ 5.48008544700002, 5.13745138800004 ], [ 5.48447182700005, 5.13616949100003 ], [ 5.50263913400005, 5.13751020800004 ], [ 5.51367232500007, 5.13687190200005 ], [ 5.51231425600002, 5.13953004400003 ], [ 5.51143195700007, 5.13980770900002 ], [ 5.50440915600007, 5.13948655700005 ], [ 5.49756927800007, 5.14084801400003 ], [ 5.48841168500007, 5.14620060800007 ], [ 5.48327607100003, 5.14777021800006 ], [ 5.47876913900006, 5.15070402200007 ], [ 5.47561813200002, 5.15060609400007 ], [ 5.47055701700003, 5.14793643900003 ], [ 5.46558702600004, 5.14867152600004 ], [ 5.46887992800004, 5.15455429500003 ], [ 5.46951580700005, 5.15718984000006 ], [ 5.46936129500006, 5.16444471500006 ], [ 5.47105022200003, 5.16659341700006 ], [ 5.47230495200006, 5.16671455400007 ], [ 5.47123983800003, 5.16710260400004 ], [ 5.47249100100004, 5.16829027000006 ], [ 5.47213821600008, 5.17523382400003 ], [ 5.47338408700006, 5.17504185200005 ], [ 5.47678575800006, 5.17139566200007 ], [ 5.47925260700003, 5.17148616800006 ], [ 5.48074555400007, 5.17381229200004 ], [ 5.47985587600004, 5.17878749400006 ], [ 5.48147765600004, 5.18438482800002 ], [ 5.48326039700004, 5.18357749800003 ], [ 5.48382847700003, 5.17971559600005 ], [ 5.48471943500004, 5.17893316600004 ], [ 5.48655141200004, 5.17922453200003 ], [ 5.48845701300007, 5.18069735100005 ], [ 5.48913386900006, 5.18241582300004 ], [ 5.49034579900007, 5.18252881600006 ], [ 5.48891367900006, 5.18420389500005 ], [ 5.48623451900005, 5.18074012400007 ], [ 5.48421732200006, 5.18489875000006 ], [ 5.48152158400006, 5.18562969700002 ], [ 5.47870047700007, 5.18169856600002 ], [ 5.47930129900004, 5.17417384800007 ], [ 5.47778442000003, 5.17585942000005 ], [ 5.47727620200004, 5.17462180700005 ], [ 5.47211496100005, 5.17683793300006 ], [ 5.47026499200007, 5.17525753500007 ], [ 5.47023020800003, 5.17110842800003 ], [ 5.46782450900002, 5.17041330100005 ], [ 5.46299528300005, 5.17458884300004 ], [ 5.45365174000005, 5.17856099400007 ], [ 5.45219923000008, 5.18146728900007 ], [ 5.45211322500006, 5.18590072600006 ], [ 5.45606225700004, 5.20314816800004 ], [ 5.45999394800003, 5.21558532700004 ], [ 5.46091741000004, 5.22166792300004 ], [ 5.46171066500006, 5.22239850400007 ], [ 5.47113386000007, 5.22007431500003 ], [ 5.47076878600006, 5.22084682200006 ], [ 5.47333259200008, 5.22197565500005 ], [ 5.48348102100005, 5.22158939400003 ], [ 5.49055540000006, 5.22275294300005 ], [ 5.49562847400006, 5.22535929300005 ], [ 5.49916566300004, 5.23038582500004 ], [ 5.50305187300006, 5.24198215400003 ], [ 5.50465179000003, 5.24291289100006 ], [ 5.50682957800007, 5.24254041900002 ], [ 5.50840441900004, 5.24131578600003 ], [ 5.51159329400002, 5.23395477500003 ], [ 5.51359333100004, 5.23302197000004 ], [ 5.51607686800003, 5.23353982700007 ], [ 5.51842465600004, 5.23527471400007 ], [ 5.52065180000005, 5.23919690000002 ], [ 5.524679, 5.24033160100004 ], [ 5.52479940000006, 5.24183070000004 ], [ 5.52181050100006, 5.24372690000007 ], [ 5.52187730100007, 5.24463450000007 ], [ 5.52846130000006, 5.25105980000006 ], [ 5.53068390100003, 5.25121489900005 ], [ 5.53478940100007, 5.25387929900006 ], [ 5.53685620100003, 5.25672689900006 ], [ 5.53748880000006, 5.26125510000003 ], [ 5.54100420000003, 5.26088560000005 ], [ 5.54308520000006, 5.25858779900005 ], [ 5.54317020000002, 5.25743180000006 ], [ 5.54079180000002, 5.25411890000004 ], [ 5.54084850100003, 5.25287840000004 ], [ 5.54268880000006, 5.25218760000007 ], [ 5.545138, 5.25334359900006 ], [ 5.54614310000005, 5.25576829900007 ], [ 5.54446340100003, 5.26006030000002 ], [ 5.54651120100004, 5.26367680000004 ], [ 5.54607230000005, 5.26811739900006 ], [ 5.547938, 5.27115 ], [ 5.55165590000007, 5.27258890000007 ], [ 5.55213870000006, 5.27504609900006 ], [ 5.55434880000007, 5.27714 ], [ 5.55718120000006, 5.27210819900006 ], [ 5.55517490100004, 5.26865740000005 ], [ 5.55843650100007, 5.26688390000004 ], [ 5.557074, 5.26396730000005 ], [ 5.55771770100006, 5.26108270000003 ] ] ], [ [ [ 5.47332281500007, 5.10308011900003 ], [ 5.47522874400005, 5.10313576900006 ], [ 5.47738475000006, 5.10507673000006 ], [ 5.48325460800004, 5.10024877900003 ], [ 5.48461542600006, 5.10015285100008 ], [ 5.48673382000004, 5.10139192900004 ], [ 5.48873552600003, 5.10102694200003 ], [ 5.49206234500002, 5.09617463800004 ], [ 5.49116052500005, 5.09358428300004 ], [ 5.48294128400005, 5.09142686100006 ], [ 5.47951416200004, 5.09215645500007 ], [ 5.47829627200002, 5.09385004600006 ], [ 5.47831170000006, 5.09242566100005 ], [ 5.47554786500007, 5.09250336500003 ], [ 5.46818553200006, 5.09449796400003 ], [ 5.46648866900006, 5.09639106500003 ], [ 5.46548655400005, 5.09915560200005 ], [ 5.46738839700004, 5.10471578200003 ], [ 5.46868877500003, 5.10642268200007 ], [ 5.47230643600005, 5.10443466700002 ], [ 5.47332281500007, 5.10308011900003 ] ] ], [ [ [ 5.49113134900006, 5.14284323200008 ], [ 5.49358826700006, 5.14029825500006 ], [ 5.48764502300003, 5.13769927200002 ], [ 5.48339016200003, 5.13796853600007 ], [ 5.47958735200007, 5.13968962700005 ], [ 5.47267672600003, 5.14697277200003 ], [ 5.47798111700007, 5.14918903800003 ], [ 5.48269411300004, 5.14634244500007 ], [ 5.49113134900006, 5.14284323200008 ] ] ] ] } },
{ "type": "Feature", "properties": { "wardname": "Egodor", "lganame": "Burutu" }, "geometry": { "type": "MultiPolygon", "coordinates": [ [ [ [ 5.65813573300005, 5.43645128900005 ], [ 5.67329819300005, 5.43515178500007 ], [ 5.68085644600006, 5.43260164300005 ], [ 5.69424802000003, 5.43008957400002 ], [ 5.69035864300002, 5.42025669100002 ], [ 5.69731670000004, 5.41257330000008 ], [ 5.70145490100003, 5.40955860000003 ], [ 5.70157170000004, 5.40625070000004 ], [ 5.69775240100006, 5.40317960000004 ], [ 5.69771460000004, 5.40177139900004 ], [ 5.70268420000002, 5.39473540000006 ], [ 5.70887750000003, 5.39186370000004 ], [ 5.71270640100005, 5.38868339900006 ], [ 5.71812470100002, 5.38567570000004 ], [ 5.71692129900003, 5.37946230000006 ], [ 5.71484340000006, 5.37691480000007 ], [ 5.71465350000005, 5.37536039900004 ], [ 5.71489760000003, 5.37441840000002 ], [ 5.72069590000007, 5.371561 ], [ 5.72328110000007, 5.36565090000005 ], [ 5.72386530000006, 5.35811170000005 ], [ 5.72055605800006, 5.34909941000006 ], [ 5.71290412800005, 5.35501049500004 ], [ 5.70536699900003, 5.35889907800004 ], [ 5.70117172200003, 5.35967919100005 ], [ 5.69594910000006, 5.35508810000005 ], [ 5.69288160100007, 5.35386740000007 ], [ 5.68374790100006, 5.35284920000004 ], [ 5.67859020100002, 5.35062910000005 ], [ 5.67647119900005, 5.34876240000006 ], [ 5.67148170000007, 5.34042660000006 ], [ 5.66818560000007, 5.33913040000004 ], [ 5.65977783800002, 5.34509753600003 ], [ 5.65967089500003, 5.34627888100005 ], [ 5.65207951500003, 5.34862833700004 ], [ 5.64856845200006, 5.35113604700007 ], [ 5.64695520200007, 5.35421213000006 ], [ 5.64657953500006, 5.35963061400003 ], [ 5.64557591700003, 5.36247426000006 ], [ 5.64348342700004, 5.36493262300007 ], [ 5.64093581000003, 5.36540301700006 ], [ 5.63646236400007, 5.36276265100003 ], [ 5.63320182400003, 5.35914740000004 ], [ 5.62577871700006, 5.35325525300004 ], [ 5.62177344800006, 5.34826849400002 ], [ 5.62120597400002, 5.34857701700003 ], [ 5.61862830200005, 5.34179211800006 ], [ 5.61622373700004, 5.33866579200003 ], [ 5.61144655400005, 5.33578234800007 ], [ 5.60726208900007, 5.33533293000005 ], [ 5.60339307200007, 5.33873808700002 ], [ 5.59584987700003, 5.35041582200006 ], [ 5.59175488400007, 5.35961919400006 ], [ 5.58686510300004, 5.36496949400004 ], [ 5.58129536200005, 5.37314443600008 ], [ 5.57975664200006, 5.37695867600007 ], [ 5.58003892400006, 5.38014083300004 ], [ 5.58952872000003, 5.37824406500005 ], [ 5.59275364200005, 5.37628083000004 ], [ 5.59162219700005, 5.37779430100005 ], [ 5.59960699300007, 5.37736065600006 ], [ 5.60983231700004, 5.37907836700003 ], [ 5.62450109700006, 5.38668886200003 ], [ 5.63413663500006, 5.39055521800003 ], [ 5.63507283200005, 5.38992405100004 ], [ 5.63589565800004, 5.38639627400005 ], [ 5.63392240700006, 5.38134384900007 ], [ 5.63589670900006, 5.38141578700004 ], [ 5.63482356300005, 5.38199393500003 ], [ 5.63651625700004, 5.38302972200006 ], [ 5.63589282300006, 5.38342902300008 ], [ 5.63643076900007, 5.38780962500005 ], [ 5.63473936300005, 5.39118216500003 ], [ 5.64022704800004, 5.40241782300006 ], [ 5.64929606100003, 5.41767481300008 ], [ 5.65080213500005, 5.41821784500007 ], [ 5.65342287000004, 5.41529719500005 ], [ 5.65328919800004, 5.41677378900005 ], [ 5.65036152700003, 5.41935864900006 ], [ 5.65276068800006, 5.42261194200006 ], [ 5.65241404900007, 5.42644105800002 ], [ 5.65065641000007, 5.42393156500003 ], [ 5.64971044600003, 5.42075369500003 ], [ 5.64531056400006, 5.41473565400003 ], [ 5.64168809000006, 5.41181205700002 ], [ 5.63130794500006, 5.40018418500006 ], [ 5.61882267100003, 5.39103421600004 ], [ 5.61118644000004, 5.38681243000002 ], [ 5.60155088400006, 5.38409809800004 ], [ 5.59881666700005, 5.38437661600005 ], [ 5.60022556900003, 5.38880468900004 ], [ 5.59994218600002, 5.39328203000002 ], [ 5.59579564200004, 5.39941843600008 ], [ 5.58515806600008, 5.41177163100002 ], [ 5.58147177700005, 5.41779909100006 ], [ 5.58120727600004, 5.42011530000002 ], [ 5.58425858400005, 5.42325225600007 ], [ 5.58977552000005, 5.42497110900007 ], [ 5.59592419100005, 5.42449629900005 ], [ 5.60221424700006, 5.42192787200003 ], [ 5.60756906900002, 5.42092845000008 ], [ 5.61590586200003, 5.42281213800004 ], [ 5.61627485400004, 5.42029893900008 ], [ 5.61668831500003, 5.42326202000004 ], [ 5.61941205300008, 5.42623089600005 ], [ 5.62128754900004, 5.42240647400007 ], [ 5.62371075600004, 5.42084004700007 ], [ 5.62526467500004, 5.42223315500007 ], [ 5.62612061900006, 5.42514510500007 ], [ 5.62891036800005, 5.42881922800007 ], [ 5.63070081700005, 5.42847296200006 ], [ 5.63306556100002, 5.42236685500006 ], [ 5.63456886300003, 5.42089733500006 ], [ 5.63521916700006, 5.42137872900003 ], [ 5.63555698800008, 5.42494273700004 ], [ 5.63696738900006, 5.42484983600002 ], [ 5.63966150800007, 5.42224017200004 ], [ 5.64100434500006, 5.42243441900007 ], [ 5.64318544900004, 5.42525879200002 ], [ 5.64240708400007, 5.42840317900004 ], [ 5.64430918100004, 5.42712996000006 ], [ 5.64578343400007, 5.42722790000005 ], [ 5.64925442600003, 5.43134364500003 ], [ 5.65640223600008, 5.43274187300005 ], [ 5.65813573300005, 5.43645128900005 ] ] ], [ [ [ 5.84400041800006, 5.36248786900006 ], [ 5.84697790100006, 5.363012 ], [ 5.84837573000004, 5.36494793400004 ], [ 5.85812131100005, 5.35211387400005 ], [ 5.86656345700004, 5.34558458500004 ], [ 5.86217693000003, 5.33248819600004 ], [ 5.86165053900004, 5.31613662700005 ], [ 5.85392493800003, 5.31274725000003 ], [ 5.84908573100006, 5.30851467900004 ], [ 5.84639439300003, 5.30206932000004 ], [ 5.84185546200007, 5.29712997200005 ], [ 5.84048131300005, 5.29280149700003 ], [ 5.83858848500006, 5.29036818200007 ], [ 5.83563970100005, 5.29370620000003 ], [ 5.83285020100004, 5.30396179900004 ], [ 5.83076880100003, 5.30669670000003 ], [ 5.82823679900002, 5.30842729900007 ], [ 5.82176360000005, 5.30903680000006 ], [ 5.81454680000007, 5.304731 ], [ 5.81042690000004, 5.303385 ], [ 5.804082, 5.303214 ], [ 5.79942680000005, 5.30507270000004 ], [ 5.79577140000004, 5.30975190000004 ], [ 5.79502030100002, 5.31408910000005 ], [ 5.79559590000002, 5.31816139900008 ], [ 5.79961230000004, 5.32400260000003 ], [ 5.81068300400005, 5.33047004700006 ], [ 5.80534578400005, 5.33443779100003 ], [ 5.79689231400005, 5.33457039400002 ], [ 5.78172231900004, 5.32812692500005 ], [ 5.77952126200006, 5.33042653600006 ], [ 5.77709086100003, 5.33537798600003 ], [ 5.77603172000005, 5.34051911200004 ], [ 5.77835360000006, 5.34223210000005 ], [ 5.78453010000004, 5.351615 ], [ 5.79130690000005, 5.35883 ], [ 5.79605030000005, 5.36008720000007 ], [ 5.80136140000008, 5.35949159900002 ], [ 5.80538440000004, 5.35750219900007 ], [ 5.80971880000004, 5.35436170000003 ], [ 5.81137850000005, 5.35183370000004 ], [ 5.81450640000003, 5.35241040000005 ], [ 5.81900230000002, 5.354269 ], [ 5.82863630100007, 5.36463720000006 ], [ 5.83679360000002, 5.370588 ], [ 5.84081720000006, 5.36836239900003 ], [ 5.84280980000005, 5.36340720000004 ], [ 5.84400041800006, 5.36248786900006 ] ] ], [ [ [ 5.56134983300007, 5.38750987500003 ], [ 5.57175109900004, 5.38524857400006 ], [ 5.57326927600008, 5.38336331400006 ], [ 5.57551269900006, 5.37674464300005 ], [ 5.56432464600005, 5.38267162800003 ], [ 5.56134983300007, 5.38750987500003 ] ] ], [ [ [ 5.60410625300005, 5.37914579900007 ], [ 5.59583405600006, 5.37835015400003 ], [ 5.58982289700003, 5.37988751900002 ], [ 5.59846444500005, 5.38274087900004 ], [ 5.60824163600006, 5.38438574100007 ], [ 5.61524873200005, 5.38767673400002 ], [ 5.61746966000004, 5.38757983700003 ], [ 5.61638477800005, 5.38509127600003 ], [ 5.61342122600007, 5.38177369900006 ], [ 5.60410625300005, 5.37914579900007 ] ] ], [ [ [ 5.62850939300006, 5.38946685400003 ], [ 5.61686571900003, 5.38366263800003 ], [ 5.62000179700004, 5.38849322200002 ], [ 5.62843835600006, 5.39674054600005 ], [ 5.63393231500004, 5.39998325900007 ], [ 5.63740517400004, 5.40052250400004 ], [ 5.63615095000006, 5.39588164700007 ], [ 5.63365316800002, 5.39112691200006 ], [ 5.62850939300006, 5.38946685400003 ] ] ], [ [ [ 5.63921226600007, 5.40287891800006 ], [ 5.63556677000003, 5.40135150900005 ], [ 5.63573538400004, 5.40215098800007 ], [ 5.63806904600006, 5.40610032300003 ], [ 5.64006063300008, 5.40825234500005 ], [ 5.64153517600005, 5.40852000200005 ], [ 5.63921226600007, 5.40287891800006 ] ] ], [ [ [ 5.57559988800006, 5.41870131600007 ], [ 5.58017788000006, 5.41949659500006 ], [ 5.58355623600005, 5.41225868100003 ], [ 5.59760952700003, 5.39487104400007 ], [ 5.59878523300006, 5.39179385600005 ], [ 5.59878568100004, 5.38879763600005 ], [ 5.59752031400006, 5.38589971100004 ], [ 5.59555531900003, 5.38384531100007 ], [ 5.59138129200005, 5.38230756200005 ], [ 5.58572751600002, 5.38203726500006 ], [ 5.57868741200002, 5.38420063400002 ], [ 5.56869461100007, 5.38947683600003 ], [ 5.55264322400006, 5.39182318800005 ], [ 5.55330360100004, 5.39309949200003 ], [ 5.55461070100006, 5.393491 ], [ 5.56099110100007, 5.39207940000006 ], [ 5.56269470200004, 5.39296429900003 ], [ 5.56284040200006, 5.400292 ], [ 5.56106150000005, 5.40066230000002 ], [ 5.56055310000005, 5.40264520000005 ], [ 5.56199020200006, 5.40287620000004 ], [ 5.56333140000004, 5.40183870000004 ], [ 5.56322030100006, 5.40342050000004 ], [ 5.56431680200006, 5.40325580000007 ], [ 5.56694740000006, 5.40559709900003 ], [ 5.56669680000005, 5.407351 ], [ 5.56539570000007, 5.40821590000007 ], [ 5.56570690000007, 5.41026749900004 ], [ 5.56923850100003, 5.41044850000003 ], [ 5.57105990000002, 5.41364830000003 ], [ 5.57222490000004, 5.41396980000007 ], [ 5.57062930000006, 5.41557090000003 ], [ 5.57096490000004, 5.41647859900007 ], [ 5.57268870100006, 5.41728450000005 ], [ 5.57433499900003, 5.42004680000002 ], [ 5.57559988800006, 5.41870131600007 ] ] ] ] } },
{ "type": "Feature", "properties": { "wardname": "Eseinbiri", "lganame": "Burutu" }, "geometry": { "type": "Polygon", "coordinates": [ [ [ 5.89295361200004, 5.19582470500006 ], [ 5.89818957200004, 5.19458801600007 ], [ 5.90230910300005, 5.19174628500002 ], [ 5.89727357500004, 5.18578540000004 ], [ 5.89492171100005, 5.18144825900004 ], [ 5.89050288000004, 5.17870047500003 ], [ 5.88615207400005, 5.17436353100004 ], [ 5.87792061900007, 5.15780496400004 ], [ 5.87147136900006, 5.14994110700007 ], [ 5.86858975200005, 5.14718651000004 ], [ 5.85476625200005, 5.14084073900005 ], [ 5.84568029300004, 5.13315100700004 ], [ 5.83149868800007, 5.12562414500007 ], [ 5.82573409600008, 5.12628215800004 ], [ 5.82342669000008, 5.13163556200004 ], [ 5.81172770300003, 5.14344346500008 ], [ 5.81008583200003, 5.14650766900007 ], [ 5.79739109400003, 5.14497548700007 ], [ 5.77560712800005, 5.14501672600005 ], [ 5.76484689200004, 5.14647849400006 ], [ 5.72252922200005, 5.13934476200006 ], [ 5.69861053700004, 5.14016954500005 ], [ 5.68890348500003, 5.14530857200003 ], [ 5.68488002400005, 5.14859534700003 ], [ 5.68538040700003, 5.15070376100005 ], [ 5.68786621500004, 5.15345842600004 ], [ 5.68376060000003, 5.15740920000007 ], [ 5.67833680100006, 5.16029880000002 ], [ 5.67345880000005, 5.16596810000004 ], [ 5.67412710200006, 5.16761079900004 ], [ 5.67620210200005, 5.16703679900007 ], [ 5.67758540000005, 5.16753049900007 ], [ 5.68087080000004, 5.17097469900006 ], [ 5.68529740000002, 5.17160610000008 ], [ 5.68894020200003, 5.173489 ], [ 5.68890560200003, 5.17578510000004 ], [ 5.68716490200006, 5.17800089900004 ], [ 5.69123420000005, 5.17880449900002 ], [ 5.69582220100006, 5.18556660000007 ], [ 5.698658, 5.18713940000004 ], [ 5.70190880000007, 5.18615210000007 ], [ 5.70872104900008, 5.18179450200006 ], [ 5.71028049400007, 5.17958621800005 ], [ 5.71230283500006, 5.17853019000006 ], [ 5.71890353100002, 5.17785452800007 ], [ 5.72452568600005, 5.17629395400007 ], [ 5.73247230100003, 5.17077480000006 ], [ 5.73780940000006, 5.168898 ], [ 5.74322270000005, 5.16808549900003 ], [ 5.74856110200005, 5.16886869900003 ], [ 5.75679880000007, 5.17248659900002 ], [ 5.77088130100003, 5.17660310000002 ], [ 5.77602030300005, 5.18195409900005 ], [ 5.78482889600002, 5.18605654900006 ], [ 5.79122419100003, 5.18626488300004 ], [ 5.79491972000005, 5.18343888800007 ], [ 5.79891674400005, 5.18255066200004 ], [ 5.81471449300005, 5.18185277200007 ], [ 5.82378709800003, 5.18775313500004 ], [ 5.82821974700005, 5.18940249800005 ], [ 5.83318090100005, 5.17840450100005 ], [ 5.83601640000006, 5.17607100300006 ], [ 5.84120640000003, 5.17535050300006 ], [ 5.84873560200003, 5.17793790100006 ], [ 5.86147718800004, 5.18442694800007 ], [ 5.86421392600005, 5.18664793300007 ], [ 5.86980999300005, 5.18851995300002 ], [ 5.87426577600007, 5.19118248100006 ], [ 5.88787435000006, 5.19510836000006 ], [ 5.89295361200004, 5.19582470500006 ] ] ] } },
{ "type": "Feature", "properties": { "wardname": "Kiagbodo", "lganame": "Burutu" }, "geometry": { "type": "Polygon", "coordinates": [ [ [ 5.88997586000005, 5.39732075100005 ], [ 5.89481520700002, 5.39124418700004 ], [ 5.89958447100003, 5.38941444700004 ], [ 5.90264319500005, 5.38358254900004 ], [ 5.90418854900003, 5.37821838700006 ], [ 5.90392108400005, 5.37607866600007 ], [ 5.89978639600002, 5.37262849300004 ], [ 5.89705198600006, 5.36908296800004 ], [ 5.89806875000005, 5.36836304600007 ], [ 5.90146611200004, 5.36012316700004 ], [ 5.89861756200003, 5.35653140500006 ], [ 5.89520040600007, 5.35538505400007 ], [ 5.890371, 5.35512112000004 ], [ 5.88796835700003, 5.35396156900003 ], [ 5.88526532800006, 5.35424537100005 ], [ 5.88197371100006, 5.35103963000006 ], [ 5.87721506300005, 5.34841035800002 ], [ 5.87360806100003, 5.34815622700006 ], [ 5.86605400700006, 5.34578138000006 ], [ 5.85812131100005, 5.35211387400005 ], [ 5.84835670900003, 5.36491651300003 ], [ 5.85040580000003, 5.36612579900003 ], [ 5.85386050000005, 5.36471580000006 ], [ 5.85547510000004, 5.36501479900005 ], [ 5.85672860000005, 5.36759510000007 ], [ 5.85604560000007, 5.36926269900005 ], [ 5.85643590000006, 5.37159410000004 ], [ 5.85723270000005, 5.37266269900005 ], [ 5.85991590000003, 5.37309980000003 ], [ 5.86256660100003, 5.371756 ], [ 5.86403990000002, 5.36869769900005 ], [ 5.86686030000004, 5.36612530000002 ], [ 5.86826470100004, 5.35999320000008 ], [ 5.87129300100003, 5.35961260000005 ], [ 5.87663370100006, 5.36212619900004 ], [ 5.87971010100006, 5.36138260000007 ], [ 5.88195020000006, 5.36182349900002 ], [ 5.88515990100007, 5.36616690000005 ], [ 5.88564712800007, 5.36893323700002 ], [ 5.88749640000003, 5.37131080000006 ], [ 5.88760129000002, 5.37383532800004 ], [ 5.88396280100005, 5.37676620000002 ], [ 5.87911060000005, 5.37581020000005 ], [ 5.87843210000005, 5.37921350000005 ], [ 5.87955870100006, 5.381648 ], [ 5.88232410100005, 5.38201770000006 ], [ 5.88334830000002, 5.38292270000005 ], [ 5.88398620000004, 5.38642369900003 ], [ 5.88260350000007, 5.38924060000005 ], [ 5.88291209900007, 5.39146389900003 ], [ 5.88824950100008, 5.39655680000004 ], [ 5.88997586000005, 5.39732075100005 ] ] ] } },
{ "type": "Feature", "properties": { "wardname": "Ngbilebiri", "lganame": "Burutu" }, "geometry": { "type": "Polygon", "coordinates": [ [ [ 5.71209154000007, 5.35540518200003 ], [ 5.72055605800006, 5.34909941000006 ], [ 5.71912860000003, 5.34252750000007 ], [ 5.72018170000007, 5.33818389900006 ], [ 5.72335170000002, 5.33263409900007 ], [ 5.72837340000007, 5.32856460000005 ], [ 5.73706729900005, 5.32592939900007 ], [ 5.74118670000007, 5.32588499900004 ], [ 5.745232, 5.32738999900005 ], [ 5.748317, 5.33017340000004 ], [ 5.75211780000006, 5.33548740000003 ], [ 5.75420480100007, 5.34478909900002 ], [ 5.75822120100003, 5.347251 ], [ 5.76086410100004, 5.347679 ], [ 5.76400320100004, 5.346416 ], [ 5.76870610100002, 5.34179510000007 ], [ 5.77221950000006, 5.34051149900006 ], [ 5.77603172000005, 5.34051911200004 ], [ 5.77709086100003, 5.33537798600003 ], [ 5.77952126200006, 5.33042653600006 ], [ 5.78172231900004, 5.32812692500005 ], [ 5.77504555200005, 5.32444804300007 ], [ 5.77412740000005, 5.32113501500004 ], [ 5.77060398200007, 5.32113500700007 ], [ 5.76695790000002, 5.31999113800003 ], [ 5.75301699800002, 5.31355687600006 ], [ 5.73616799200005, 5.30807344500005 ], [ 5.73351070000007, 5.31132690000004 ], [ 5.73029410000004, 5.311695 ], [ 5.725206, 5.31590130000006 ], [ 5.72588362400006, 5.31855933500003 ], [ 5.72126093300005, 5.31907877300006 ], [ 5.71254835400003, 5.32310741100002 ], [ 5.71121015500006, 5.32341227600006 ], [ 5.70175201000006, 5.32083761800004 ], [ 5.68866044000004, 5.32410754500006 ], [ 5.69696065800002, 5.33231004300006 ], [ 5.71209154000007, 5.35540518200003 ] ] ] } },
{ "type": "Feature", "properties": { "wardname": "Obetebe", "lganame": "Burutu" }, "geometry": { "type": "MultiPolygon", "coordinates": [ [ [ [ 5.43658796700004, 5.36441675800006 ], [ 5.44311144100004, 5.36135560800005 ], [ 5.44423779700003, 5.35898568100004 ], [ 5.44529519100007, 5.35869559300005 ], [ 5.44518337500006, 5.35946361200007 ], [ 5.44593943000007, 5.35647545900002 ], [ 5.44850713700004, 5.35560448400003 ], [ 5.44983743300003, 5.35363942700008 ], [ 5.45382581300004, 5.33808631800002 ], [ 5.45726573700006, 5.33112531200004 ], [ 5.46178778400002, 5.32815038200005 ], [ 5.46916741500007, 5.32757497400007 ], [ 5.47086601200004, 5.32469049200006 ], [ 5.47132355500003, 5.31998670400003 ], [ 5.47067270100007, 5.31842950600003 ], [ 5.45949493800003, 5.31317496500003 ], [ 5.45285718700006, 5.30553674500004 ], [ 5.45058340400004, 5.30108242800003 ], [ 5.45168585600004, 5.29806951500007 ], [ 5.46043759300005, 5.29164373400005 ], [ 5.46483009500002, 5.28457063500002 ], [ 5.46538589800002, 5.27884805400004 ], [ 5.46219998500004, 5.27670459000007 ], [ 5.46142655200003, 5.27409559900002 ], [ 5.46324483900003, 5.27682107500004 ], [ 5.46540950100007, 5.27808499900004 ], [ 5.46637264800006, 5.27782833700007 ], [ 5.46548223900004, 5.28614853200003 ], [ 5.45996223700007, 5.29359432200005 ], [ 5.45264565800005, 5.29867396100002 ], [ 5.45157420000004, 5.30134766600003 ], [ 5.45597534400002, 5.30503393500004 ], [ 5.46158018500006, 5.30085497600004 ], [ 5.46699005700003, 5.29865836500005 ], [ 5.46748010100004, 5.29715910000004 ], [ 5.46755447300006, 5.29875408700002 ], [ 5.47064819400003, 5.29968630200005 ], [ 5.47202212700006, 5.30142758200003 ], [ 5.47384816000005, 5.31040619700002 ], [ 5.47681930500005, 5.31401512700006 ], [ 5.47840582800006, 5.31419458000005 ], [ 5.47965543800007, 5.31331326600002 ], [ 5.48085739400005, 5.30451854300003 ], [ 5.48222410600005, 5.30103765800004 ], [ 5.48550171600004, 5.29919003700007 ], [ 5.48575729500004, 5.29767640300003 ], [ 5.48895010000007, 5.30063188400004 ], [ 5.49054254300006, 5.30026771800004 ], [ 5.49562051000004, 5.29269101000006 ], [ 5.49943081000004, 5.29091832800003 ], [ 5.49914908200003, 5.28887475600004 ], [ 5.49228963700006, 5.28329456100005 ], [ 5.49813966700003, 5.28657309100004 ], [ 5.50037687700006, 5.28890232600003 ], [ 5.50029469400005, 5.29100418500008 ], [ 5.49505663500003, 5.29498813000004 ], [ 5.49533955200008, 5.29862454000005 ], [ 5.49307829800006, 5.29903803400003 ], [ 5.49017807400003, 5.30135232200007 ], [ 5.48464537100006, 5.30091402300008 ], [ 5.48283891900007, 5.30156255100007 ], [ 5.48166551000003, 5.30661038000005 ], [ 5.48227308000003, 5.31042577300002 ], [ 5.48090096100003, 5.31344920400005 ], [ 5.47908804800005, 5.31498821900004 ], [ 5.47649472700004, 5.31498693900005 ], [ 5.47432377600006, 5.31335872500006 ], [ 5.47205960400004, 5.30865473600005 ], [ 5.47059166600008, 5.30164620400006 ], [ 5.46879565000006, 5.29993928600004 ], [ 5.46640621200004, 5.30020980700004 ], [ 5.46065790300003, 5.30317105600005 ], [ 5.45722631200005, 5.30653068800007 ], [ 5.45759502900006, 5.30817004500005 ], [ 5.46109934000003, 5.31140366400007 ], [ 5.46981976500007, 5.31530669200004 ], [ 5.47155813000006, 5.31685519600006 ], [ 5.47302737900003, 5.32038000600005 ], [ 5.47250685500006, 5.32676877900008 ], [ 5.47673240000006, 5.32768068800004 ], [ 5.48291896100005, 5.32482106800006 ], [ 5.48769527800005, 5.32491901700007 ], [ 5.49069433400007, 5.32772768200005 ], [ 5.49280795400006, 5.33458732500003 ], [ 5.49441509400003, 5.33664835100006 ], [ 5.49591919100004, 5.33648338100005 ], [ 5.49628865900007, 5.33453850600006 ], [ 5.49353249300003, 5.32949906700003 ], [ 5.49297486600005, 5.32680079800002 ], [ 5.49602358200002, 5.32231585700004 ], [ 5.50078703300005, 5.32299545400002 ], [ 5.50208123300007, 5.31867105200007 ], [ 5.50540996000007, 5.31753902000003 ], [ 5.51648850700008, 5.32094232400004 ], [ 5.51945922100003, 5.32066312400002 ], [ 5.52251051900004, 5.31905342200002 ], [ 5.52297437500005, 5.31715486900003 ], [ 5.52206767500007, 5.31405213200003 ], [ 5.51861673200005, 5.31210741400002 ], [ 5.51724597400005, 5.31009460600006 ], [ 5.51783702000006, 5.30524152900006 ], [ 5.51832638300004, 5.30702666500002 ], [ 5.51942525000004, 5.30701642300005 ], [ 5.52554781200007, 5.30401415600005 ], [ 5.52165118300007, 5.30690755000006 ], [ 5.51849000400006, 5.30775673000005 ], [ 5.51768547000006, 5.31004762400005 ], [ 5.51922117300006, 5.31194639100005 ], [ 5.52155406100007, 5.31311765200007 ], [ 5.52573061400005, 5.31313647500002 ], [ 5.52697430200004, 5.31397873800006 ], [ 5.52746550800003, 5.31612645800004 ], [ 5.52640172700006, 5.31895505000006 ], [ 5.53034360800007, 5.32130396300005 ], [ 5.53248054100004, 5.31977938900008 ], [ 5.53213647100006, 5.31916216800005 ], [ 5.53697303400003, 5.31860729500005 ], [ 5.53644645900005, 5.31683097900003 ], [ 5.53100682900003, 5.31480729000003 ], [ 5.53035407500005, 5.31233359700008 ], [ 5.53182842500007, 5.31046693400003 ], [ 5.53573748100007, 5.30897593000003 ], [ 5.53612775700003, 5.30616500700006 ], [ 5.53975356900003, 5.30407903100007 ], [ 5.54183579100004, 5.30379960100004 ], [ 5.54366439900002, 5.30504798400005 ], [ 5.54532599800007, 5.30430601300003 ], [ 5.54380450800005, 5.30558701000007 ], [ 5.54104661900004, 5.30434067200002 ], [ 5.53627737800002, 5.30724255400003 ], [ 5.53691297400007, 5.30889621100005 ], [ 5.54389853800006, 5.30900884100004 ], [ 5.54655731800005, 5.31082356600007 ], [ 5.54666245800007, 5.31397863300003 ], [ 5.54220239400007, 5.31899029500005 ], [ 5.54338213300002, 5.32012397500006 ], [ 5.54735927400003, 5.32075528700005 ], [ 5.55028049800006, 5.31976094000004 ], [ 5.55422041200006, 5.31530436700007 ], [ 5.55984592600004, 5.31689294000006 ], [ 5.56086836700007, 5.31591180600003 ], [ 5.56086933000006, 5.31484045700006 ], [ 5.55659209200007, 5.31018419500003 ], [ 5.55576448200003, 5.30661975100003 ], [ 5.55679430200007, 5.30454103700004 ], [ 5.55973272200004, 5.30425486500008 ], [ 5.56333871900006, 5.30648276300008 ], [ 5.56549958300008, 5.30567941200007 ], [ 5.56762085800005, 5.30574756900006 ], [ 5.56330930100006, 5.30702124900006 ], [ 5.55843509300007, 5.30459686000006 ], [ 5.55640767200003, 5.30586910800002 ], [ 5.55640818800003, 5.30799709300004 ], [ 5.55767060600004, 5.31097044300003 ], [ 5.56134069000007, 5.31437247600007 ], [ 5.56264327300005, 5.31406952600003 ], [ 5.56206407200006, 5.31526467500004 ], [ 5.56399555700006, 5.31639478400007 ], [ 5.56491834000008, 5.31781179900003 ], [ 5.56434612400005, 5.31956646000003 ], [ 5.56126010800006, 5.31988116000002 ], [ 5.56070206800007, 5.32102798200003 ], [ 5.56093140300004, 5.31963125200002 ], [ 5.56365770300005, 5.31940533700003 ], [ 5.56455726700005, 5.31850635300003 ], [ 5.56273694300006, 5.31592501400007 ], [ 5.56003080800002, 5.31762363300004 ], [ 5.55461038000004, 5.31619819000002 ], [ 5.55300480800003, 5.31717106200006 ], [ 5.55021279900006, 5.32101252100006 ], [ 5.54686226400003, 5.32157715600005 ], [ 5.54249220700007, 5.32086514800005 ], [ 5.54182012300004, 5.32218539700006 ], [ 5.54186442300005, 5.31751696700007 ], [ 5.54586022200004, 5.31358213400006 ], [ 5.54633062500005, 5.31203196800004 ], [ 5.54362228100007, 5.30982102700005 ], [ 5.54076375100004, 5.30929344800006 ], [ 5.53635506000006, 5.30992255400002 ], [ 5.53124947100002, 5.31333899300006 ], [ 5.53207417500005, 5.31428285800007 ], [ 5.53611047200008, 5.31512610900006 ], [ 5.53748701600006, 5.31613783500006 ], [ 5.53835409700002, 5.32075099700006 ], [ 5.53773073300005, 5.31968919000008 ], [ 5.53412949900007, 5.32051066700006 ], [ 5.53012442500005, 5.32316837400003 ], [ 5.52834982800005, 5.32105295000002 ], [ 5.52551347800005, 5.31953514200006 ], [ 5.52645572800003, 5.31546574200007 ], [ 5.52518088500005, 5.31403233600003 ], [ 5.52429466800004, 5.31873975000002 ], [ 5.52138316800006, 5.32146577300006 ], [ 5.51414648800005, 5.32211076500005 ], [ 5.50494763000006, 5.31996553000005 ], [ 5.50444045300003, 5.32278897800006 ], [ 5.50107030700002, 5.32554059900002 ], [ 5.50214720200006, 5.32928462700005 ], [ 5.50584957000007, 5.33493592900004 ], [ 5.50584183600006, 5.34008367400003 ], [ 5.51387809300007, 5.34043932000003 ], [ 5.51775026800004, 5.33506876100006 ], [ 5.51967497100003, 5.33488908700002 ], [ 5.52304881900005, 5.33729388100005 ], [ 5.52629430500002, 5.33603057700003 ], [ 5.52997011300005, 5.33207084500003 ], [ 5.52872886600005, 5.32756490700007 ], [ 5.53054102400006, 5.32437721400004 ], [ 5.52908918000003, 5.32833358700003 ], [ 5.53096278500004, 5.33117552300007 ], [ 5.52985895200004, 5.33339120200003 ], [ 5.52739506800003, 5.33568383600004 ], [ 5.52728992600004, 5.33677983800004 ], [ 5.52948902700007, 5.33804282000006 ], [ 5.53286420000006, 5.34339814300006 ], [ 5.53614077900005, 5.34379593400007 ], [ 5.53815739100003, 5.34706567200004 ], [ 5.53901697900005, 5.34460112400006 ], [ 5.54213915800005, 5.34504508700007 ], [ 5.54753343800007, 5.35337049500004 ], [ 5.54852983400002, 5.35125355200006 ], [ 5.55118452400006, 5.35059156100004 ], [ 5.55613732400008, 5.35381170000005 ], [ 5.55720549600005, 5.35362088400007 ], [ 5.55817688800005, 5.35237257900008 ], [ 5.56002840600007, 5.34532491200002 ], [ 5.56805635300003, 5.34402767400007 ], [ 5.56832381900006, 5.34250916000002 ], [ 5.56701501300006, 5.34169933400005 ], [ 5.55844287800005, 5.34176878900007 ], [ 5.55704751900004, 5.34110949200004 ], [ 5.55657632100002, 5.33977768200003 ], [ 5.55805923200006, 5.33804483500006 ], [ 5.56286735300006, 5.33613905200002 ], [ 5.56512624000004, 5.33633076200005 ], [ 5.56836488200003, 5.33818113800004 ], [ 5.57057126300003, 5.33747009200005 ], [ 5.57013437600006, 5.33605696100005 ], [ 5.56598961900005, 5.33512036400003 ], [ 5.56379253600005, 5.33356932100003 ], [ 5.56465648200003, 5.33125670200008 ], [ 5.56342056200003, 5.32895899400006 ], [ 5.56323407900004, 5.32714401400005 ], [ 5.56529248200007, 5.33126074300003 ], [ 5.56842954600006, 5.33145175700002 ], [ 5.56744547300002, 5.32819144900003 ], [ 5.56878254700007, 5.32567823100004 ], [ 5.56979776100007, 5.31921432900003 ], [ 5.57231189900006, 5.31871876400004 ], [ 5.57387317800004, 5.32093675900006 ], [ 5.57722926800005, 5.31896347400004 ], [ 5.58099176800005, 5.31420334500007 ], [ 5.58136217800006, 5.31263951900007 ], [ 5.58020325400003, 5.31031328800003 ], [ 5.58051035000005, 5.30958937300005 ], [ 5.58132261500003, 5.30983147500007 ], [ 5.58206882000007, 5.31377412300003 ], [ 5.57792004900006, 5.31938852200005 ], [ 5.57427156100005, 5.32166534800007 ], [ 5.57313552800002, 5.32145589900006 ], [ 5.57166190400005, 5.31916558400007 ], [ 5.57051018300007, 5.31971231700004 ], [ 5.56816353700003, 5.32884763500005 ], [ 5.57004634000003, 5.33134560900004 ], [ 5.57110830900007, 5.33156208300005 ], [ 5.56860211000003, 5.33270380500005 ], [ 5.56526690900006, 5.33235636500007 ], [ 5.56439128300002, 5.33309361900007 ], [ 5.57061588500005, 5.33516505000006 ], [ 5.57147617700002, 5.33676749300002 ], [ 5.57118413500007, 5.33779068200005 ], [ 5.56937131900003, 5.33908897300006 ], [ 5.56326875500002, 5.33694125100004 ], [ 5.55910484900005, 5.33856370600006 ], [ 5.55749557100006, 5.33998892600005 ], [ 5.55916024100003, 5.34079520000006 ], [ 5.56764361200004, 5.34081909500003 ], [ 5.56923001600006, 5.34287625400003 ], [ 5.56849597500008, 5.34495721600007 ], [ 5.56767858700005, 5.34591868800004 ], [ 5.56508912200007, 5.34529392600007 ], [ 5.56052495900008, 5.34648150100003 ], [ 5.55969953400006, 5.35186585900004 ], [ 5.55767000900005, 5.35443473900006 ], [ 5.55556486400008, 5.35452262900003 ], [ 5.55097634200007, 5.35167703100007 ], [ 5.54869239600004, 5.35238455200005 ], [ 5.54939437600007, 5.35489570100003 ], [ 5.55338385800007, 5.35709878700004 ], [ 5.55491320000004, 5.35912246700002 ], [ 5.55940670600006, 5.35592131300007 ], [ 5.56594865200003, 5.35365070500006 ], [ 5.56775528200006, 5.35403517300006 ], [ 5.57223365500005, 5.35740747900007 ], [ 5.58027633100005, 5.35677419000007 ], [ 5.58450624300002, 5.35416639100004 ], [ 5.58806028700008, 5.35071282700005 ], [ 5.59313013500002, 5.34868669200006 ], [ 5.59735073400003, 5.34438534700007 ], [ 5.60120329000006, 5.33980509400004 ], [ 5.60390988600005, 5.33366080000008 ], [ 5.60186066700004, 5.32794103500004 ], [ 5.60093711300004, 5.31979388000002 ], [ 5.59417722800004, 5.31366288500004 ], [ 5.60390197500004, 5.31656141400003 ], [ 5.60104095100007, 5.31734969200005 ], [ 5.60256148500002, 5.32142911700004 ], [ 5.60302735900007, 5.32846239100007 ], [ 5.60492627300005, 5.33253570600004 ], [ 5.61406180300003, 5.33308661800004 ], [ 5.62264806100006, 5.33868224300005 ], [ 5.62231567500004, 5.33925747900003 ], [ 5.62015860200006, 5.33757664400002 ], [ 5.61849095800005, 5.33729061500003 ], [ 5.62495940500003, 5.34915407500006 ], [ 5.63968062400005, 5.36315402700006 ], [ 5.64182349100003, 5.36296874200002 ], [ 5.64432826900003, 5.36108503300005 ], [ 5.64560917600005, 5.35284237200005 ], [ 5.64725986200006, 5.35008020100003 ], [ 5.64995617800002, 5.34774631200003 ], [ 5.65519859200003, 5.34509538300006 ], [ 5.65735562600003, 5.33870426200002 ], [ 5.65781453300002, 5.33263043600004 ], [ 5.65790577900003, 5.33819583700006 ], [ 5.66049247600006, 5.33720335200007 ], [ 5.66040446000005, 5.33817561200004 ], [ 5.65791476500004, 5.33956355000004 ], [ 5.65610878800004, 5.34563303500005 ], [ 5.65984135000002, 5.34439596400006 ], [ 5.65977783800002, 5.34509753600003 ], [ 5.66742660000006, 5.33938090000004 ], [ 5.66914999900007, 5.33909380000006 ], [ 5.67226720000002, 5.34137129900006 ], [ 5.67647119900005, 5.34876240000006 ], [ 5.67859020100002, 5.35062910000005 ], [ 5.68374790100006, 5.35284920000004 ], [ 5.69288160100007, 5.35386740000007 ], [ 5.69594910000006, 5.35508810000005 ], [ 5.70117172200003, 5.35967919100005 ], [ 5.70536699900003, 5.35889907800004 ], [ 5.71209154000007, 5.35540518200003 ], [ 5.69696065800002, 5.33231004300006 ], [ 5.68606216900002, 5.32153977200005 ], [ 5.67208646000006, 5.31615463600002 ], [ 5.66375232100006, 5.30961554300006 ], [ 5.66234192800005, 5.30256357900004 ], [ 5.66247014600003, 5.29474231100005 ], [ 5.66105975300007, 5.29051113300005 ], [ 5.65404369100003, 5.27706368000003 ], [ 5.64636992600003, 5.27139479700003 ], [ 5.64649640000005, 5.267053 ], [ 5.63945730000006, 5.25851820000003 ], [ 5.637696, 5.25749430000008 ], [ 5.63401070000003, 5.25761590000008 ], [ 5.63257046200005, 5.25678966600003 ], [ 5.63376662300004, 5.25478680200007 ], [ 5.63820890000005, 5.25267689900005 ], [ 5.64443114500006, 5.25383552900007 ], [ 5.64443300200003, 5.25199475100004 ], [ 5.64171684700005, 5.24557438500005 ], [ 5.63556135400006, 5.23909190100005 ], [ 5.62984052000007, 5.23570932300004 ], [ 5.62407284800003, 5.23006535300004 ], [ 5.62216140000004, 5.23089409900007 ], [ 5.62020000100006, 5.22689460100003 ], [ 5.61449330000005, 5.22816880000005 ], [ 5.61732330000007, 5.23079179900003 ], [ 5.61667880100003, 5.231694 ], [ 5.61106550000005, 5.22836419900005 ], [ 5.61124290000004, 5.23181490000007 ], [ 5.60934630900005, 5.23068272400008 ], [ 5.60699320000003, 5.23226130000006 ], [ 5.60621799900002, 5.23405639900005 ], [ 5.604845, 5.23245670000006 ], [ 5.60213640100005, 5.23430759900003 ], [ 5.60123050000004, 5.23338680000006 ], [ 5.59907290000007, 5.23309840000007 ], [ 5.59763460000005, 5.23527489900005 ], [ 5.59441230000004, 5.23489349900007 ], [ 5.59197450100004, 5.236205 ], [ 5.59055490000003, 5.23350770000008 ], [ 5.58646720100006, 5.23455849900006 ], [ 5.58474870000003, 5.23353540000005 ], [ 5.58250710100003, 5.23543280000007 ], [ 5.58234830000004, 5.236735 ], [ 5.58157310000007, 5.23536769900005 ], [ 5.58074180000006, 5.23640939900002 ], [ 5.57906060000005, 5.23507940000007 ], [ 5.576035, 5.23585640000005 ], [ 5.57161540100003, 5.24314850000007 ], [ 5.57149140100006, 5.24543179900007 ], [ 5.57296160000004, 5.24821640000005 ], [ 5.57088540000007, 5.24735509900006 ], [ 5.56857460000003, 5.24783510000003 ], [ 5.56779400100004, 5.25134590000005 ], [ 5.565908, 5.25072310000007 ], [ 5.56473520000003, 5.25274309900004 ], [ 5.56511060000003, 5.25500130000006 ], [ 5.56270660100006, 5.25634990000003 ], [ 5.56056080100007, 5.25542040000005 ], [ 5.56080760000003, 5.25652080000003 ], [ 5.56241690000007, 5.25770670000003 ], [ 5.56104360000006, 5.26110409900002 ], [ 5.55746020000004, 5.261243 ], [ 5.557074, 5.26396730000005 ], [ 5.55843650100007, 5.26688390000004 ], [ 5.55517490100004, 5.26865740000005 ], [ 5.55718120000006, 5.27210819900006 ], [ 5.55434880000007, 5.27714 ], [ 5.55213870000006, 5.27504609900006 ], [ 5.55165590000007, 5.27258890000007 ], [ 5.547938, 5.27115 ], [ 5.54607230000005, 5.26811739900006 ], [ 5.54651120100004, 5.26367680000004 ], [ 5.54446340100003, 5.26006030000002 ], [ 5.54614310000005, 5.25576829900007 ], [ 5.545138, 5.25334359900006 ], [ 5.54268880000006, 5.25218760000007 ], [ 5.54084850100003, 5.25287840000004 ], [ 5.54079180000002, 5.25411890000004 ], [ 5.54317020000002, 5.25743180000006 ], [ 5.54308520000006, 5.25858779900005 ], [ 5.54100420000003, 5.26088560000005 ], [ 5.53748880000006, 5.26125510000003 ], [ 5.53627580200003, 5.25555690000004 ], [ 5.53249600100003, 5.25214529900006 ], [ 5.52846130000006, 5.25105980000006 ], [ 5.52187730100007, 5.24463450000007 ], [ 5.52181050100006, 5.24372690000007 ], [ 5.52438540000003, 5.242338 ], [ 5.52494330000007, 5.24079949900005 ], [ 5.52065180000005, 5.23919690000002 ], [ 5.51706839300005, 5.23417125600002 ], [ 5.51501354500004, 5.23316067900004 ], [ 5.51200532400003, 5.23364415700007 ], [ 5.51071854400004, 5.23515532700003 ], [ 5.50836349200006, 5.24136510400007 ], [ 5.50678057700003, 5.24255923800007 ], [ 5.50434575800006, 5.24283867100007 ], [ 5.50305187300006, 5.24198215400003 ], [ 5.49916566300004, 5.23038582500004 ], [ 5.49562847400006, 5.22535929300005 ], [ 5.49055540000006, 5.22275294300005 ], [ 5.48348102100005, 5.22158939400003 ], [ 5.47333259200008, 5.22197565500005 ], [ 5.47076878600006, 5.22084682200006 ], [ 5.46720892300004, 5.22781452800007 ], [ 5.46670392600004, 5.22680998900006 ], [ 5.46437351700007, 5.22796393500005 ], [ 5.46165190300007, 5.22770951100006 ], [ 5.45839992600003, 5.23023254200007 ], [ 5.45732427300004, 5.23541364000005 ], [ 5.46137828100007, 5.23922681900007 ], [ 5.46050816900004, 5.24092988500007 ], [ 5.45532090900002, 5.23768395200005 ], [ 5.45591989100006, 5.23943155100005 ], [ 5.45448052900002, 5.23836270900006 ], [ 5.45429321100005, 5.23771802300007 ], [ 5.45568966100006, 5.23699825100005 ], [ 5.45481344400002, 5.23480022100006 ], [ 5.45179654900005, 5.24355844100006 ], [ 5.45034969100004, 5.24536537000006 ], [ 5.44536879600003, 5.24784073300003 ], [ 5.44375865800004, 5.24963437500003 ], [ 5.44642146000007, 5.25508272600007 ], [ 5.44658811900007, 5.25730208500005 ], [ 5.44409979100004, 5.25868229900004 ], [ 5.43984077900006, 5.25869861900003 ], [ 5.43800146600006, 5.25951814400003 ], [ 5.43562773200006, 5.26412825400007 ], [ 5.43226665200007, 5.26813026600007 ], [ 5.43135797500003, 5.27102845300004 ], [ 5.43154238800003, 5.27502598300003 ], [ 5.43608790000008, 5.28072990000004 ], [ 5.43371980000006, 5.28624869900005 ], [ 5.42893494700007, 5.29185517400003 ], [ 5.42884906100005, 5.29317379100007 ], [ 5.43008564200005, 5.29273954800004 ], [ 5.43088026700002, 5.29312095100005 ], [ 5.42912648800007, 5.29408516900003 ], [ 5.42826293400003, 5.29637789200007 ], [ 5.42551888100007, 5.29923595000002 ], [ 5.42570032500004, 5.30080065400006 ], [ 5.42852964300005, 5.30328978300003 ], [ 5.42927978700004, 5.30525537200003 ], [ 5.42714640200006, 5.30792277400008 ], [ 5.42399258300003, 5.31522666400002 ], [ 5.42460989100005, 5.32866013900002 ], [ 5.42548828500003, 5.33064710800005 ], [ 5.42665334200007, 5.32954190600003 ], [ 5.42677917800006, 5.33135156500003 ], [ 5.42889329900004, 5.33384226200008 ], [ 5.42955181000002, 5.33858674800007 ], [ 5.42344657500007, 5.34315476200004 ], [ 5.43025072400008, 5.35128875100003 ], [ 5.43090380400002, 5.35844977200003 ], [ 5.43209852400003, 5.36243910900004 ], [ 5.43658796700004, 5.36441675800006 ] ] ], [ [ [ 5.40672086800004, 5.23022964500007 ], [ 5.40218829000003, 5.22532528300007 ], [ 5.40170781200004, 5.22237254600003 ], [ 5.40262156400007, 5.21968674200002 ], [ 5.40321573300002, 5.21996698400005 ], [ 5.40374769000005, 5.21909325500008 ], [ 5.41128791300002, 5.21825869400004 ], [ 5.41219815200003, 5.21754586900005 ], [ 5.41007739200006, 5.21280372700005 ], [ 5.40907434000007, 5.20733816400002 ], [ 5.40935222300004, 5.20453043900005 ], [ 5.41073292500005, 5.20230684100005 ], [ 5.41752296000004, 5.19824487300002 ], [ 5.42181195600006, 5.19804257000004 ], [ 5.42805067200004, 5.19536376900004 ], [ 5.43087096200003, 5.19648515500006 ], [ 5.43281016300006, 5.20012504600004 ], [ 5.43426635700007, 5.20083574800003 ], [ 5.43995040600004, 5.19672986800003 ], [ 5.44651446400007, 5.19525170200006 ], [ 5.44464303800004, 5.18610863000004 ], [ 5.44628021500006, 5.17935477600003 ], [ 5.44800083600006, 5.17609200500004 ], [ 5.45171125900004, 5.17185483100008 ], [ 5.46070080500004, 5.16446032800008 ], [ 5.46295472900005, 5.16058305700005 ], [ 5.46304525500005, 5.15800475000003 ], [ 5.46080109700006, 5.15539984500003 ], [ 5.45107477800002, 5.15207360100004 ], [ 5.42158845900002, 5.15412029300006 ], [ 5.41659938100003, 5.15267294000006 ], [ 5.39809354600004, 5.14467626600003 ], [ 5.39179457900002, 5.14111297400007 ], [ 5.38519473000002, 5.13904060300007 ], [ 5.38125232600004, 5.13940693000006 ], [ 5.37646777900005, 5.14201951500007 ], [ 5.37289211000007, 5.14559390100004 ], [ 5.36336050500006, 5.16088215000002 ], [ 5.35850947800003, 5.17336618300004 ], [ 5.35769603100005, 5.17616644700007 ], [ 5.35769032600007, 5.17662057800004 ], [ 5.35809487500006, 5.17599814400006 ], [ 5.35866369100006, 5.17730622800002 ], [ 5.35786950600004, 5.17696064000006 ], [ 5.35734174000004, 5.17795035300003 ], [ 5.35410041100005, 5.18937147600008 ], [ 5.35283612700005, 5.20448205900004 ], [ 5.36139778500007, 5.20870407500007 ], [ 5.37741872400005, 5.22527523100007 ], [ 5.38902263400007, 5.22888752600005 ], [ 5.39796913900005, 5.23032725600007 ], [ 5.40447455800006, 5.23558159700002 ], [ 5.40672086800004, 5.23022964500007 ] ] ], [ [ [ 5.42983060000006, 5.26490549900006 ], [ 5.43395607100007, 5.26486839900002 ], [ 5.43623828800003, 5.26062906700002 ], [ 5.43823982100002, 5.25871396500003 ], [ 5.44597448800005, 5.25689333200006 ], [ 5.44349466200003, 5.25224368400006 ], [ 5.44322580100004, 5.24915373600004 ], [ 5.44441882700005, 5.24749665300004 ], [ 5.44886106200005, 5.24555756800004 ], [ 5.45118427600005, 5.24314563100006 ], [ 5.45415665500008, 5.23360028600007 ], [ 5.45435528800004, 5.22842090700004 ], [ 5.45558005000004, 5.22788171100007 ], [ 5.45756979200007, 5.22459371600007 ], [ 5.45208423100007, 5.21117394100003 ], [ 5.44861258200007, 5.21172484600004 ], [ 5.44582923300004, 5.21459140800005 ], [ 5.44447452400004, 5.21784745400004 ], [ 5.44393791100003, 5.22129957400006 ], [ 5.44536245400008, 5.22609122300003 ], [ 5.44426340100006, 5.23050227500005 ], [ 5.44350925700007, 5.23063715100005 ], [ 5.44473238700004, 5.22599114200005 ], [ 5.44347633400002, 5.22120825800005 ], [ 5.44439288800004, 5.21618484000004 ], [ 5.44755996300006, 5.21174595500003 ], [ 5.45191245100006, 5.21015519700006 ], [ 5.44920568600003, 5.20174236500003 ], [ 5.44748390600006, 5.19959290200006 ], [ 5.44157843700003, 5.19877431200007 ], [ 5.43594707200003, 5.20172045800007 ], [ 5.43360560100007, 5.20199868900005 ], [ 5.43165978600007, 5.20116547600003 ], [ 5.42763892200003, 5.19724712000004 ], [ 5.41510547100006, 5.20085535500004 ], [ 5.41123404700005, 5.20327360700003 ], [ 5.41024714800005, 5.20482289200004 ], [ 5.41015481500006, 5.20743981500004 ], [ 5.41327970600003, 5.21620795800004 ], [ 5.41327237400003, 5.21846868100005 ], [ 5.41094753200002, 5.22023256200004 ], [ 5.40405429900005, 5.22079755100003 ], [ 5.40279118700005, 5.22272975300007 ], [ 5.40771313800008, 5.23013681400005 ], [ 5.40743132300003, 5.23445733100004 ], [ 5.40571589200005, 5.23658420600003 ], [ 5.41596534400003, 5.24339181300007 ], [ 5.42942737900006, 5.25050875600004 ], [ 5.42835990000003, 5.25289499900003 ], [ 5.42955070000005, 5.25492190000006 ], [ 5.42817840000004, 5.25460859900005 ], [ 5.43035550000008, 5.25850539900006 ], [ 5.42775420000004, 5.25996730000003 ], [ 5.42776190000006, 5.26236970000002 ], [ 5.42983060000006, 5.26490549900006 ] ] ], [ [ [ 5.54355998500006, 5.36738980400003 ], [ 5.55019024700005, 5.36539491900004 ], [ 5.55260439700004, 5.36298154600007 ], [ 5.55396861400004, 5.35957338100008 ], [ 5.54592986900008, 5.35280744900007 ], [ 5.54245383700004, 5.34638543000005 ], [ 5.53942737000006, 5.34512249200003 ], [ 5.53884798200005, 5.34767003600007 ], [ 5.53786735400007, 5.34778648300005 ], [ 5.53572872100005, 5.34440798300005 ], [ 5.53227269300004, 5.34372035800004 ], [ 5.52800259300005, 5.33758112700002 ], [ 5.52406625300006, 5.33890251200006 ], [ 5.51915575100003, 5.33577372100007 ], [ 5.51698066700004, 5.33684456800006 ], [ 5.51602815900003, 5.33994190400006 ], [ 5.51446548300004, 5.34122673100006 ], [ 5.51195006300003, 5.34205753700007 ], [ 5.51186103800006, 5.34124878600005 ], [ 5.50606596400007, 5.34162270900003 ], [ 5.50457956900004, 5.34009849400007 ], [ 5.50436343600006, 5.33433468100003 ], [ 5.49826069400007, 5.32607992500004 ], [ 5.49634523500004, 5.32571175100003 ], [ 5.49495436000007, 5.32656240400007 ], [ 5.49862729000006, 5.33330390900005 ], [ 5.49816392300005, 5.33668387900002 ], [ 5.49622258400007, 5.33853449600002 ], [ 5.49385641700007, 5.33853446100005 ], [ 5.49176152400003, 5.33708686500006 ], [ 5.48774371100006, 5.32831739200003 ], [ 5.48560736800005, 5.32651860500005 ], [ 5.48095937500005, 5.32937077800005 ], [ 5.47509136200006, 5.33126362000007 ], [ 5.46675624000005, 5.33173931100004 ], [ 5.45893109900004, 5.33623662600007 ], [ 5.45741136800007, 5.33802906000005 ], [ 5.46231514700003, 5.34310465900006 ], [ 5.46325578700004, 5.34645321800002 ], [ 5.46558834500007, 5.34814990100006 ], [ 5.48637212000006, 5.35247282400007 ], [ 5.50062323400005, 5.35303689700004 ], [ 5.50969898400007, 5.35563986400007 ], [ 5.51878262800005, 5.35938350400005 ], [ 5.52298349500006, 5.35990899500007 ], [ 5.51974441100003, 5.35519518300003 ], [ 5.51393880100005, 5.35198690000004 ], [ 5.51406625500005, 5.34826637800006 ], [ 5.51211364900007, 5.34851262700005 ], [ 5.51058165100005, 5.34740568700005 ], [ 5.51284623900005, 5.34816244900003 ], [ 5.51443362200007, 5.34700351100003 ], [ 5.51428019700006, 5.35166254300003 ], [ 5.51998441600006, 5.35467790600006 ], [ 5.52468820100006, 5.36045652300004 ], [ 5.53117231100003, 5.36192913600007 ], [ 5.53844251100003, 5.36656610200004 ], [ 5.54355998500006, 5.36738980400003 ] ] ], [ [ [ 5.56259451800003, 5.36555540600006 ], [ 5.57319027400007, 5.36161980200006 ], [ 5.57668289700007, 5.35885774300004 ], [ 5.57120078000003, 5.35784477800007 ], [ 5.56663962000005, 5.35447773600004 ], [ 5.56197978700004, 5.35563493100005 ], [ 5.55532259100005, 5.36056810200006 ], [ 5.55303059700003, 5.36527720700008 ], [ 5.54688833500006, 5.37088704900003 ], [ 5.55022139100004, 5.37205994300007 ], [ 5.55413501900006, 5.37132631100008 ], [ 5.55926357300007, 5.36898861500003 ], [ 5.56259451800003, 5.36555540600006 ] ] ], [ [ [ 5.55320270300007, 5.38849332300003 ], [ 5.57749909400007, 5.37222213400003 ], [ 5.58134986600004, 5.36837109300006 ], [ 5.58521097300007, 5.36271259800003 ], [ 5.59015715400005, 5.35294085000004 ], [ 5.58505687100006, 5.35500987800003 ], [ 5.57780031600004, 5.36081011400006 ], [ 5.56762605700004, 5.36426471700003 ], [ 5.55407669500005, 5.37231040600005 ], [ 5.54879494800002, 5.37277229400007 ], [ 5.54391035500004, 5.37099816800003 ], [ 5.54337087700003, 5.37146990600007 ], [ 5.54462444600006, 5.37567738100006 ], [ 5.54346774600003, 5.37720972200003 ], [ 5.54328403800002, 5.38108682800004 ], [ 5.54732622900002, 5.38578835900006 ], [ 5.55320270300007, 5.38849332300003 ] ] ] ] } },
{ "type": "Feature", "properties": { "wardname": "Ogulagha", "lganame": "Burutu" }, "geometry": { "type": "MultiPolygon", "coordinates": [ [ [ [ 5.31183991200004, 5.52153902100002 ], [ 5.31371386800004, 5.51869821300005 ], [ 5.31798950000007, 5.51776430000007 ], [ 5.31567990000002, 5.51438270000006 ], [ 5.31547910000006, 5.51255030000004 ], [ 5.31657300100005, 5.511135 ], [ 5.31798780100007, 5.51097310000006 ], [ 5.31846277300002, 5.51246107400004 ], [ 5.32173279800003, 5.51093009700003 ], [ 5.31861955600004, 5.50877499300003 ], [ 5.31912894800007, 5.50763599100003 ], [ 5.32191723100004, 5.50725353500007 ], [ 5.32093481100003, 5.50413836600006 ], [ 5.32227435900006, 5.50763415600005 ], [ 5.31906902700007, 5.50840027500004 ], [ 5.32245533200006, 5.51056020300007 ], [ 5.32103981700004, 5.51260077300003 ], [ 5.32407104100002, 5.51505506600006 ], [ 5.32292107700005, 5.51907036000006 ], [ 5.32402644300004, 5.52027371700007 ], [ 5.32384557900002, 5.51953362100005 ], [ 5.32478652500004, 5.52001867200005 ], [ 5.32735573200006, 5.51519268100003 ], [ 5.33171057300007, 5.51264178100007 ], [ 5.33147524300006, 5.50966452200004 ], [ 5.33330206000005, 5.50782438400006 ], [ 5.33472962200005, 5.50791308700008 ], [ 5.33582632500003, 5.50901158300007 ], [ 5.33631142200005, 5.51290065600006 ], [ 5.33944681200006, 5.51200087000007 ], [ 5.33955687500003, 5.50311856800005 ], [ 5.34149968100007, 5.50159126000005 ], [ 5.34258415800002, 5.49940382400007 ], [ 5.34053980000004, 5.49429890600004 ], [ 5.34100907400006, 5.49194403700005 ], [ 5.34497838900006, 5.48752442700004 ], [ 5.35120473200004, 5.48622180900003 ], [ 5.35242978100007, 5.48456686400004 ], [ 5.35372764600004, 5.48416325500006 ], [ 5.35588420900007, 5.47883868000002 ], [ 5.35485672600004, 5.47782825200005 ], [ 5.35944009100007, 5.47773434300007 ], [ 5.36072382400005, 5.47948025800002 ], [ 5.36093994600003, 5.48227922700005 ], [ 5.36228243800002, 5.48343741200006 ], [ 5.36683992600007, 5.48382182200004 ], [ 5.37085440200002, 5.48524936200005 ], [ 5.37285167200002, 5.48425424700002 ], [ 5.37260260600004, 5.47713403000006 ], [ 5.37334935400003, 5.47469578600004 ], [ 5.37474795700007, 5.47353725500005 ], [ 5.37455127800007, 5.46934542300005 ], [ 5.37267656000006, 5.46933311500004 ], [ 5.36913659400005, 5.46778571700003 ], [ 5.36700679500007, 5.46342913700005 ], [ 5.36371973400003, 5.46675892100006 ], [ 5.36376842600004, 5.47262755300005 ], [ 5.36084440400003, 5.47151424400005 ], [ 5.36070276800007, 5.47244925100006 ], [ 5.35838115600006, 5.47428930700005 ], [ 5.35683796000006, 5.47398212600007 ], [ 5.35634554500007, 5.47290612600005 ], [ 5.35759458600006, 5.46927987900006 ], [ 5.35716675500004, 5.46564729600004 ], [ 5.35829765600005, 5.46460436800004 ], [ 5.36028088700004, 5.46447420000004 ], [ 5.36076013300004, 5.45962387700007 ], [ 5.36297971000005, 5.45781994000004 ], [ 5.36201812400003, 5.45611909900003 ], [ 5.36504260900006, 5.45432977600007 ], [ 5.36373547100004, 5.45340138800003 ], [ 5.36281754000004, 5.45049256800007 ], [ 5.36499704400006, 5.44611069400003 ], [ 5.36674366300002, 5.44688660400004 ], [ 5.36734229000007, 5.44323837100006 ], [ 5.37053649600006, 5.44329533200005 ], [ 5.36757456800007, 5.44366129300005 ], [ 5.36699965700006, 5.44774176600004 ], [ 5.36609110000006, 5.44793919600005 ], [ 5.36525074000002, 5.44681306100006 ], [ 5.36344999200003, 5.45049781500006 ], [ 5.36345366500007, 5.45183071300005 ], [ 5.36428968200005, 5.45141971500004 ], [ 5.36576101200006, 5.45370493700005 ], [ 5.36484521000006, 5.45546839900004 ], [ 5.36263725200007, 5.45633643000002 ], [ 5.36351660200006, 5.45783976200005 ], [ 5.36129288900003, 5.46028731000007 ], [ 5.36097768100007, 5.46445108800003 ], [ 5.35769818800003, 5.46585888800007 ], [ 5.35831391600004, 5.46818058500003 ], [ 5.35679356100007, 5.47218027400004 ], [ 5.35743131400005, 5.47364278700007 ], [ 5.35885696100007, 5.47345832500002 ], [ 5.36018499200003, 5.47107290500003 ], [ 5.36333002700007, 5.47166825400006 ], [ 5.36327604900004, 5.46636669500003 ], [ 5.36655018400006, 5.46234135000003 ], [ 5.36763398100004, 5.46285782700005 ], [ 5.36956849600006, 5.46745098200006 ], [ 5.37516434200006, 5.46840510300007 ], [ 5.37520720900005, 5.47283363000003 ], [ 5.37829716200002, 5.47350840500008 ], [ 5.38354794000003, 5.47662928400007 ], [ 5.38432081200006, 5.47297485000007 ], [ 5.38409884100003, 5.47655665200006 ], [ 5.38466506000003, 5.47697488000006 ], [ 5.38759784300004, 5.47588777100003 ], [ 5.39198201600004, 5.47269376100007 ], [ 5.39676176300003, 5.47184564900004 ], [ 5.39880492500004, 5.46997827500007 ], [ 5.40079200300005, 5.46601018700005 ], [ 5.40037516200005, 5.46510897700006 ], [ 5.40474964400005, 5.45819368200006 ], [ 5.40423832500005, 5.45746943100005 ], [ 5.40555099100004, 5.45721550700006 ], [ 5.40730501200005, 5.45364740100007 ], [ 5.41158093800004, 5.43498411500002 ], [ 5.41294548900004, 5.42210243600005 ], [ 5.41660722600005, 5.41511044000003 ], [ 5.41260247000002, 5.41527976700007 ], [ 5.41002863700004, 5.41688377800006 ], [ 5.40659274200004, 5.41384291100007 ], [ 5.40253043900003, 5.41578915200006 ], [ 5.39947127000005, 5.41618067300004 ], [ 5.39834592500006, 5.42107768300002 ], [ 5.39461843600003, 5.42192856100007 ], [ 5.39166426800006, 5.42370969100006 ], [ 5.39209283500003, 5.42491033300007 ], [ 5.39111133900008, 5.42572107700005 ], [ 5.39116421400007, 5.42851751600006 ], [ 5.38882834000003, 5.43194388100005 ], [ 5.38463905500004, 5.43543937600003 ], [ 5.38848787900002, 5.43719187300007 ], [ 5.38857090200003, 5.43900252900005 ], [ 5.38608359800003, 5.44318352400006 ], [ 5.38724681600007, 5.44462711300002 ], [ 5.38927923000006, 5.44522840400003 ], [ 5.39020499400004, 5.44664504400004 ], [ 5.38795114700002, 5.44867954000006 ], [ 5.38965032600004, 5.44688577900007 ], [ 5.38947364400002, 5.44609687900004 ], [ 5.38719418500006, 5.44514896100003 ], [ 5.38535559100006, 5.44305310600004 ], [ 5.38795315200002, 5.43913469200004 ], [ 5.38732362600007, 5.43668008100002 ], [ 5.38468658500005, 5.43635204500004 ], [ 5.38411585500006, 5.43519447400007 ], [ 5.38628075500003, 5.43238115100007 ], [ 5.38840264200007, 5.43143225900008 ], [ 5.39036888100003, 5.42855899900007 ], [ 5.39091526100003, 5.42744932100004 ], [ 5.39048194000003, 5.42500414300002 ], [ 5.39131476100005, 5.42329885600003 ], [ 5.39333357400005, 5.42166632900006 ], [ 5.39827588400004, 5.42038578400008 ], [ 5.39887292500003, 5.41575009200005 ], [ 5.40303769700006, 5.41498542500005 ], [ 5.40667024400005, 5.41329608600006 ], [ 5.40796473800003, 5.41369695300006 ], [ 5.40997108100004, 5.41632317300002 ], [ 5.41219790500003, 5.41474901100003 ], [ 5.41631816400007, 5.41436068000007 ], [ 5.41858669200008, 5.41301678500002 ], [ 5.43159890500004, 5.39954411600007 ], [ 5.43323024800003, 5.39438098300008 ], [ 5.43315003700008, 5.38870093600002 ], [ 5.42331917100006, 5.39190853200006 ], [ 5.41530578400005, 5.39048381100002 ], [ 5.41415523500007, 5.39119066900003 ], [ 5.40909974000004, 5.39138123100003 ], [ 5.40391694300007, 5.39307528000006 ], [ 5.40011630300006, 5.39317988300007 ], [ 5.39502339800003, 5.39487044700007 ], [ 5.38962440200004, 5.39443347500003 ], [ 5.38456170100005, 5.39881176800003 ], [ 5.37566906400002, 5.39902338700006 ], [ 5.37396383100003, 5.40045273800007 ], [ 5.37228895800007, 5.40381873300004 ], [ 5.36732196500003, 5.40761326200004 ], [ 5.36390863300005, 5.40871166200003 ], [ 5.35939122500002, 5.40729770100006 ], [ 5.35613175500004, 5.41502803600002 ], [ 5.34991448500006, 5.42008950800005 ], [ 5.34082242800002, 5.42211166700002 ], [ 5.33383452400005, 5.42817422700006 ], [ 5.32698155000003, 5.43106046500003 ], [ 5.31785437400004, 5.43368246900008 ], [ 5.31505728100007, 5.43274501400003 ], [ 5.32156120400003, 5.43196377700002 ], [ 5.33260959200004, 5.42783382300007 ], [ 5.33925213400005, 5.42227832600003 ], [ 5.33837353500007, 5.42102923000004 ], [ 5.33994377400006, 5.42182290300002 ], [ 5.35004557300005, 5.41884515900006 ], [ 5.35587337800007, 5.41391610300008 ], [ 5.35770627500006, 5.40797597900007 ], [ 5.35897316600006, 5.40642103300007 ], [ 5.36093897900003, 5.40612417700004 ], [ 5.36374275600002, 5.40798245700006 ], [ 5.36666517000003, 5.40707485600007 ], [ 5.37052612100007, 5.40430297800003 ], [ 5.37173616700005, 5.40130172500005 ], [ 5.37525575200004, 5.39805042700004 ], [ 5.38388865900004, 5.39792125500003 ], [ 5.38938069400007, 5.39345893700005 ], [ 5.39492087000002, 5.39379365100007 ], [ 5.40266615200005, 5.39154372300004 ], [ 5.39995569800004, 5.39128912200005 ], [ 5.39362104900005, 5.39316782700007 ], [ 5.38203976100004, 5.39110233000002 ], [ 5.37898081700007, 5.39182162900005 ], [ 5.37372971400004, 5.39119409300002 ], [ 5.36904232900002, 5.39200558500005 ], [ 5.35888332700006, 5.39101516100004 ], [ 5.35007963200007, 5.39246042000002 ], [ 5.33677608700003, 5.39970762700005 ], [ 5.32967751600006, 5.40276327100003 ], [ 5.31853518900004, 5.40576143300007 ], [ 5.29114298200005, 5.41893078600003 ], [ 5.26859426100003, 5.42872335800007 ], [ 5.24800548200005, 5.43478246500007 ], [ 5.23093350500005, 5.44673366600006 ], [ 5.22213750400005, 5.45471138800002 ], [ 5.21388457200004, 5.46378408900006 ], [ 5.20229579100004, 5.47842652000003 ], [ 5.19042255600004, 5.49647736000003 ], [ 5.19439071600004, 5.49601299900007 ], [ 5.21006478000004, 5.50153895700004 ], [ 5.21538502900006, 5.50558190400005 ], [ 5.22592822500008, 5.50673394800003 ], [ 5.25340871900005, 5.51705489700004 ], [ 5.25582428500007, 5.51660179900006 ], [ 5.25666367400004, 5.50991698400003 ], [ 5.25901983700004, 5.50687936500003 ], [ 5.27366906800006, 5.50380470800008 ], [ 5.28089375100006, 5.50386734600005 ], [ 5.28863824000007, 5.50729935900006 ], [ 5.29540105300003, 5.51335592300006 ], [ 5.29831690200007, 5.51467648300007 ], [ 5.30236023000003, 5.51821808600005 ], [ 5.31183991200004, 5.52153902100002 ] ] ], [ [ [ 5.38983780400002, 5.30178788700005 ], [ 5.38817724400008, 5.30064188300003 ], [ 5.38760350100006, 5.30113514800007 ], [ 5.38870750000007, 5.30198310600002 ], [ 5.38983780400002, 5.30178788700005 ] ] ], [ [ [ 5.39109057600007, 5.30218496400005 ], [ 5.38904935400006, 5.30278336800006 ], [ 5.39172404500005, 5.30512349100007 ], [ 5.39208404800007, 5.30345777000002 ], [ 5.39109057600007, 5.30218496400005 ] ] ], [ [ [ 5.32433379600008, 5.36595254700006 ], [ 5.33107484600004, 5.36076553100003 ], [ 5.33629628900007, 5.35956043400006 ], [ 5.33697056300002, 5.35850062200007 ], [ 5.34758337200003, 5.36280223400007 ], [ 5.34969712900005, 5.36296398300004 ], [ 5.35050959200004, 5.36146854500004 ], [ 5.35506389500006, 5.36126815000006 ], [ 5.35320526400005, 5.35830564600008 ], [ 5.35364168600006, 5.35701596000007 ], [ 5.35293423800005, 5.35623907200005 ], [ 5.35202425100005, 5.34905236100008 ], [ 5.35622301500007, 5.34825674900003 ], [ 5.35767042000003, 5.34868890400003 ], [ 5.35766406300007, 5.35025499200003 ], [ 5.35627031100006, 5.35104109800005 ], [ 5.35695932400006, 5.35131076500005 ], [ 5.35697767100004, 5.35354234300007 ], [ 5.35804861100007, 5.35431702100004 ], [ 5.35742121800007, 5.35508271600003 ], [ 5.35473295800006, 5.35455418200007 ], [ 5.35509240600004, 5.35731666300006 ], [ 5.35627722400005, 5.35803672900005 ], [ 5.36657761300006, 5.35515433500007 ], [ 5.36747285100006, 5.35369317100003 ], [ 5.36693380800006, 5.35221321100005 ], [ 5.36606449500005, 5.35214489700007 ], [ 5.36586630800002, 5.35070812100003 ], [ 5.36766406100003, 5.35031860000004 ], [ 5.36900421000007, 5.35423375700003 ], [ 5.38015809200004, 5.35617326500005 ], [ 5.38186766500007, 5.35794550300005 ], [ 5.38655184500004, 5.35938526900003 ], [ 5.39472813200007, 5.36002384600005 ], [ 5.41576624600003, 5.36370033300005 ], [ 5.42155381400005, 5.36226971100007 ], [ 5.42655902000007, 5.36315743100005 ], [ 5.42810982100002, 5.36168099000002 ], [ 5.42703694200003, 5.36062771000007 ], [ 5.42846564500007, 5.35685011500004 ], [ 5.42828523800006, 5.35412319200003 ], [ 5.42683998600006, 5.35078810900006 ], [ 5.42184565000002, 5.34593629100004 ], [ 5.42092968900005, 5.34044308800003 ], [ 5.42127182800004, 5.33640182100004 ], [ 5.42049941500005, 5.33641366300003 ], [ 5.41648283900003, 5.34220342600003 ], [ 5.41437180700007, 5.34286256600006 ], [ 5.41305748100007, 5.34229599500003 ], [ 5.41176444900003, 5.33982273600003 ], [ 5.41292390000007, 5.33336738300005 ], [ 5.40749425700005, 5.33033233600003 ], [ 5.40267544900007, 5.32105231400004 ], [ 5.40197705800006, 5.32087188500003 ], [ 5.40149492000006, 5.32216991200005 ], [ 5.40024625400002, 5.32263273600006 ], [ 5.40161178100004, 5.32032325700004 ], [ 5.39701518500004, 5.31940064700007 ], [ 5.39482235500003, 5.31749188200007 ], [ 5.39449606700003, 5.31187214500005 ], [ 5.39324302400007, 5.30945339200002 ], [ 5.39100067600003, 5.30712548200006 ], [ 5.38796889500003, 5.30737425000007 ], [ 5.39119205100008, 5.30640071900007 ], [ 5.38650679600005, 5.30290166500004 ], [ 5.38315466500006, 5.30195195500005 ], [ 5.37932265600006, 5.29643614900004 ], [ 5.37457512700007, 5.29581769200007 ], [ 5.37352048600007, 5.29667179900002 ], [ 5.37171803200005, 5.29667056200003 ], [ 5.37353106000006, 5.29544074700004 ], [ 5.37941385700003, 5.29550618600007 ], [ 5.37841736500008, 5.29391690600005 ], [ 5.37668286900004, 5.29352064700004 ], [ 5.37671227600003, 5.29221662400005 ], [ 5.37884434200004, 5.29269197000002 ], [ 5.38473914000002, 5.29982124400004 ], [ 5.38802783800003, 5.29893364100008 ], [ 5.38352775300007, 5.29492051000005 ], [ 5.38696930300006, 5.29589732200003 ], [ 5.38882474500002, 5.29699127600003 ], [ 5.39040862700006, 5.29974719700004 ], [ 5.39440815900002, 5.30332065300007 ], [ 5.39373515300002, 5.30531549100004 ], [ 5.39426299200005, 5.30817947700007 ], [ 5.39718282600006, 5.30657492900002 ], [ 5.40078113000004, 5.30755145900002 ], [ 5.40294543100003, 5.30584868200003 ], [ 5.40304592300004, 5.30397406800006 ], [ 5.39866965500005, 5.30129649500003 ], [ 5.39867015800007, 5.29998749100002 ], [ 5.39968891500007, 5.29951685200007 ], [ 5.39885342800005, 5.30064831000004 ], [ 5.40292753200004, 5.30309996900007 ], [ 5.40376514400003, 5.30519012700006 ], [ 5.40183387600007, 5.30771124600005 ], [ 5.39733195500003, 5.30738998800007 ], [ 5.39596926000007, 5.30810579700005 ], [ 5.39620150300004, 5.30922245100004 ], [ 5.39507127400003, 5.30946854300004 ], [ 5.39497462300005, 5.31014167000006 ], [ 5.39630414800007, 5.31097996100004 ], [ 5.39714037400006, 5.31779953300003 ], [ 5.40052796800006, 5.31763305600003 ], [ 5.40377347800006, 5.32011991600007 ], [ 5.40579237800006, 5.32035292900002 ], [ 5.40441122800007, 5.32156156100007 ], [ 5.40872788700005, 5.32821740000003 ], [ 5.41117962500005, 5.32888164700006 ], [ 5.41478600200003, 5.33212778100005 ], [ 5.41553578900005, 5.33507685100005 ], [ 5.41410993400007, 5.33822173300007 ], [ 5.41409887900005, 5.34095713600004 ], [ 5.41597071400003, 5.34043407500008 ], [ 5.41844574500004, 5.33554239100005 ], [ 5.42093666800002, 5.33398201800003 ], [ 5.42306848200008, 5.33521568600003 ], [ 5.42345359000007, 5.34112758300006 ], [ 5.42719385600003, 5.33936290300005 ], [ 5.42820531600006, 5.33600223000008 ], [ 5.42737967700003, 5.33334837400002 ], [ 5.42464649900006, 5.33114606700002 ], [ 5.42372479900007, 5.32875662500004 ], [ 5.42299474000004, 5.31701898700004 ], [ 5.42355516800006, 5.31400749000005 ], [ 5.42855148800004, 5.30443150100007 ], [ 5.42480828300006, 5.30030138000006 ], [ 5.42585940300006, 5.29734081400005 ], [ 5.42398396500005, 5.29681664700007 ], [ 5.42684317300007, 5.29667837500006 ], [ 5.42800866400006, 5.29560821200005 ], [ 5.42876409100006, 5.29136834600007 ], [ 5.43371980000006, 5.28624869900005 ], [ 5.43608790000008, 5.28072990000004 ], [ 5.43109034900004, 5.27521639300005 ], [ 5.43109000100003, 5.27011244100004 ], [ 5.43296233300003, 5.26592706700006 ], [ 5.43016690000007, 5.26518450000003 ], [ 5.42776190000006, 5.26236970000002 ], [ 5.42775420000004, 5.25996730000003 ], [ 5.43035550000008, 5.25850539900006 ], [ 5.42817840000004, 5.25460859900005 ], [ 5.42955070000005, 5.25492190000006 ], [ 5.42835990000003, 5.25289499900003 ], [ 5.42942737900006, 5.25050875600004 ], [ 5.41596534400003, 5.24339181300007 ], [ 5.40571589200005, 5.23658420600003 ], [ 5.40514072400003, 5.23731107200007 ], [ 5.40780138500003, 5.24118115400006 ], [ 5.40736618700004, 5.24550751200007 ], [ 5.40861886100004, 5.24994124600005 ], [ 5.40477847000005, 5.25644916000005 ], [ 5.40440511100007, 5.25909445800005 ], [ 5.40743891700004, 5.26451688400005 ], [ 5.40756078100003, 5.26884096100002 ], [ 5.41033218700005, 5.26796397900006 ], [ 5.40800606600004, 5.26993535500003 ], [ 5.40870015400003, 5.27512531900004 ], [ 5.40610441200005, 5.27823858600004 ], [ 5.40949754000007, 5.28220879600002 ], [ 5.40995879100007, 5.28572136400004 ], [ 5.40882537400006, 5.28804499300003 ], [ 5.40625298200007, 5.28815615000002 ], [ 5.40833285100007, 5.28742297800005 ], [ 5.40942151000007, 5.28468302200002 ], [ 5.40557777600003, 5.27889457700007 ], [ 5.40567682700004, 5.27735423000007 ], [ 5.40796752200004, 5.27477628500003 ], [ 5.40798959300002, 5.27349559600003 ], [ 5.40627206000005, 5.26517514400007 ], [ 5.40368415900002, 5.26051462200007 ], [ 5.40406850700003, 5.25460929400003 ], [ 5.40736072600004, 5.24955112500004 ], [ 5.40601338600004, 5.24657040100004 ], [ 5.40681711100007, 5.24192203100006 ], [ 5.40423762400007, 5.23894479300003 ], [ 5.40447455800006, 5.23558159700002 ], [ 5.39796913900005, 5.23032725600007 ], [ 5.38902263400007, 5.22888752600005 ], [ 5.37741872400005, 5.22527523100007 ], [ 5.36139778500007, 5.20870407500007 ], [ 5.35335731100002, 5.20450018900004 ], [ 5.35283612700005, 5.20448205900004 ], [ 5.35193046100005, 5.21554086400005 ], [ 5.34779830100007, 5.23988529600007 ], [ 5.34339108100005, 5.25994354200003 ], [ 5.33934213100002, 5.27514854800006 ], [ 5.33047202900002, 5.30060205400002 ], [ 5.33100041900002, 5.30815446200006 ], [ 5.32670089700002, 5.32333269500003 ], [ 5.32597478500003, 5.32842877700006 ], [ 5.32624115100003, 5.33420942700008 ], [ 5.32329114400005, 5.34531982600004 ], [ 5.32085958700003, 5.35919519900006 ], [ 5.32150205600004, 5.36468847400005 ], [ 5.32433379600008, 5.36595254700006 ] ] ] ] } },
{ "type": "Feature", "properties": { "wardname": "Ojobo", "lganame": "Burutu" }, "geometry": { "type": "Polygon", "coordinates": [ [ [ 5.69077429700008, 5.07183113000002 ], [ 5.69308479100005, 5.06395956900008 ], [ 5.69511396000007, 5.06201780300006 ], [ 5.69664381900003, 5.05903954500008 ], [ 5.69889218000003, 5.05756056700005 ], [ 5.70217255600005, 5.05148878500006 ], [ 5.70819354400004, 5.04424770400004 ], [ 5.71024720100007, 5.03918069700006 ], [ 5.71125681700005, 5.03163554000002 ], [ 5.71427635600003, 5.02787941000003 ], [ 5.70925583600007, 5.02371403500007 ], [ 5.70415054300003, 5.02215567300004 ], [ 5.69447822900003, 5.02273601200005 ], [ 5.68138686100002, 5.02695672700003 ], [ 5.67236678600005, 5.02806943000007 ], [ 5.66523311100002, 5.02766796900005 ], [ 5.66216045600004, 5.02580443700003 ], [ 5.66110874500004, 5.02350979700003 ], [ 5.66207597700003, 5.01722279300003 ], [ 5.66158200400002, 5.01285332300006 ], [ 5.65692142300003, 5.01108715400005 ], [ 5.64496120500007, 5.01217277400002 ], [ 5.63928263500003, 5.01500258400006 ], [ 5.63227141300007, 5.01715535700004 ], [ 5.62733378400003, 5.02000776700004 ], [ 5.62428569700006, 5.02440787700004 ], [ 5.62838536500004, 5.02264252400005 ], [ 5.63262460000004, 5.02436129900002 ], [ 5.63557940000004, 5.02732340000006 ], [ 5.63862560100006, 5.03314320000004 ], [ 5.64854680100007, 5.04008350000004 ], [ 5.65313780500003, 5.04608094900004 ], [ 5.65293559400004, 5.05047800900007 ], [ 5.65370513800002, 5.05382233300003 ], [ 5.65313321300005, 5.05698544400002 ], [ 5.65624368100003, 5.05901298700007 ], [ 5.68215455400002, 5.07020174100006 ], [ 5.69077429700008, 5.07183113000002 ] ] ] } },
{ "type": "Feature", "properties": { "wardname": "Tamigbe", "lganame": "Burutu" }, "geometry": { "type": "Polygon", "coordinates": [ [ [ 5.76484689200004, 5.14647849400006 ], [ 5.77782041500006, 5.14501257000006 ], [ 5.77756459700004, 5.13490734500004 ], [ 5.77833907000007, 5.12778219800003 ], [ 5.78061440300007, 5.11931290200005 ], [ 5.78479782100004, 5.12113062600002 ], [ 5.79138737500006, 5.11731918900006 ], [ 5.79837687200006, 5.11447515600003 ], [ 5.80513830800004, 5.11507808800008 ], [ 5.80566073800003, 5.11289839000005 ], [ 5.80506080200007, 5.10653733600003 ], [ 5.80318812400003, 5.10180390100004 ], [ 5.80123954400005, 5.09923713600006 ], [ 5.80092200300004, 5.09258557300006 ], [ 5.79664694900003, 5.08856692400008 ], [ 5.79604022000007, 5.08568676400006 ], [ 5.79715314500004, 5.08517522300002 ], [ 5.79734351500002, 5.08312884200006 ], [ 5.79213550300005, 5.08491688300006 ], [ 5.79008423400006, 5.08501854600007 ], [ 5.78923489400006, 5.08401203400007 ], [ 5.78989412600004, 5.07649735400003 ], [ 5.78936178400005, 5.07315543300007 ], [ 5.78580590900003, 5.06882576800007 ], [ 5.78197336100004, 5.06616977900006 ], [ 5.77794680500006, 5.05681418300003 ], [ 5.77640065700007, 5.05533050100007 ], [ 5.77201505200003, 5.06023355900004 ], [ 5.76722709200004, 5.06254544000006 ], [ 5.76726721900008, 5.06370560800002 ], [ 5.76037297600004, 5.07508582100007 ], [ 5.74580281300007, 5.08138406600006 ], [ 5.73773662400004, 5.09027180100003 ], [ 5.73311270600004, 5.09863194800005 ], [ 5.72861703500007, 5.10343041700003 ], [ 5.72388763800006, 5.11191307800004 ], [ 5.72204957800005, 5.11375113600008 ], [ 5.71609084500005, 5.12749177100005 ], [ 5.71754298100007, 5.13378436000005 ], [ 5.71641875900002, 5.13931175900007 ], [ 5.72252922200005, 5.13934476200006 ], [ 5.76484689200004, 5.14647849400006 ] ] ] } },
{ "type": "Feature", "properties": { "wardname": "Torugbene", "lganame": "Burutu" }, "geometry": { "type": "Polygon", "coordinates": [ [ [ 5.72384875300003, 5.11154015700004 ], [ 5.72861703500007, 5.10343041700003 ], [ 5.73311270600004, 5.09863194800005 ], [ 5.73761710100007, 5.09042291100008 ], [ 5.74103371600006, 5.08648635500003 ], [ 5.74580281300007, 5.08138406600006 ], [ 5.76037297600004, 5.07508582100007 ], [ 5.76728136200006, 5.06297184300007 ], [ 5.76160547700005, 5.06281992600003 ], [ 5.75841661800007, 5.06105376900007 ], [ 5.75171862500002, 5.05239219000003 ], [ 5.74771073000005, 5.05202060400006 ], [ 5.74181674400006, 5.05458387400006 ], [ 5.73791778300006, 5.05523022600005 ], [ 5.73460326900005, 5.05480607700002 ], [ 5.72944421600005, 5.05244301500005 ], [ 5.72529055500007, 5.04552635300007 ], [ 5.72342089100005, 5.03888062100003 ], [ 5.71917102300006, 5.03212954100007 ], [ 5.71427635600003, 5.02787941000003 ], [ 5.71125681700005, 5.03163554000002 ], [ 5.71077608300004, 5.03763685800004 ], [ 5.70829293000003, 5.04407656600006 ], [ 5.70217255600005, 5.05148878500006 ], [ 5.69889218000003, 5.05756056700005 ], [ 5.69664381900003, 5.05903954500008 ], [ 5.69511396000007, 5.06201780300006 ], [ 5.69308479100005, 5.06395956900008 ], [ 5.69077429700008, 5.07183113000002 ], [ 5.69236894000005, 5.07393928000005 ], [ 5.69862364700003, 5.08866786300007 ], [ 5.70327685200004, 5.09385521800004 ], [ 5.70388330400004, 5.09741528000006 ], [ 5.71754661500006, 5.10438046800004 ], [ 5.72384875300003, 5.11154015700004 ] ] ] } },
{ "type": "Feature", "properties": { "wardname": "Tuomo", "lganame": "Burutu" }, "geometry": { "type": "Polygon", "coordinates": [ [ [ 5.87161208700007, 5.14998683800007 ], [ 5.88097562100006, 5.14654553000003 ], [ 5.88261072900002, 5.14295033500002 ], [ 5.88453880000003, 5.14138503800007 ], [ 5.89087067500003, 5.13862808700003 ], [ 5.89843814800003, 5.13259557000003 ], [ 5.90617249800005, 5.12948725100006 ], [ 5.90894052100003, 5.12621141500006 ], [ 5.91173885100005, 5.12476455400002 ], [ 5.91613038300005, 5.12388417100004 ], [ 5.91458357300007, 5.10845771300006 ], [ 5.91293604100002, 5.10614818100004 ], [ 5.90936756100007, 5.10487890200005 ], [ 5.89879867700006, 5.10449461100006 ], [ 5.88516266200003, 5.09852357500006 ], [ 5.88346647100008, 5.09894720600005 ], [ 5.88169357600003, 5.10065755900007 ], [ 5.88073626100004, 5.10669657700004 ], [ 5.87859280000004, 5.10654649500003 ], [ 5.87607426600005, 5.10266314800003 ], [ 5.87817277300007, 5.09543625900005 ], [ 5.87764501600003, 5.09138965500006 ], [ 5.86943734200003, 5.07669376300004 ], [ 5.86678219600003, 5.06941585400006 ], [ 5.86535915900004, 5.06828778900007 ], [ 5.86430399800003, 5.06907915900007 ], [ 5.86237424500007, 5.07398016300004 ], [ 5.86060368500006, 5.07554978300004 ], [ 5.85508502900007, 5.07643350000006 ], [ 5.85207621400002, 5.07420039900006 ], [ 5.85207621400002, 5.06752312800006 ], [ 5.85081436800004, 5.06536747400003 ], [ 5.84418967300007, 5.06584066600004 ], [ 5.84058695700003, 5.06766676400002 ], [ 5.83918645200004, 5.07353162100003 ], [ 5.84059972000006, 5.076661 ], [ 5.84117175700004, 5.08103540100007 ], [ 5.83955659400004, 5.08228042300004 ], [ 5.83585517700004, 5.08170838600006 ], [ 5.82912532900002, 5.07844441000003 ], [ 5.82557675700002, 5.07556657800006 ], [ 5.82131023400007, 5.07420055600005 ], [ 5.81761728800006, 5.07645910500003 ], [ 5.81445426000005, 5.08254961700004 ], [ 5.81267085000007, 5.08446762400007 ], [ 5.80987796300008, 5.08497236300002 ], [ 5.80349722600005, 5.08246549400008 ], [ 5.79734351500002, 5.08312884200006 ], [ 5.79715314500004, 5.08517522300002 ], [ 5.79604022000007, 5.08568676400006 ], [ 5.79664694900003, 5.08856692400008 ], [ 5.80092200300004, 5.09258557300006 ], [ 5.80123954400005, 5.09923713600006 ], [ 5.80318812400003, 5.10180390100004 ], [ 5.80561429100004, 5.10906026000004 ], [ 5.80546099900005, 5.11450927900006 ], [ 5.80347353200006, 5.11517859400004 ], [ 5.79837687200006, 5.11447515600003 ], [ 5.79138737500006, 5.11731918900006 ], [ 5.78479782100004, 5.12113062600002 ], [ 5.78061440300007, 5.11931290200005 ], [ 5.77833907000007, 5.12778219800003 ], [ 5.77756459700004, 5.13490734500004 ], [ 5.77782041500006, 5.14501257000006 ], [ 5.79739109400003, 5.14497548700007 ], [ 5.81008583200003, 5.14650766900007 ], [ 5.81172770300003, 5.14344346500008 ], [ 5.82342669000008, 5.13163556200004 ], [ 5.82573409600008, 5.12628215800004 ], [ 5.83149868800007, 5.12562414500007 ], [ 5.84568029300004, 5.13315100700004 ], [ 5.85476625200005, 5.14084073900005 ], [ 5.86858975200005, 5.14718651000004 ], [ 5.87161208700007, 5.14998683800007 ] ] ] } },
{ "type": "Feature", "properties": { "wardname": "Abari", "lganame": "Patani" }, "geometry": { "type": "Polygon", "coordinates": [ [ [ 6.26667755900007, 5.29911688600004 ], [ 6.27361620900007, 5.29244946400007 ], [ 6.28182375100005, 5.28828152300002 ], [ 6.28779869800007, 5.28386388600006 ], [ 6.28359686700003, 5.27511973900005 ], [ 6.28383445700007, 5.26650095000002 ], [ 6.28994568400003, 5.25289753100003 ], [ 6.29369396100003, 5.24680495800004 ], [ 6.29448008900005, 5.24079232200006 ], [ 6.29332363700007, 5.23605614900004 ], [ 6.29058424300007, 5.23311140700002 ], [ 6.27898436000004, 5.22891342500003 ], [ 6.26846534900005, 5.22812948000006 ], [ 6.26820210900007, 5.22959369000006 ], [ 6.27632262500003, 5.23620991500007 ], [ 6.28128506200005, 5.23765969000004 ], [ 6.28565212200004, 5.24258755300002 ], [ 6.28533205300005, 5.24323691700005 ], [ 6.28165575100007, 5.24355135000008 ], [ 6.27612771900004, 5.24624362000003 ], [ 6.27190205600004, 5.24457618200006 ], [ 6.26654024400005, 5.24521043100003 ], [ 6.26330204500005, 5.24450284000005 ], [ 6.25985387100008, 5.24531785000005 ], [ 6.25689304200006, 5.24456559400005 ], [ 6.24016631600006, 5.26133446600005 ], [ 6.24011558700005, 5.27080872800002 ], [ 6.23912426700002, 5.27549459900007 ], [ 6.24047752200005, 5.27899654900006 ], [ 6.24333828800007, 5.28192065900004 ], [ 6.24127567200003, 5.28426512800007 ], [ 6.24132590900007, 5.29375410700004 ], [ 6.24766785500003, 5.29210223400003 ], [ 6.25453553100004, 5.29317349400003 ], [ 6.25915810000004, 5.29665859900007 ], [ 6.26112590100007, 5.29570709900003 ], [ 6.26417777400007, 5.29655110100003 ], [ 6.26667755900007, 5.29911688600004 ] ] ] } },
{ "type": "Feature", "properties": { "wardname": "Agoloma", "lganame": "Patani" }, "geometry": { "type": "Polygon", "coordinates": [ [ [ 6.17526219500007, 5.20088849400003 ], [ 6.18252703200005, 5.19229749100003 ], [ 6.18510407700006, 5.19033669600003 ], [ 6.19089883400005, 5.18844087700006 ], [ 6.19237647100005, 5.18335848200007 ], [ 6.20067532100006, 5.16950692400007 ], [ 6.20206179300004, 5.16848987400004 ], [ 6.19588815400004, 5.16239317800006 ], [ 6.19061887400005, 5.15976706500004 ], [ 6.16685290600003, 5.16001621200007 ], [ 6.16197467500007, 5.15781323000004 ], [ 6.15732432100003, 5.15387847800002 ], [ 6.15136840600007, 5.14377534400006 ], [ 6.14583263800006, 5.15261658600002 ], [ 6.14404807300002, 5.15785613000003 ], [ 6.14364292400006, 5.16698191300003 ], [ 6.14790089200005, 5.16696275000004 ], [ 6.15300144500003, 5.16912557000006 ], [ 6.16656450000005, 5.18244433500007 ], [ 6.16733092700002, 5.18377186400005 ], [ 6.16618802000005, 5.18847135900006 ], [ 6.17106797100007, 5.19222764000006 ], [ 6.17526219500007, 5.20088849400003 ] ] ] } },
{ "type": "Feature", "properties": { "wardname": "Buluangiama", "lganame": "Patani" }, "geometry": { "type": "Polygon", "coordinates": [ [ [ 6.06557622100007, 5.23056565400003 ], [ 6.07565113000004, 5.22920682300003 ], [ 6.08022595600005, 5.22949693800007 ], [ 6.08242944500006, 5.22867971400007 ], [ 6.08420782100006, 5.22917679500006 ], [ 6.10507051300004, 5.22010785200007 ], [ 6.11603983000003, 5.21860764700006 ], [ 6.12785826000004, 5.21474259100006 ], [ 6.12945801400002, 5.21375379800003 ], [ 6.13258160400005, 5.20768600200006 ], [ 6.14506125200006, 5.20178737400005 ], [ 6.14823310700007, 5.19579886600008 ], [ 6.17438763700005, 5.19839681700006 ], [ 6.17106797100007, 5.19222764000006 ], [ 6.16618802000005, 5.18847135900006 ], [ 6.16733164200002, 5.18375549700005 ], [ 6.16641669500007, 5.18227626700002 ], [ 6.15280101000008, 5.16896540600004 ], [ 6.14790089200005, 5.16696275000004 ], [ 6.14364292400006, 5.16698191300003 ], [ 6.14400397900005, 5.15799212900004 ], [ 6.14583263800006, 5.15261658600002 ], [ 6.15090316000004, 5.14480192500002 ], [ 6.15094946800002, 5.14278939000008 ], [ 6.13950416300003, 5.13612827100008 ], [ 6.13597003400002, 5.13172222100008 ], [ 6.12970613400006, 5.12927616100006 ], [ 6.13023083300004, 5.13564711700008 ], [ 6.12913246300008, 5.13882775000008 ], [ 6.12989446600005, 5.14590430100003 ], [ 6.12869919800005, 5.15115737000002 ], [ 6.12944207300006, 5.15567032300004 ], [ 6.13192683000005, 5.15746547100002 ], [ 6.13148932500008, 5.16430004300003 ], [ 6.12888360300008, 5.16509368700002 ], [ 6.12779294400002, 5.16924159800004 ], [ 6.12608868000007, 5.17197912400007 ], [ 6.12615532400002, 5.17353109500004 ], [ 6.12485323800007, 5.17529507500007 ], [ 6.12237873000004, 5.17544530100002 ], [ 6.11252119900007, 5.17922870100006 ], [ 6.10893660000005, 5.17860970000004 ], [ 6.10834019300006, 5.17977934500004 ], [ 6.10617724400004, 5.17918452700007 ], [ 6.09245079700003, 5.17970743900003 ], [ 6.08277692000007, 5.17558950500006 ], [ 6.07861411500005, 5.17154438900008 ], [ 6.07674433300002, 5.17193847500005 ], [ 6.07507985200004, 5.17568935600002 ], [ 6.07410406900004, 5.17577602800003 ], [ 6.07375668400005, 5.17924989100004 ], [ 6.06983484200003, 5.18330246100004 ], [ 6.06408280700003, 5.19421825400002 ], [ 6.06362525800006, 5.20068929300004 ], [ 6.06447499100005, 5.20702960500006 ], [ 6.06363153700005, 5.21064942300006 ], [ 6.06532860200002, 5.21599530000003 ], [ 6.06423670100003, 5.22581639900005 ], [ 6.06534590000007, 5.22699 ], [ 6.06557622100007, 5.23056565400003 ] ] ] } },
{ "type": "Feature", "properties": { "wardname": "Odorubu", "lganame": "Patani" }, "geometry": { "type": "Polygon", "coordinates": [ [ [ 6.01563810100004, 5.22335730000003 ], [ 6.01791160000005, 5.22163350000005 ], [ 6.02056630000004, 5.22242710000006 ], [ 6.02324910000004, 5.21854670000005 ], [ 6.03369740000005, 5.21621469900003 ], [ 6.03911260100006, 5.21673289900002 ], [ 6.04045060000004, 5.21600230000007 ], [ 6.04095990000008, 5.21289809900003 ], [ 6.04497940200002, 5.20993059900007 ], [ 6.046796, 5.21230239900007 ], [ 6.04858930000006, 5.21200020000003 ], [ 6.05240470000007, 5.21374420000006 ], [ 6.05603330200006, 5.21300940000003 ], [ 6.05731290000006, 5.21093510000003 ], [ 6.06211590000004, 5.21047299900005 ], [ 6.06207830000005, 5.20873140000003 ], [ 6.06311390000008, 5.20913950000005 ], [ 6.06363153700005, 5.21064942300006 ], [ 6.06447499100005, 5.20702960500006 ], [ 6.06362525800006, 5.20068929300004 ], [ 6.06408280700003, 5.19421825400002 ], [ 6.06741637200003, 5.18709357500006 ], [ 6.07121413200002, 5.18187719900004 ], [ 6.05737384200006, 5.17704058600003 ], [ 6.03179094000006, 5.17407153400006 ], [ 6.02588579900004, 5.17165119400005 ], [ 6.02331888300006, 5.16976593600003 ], [ 6.01800404100004, 5.16926559300003 ], [ 6.01470418800005, 5.16688689000006 ], [ 6.01280186300005, 5.16356478600005 ], [ 6.01939212900004, 5.15625431400002 ], [ 6.02362628100008, 5.14787139000003 ], [ 6.03053763200006, 5.14223739800002 ], [ 6.03440959500006, 5.13178662900003 ], [ 6.03476453000007, 5.12890224600005 ], [ 6.03719938600005, 5.12419216400002 ], [ 6.03455858800004, 5.11370711900003 ], [ 6.03596559700003, 5.11007182200007 ], [ 6.03544124900003, 5.09426675100002 ], [ 6.02746920100003, 5.09517371600003 ], [ 6.01836613400008, 5.09865307900003 ], [ 6.01297123600006, 5.09954860800002 ], [ 6.00452327700003, 5.10368681100005 ], [ 6.00020217900004, 5.10739088000003 ], [ 5.99217033400004, 5.11761331500003 ], [ 5.97788924200006, 5.13204053600003 ], [ 5.97553959600003, 5.13676378600007 ], [ 5.97995501800006, 5.14568785500006 ], [ 5.98899191800007, 5.15714050900004 ], [ 5.99353469800008, 5.16788924900004 ], [ 5.99522930000006, 5.16664950000006 ], [ 5.99861040000008, 5.16811450000006 ], [ 6.000663, 5.16668319900003 ], [ 6.00259540000008, 5.16753620000003 ], [ 6.002376, 5.16614740000006 ], [ 6.00478917900006, 5.16593880300007 ], [ 6.00831812400003, 5.17108117700008 ], [ 6.01069906700008, 5.17711319000006 ], [ 6.01518358200002, 5.18092533200007 ], [ 6.01523490000005, 5.18201960000005 ], [ 6.01350620000005, 5.18172920000006 ], [ 6.01206490000004, 5.18294660000004 ], [ 6.01187710100004, 5.186916 ], [ 6.00980650100007, 5.18684120000006 ], [ 6.00540620000004, 5.18956730000002 ], [ 6.00345660000005, 5.18852939900006 ], [ 6.00215310100003, 5.18871110000003 ], [ 6.00186680000007, 5.19100019900003 ], [ 6.00032010000007, 5.19349180000006 ], [ 6.00096710200006, 5.19445529900003 ], [ 6.00301910000007, 5.19377409900005 ], [ 6.00852569900007, 5.20155252500007 ], [ 6.01267893500005, 5.20444995400004 ], [ 6.012019, 5.20525050000003 ], [ 6.01205500100002, 5.20781630000005 ], [ 6.00482490000007, 5.21322320000007 ], [ 6.00392508500005, 5.21547601700007 ], [ 6.00617735300006, 5.21630163100002 ], [ 6.00551160000003, 5.218655 ], [ 6.01086120000002, 5.21976519900005 ], [ 6.01082470100005, 5.22146490000006 ], [ 6.01292809900002, 5.22264039900006 ], [ 6.01458480000002, 5.22199270000004 ], [ 6.01563810100004, 5.22335730000003 ] ] ] } },
{ "type": "Feature", "properties": { "wardname": "Patani 2", "lganame": "Patani" }, "geometry": { "type": "Polygon", "coordinates": [ [ [ 6.24016536700003, 5.26161555900006 ], [ 6.23970975000003, 5.25238647200007 ], [ 6.24251444900005, 5.24228158500006 ], [ 6.25357528100005, 5.23733550600002 ], [ 6.25495719400004, 5.23756018600005 ], [ 6.25297934400004, 5.22848030600005 ], [ 6.24696618300004, 5.22967783200005 ], [ 6.23115068500005, 5.23825866200002 ], [ 6.22207098400003, 5.24089287300006 ], [ 6.21459809600003, 5.24005494100004 ], [ 6.20560766300002, 5.23544845100002 ], [ 6.20159570900006, 5.23027637800004 ], [ 6.19450945100004, 5.22467158800004 ], [ 6.18908033700006, 5.22633266600008 ], [ 6.18460547600006, 5.22560647400007 ], [ 6.18332589900007, 5.23137598600005 ], [ 6.19233872800004, 5.22662057400004 ], [ 6.19439813700006, 5.23135438900005 ], [ 6.19140958800006, 5.23399277200002 ], [ 6.19330783900006, 5.23517670700005 ], [ 6.19446862200004, 5.23400047900003 ], [ 6.19569422000006, 5.23522268000005 ], [ 6.19521271200006, 5.23600469900003 ], [ 6.19578418100002, 5.23688719800003 ], [ 6.19419186300007, 5.23895675600005 ], [ 6.19268795600004, 5.24751728400003 ], [ 6.19720131400004, 5.24656243600003 ], [ 6.19834592200004, 5.24494871800005 ], [ 6.19925262700002, 5.24023860600005 ], [ 6.20082218800007, 5.24030093300007 ], [ 6.20203236200007, 5.23926819300004 ], [ 6.21283629600003, 5.24979066400005 ], [ 6.21590443500003, 5.24901186900007 ], [ 6.22445829700007, 5.24967143600003 ], [ 6.23170691400003, 5.25591022200007 ], [ 6.24016536700003, 5.26161555900006 ] ] ] } },
{ "type": "Feature", "properties": { "wardname": "Patani 3", "lganame": "Patani" }, "geometry": { "type": "MultiPolygon", "coordinates": [ [ [ [ 6.25672687000002, 5.24482154200007 ], [ 6.25985387100008, 5.24531785000005 ], [ 6.26380288900003, 5.24449447500007 ], [ 6.26902740200006, 5.24519979100006 ], [ 6.27190205600004, 5.24457618200006 ], [ 6.27612771900004, 5.24624362000003 ], [ 6.28158842100004, 5.24357440500006 ], [ 6.28574982100002, 5.24276096300002 ], [ 6.28118321100004, 5.23758125300003 ], [ 6.27632262500003, 5.23620991500007 ], [ 6.26873131000002, 5.23058383900008 ], [ 6.26846534900005, 5.22812948000006 ], [ 6.25934606700002, 5.22750028600007 ], [ 6.25297934400004, 5.22848030600005 ], [ 6.25495719400004, 5.23756018600005 ], [ 6.25357528100005, 5.23733550600002 ], [ 6.24251444900005, 5.24228158500006 ], [ 6.23970975000003, 5.25238647200007 ], [ 6.24016631600006, 5.26133446600005 ], [ 6.25672687000002, 5.24482154200007 ] ] ], [ [ [ 6.18555639400006, 5.24817406200003 ], [ 6.18570567200004, 5.24306373600007 ], [ 6.18928113000004, 5.23933230200004 ], [ 6.19217049300005, 5.23446734900006 ], [ 6.19140958800006, 5.23399277200002 ], [ 6.19439813700006, 5.23135438900005 ], [ 6.19233872800004, 5.22662057400004 ], [ 6.18332589900007, 5.23137598600005 ], [ 6.18244766800007, 5.23283870700004 ], [ 6.18230217900003, 5.23578206200006 ], [ 6.17531577000005, 5.24326834200002 ], [ 6.17238374600004, 5.24822661900004 ], [ 6.18555639400006, 5.24817406200003 ] ] ] ] } },
{ "type": "Feature", "properties": { "wardname": "Patani 4", "lganame": "Patani" }, "geometry": { "type": "MultiPolygon", "coordinates": [ [ [ [ 6.16788643400002, 5.24847135200002 ], [ 6.17238374600004, 5.24822661900004 ], [ 6.17531577000005, 5.24326834200002 ], [ 6.18225470700003, 5.23585168200003 ], [ 6.18244766800007, 5.23283870700004 ], [ 6.18414193100006, 5.22991862100002 ], [ 6.18461925800005, 5.22559197600003 ], [ 6.18908033700006, 5.22633266600008 ], [ 6.19450945100004, 5.22467158800004 ], [ 6.19401936500003, 5.22182908500002 ], [ 6.19074144800004, 5.22251668800004 ], [ 6.19046257700006, 5.21911517400002 ], [ 6.18932597500003, 5.21904832900003 ], [ 6.18903016400003, 5.21785533500002 ], [ 6.18605827100004, 5.21902130500007 ], [ 6.18116942100005, 5.21852567000008 ], [ 6.18019078700007, 5.21727332700004 ], [ 6.17577984600007, 5.21550858600006 ], [ 6.16853217000005, 5.22557167700006 ], [ 6.16495209600004, 5.23211801000002 ], [ 6.16181811600006, 5.23427718500005 ], [ 6.15734199200006, 5.24008087800007 ], [ 6.16217455900005, 5.24535542700005 ], [ 6.16788643400002, 5.24847135200002 ] ] ], [ [ [ 6.19268795600004, 5.24751728400003 ], [ 6.19419589000006, 5.23894362200002 ], [ 6.19580218000004, 5.23682695700006 ], [ 6.19521271200006, 5.23600469900003 ], [ 6.19569422000006, 5.23522268000005 ], [ 6.19446862200004, 5.23400047900003 ], [ 6.19330783900006, 5.23517670700005 ], [ 6.19217049300005, 5.23446734900006 ], [ 6.18902102700002, 5.23970328200005 ], [ 6.18573862700003, 5.24300656900004 ], [ 6.18557190200005, 5.24863350100003 ], [ 6.18788296800005, 5.24891285900003 ], [ 6.19268795600004, 5.24751728400003 ] ] ] ] } },
{ "type": "Feature", "properties": { "wardname": "Patani 5", "lganame": "Patani" }, "geometry": { "type": "Polygon", "coordinates": [ [ [ 6.15734610000004, 5.24006787900004 ], [ 6.16181811600006, 5.23427718500005 ], [ 6.16495209600004, 5.23211801000002 ], [ 6.16853217000005, 5.22557167700006 ], [ 6.17577984600007, 5.21550858600006 ], [ 6.18019078700007, 5.21727332700004 ], [ 6.18116942100005, 5.21852567000008 ], [ 6.18605827100004, 5.21902130500007 ], [ 6.18903016400003, 5.21785533500002 ], [ 6.18932597500003, 5.21904832900003 ], [ 6.19046257700006, 5.21911517400002 ], [ 6.19074144800004, 5.22251668800004 ], [ 6.19401936500003, 5.22182908500002 ], [ 6.19342424500007, 5.21837739000006 ], [ 6.19426990600005, 5.21226261200007 ], [ 6.19661173500003, 5.20471671600006 ], [ 6.20962190100005, 5.18038770700002 ], [ 6.20832088400005, 5.17602930100003 ], [ 6.20206179300004, 5.16848987400004 ], [ 6.20067532100006, 5.16950692400007 ], [ 6.19237647100005, 5.18335848200007 ], [ 6.19089883400005, 5.18844087700006 ], [ 6.18510407700006, 5.19033669600003 ], [ 6.18252703200005, 5.19229749100003 ], [ 6.17526219500007, 5.20088849400003 ], [ 6.17438763700005, 5.19839681700006 ], [ 6.14823310700007, 5.19579886600008 ], [ 6.14500366500005, 5.20183717400005 ], [ 6.13460570000007, 5.20633225700004 ], [ 6.13150789600007, 5.20931678000005 ], [ 6.12945801400002, 5.21375379800003 ], [ 6.13392672200007, 5.21739956600004 ], [ 6.13507668700004, 5.22022966100008 ], [ 6.14000922900004, 5.22331497100004 ], [ 6.14505337800006, 5.22846608200007 ], [ 6.14887774600004, 5.23109721700007 ], [ 6.15284766400003, 5.23532629300007 ], [ 6.15499519700006, 5.23927975900006 ], [ 6.15734610000004, 5.24006787900004 ] ] ] } },
{ "type": "Feature", "properties": { "wardname": "Toruangiama", "lganame": "Patani" }, "geometry": { "type": "Polygon", "coordinates": [ [ [ 6.10841299200007, 5.17967023200003 ], [ 6.10893660000005, 5.17860970000004 ], [ 6.11259357900008, 5.17921609500007 ], [ 6.12237873000004, 5.17544530100002 ], [ 6.12485323800007, 5.17529507500007 ], [ 6.12615532400002, 5.17353109500004 ], [ 6.12608868000007, 5.17197912400007 ], [ 6.12779294400002, 5.16924159800004 ], [ 6.12888360300008, 5.16509368700002 ], [ 6.13146865300007, 5.16436838600004 ], [ 6.13192683000005, 5.15746547100002 ], [ 6.12944207300006, 5.15567032300004 ], [ 6.12869919800005, 5.15115737000002 ], [ 6.12989446600005, 5.14590430100003 ], [ 6.12913246300008, 5.13882775000008 ], [ 6.13023083300004, 5.13564711700008 ], [ 6.12970613400006, 5.12927616100006 ], [ 6.12068271600003, 5.13367748200005 ], [ 6.09813469500006, 5.14974620900006 ], [ 6.09185224800007, 5.15176050900004 ], [ 6.09261391800004, 5.15689884200003 ], [ 6.08921365000003, 5.16229463300004 ], [ 6.08851705900003, 5.16600033200007 ], [ 6.08708677800007, 5.16468906400007 ], [ 6.08401184300004, 5.16490190400003 ], [ 6.08191997300003, 5.16377778000003 ], [ 6.08156850700004, 5.16537088400003 ], [ 6.08369420500003, 5.16604735000004 ], [ 6.08375122900003, 5.16720192700006 ], [ 6.07944008900006, 5.16724043600004 ], [ 6.07983553900004, 5.17264812300004 ], [ 6.08277692000007, 5.17558950500006 ], [ 6.08794067900004, 5.17787724600004 ], [ 6.09245079700003, 5.17970743900003 ], [ 6.10107884900003, 5.17918452700007 ], [ 6.10841299200007, 5.17967023200003 ] ] ] } },
{ "type": "Feature", "properties": { "wardname": "Uduophori", "lganame": "Patani" }, "geometry": { "type": "Polygon", "coordinates": [ [ [ 6.07375668400005, 5.17924989100004 ], [ 6.07410406900004, 5.17577602800003 ], [ 6.07507985200004, 5.17568935600002 ], [ 6.07665787100007, 5.17203268300005 ], [ 6.07789802800005, 5.17137434000006 ], [ 6.07981876900004, 5.17185191700003 ], [ 6.07950732800003, 5.16713063800006 ], [ 6.08378800100007, 5.16714663400006 ], [ 6.08364312900005, 5.16600709000005 ], [ 6.08163836800003, 5.16548376000003 ], [ 6.08167752600002, 5.16388565800003 ], [ 6.08408854300006, 5.16491494300004 ], [ 6.08708677800007, 5.16468906400007 ], [ 6.08851705900003, 5.16600033200007 ], [ 6.08921365000003, 5.16229463300004 ], [ 6.09261391800004, 5.15689884200003 ], [ 6.09185224800007, 5.15176050900004 ], [ 6.08496722700005, 5.15111187000002 ], [ 6.07984877000007, 5.14950423700003 ], [ 6.06845424000005, 5.13817955900004 ], [ 6.06623454000004, 5.13180195000007 ], [ 6.06556823100004, 5.12291896500005 ], [ 6.06226778200005, 5.10300970200007 ], [ 6.05948380500007, 5.09895384200007 ], [ 6.05541925600005, 5.09620178800003 ], [ 6.05214468700007, 5.09514969800006 ], [ 6.03544124900003, 5.09426675100002 ], [ 6.03596559700003, 5.11007182200007 ], [ 6.03455858800004, 5.11370711900003 ], [ 6.03719938600005, 5.12419216400002 ], [ 6.03476453000007, 5.12890224600005 ], [ 6.03440959500006, 5.13178662900003 ], [ 6.03053763200006, 5.14223739800002 ], [ 6.02362628100008, 5.14787139000003 ], [ 6.01939212900004, 5.15625431400002 ], [ 6.01280186300005, 5.16356478600005 ], [ 6.01470418800005, 5.16688689000006 ], [ 6.01800404100004, 5.16926559300003 ], [ 6.02331888300006, 5.16976593600003 ], [ 6.02588579900004, 5.17165119400005 ], [ 6.03179094000006, 5.17407153400006 ], [ 6.05737384200006, 5.17704058600003 ], [ 6.07121413200002, 5.18187719900004 ], [ 6.07375668400005, 5.17924989100004 ] ] ] } },
{ "type": "Feature", "properties": { "wardname": "Ajudaibo", "lganame": "Warri South-West" }, "geometry": { "type": "Polygon", "coordinates": [ [ [ 5.20492634900006, 5.58702695200003 ], [ 5.21883537300005, 5.57583838700003 ], [ 5.21991726700003, 5.57337359900004 ], [ 5.22392292600006, 5.56923818000007 ], [ 5.22646586000008, 5.56964615900006 ], [ 5.22708398500004, 5.56724889600002 ], [ 5.23247859900005, 5.56243632600007 ], [ 5.23578630500003, 5.56059227000003 ], [ 5.23789543800007, 5.56052822200007 ], [ 5.23847884000003, 5.55823168600006 ], [ 5.24098326000006, 5.55888532700004 ], [ 5.24273918100005, 5.55840597400004 ], [ 5.24314473200008, 5.55731217500005 ], [ 5.24160319100002, 5.55578250600007 ], [ 5.24158483100007, 5.55419127800008 ], [ 5.21721521800004, 5.55874121900007 ], [ 5.21354721400007, 5.56215990700002 ], [ 5.19034989100004, 5.57425779000005 ], [ 5.19996468500005, 5.58246606600005 ], [ 5.20323606700003, 5.58621205300005 ], [ 5.20031998200005, 5.57805772400008 ], [ 5.19991341100007, 5.57477506200007 ], [ 5.20184391600003, 5.58108488800002 ], [ 5.20492634900006, 5.58702695200003 ] ] ] } },
{ "type": "Feature", "properties": { "wardname": "Akpakpa", "lganame": "Warri South-West" }, "geometry": { "type": "Polygon", "coordinates": [ [ [ 5.19034989100004, 5.57425779000005 ], [ 5.21354721400007, 5.56215990700002 ], [ 5.21721521800004, 5.55874121900007 ], [ 5.24158483100007, 5.55419127800008 ], [ 5.24209272800005, 5.55308493200005 ], [ 5.24432033600004, 5.55199208900007 ], [ 5.24370571100008, 5.54532436400007 ], [ 5.24672603400006, 5.54409373500005 ], [ 5.24778984500006, 5.54229162600006 ], [ 5.24389881100007, 5.54094717500004 ], [ 5.24342833800006, 5.53865139500004 ], [ 5.23408395000007, 5.54273635100003 ], [ 5.22302813300007, 5.54429717200003 ], [ 5.21632960800002, 5.54793908700003 ], [ 5.19792929500005, 5.55346689100003 ], [ 5.19654411800008, 5.55551801900003 ], [ 5.18636933400006, 5.56093069400004 ], [ 5.18461267400005, 5.56287283900002 ], [ 5.18311787600004, 5.56361478300005 ], [ 5.17934269400007, 5.56328745400003 ], [ 5.17769798600006, 5.56488955300006 ], [ 5.18001583300003, 5.56796345200007 ], [ 5.18301369900007, 5.56900571300002 ], [ 5.18846131700008, 5.57362396800005 ], [ 5.19034989100004, 5.57425779000005 ] ] ] } },
{ "type": "Feature", "properties": { "wardname": "Isaba", "lganame": "Warri South-West" }, "geometry": { "type": "Polygon", "coordinates": [ [ [ 5.62008187400005, 5.51397621200005 ], [ 5.61988822300003, 5.51121523900002 ], [ 5.61676430100005, 5.50746462500007 ], [ 5.61724961300007, 5.50567894900007 ], [ 5.61909271100006, 5.50376949500003 ], [ 5.62465114700007, 5.50508792800002 ], [ 5.62614594900003, 5.50127532700003 ], [ 5.62723332000007, 5.50061474500006 ], [ 5.63151712600006, 5.50275412000002 ], [ 5.63418775400004, 5.50087981100006 ], [ 5.63875612500004, 5.50239437900007 ], [ 5.64108678300005, 5.49943659400003 ], [ 5.64176536800005, 5.49661419800003 ], [ 5.64403061400003, 5.49426936200007 ], [ 5.64513258700003, 5.49370644200008 ], [ 5.64707990100004, 5.49430490000003 ], [ 5.65158340000005, 5.49122919900003 ], [ 5.65672520000004, 5.49112510100002 ], [ 5.65777890000004, 5.48767280100003 ], [ 5.66099520000006, 5.48518990000002 ], [ 5.67112660600003, 5.48588409900003 ], [ 5.67110061000005, 5.48076450000002 ], [ 5.67244451100004, 5.47742034100003 ], [ 5.67923985700003, 5.47077719700007 ], [ 5.67866079900006, 5.46958609400002 ], [ 5.68061545600006, 5.46520297300003 ], [ 5.68052880400006, 5.46238708100003 ], [ 5.68294337300006, 5.46175539900003 ], [ 5.68195717300006, 5.45966042600003 ], [ 5.67760678300004, 5.45652274500003 ], [ 5.67746642300006, 5.45547671500003 ], [ 5.69042220000006, 5.45749460000008 ], [ 5.69821688200005, 5.46081801100007 ], [ 5.70070210100005, 5.45720879900006 ], [ 5.70107188100008, 5.45424341500006 ], [ 5.70430811800003, 5.44986538700005 ], [ 5.70450388600005, 5.44730050200008 ], [ 5.70718869400002, 5.44812856200002 ], [ 5.71185684400007, 5.44773755000006 ], [ 5.71421326000007, 5.45125411200007 ], [ 5.72071727800005, 5.45109853800005 ], [ 5.72036629100006, 5.45268425200004 ], [ 5.72134691700006, 5.45285121400002 ], [ 5.73420795700002, 5.44277188200005 ], [ 5.73838385100004, 5.44071171300004 ], [ 5.74200135900003, 5.44060905400005 ], [ 5.74882128100006, 5.44331528200007 ], [ 5.76507091700006, 5.44062622000007 ], [ 5.76587730000006, 5.43839130000003 ], [ 5.76316390000005, 5.43641420000006 ], [ 5.76203000100003, 5.43456160000005 ], [ 5.761685, 5.43246359900007 ], [ 5.76267090000005, 5.43027979900006 ], [ 5.76169730000004, 5.42862349900003 ], [ 5.76005820000006, 5.42840260000003 ], [ 5.75835253100007, 5.43062220800005 ], [ 5.75615821900004, 5.43084605200005 ], [ 5.75419180000006, 5.42612060000005 ], [ 5.74959490000003, 5.42526180000004 ], [ 5.74779560000007, 5.42416979900003 ], [ 5.74806670000004, 5.42286930000006 ], [ 5.75149980000003, 5.42003649900005 ], [ 5.75382150000007, 5.41687960000007 ], [ 5.75525140000002, 5.40933950000004 ], [ 5.75454880000007, 5.40690880000005 ], [ 5.751504, 5.40516070000007 ], [ 5.74828940000003, 5.40535740000007 ], [ 5.74614980000007, 5.40708960000006 ], [ 5.74461110000004, 5.41153940000004 ], [ 5.74360240000004, 5.41224610000006 ], [ 5.74259360100007, 5.41168820000007 ], [ 5.74063220000005, 5.40800599900007 ], [ 5.738484, 5.40698319900002 ], [ 5.73762480000005, 5.40795020000007 ], [ 5.73654130000006, 5.41302709900003 ], [ 5.73472940100004, 5.41486820000006 ], [ 5.73312290000007, 5.41410570000005 ], [ 5.73159270000002, 5.41191310000005 ], [ 5.72710790000002, 5.41116750000003 ], [ 5.72907860800007, 5.40778530900008 ], [ 5.72683941700006, 5.40692459200005 ], [ 5.72738615100008, 5.40251124400004 ], [ 5.72659900300005, 5.40077776700002 ], [ 5.72474298400004, 5.40114192400006 ], [ 5.72094156400004, 5.39999933700005 ], [ 5.71193521000004, 5.40023595100007 ], [ 5.70378673400006, 5.40331984900007 ], [ 5.70042585100003, 5.40382892200006 ], [ 5.69995458300002, 5.40444800100005 ], [ 5.70189390000007, 5.40747019900004 ], [ 5.70145490100003, 5.40955860000003 ], [ 5.69731670000004, 5.41257330000008 ], [ 5.69035864300002, 5.42025669100002 ], [ 5.69424802000003, 5.43008957400002 ], [ 5.68085644600006, 5.43260164300005 ], [ 5.67329819300005, 5.43515178500007 ], [ 5.65813573300005, 5.43645128900005 ], [ 5.65640223600008, 5.43274187300005 ], [ 5.64925442600003, 5.43134364500003 ], [ 5.64578343400007, 5.42722790000005 ], [ 5.64210811000004, 5.42820214500006 ], [ 5.64318544900004, 5.42525879200002 ], [ 5.64100434500006, 5.42243441900007 ], [ 5.63966150800007, 5.42224017200004 ], [ 5.63696738900006, 5.42484983600002 ], [ 5.63555698800008, 5.42494273700004 ], [ 5.63521916700006, 5.42137872900003 ], [ 5.63456886300003, 5.42089733500006 ], [ 5.63306556100002, 5.42236685500006 ], [ 5.63117376600007, 5.42772975700007 ], [ 5.62975491900005, 5.42872632700005 ], [ 5.62891036800005, 5.42881922800007 ], [ 5.62608253500002, 5.42602378800007 ], [ 5.62412227200002, 5.42184284100006 ], [ 5.62171885200007, 5.42317972000006 ], [ 5.62069097700004, 5.42651748900005 ], [ 5.61973497600007, 5.42714832500008 ], [ 5.62033512400006, 5.43496008300002 ], [ 5.61851648300006, 5.43742420000007 ], [ 5.61605952000002, 5.43809143500005 ], [ 5.61580249700006, 5.44069490900006 ], [ 5.61499257900005, 5.43840099200003 ], [ 5.61916938000007, 5.43610441700002 ], [ 5.61999378500008, 5.43323685900003 ], [ 5.61916437300005, 5.42748256300007 ], [ 5.61421719700007, 5.42390307900007 ], [ 5.60719631300003, 5.42326950000006 ], [ 5.59595158000008, 5.42631610600006 ], [ 5.58815023800003, 5.42614214500003 ], [ 5.58745610000005, 5.42855570000006 ], [ 5.58346280100005, 5.43302070000004 ], [ 5.57972560100006, 5.42978799900004 ], [ 5.57791660100003, 5.42950180000003 ], [ 5.57638310200002, 5.43000270000005 ], [ 5.57759950600007, 5.43118494200007 ], [ 5.57821472300003, 5.43428279900007 ], [ 5.58185625300007, 5.44205144000006 ], [ 5.58191718100005, 5.44301504500004 ], [ 5.58092620000002, 5.44354380000004 ], [ 5.58193640000007, 5.44660090000002 ], [ 5.582785, 5.44703530000004 ], [ 5.58494609900004, 5.44522220100004 ], [ 5.58726360100007, 5.44558770000003 ], [ 5.58768140100005, 5.44726440000005 ], [ 5.58605250100004, 5.44863630000003 ], [ 5.58620630000007, 5.44994590000005 ], [ 5.58761810000004, 5.45109660000003 ], [ 5.58763750000003, 5.45275910000004 ], [ 5.58996610100007, 5.45381130000004 ], [ 5.59084160000003, 5.45575740100003 ], [ 5.59182240000007, 5.45596060000003 ], [ 5.59299343400005, 5.45478296300007 ], [ 5.597345, 5.45710730000008 ], [ 5.59845899900006, 5.45432410000006 ], [ 5.60174030000007, 5.45462310000005 ], [ 5.602596, 5.45205620000007 ], [ 5.60451720000003, 5.45172340000005 ], [ 5.60625130000005, 5.45363019900003 ], [ 5.60625130000005, 5.45535090000004 ], [ 5.60754710100002, 5.4556 ], [ 5.60769956500008, 5.45857419400005 ], [ 5.60881362300006, 5.45868294200005 ], [ 5.60787796900007, 5.45912836000002 ], [ 5.60607633300003, 5.46292933900003 ], [ 5.60831165500002, 5.46569649800006 ], [ 5.60702746500004, 5.46858061200004 ], [ 5.60510720500002, 5.47076596300008 ], [ 5.60123036800007, 5.47142892300008 ], [ 5.60324295700002, 5.47417173200006 ], [ 5.60169894300003, 5.47491436100006 ], [ 5.59827720500004, 5.47465766900007 ], [ 5.59723944700005, 5.47783914200005 ], [ 5.59403778600006, 5.47790075000006 ], [ 5.58829529300004, 5.48256827600005 ], [ 5.58775498000006, 5.48540499100005 ], [ 5.59233235900007, 5.49026158200007 ], [ 5.59330546300004, 5.49062383800003 ], [ 5.59410531400005, 5.48982482600007 ], [ 5.59504121500004, 5.48505094800004 ], [ 5.59676414000006, 5.48178588800005 ], [ 5.60009276300002, 5.47827518400004 ], [ 5.60238513800005, 5.47716312600005 ], [ 5.60546445500006, 5.47781667100003 ], [ 5.60913964300005, 5.48110178200005 ], [ 5.61027266300005, 5.48119393300004 ], [ 5.61078679100007, 5.48034173200006 ], [ 5.61057838500005, 5.48138258300003 ], [ 5.61349474900004, 5.48340624700006 ], [ 5.61759410000008, 5.49117886100004 ], [ 5.61946200100004, 5.49331484300006 ], [ 5.62164196800006, 5.49440075500007 ], [ 5.62358343500006, 5.49412430700005 ], [ 5.62456245200002, 5.49269104200005 ], [ 5.62541444300007, 5.48321501200007 ], [ 5.62854888200008, 5.48338442700003 ], [ 5.63140881300006, 5.48594674300006 ], [ 5.63433041200005, 5.48703347000003 ], [ 5.63678735300005, 5.48622937100004 ], [ 5.63856362900003, 5.48311851300002 ], [ 5.64145382300006, 5.48229374400006 ], [ 5.64303631400003, 5.48321034400004 ], [ 5.64343854000003, 5.48455659700005 ], [ 5.64274486900007, 5.48576165800006 ], [ 5.64110175600007, 5.48598706000007 ], [ 5.64103382800005, 5.48686113500003 ], [ 5.64409339900004, 5.48730317600007 ], [ 5.64523192900003, 5.48591867000005 ], [ 5.64543665800005, 5.48145764400005 ], [ 5.64782161000005, 5.47717108000006 ], [ 5.64613746600003, 5.48300477600003 ], [ 5.64602729000006, 5.48697159000005 ], [ 5.64354783600004, 5.48885556500005 ], [ 5.64355713100002, 5.49005557400005 ], [ 5.64022010500003, 5.48667980100004 ], [ 5.64025173200002, 5.48564610800003 ], [ 5.64244046300007, 5.48478527500004 ], [ 5.64189971100006, 5.48319503100004 ], [ 5.63922428700005, 5.48364773300005 ], [ 5.63766176700005, 5.48674089800005 ], [ 5.63533134400006, 5.48776315800006 ], [ 5.63165292600007, 5.48729368800002 ], [ 5.62807403300008, 5.48436690900007 ], [ 5.62639972800002, 5.48390729900007 ], [ 5.62619871300006, 5.48933272500005 ], [ 5.62725999000003, 5.49027913200007 ], [ 5.62690517900006, 5.49089830500003 ], [ 5.62612095100008, 5.49054674400003 ], [ 5.62466842200007, 5.49441395800005 ], [ 5.62179651300005, 5.49521055900004 ], [ 5.61932376600004, 5.49420036700008 ], [ 5.61634666600003, 5.49113368900004 ], [ 5.61172465500005, 5.48291896500007 ], [ 5.60757201600006, 5.48154358800002 ], [ 5.60241601800004, 5.47806985100004 ], [ 5.59674435000005, 5.48392424800005 ], [ 5.59571922300006, 5.48966821800008 ], [ 5.59324731400005, 5.49207403800006 ], [ 5.58440712100003, 5.48634038200004 ], [ 5.57355774300004, 5.48478793400005 ], [ 5.57081195000006, 5.48296898000007 ], [ 5.56773372400005, 5.47943379600002 ], [ 5.56626270500004, 5.47295567600003 ], [ 5.56536412100007, 5.47196457100006 ], [ 5.55344316100008, 5.47582965700008 ], [ 5.55093302300003, 5.47734633600004 ], [ 5.55120343100003, 5.47994333900004 ], [ 5.55555401400005, 5.48556578100005 ], [ 5.55683995900006, 5.48905186400003 ], [ 5.55564418700004, 5.49220665700005 ], [ 5.55138340300005, 5.49809612600006 ], [ 5.55003205200006, 5.50321300700006 ], [ 5.55295246400004, 5.50420374100003 ], [ 5.56597938400006, 5.50196081300004 ], [ 5.57811234600007, 5.50257427800005 ], [ 5.57856720200004, 5.50204968100007 ], [ 5.57761928000002, 5.50163918000004 ], [ 5.57725912100005, 5.50076146700007 ], [ 5.57786309300008, 5.50130605700002 ], [ 5.57924785100005, 5.50070392400005 ], [ 5.57983696800005, 5.50229516900004 ], [ 5.58719696900005, 5.50349441300006 ], [ 5.59352795500007, 5.50549917300003 ], [ 5.59339970700006, 5.50633392900005 ], [ 5.60071051000006, 5.51201008100003 ], [ 5.60470706400002, 5.50997062900007 ], [ 5.60816732100005, 5.50932618200005 ], [ 5.61337341500007, 5.51128965200007 ], [ 5.61390279000005, 5.51068894700006 ], [ 5.61857400200006, 5.51407242300007 ], [ 5.62008187400005, 5.51397621200005 ] ] ] } },
{ "type": "Feature", "properties": { "wardname": "Madangho", "lganame": "Warri South-West" }, "geometry": { "type": "Polygon", "coordinates": [ [ [ 5.21353520600007, 5.60112204600006 ], [ 5.21951487000007, 5.60075240500004 ], [ 5.21735820100002, 5.59552973800004 ], [ 5.21382979100002, 5.59099762800003 ], [ 5.21482121900004, 5.59008703700005 ], [ 5.21600747900004, 5.58595317000004 ], [ 5.21789662300006, 5.58314861900004 ], [ 5.21951128200004, 5.58217647200007 ], [ 5.21883537300005, 5.57583838700003 ], [ 5.20451526700003, 5.58728546700007 ], [ 5.20560265200004, 5.59016634600005 ], [ 5.20524723800003, 5.59623010600006 ], [ 5.20696574300007, 5.59967495600006 ], [ 5.20993558300006, 5.59926315600006 ], [ 5.21353520600007, 5.60112204600006 ] ] ] } },
{ "type": "Feature", "properties": { "wardname": "Ogbe-Ijoh", "lganame": "Warri South-West" }, "geometry": { "type": "MultiPolygon", "coordinates": [ [ [ [ 5.58766704400006, 5.60508370700006 ], [ 5.59356621000006, 5.60407662900008 ], [ 5.59430537800006, 5.60124666900003 ], [ 5.59340388800007, 5.59648211200005 ], [ 5.59469290600003, 5.59228393100005 ], [ 5.59707036200007, 5.59010061600003 ], [ 5.60075262600003, 5.59015654100006 ], [ 5.60401143200005, 5.58579614200005 ], [ 5.61108439000003, 5.58201743800004 ], [ 5.62196953700004, 5.56767898200007 ], [ 5.62661280800006, 5.56327382700005 ], [ 5.63235771900003, 5.55608670900006 ], [ 5.63409587800004, 5.54823560600005 ], [ 5.62095954500006, 5.55118414000003 ], [ 5.61063048100004, 5.54900289100004 ], [ 5.60627919900003, 5.54646788900004 ], [ 5.60233015600005, 5.54206693400005 ], [ 5.59958943100003, 5.53305276800006 ], [ 5.59733847500007, 5.52998708100006 ], [ 5.59739294000002, 5.52787643800002 ], [ 5.59627435300007, 5.52630550700007 ], [ 5.58655641600006, 5.52358528400003 ], [ 5.58396723400006, 5.52065874800007 ], [ 5.57958384700004, 5.51876794100002 ], [ 5.57743060700005, 5.52001615300003 ], [ 5.57815107500005, 5.52170144300004 ], [ 5.58112683000007, 5.52476666100006 ], [ 5.58397831300005, 5.52343715500007 ], [ 5.58545530800006, 5.52372778700004 ], [ 5.58641419700007, 5.52692550800003 ], [ 5.58836528100005, 5.52837576000007 ], [ 5.58767157900007, 5.52969801000006 ], [ 5.58569410900003, 5.52919235100006 ], [ 5.58309216600003, 5.53312463200007 ], [ 5.59181829300007, 5.53531206400004 ], [ 5.59360154000007, 5.54291440900005 ], [ 5.60129157700004, 5.54766356100004 ], [ 5.60100750200007, 5.54916363600006 ], [ 5.59920085100003, 5.55088264200003 ], [ 5.59459031500006, 5.55226551600003 ], [ 5.59458836600004, 5.55646848000004 ], [ 5.59820354500005, 5.55782786200007 ], [ 5.60072479400003, 5.55498927600007 ], [ 5.60253176000003, 5.55469296400003 ], [ 5.60755732000007, 5.55841878200005 ], [ 5.60114506600007, 5.55982106600004 ], [ 5.60133045800006, 5.56096804900005 ], [ 5.60054728700004, 5.56112690200007 ], [ 5.60008128500004, 5.55904475500006 ], [ 5.60082166000007, 5.55837162300003 ], [ 5.60211712100005, 5.55899793300006 ], [ 5.60606409900004, 5.55813954200005 ], [ 5.60238491900003, 5.55533711000004 ], [ 5.60104012900007, 5.55569575500004 ], [ 5.59842450000002, 5.55844994800003 ], [ 5.59405847600004, 5.55704504800002 ], [ 5.59376267500005, 5.55194895300002 ], [ 5.59316702200005, 5.55159392900003 ], [ 5.59951304600003, 5.54972849300003 ], [ 5.60076371200006, 5.54788987300003 ], [ 5.59491042700006, 5.54613315200004 ], [ 5.59272128500004, 5.54395705300004 ], [ 5.59152912100006, 5.54120248400005 ], [ 5.59178476500006, 5.53777820600004 ], [ 5.59095590000004, 5.53565470100006 ], [ 5.58165996600007, 5.53477263500002 ], [ 5.58508069000004, 5.52894024600005 ], [ 5.58763522400005, 5.52863922300003 ], [ 5.58571274900004, 5.52688421900007 ], [ 5.58458713000005, 5.52397694800004 ], [ 5.58228065200007, 5.52612372700003 ], [ 5.58206731400003, 5.52802859000008 ], [ 5.58043435200005, 5.53022291500002 ], [ 5.57346999500004, 5.53426708600006 ], [ 5.57603595400008, 5.53676424500003 ], [ 5.57838292500003, 5.54083050300005 ], [ 5.57976589400005, 5.54622497300005 ], [ 5.58127932200006, 5.54613088400004 ], [ 5.58378956600006, 5.54260420400004 ], [ 5.58165629200005, 5.53844489100004 ], [ 5.58139275000002, 5.53617911100002 ], [ 5.58452547200005, 5.54272230000004 ], [ 5.58897123700007, 5.54413088500007 ], [ 5.58888989400003, 5.54671520400007 ], [ 5.58845009300006, 5.54419502900004 ], [ 5.58469289100003, 5.54348195200004 ], [ 5.58303952700004, 5.54612326100005 ], [ 5.58058753200004, 5.54713897400006 ], [ 5.57827039800003, 5.54639400500002 ], [ 5.57650369900006, 5.54463883700004 ], [ 5.57475712100006, 5.54467333000002 ], [ 5.57705002900002, 5.54436809400005 ], [ 5.57857081500003, 5.54578591100005 ], [ 5.57631732600004, 5.54014012100004 ], [ 5.57375348300008, 5.53835670600006 ], [ 5.57240040400006, 5.53547669900007 ], [ 5.57240275800007, 5.53364946600004 ], [ 5.57431935500006, 5.53190227800008 ], [ 5.57974514300003, 5.52924785500005 ], [ 5.58127411100003, 5.52652893700002 ], [ 5.57086550300005, 5.52147569100003 ], [ 5.57111628600006, 5.52234399400004 ], [ 5.57042625400004, 5.52243610800002 ], [ 5.57020933000007, 5.52461085700003 ], [ 5.56858087100005, 5.52743394100003 ], [ 5.56351543800002, 5.53112963400002 ], [ 5.56088452800003, 5.53198320500007 ], [ 5.55545369000004, 5.53856542600005 ], [ 5.54976885700006, 5.54352690700006 ], [ 5.54566154500003, 5.54314795300007 ], [ 5.54401868100007, 5.54096544700008 ], [ 5.54299702600002, 5.53745839900006 ], [ 5.54231062900004, 5.53781714400003 ], [ 5.54253491200006, 5.53662719600004 ], [ 5.54173711700003, 5.53583529600007 ], [ 5.54087034900004, 5.53611318100008 ], [ 5.53971131100008, 5.53806496500005 ], [ 5.54047479500002, 5.54527309100007 ], [ 5.53972920100006, 5.54665172700004 ], [ 5.53557554900004, 5.54912760000008 ], [ 5.53620597100007, 5.55063359800005 ], [ 5.54081285400002, 5.55337490100004 ], [ 5.54657382900007, 5.55827428900005 ], [ 5.54740523000004, 5.55625621200005 ], [ 5.54751325500007, 5.55172970200005 ], [ 5.54853179100007, 5.55023852700003 ], [ 5.55310410500005, 5.54740982300007 ], [ 5.55593945100003, 5.54769992300004 ], [ 5.55754341400007, 5.54945582500005 ], [ 5.55594685500006, 5.55530054600007 ], [ 5.55704640700003, 5.55792269700004 ], [ 5.55863889800003, 5.55890849700006 ], [ 5.56313732600006, 5.55631651800007 ], [ 5.56629251500004, 5.55623400500002 ], [ 5.56742256500007, 5.55717672300005 ], [ 5.56885002900003, 5.56127936100006 ], [ 5.56824632800004, 5.56179987300004 ], [ 5.56765577300007, 5.56120049500004 ], [ 5.56689544900007, 5.55777001400003 ], [ 5.56553454300007, 5.55658611500007 ], [ 5.56189016200005, 5.55748666600005 ], [ 5.55908422200002, 5.55952752200005 ], [ 5.55694634300005, 5.55883584600002 ], [ 5.55560702400004, 5.55695590200003 ], [ 5.55547313700004, 5.55288711200006 ], [ 5.55477312100004, 5.55239628400005 ], [ 5.55556766700005, 5.55242860800007 ], [ 5.55693001600002, 5.54970246100004 ], [ 5.55382050300005, 5.54813743000005 ], [ 5.55394189600003, 5.54907865700005 ], [ 5.55298390800004, 5.54832517400007 ], [ 5.54805662300004, 5.55199532500006 ], [ 5.54830821400003, 5.55594801000007 ], [ 5.54758611800003, 5.55889803000002 ], [ 5.54586067100007, 5.55907020500007 ], [ 5.54110634900007, 5.55568545500006 ], [ 5.53759479100006, 5.55439775800005 ], [ 5.53603544700007, 5.55302684700007 ], [ 5.53466172100002, 5.54942005500004 ], [ 5.53568921500005, 5.54772101000003 ], [ 5.53895750400005, 5.54587128500003 ], [ 5.53809098900007, 5.54518539500003 ], [ 5.53829225200008, 5.54366973400005 ], [ 5.53958659900007, 5.54366531800002 ], [ 5.53858208600008, 5.53958780700003 ], [ 5.53797904800007, 5.53951086600006 ], [ 5.53905752500003, 5.53687521000006 ], [ 5.53806683200003, 5.53632800900004 ], [ 5.54011797100003, 5.53503015600006 ], [ 5.53786002200007, 5.53259527400007 ], [ 5.53575423800004, 5.53508495100004 ], [ 5.53232919000004, 5.53520607400003 ], [ 5.53245698600006, 5.53596478800006 ], [ 5.53161218700006, 5.53565429800005 ], [ 5.53051125800005, 5.53671282800002 ], [ 5.52888395500003, 5.53466575700003 ], [ 5.52729140500003, 5.53503155700002 ], [ 5.52650415700003, 5.53618404800005 ], [ 5.52806915800005, 5.53838772200004 ], [ 5.52769529400007, 5.53902045000007 ], [ 5.52601536200007, 5.53646764200005 ], [ 5.52409304600008, 5.53650984700005 ], [ 5.52297137300008, 5.53440334800007 ], [ 5.52071635800007, 5.53305001600006 ], [ 5.51990021500006, 5.53328814100007 ], [ 5.51918816700004, 5.53224108800003 ], [ 5.51396854700005, 5.53402346300004 ], [ 5.51123769800006, 5.532454 ], [ 5.50906376200004, 5.52889673200002 ], [ 5.50976872400003, 5.52146780200007 ], [ 5.50861593700006, 5.52209273300002 ], [ 5.50917377000007, 5.52333725300002 ], [ 5.50798442400003, 5.52296483300006 ], [ 5.50831234900005, 5.52101315800007 ], [ 5.50477019300007, 5.52100992500004 ], [ 5.50235066700003, 5.52225847700004 ], [ 5.49831027400006, 5.51948439500006 ], [ 5.49748404200005, 5.52062609000006 ], [ 5.49612081400005, 5.52021089200002 ], [ 5.49468496000003, 5.52178621600007 ], [ 5.49561322400007, 5.52004272300007 ], [ 5.49769514800005, 5.51894082800004 ], [ 5.50182316700005, 5.52099579500003 ], [ 5.50563479600004, 5.52037502000007 ], [ 5.50981801600005, 5.52076369500003 ], [ 5.51049166700005, 5.52316882700006 ], [ 5.50951381900006, 5.52589169000004 ], [ 5.50969310200003, 5.52941141800005 ], [ 5.51203412700005, 5.53238949900003 ], [ 5.51462004200005, 5.53339603300003 ], [ 5.51739616300006, 5.53185807000006 ], [ 5.51606290400002, 5.52672368600003 ], [ 5.51825136400004, 5.52318751800004 ], [ 5.52143571900007, 5.52128760700003 ], [ 5.52648043000005, 5.52080330500007 ], [ 5.52720596800003, 5.51894236500004 ], [ 5.52785010400004, 5.52027041000002 ], [ 5.52898268200005, 5.51999789300004 ], [ 5.53024759200002, 5.51808510000006 ], [ 5.52944216100002, 5.51679672400007 ], [ 5.51944719400007, 5.51253613200004 ], [ 5.51676939500004, 5.51016041500003 ], [ 5.51245245600006, 5.50984399500004 ], [ 5.50880480200004, 5.50779764500004 ], [ 5.50619250100004, 5.50851858900006 ], [ 5.50598477600005, 5.50974178600006 ], [ 5.50561857100007, 5.50851127400006 ], [ 5.50362950400006, 5.50750771800006 ], [ 5.50152805400006, 5.50499181700008 ], [ 5.50151946800003, 5.50187495800003 ], [ 5.50330135700005, 5.49730611100006 ], [ 5.50213111300008, 5.49586774600004 ], [ 5.50035396900006, 5.49550130200004 ], [ 5.49568790200004, 5.49720641800008 ], [ 5.49547569000003, 5.49800142100003 ], [ 5.49521840200003, 5.49712192500004 ], [ 5.49180362300007, 5.49590879900006 ], [ 5.48616071500004, 5.49530817500005 ], [ 5.48916627700004, 5.49513581500003 ], [ 5.49529957600004, 5.49674709500005 ], [ 5.50077356800006, 5.49496787700002 ], [ 5.50204766300004, 5.49532600500004 ], [ 5.50365070900006, 5.49725931900002 ], [ 5.50195622900003, 5.50200758900007 ], [ 5.50331075600008, 5.50644158400007 ], [ 5.50503948800002, 5.50760596000003 ], [ 5.50893269600004, 5.50708572400004 ], [ 5.51230160500006, 5.50894921500003 ], [ 5.51451472000002, 5.50905013300007 ], [ 5.51451873000002, 5.50736844400006 ], [ 5.51074905800004, 5.50053494700006 ], [ 5.50665149800005, 5.49533761000004 ], [ 5.49792452200006, 5.47634893600002 ], [ 5.49458086700002, 5.46182981200008 ], [ 5.49262260900002, 5.45712099200006 ], [ 5.49088151600006, 5.44445474000003 ], [ 5.48765979500007, 5.43315470300007 ], [ 5.48379660600006, 5.42355661200003 ], [ 5.48032847400003, 5.41816106600004 ], [ 5.47821688300007, 5.41194051800005 ], [ 5.47408753900004, 5.40601375200004 ], [ 5.47041117500004, 5.40324589400007 ], [ 5.46612662300004, 5.40297539500006 ], [ 5.45688299100004, 5.40896357800005 ], [ 5.44914951400006, 5.41016218600004 ], [ 5.42993292000006, 5.41983396800003 ], [ 5.42499862300002, 5.42012945100004 ], [ 5.42183248200007, 5.42219171800002 ], [ 5.41842484900008, 5.42670458400005 ], [ 5.41915151900002, 5.42999630300005 ], [ 5.42291047100002, 5.43402665300005 ], [ 5.42607067900002, 5.43514407800006 ], [ 5.42950461100003, 5.43766104900004 ], [ 5.43141973100006, 5.44012820900002 ], [ 5.43378098500006, 5.44632735100004 ], [ 5.43478291000002, 5.44634712700002 ], [ 5.44351001700005, 5.44419965300006 ], [ 5.44578858400007, 5.44436291500006 ], [ 5.44654932500003, 5.43914982000007 ], [ 5.44795268100006, 5.43720579900003 ], [ 5.44978133800004, 5.43720691000004 ], [ 5.45446458600003, 5.43969317000006 ], [ 5.45739400100007, 5.43924800200006 ], [ 5.45793625800007, 5.43806678300007 ], [ 5.45677961700005, 5.43351577600004 ], [ 5.45972228800002, 5.42774226800003 ], [ 5.45955823300005, 5.42473219500005 ], [ 5.46063291700005, 5.42335048300004 ], [ 5.46043830800005, 5.42210124700006 ], [ 5.45840602000004, 5.42058863100004 ], [ 5.45859032500005, 5.41803839500005 ], [ 5.46201636200004, 5.41635176700004 ], [ 5.46506313800006, 5.41599044900005 ], [ 5.46670907600003, 5.41673573400004 ], [ 5.46680419300003, 5.41724194800003 ], [ 5.46476843300007, 5.41661666800007 ], [ 5.460018, 5.41752778700004 ], [ 5.45876178300006, 5.41914508500003 ], [ 5.45903324600005, 5.42047482800007 ], [ 5.46068930900003, 5.42131809800003 ], [ 5.46135515600002, 5.42273400100004 ], [ 5.45998637100007, 5.42939029900003 ], [ 5.45749594700004, 5.43436154300002 ], [ 5.45883072100003, 5.43794023100003 ], [ 5.45843323500003, 5.43958557300004 ], [ 5.45703573000003, 5.44050128100002 ], [ 5.45492171500007, 5.44050544700002 ], [ 5.44874748700005, 5.43773925600004 ], [ 5.44762690000005, 5.43826991500003 ], [ 5.44732790800003, 5.44238776600002 ], [ 5.44599802000005, 5.44533256200003 ], [ 5.44981136300004, 5.44895216600003 ], [ 5.45155452400007, 5.44823033500006 ], [ 5.45555614400007, 5.44306949300005 ], [ 5.45771659300004, 5.44162015100005 ], [ 5.46298117200007, 5.43935278800006 ], [ 5.46687343500002, 5.43978714800005 ], [ 5.46988891100006, 5.43851311400005 ], [ 5.47023728900007, 5.43721616800002 ], [ 5.46881383000004, 5.43345096500002 ], [ 5.47082938700004, 5.43102161800005 ], [ 5.47852191300007, 5.42875163900004 ], [ 5.47990145500006, 5.42930571500005 ], [ 5.47985188000007, 5.43008387500004 ], [ 5.47864633900002, 5.42919691600002 ], [ 5.47097060900006, 5.43172547300003 ], [ 5.46926254600004, 5.43373288900005 ], [ 5.47086841800007, 5.43740457400003 ], [ 5.47002310000005, 5.43912112200007 ], [ 5.46637073300008, 5.44059174500006 ], [ 5.46262336100006, 5.44043629800007 ], [ 5.46020618300003, 5.44230782200003 ], [ 5.46197740700006, 5.44503847500005 ], [ 5.46207736300005, 5.44980508000003 ], [ 5.46341800900007, 5.45479370100003 ], [ 5.46307255600004, 5.45873360400003 ], [ 5.46935323700006, 5.46520930600008 ], [ 5.47033075400003, 5.46489804700008 ], [ 5.46935118700003, 5.46123784400004 ], [ 5.47057908700003, 5.45715176800007 ], [ 5.47277565900004, 5.45705848700004 ], [ 5.47895151800003, 5.45974249900007 ], [ 5.47800761100007, 5.46314591500004 ], [ 5.47715770100007, 5.45921373400006 ], [ 5.47201360300005, 5.45749897500002 ], [ 5.47044157600004, 5.45795629400004 ], [ 5.46998788400003, 5.46160017900007 ], [ 5.47131799900006, 5.46446456600006 ], [ 5.46765666800007, 5.47329564900002 ], [ 5.47421161000005, 5.47616155900005 ], [ 5.47704832300008, 5.47632643000003 ], [ 5.47769915000003, 5.47817979500007 ], [ 5.47582518100006, 5.48222295400006 ], [ 5.47635680500002, 5.48523137300003 ], [ 5.48111826800005, 5.48363123100006 ], [ 5.48382538500005, 5.48541429700003 ], [ 5.48611140800006, 5.48516307100004 ], [ 5.48646354300007, 5.48575833700005 ], [ 5.48388662500003, 5.48640391000004 ], [ 5.48062867900006, 5.48399975600006 ], [ 5.47807928400005, 5.48549894600006 ], [ 5.47604144400003, 5.48566740800004 ], [ 5.47528326600008, 5.48250290200002 ], [ 5.47715015600005, 5.47866161200005 ], [ 5.47687733500004, 5.47689814500006 ], [ 5.47337414800006, 5.47669614100005 ], [ 5.47077047400006, 5.47466197300002 ], [ 5.46704422900007, 5.47370475400004 ], [ 5.46933934800006, 5.46677116100005 ], [ 5.46245880000004, 5.46013387500005 ], [ 5.46215507800002, 5.45511258800002 ], [ 5.46055076700003, 5.44999794700004 ], [ 5.46044509600006, 5.44503145000004 ], [ 5.45854393400003, 5.44285810500003 ], [ 5.45439207900006, 5.44765478200003 ], [ 5.45040793200008, 5.45055565300004 ], [ 5.44639784400005, 5.44991365600004 ], [ 5.44453768500006, 5.44672641800003 ], [ 5.44330783800007, 5.44625797000003 ], [ 5.43785642100005, 5.45000436200007 ], [ 5.43512376800004, 5.45032035500003 ], [ 5.43189864500005, 5.46194438900005 ], [ 5.43236434200003, 5.46306236700002 ], [ 5.44005707200006, 5.46262333600004 ], [ 5.44271319000006, 5.46398531400007 ], [ 5.44439463200007, 5.46735797000002 ], [ 5.44662203500008, 5.46656363300002 ], [ 5.45088215400006, 5.46755255500005 ], [ 5.45221091100007, 5.46258417100006 ], [ 5.45351583200005, 5.46155348200006 ], [ 5.45532962200002, 5.46136294800004 ], [ 5.45595779600006, 5.46210722500007 ], [ 5.45533568600007, 5.46593227100004 ], [ 5.45633546100004, 5.47023308300004 ], [ 5.45731463700002, 5.47184639700004 ], [ 5.45969847400005, 5.47262871900006 ], [ 5.45765176500004, 5.47256310000006 ], [ 5.45617156000003, 5.47136385600004 ], [ 5.45470561800005, 5.46548862900005 ], [ 5.45541950700004, 5.46203084600006 ], [ 5.45437546500006, 5.46172135400008 ], [ 5.45256696300004, 5.46288232000006 ], [ 5.45142758300005, 5.46778825600006 ], [ 5.44677254000004, 5.46791290300007 ], [ 5.44639186800003, 5.46737769000003 ], [ 5.44465956400006, 5.46872317200007 ], [ 5.44330724500003, 5.47262185700004 ], [ 5.44410317200004, 5.47336232100002 ], [ 5.44295540900004, 5.47393001000006 ], [ 5.44295648700006, 5.47651848300006 ], [ 5.44373774000007, 5.47713639900007 ], [ 5.44302783900002, 5.47622489800005 ], [ 5.44360803900003, 5.47603231800002 ], [ 5.44494175300002, 5.47778282800004 ], [ 5.45484961400007, 5.47770838000002 ], [ 5.45834331300006, 5.47970604800003 ], [ 5.46298881700005, 5.49153382400004 ], [ 5.47094293000004, 5.50345790900008 ], [ 5.47186469700006, 5.50733210400006 ], [ 5.47534963400005, 5.50512083400002 ], [ 5.47799946400005, 5.50512401700007 ], [ 5.47924601900007, 5.50797026500004 ], [ 5.48046450200007, 5.50877370100005 ], [ 5.47906220100003, 5.50449913500006 ], [ 5.47956500400005, 5.50340458600004 ], [ 5.48062502500005, 5.50333874300003 ], [ 5.48303935900003, 5.50715956000005 ], [ 5.48376451100006, 5.50531301000007 ], [ 5.48760985000007, 5.50369268200006 ], [ 5.49089660500005, 5.50699566000003 ], [ 5.48938385000002, 5.51012583300007 ], [ 5.49355656800003, 5.51008370600005 ], [ 5.49273872300006, 5.51102571900003 ], [ 5.49270712100002, 5.51015276600003 ], [ 5.48924279400006, 5.51062792400006 ], [ 5.48903458500007, 5.50914785300006 ], [ 5.49043485200002, 5.50716266700005 ], [ 5.48704343200006, 5.50413460400006 ], [ 5.48418753400006, 5.50574365300002 ], [ 5.48357755900003, 5.50778438700007 ], [ 5.48222853800007, 5.50729038400004 ], [ 5.47996189700007, 5.50394268100007 ], [ 5.47996162000004, 5.50571364500007 ], [ 5.48145718800004, 5.50833135800002 ], [ 5.48102234600003, 5.50940227100006 ], [ 5.47929576100006, 5.50896359000006 ], [ 5.47808691500006, 5.50964108500006 ], [ 5.47885816700006, 5.50852701600007 ], [ 5.47733143900007, 5.50611160100004 ], [ 5.47565511200003, 5.50619121800003 ], [ 5.47560342700007, 5.50680529800007 ], [ 5.47510013300007, 5.50628283400005 ], [ 5.46928189200003, 5.51032478100007 ], [ 5.46966697300007, 5.51197780000007 ], [ 5.46861408900003, 5.51104507000002 ], [ 5.46793381800006, 5.51138763500006 ], [ 5.46693530400006, 5.51352369700004 ], [ 5.46770779000002, 5.51444130000004 ], [ 5.47174420400006, 5.51282906500006 ], [ 5.47422816800002, 5.51398741400004 ], [ 5.47526767100004, 5.51372761700003 ], [ 5.47437606000005, 5.51457579000004 ], [ 5.47533765800006, 5.51718501300007 ], [ 5.47383458200005, 5.51725200600004 ], [ 5.47169630600007, 5.51921649200006 ], [ 5.47161019600003, 5.52152336500006 ], [ 5.47434824500004, 5.52136403200006 ], [ 5.47455830700005, 5.52201770700003 ], [ 5.47169832500003, 5.52218527300005 ], [ 5.47142565700005, 5.52628240100006 ], [ 5.47282996900003, 5.52619760700003 ], [ 5.47395355600003, 5.52470464700002 ], [ 5.47466454600004, 5.52673285200007 ], [ 5.47595499400006, 5.52696964100005 ], [ 5.47610104700004, 5.52845140700003 ], [ 5.47734663300002, 5.52951640800006 ], [ 5.47826531900006, 5.52928634300002 ], [ 5.48102520300006, 5.53220652700003 ], [ 5.48014576600002, 5.53914358400004 ], [ 5.49156780000004, 5.54034506500005 ], [ 5.49377233700005, 5.54211887500003 ], [ 5.49404638000004, 5.54423148500007 ], [ 5.49316580900006, 5.54631723400007 ], [ 5.49717273200002, 5.54630959700006 ], [ 5.49661980800005, 5.54695801700007 ], [ 5.49288567900004, 5.54679879400004 ], [ 5.49091183300004, 5.55042533700004 ], [ 5.49206832900006, 5.55103754400005 ], [ 5.49091461400008, 5.55133890700006 ], [ 5.49153565700004, 5.55289103000007 ], [ 5.49224142100007, 5.55208314500004 ], [ 5.49181604200004, 5.55419936600003 ], [ 5.49236196600003, 5.55593294700003 ], [ 5.49341155100007, 5.55621912500004 ], [ 5.49253704000006, 5.55631222300002 ], [ 5.49306499400006, 5.55736745900003 ], [ 5.49907630200005, 5.55629813700006 ], [ 5.49326588200006, 5.55791533400003 ], [ 5.49362062900002, 5.55953973400005 ], [ 5.49413335500003, 5.55936473500003 ], [ 5.49378079600007, 5.56070545800003 ], [ 5.49551416500003, 5.56726749600006 ], [ 5.49673633800006, 5.56753506800004 ], [ 5.49604400200008, 5.56860698400004 ], [ 5.49798345000005, 5.57013551000006 ], [ 5.50390532900008, 5.56986196000003 ], [ 5.50438349200004, 5.56926033600007 ], [ 5.51256863100002, 5.57927950400006 ], [ 5.51254579100004, 5.58117765400004 ], [ 5.51134233900007, 5.58097617700003 ], [ 5.50974906300007, 5.57768314900005 ], [ 5.50703444900006, 5.57589204000004 ], [ 5.50386082100005, 5.57822647100005 ], [ 5.50401164200002, 5.57948146300004 ], [ 5.50331330800003, 5.57915186100007 ], [ 5.50232990700005, 5.58260177800003 ], [ 5.50506318200007, 5.58459334400004 ], [ 5.50825091100006, 5.58908657800004 ], [ 5.51543386900005, 5.59482250200006 ], [ 5.52711129600004, 5.59740386800007 ], [ 5.52855168000002, 5.59886815900006 ], [ 5.53191335100007, 5.60018368600004 ], [ 5.53379148600004, 5.60273977800006 ], [ 5.53663609300003, 5.60141074600006 ], [ 5.54031928900002, 5.60121969400006 ], [ 5.54285834200005, 5.60255887300002 ], [ 5.55347866400007, 5.60417967900003 ], [ 5.56320667100005, 5.60175468900007 ], [ 5.56277980100003, 5.60132242700007 ], [ 5.56402315400004, 5.59984596700002 ], [ 5.56421101400002, 5.59789358200004 ], [ 5.56376405200007, 5.59310533600006 ], [ 5.56486929600004, 5.59004257900006 ], [ 5.56876226500003, 5.58528191200003 ], [ 5.57665105000007, 5.57911873600005 ], [ 5.58166212300006, 5.58282380100007 ], [ 5.58208154400006, 5.58547018500008 ], [ 5.58056308800008, 5.59668767600004 ], [ 5.58118466000008, 5.59885360200008 ], [ 5.58048334700004, 5.59888673100005 ], [ 5.57993683500007, 5.60108010400006 ], [ 5.58100837400002, 5.60109544800002 ], [ 5.58002881900006, 5.60156688300003 ], [ 5.58100453900005, 5.60335326400002 ], [ 5.58299924100004, 5.60452975700002 ], [ 5.58766704400006, 5.60508370700006 ] ] ], [ [ [ 5.50455582600006, 5.35869219200003 ], [ 5.49826934800006, 5.35705979600004 ], [ 5.49603876300006, 5.35787954100005 ], [ 5.50267602300005, 5.35967726500007 ], [ 5.50270171800003, 5.36046472000004 ], [ 5.50571821800003, 5.36000864300007 ], [ 5.50455582600006, 5.35869219200003 ] ] ], [ [ [ 5.53150630600004, 5.36524971900008 ], [ 5.52702802000005, 5.36528410000005 ], [ 5.53110775400006, 5.36796871800004 ], [ 5.53318628400007, 5.37030675700004 ], [ 5.53521742800007, 5.37529515300002 ], [ 5.53806102800007, 5.37760125000005 ], [ 5.53616526000008, 5.37179618500005 ], [ 5.53305740100006, 5.36857744800005 ], [ 5.53383298400007, 5.36749313200005 ], [ 5.53150630600004, 5.36524971900008 ] ] ], [ [ [ 5.53698127800004, 5.37787861500004 ], [ 5.53537206800007, 5.37646156400007 ], [ 5.53600378100003, 5.37771469300003 ], [ 5.53698127800004, 5.37787861500004 ] ] ], [ [ [ 5.50237585500003, 5.37790283400005 ], [ 5.50625275600004, 5.37716663400005 ], [ 5.50912564200007, 5.37483901500002 ], [ 5.51299304600008, 5.36746574500006 ], [ 5.51183681100002, 5.36544630900005 ], [ 5.51263453000007, 5.36459078600006 ], [ 5.51219221500003, 5.36345297300005 ], [ 5.51004062200008, 5.36283056700006 ], [ 5.50552222600004, 5.36441906000005 ], [ 5.50305036200007, 5.36442304700006 ], [ 5.48142269300007, 5.36111184900005 ], [ 5.47869614700005, 5.36147524900002 ], [ 5.47479570300004, 5.36603664600005 ], [ 5.47237295500003, 5.36470112900003 ], [ 5.46670526400004, 5.36398643600006 ], [ 5.46145473700005, 5.36506397500006 ], [ 5.46495850600007, 5.36845274700005 ], [ 5.47684663700005, 5.37191078700005 ], [ 5.48193780800005, 5.37761695700004 ], [ 5.49499644600007, 5.37700200100005 ], [ 5.50237585500003, 5.37790283400005 ] ] ], [ [ [ 5.50843973600007, 5.38758934800006 ], [ 5.51469659000003, 5.38508265000007 ], [ 5.51326995200003, 5.38285702900004 ], [ 5.50917235600002, 5.38194996900006 ], [ 5.50376391400005, 5.38491592100007 ], [ 5.50843973600007, 5.38758934800006 ] ] ], [ [ [ 5.51632574100006, 5.38768866700002 ], [ 5.51793913900002, 5.38673024400003 ], [ 5.51598349900007, 5.38599747400002 ], [ 5.51363327300004, 5.38787307600006 ], [ 5.51632574100006, 5.38768866700002 ] ] ], [ [ [ 5.53789385600004, 5.38916698100007 ], [ 5.54062253500007, 5.38875009300006 ], [ 5.54132553100004, 5.38778539400005 ], [ 5.53890935500004, 5.38051982600007 ], [ 5.53504960500004, 5.37722540700003 ], [ 5.53156376200008, 5.37015473500003 ], [ 5.52556878600006, 5.36668519400007 ], [ 5.51993839100004, 5.36580312600006 ], [ 5.51796340200002, 5.36619350100005 ], [ 5.51552798500006, 5.36775492000004 ], [ 5.51056863800005, 5.37563314800008 ], [ 5.50744300400004, 5.37814698300002 ], [ 5.50359936500007, 5.37947376100004 ], [ 5.49665166400007, 5.37969867500004 ], [ 5.49546551100002, 5.38036126800006 ], [ 5.49585541900007, 5.38146895900007 ], [ 5.49852766100003, 5.38242335900003 ], [ 5.50957752300008, 5.38037202200007 ], [ 5.52187063300005, 5.38516125300004 ], [ 5.52938972700002, 5.38545695000005 ], [ 5.53308586800006, 5.38825787800005 ], [ 5.53789385600004, 5.38916698100007 ] ] ], [ [ [ 5.51223594000004, 5.39573047800008 ], [ 5.51364266400003, 5.39470513700007 ], [ 5.51695625300005, 5.39432020200007 ], [ 5.51685637400004, 5.39325818100002 ], [ 5.52050965400002, 5.39505098400002 ], [ 5.52878689500005, 5.39522855600006 ], [ 5.53114566900007, 5.39379255900008 ], [ 5.53157780300006, 5.39265142300007 ], [ 5.53250484700004, 5.39305630100006 ], [ 5.53446910700006, 5.39158442500008 ], [ 5.52683784000004, 5.38607550900002 ], [ 5.52412699600006, 5.38715527600004 ], [ 5.51850742200003, 5.38642596300002 ], [ 5.51795986600007, 5.38794031300006 ], [ 5.52001005600005, 5.39054179100003 ], [ 5.52124948600004, 5.39080985600003 ], [ 5.52029503100005, 5.39112036900002 ], [ 5.52054946300007, 5.39162127700007 ], [ 5.52249301200004, 5.39195820800006 ], [ 5.52177027800008, 5.39262981700006 ], [ 5.51979050300002, 5.39161899700002 ], [ 5.51792281800005, 5.38868679400002 ], [ 5.51671135800007, 5.38894118100006 ], [ 5.51690069800003, 5.39020691000007 ], [ 5.51581268600006, 5.38850093600007 ], [ 5.50942564900004, 5.38950314900006 ], [ 5.51032435300004, 5.39064235300003 ], [ 5.51272893800007, 5.39057012000006 ], [ 5.51100535000006, 5.39119529700002 ], [ 5.50622071300006, 5.38859476300007 ], [ 5.50053241500007, 5.38941704900003 ], [ 5.50152143500003, 5.39252072300008 ], [ 5.50321850000006, 5.39369357900006 ], [ 5.50696615500004, 5.39309116500004 ], [ 5.50763736200003, 5.39441579800007 ], [ 5.50948135000004, 5.39467242900002 ], [ 5.50861153900007, 5.39527230800007 ], [ 5.50960665800005, 5.39612081300004 ], [ 5.51252813600007, 5.39657703500006 ], [ 5.51223594000004, 5.39573047800008 ] ] ], [ [ [ 5.50754092700004, 5.39755909000007 ], [ 5.50940631100002, 5.39753701700005 ], [ 5.50708772300004, 5.39687416200007 ], [ 5.50754092700004, 5.39755909000007 ] ] ], [ [ [ 5.51616284200003, 5.40016588200007 ], [ 5.52610674300007, 5.39827921800003 ], [ 5.52709918200003, 5.39686724300003 ], [ 5.51670205700003, 5.39534017700004 ], [ 5.51571130600007, 5.39623965500004 ], [ 5.51526102400004, 5.39898661300003 ], [ 5.51616284200003, 5.40016588200007 ] ] ], [ [ [ 5.52093027500007, 5.40294172500006 ], [ 5.52315093700003, 5.40276556400005 ], [ 5.52493324900007, 5.39981251300003 ], [ 5.52221726400006, 5.39937470900003 ], [ 5.51992828200002, 5.40028437500007 ], [ 5.51922632100008, 5.40098837800002 ], [ 5.52037372000007, 5.40260460200005 ], [ 5.51949461200007, 5.40404670500004 ], [ 5.52093027500007, 5.40294172500006 ] ] ], [ [ [ 5.56483033300003, 5.43233866700007 ], [ 5.56573356500007, 5.43175545800005 ], [ 5.56476110100004, 5.42981524600003 ], [ 5.56479311900006, 5.42769324700004 ], [ 5.56976729900003, 5.42774290000006 ], [ 5.57218877700006, 5.42658294200004 ], [ 5.57314959600006, 5.42356350200004 ], [ 5.57435164000003, 5.42327408800003 ], [ 5.57561061800004, 5.42413827600006 ], [ 5.57380080000007, 5.41851639900005 ], [ 5.57061660100004, 5.41590489900005 ], [ 5.57222490000004, 5.41396980000007 ], [ 5.57105990000002, 5.41364830000003 ], [ 5.57024060000003, 5.41132149900005 ], [ 5.56902430100007, 5.41029970000005 ], [ 5.56570690000007, 5.41026749900004 ], [ 5.56539570000007, 5.40821590000007 ], [ 5.56669680000005, 5.407351 ], [ 5.56694740000006, 5.40559709900003 ], [ 5.56431680200006, 5.40325580000007 ], [ 5.56322030100006, 5.40342050000004 ], [ 5.56333140000004, 5.40183870000004 ], [ 5.56199020200006, 5.40287620000004 ], [ 5.56055310000005, 5.40264520000005 ], [ 5.56106150000005, 5.40066230000002 ], [ 5.56290510100007, 5.39998610000004 ], [ 5.56287450100007, 5.39360690000007 ], [ 5.56215500200005, 5.392427 ], [ 5.56099110100007, 5.39207940000006 ], [ 5.55461070100006, 5.393491 ], [ 5.55125522200007, 5.39173671400005 ], [ 5.54535827200004, 5.39282572100007 ], [ 5.53665714800007, 5.39862865900005 ], [ 5.53034904100002, 5.40109339300005 ], [ 5.52290579800007, 5.41060234000003 ], [ 5.52334643900002, 5.41283008300007 ], [ 5.52851007600003, 5.41222071500005 ], [ 5.53227445100003, 5.41392407100005 ], [ 5.53392226600005, 5.41052457200004 ], [ 5.53413588000006, 5.41157585700006 ], [ 5.53642161000005, 5.41060225300004 ], [ 5.539007, 5.41247754700004 ], [ 5.54015594700007, 5.41061683500004 ], [ 5.54014847600007, 5.41327708600005 ], [ 5.54370758900006, 5.42045829000006 ], [ 5.54570133900006, 5.42656436000004 ], [ 5.54774183600006, 5.42675848900006 ], [ 5.55251350800006, 5.42417918500007 ], [ 5.55371400600006, 5.42435961200005 ], [ 5.55565624500002, 5.42630070100006 ], [ 5.55605658100006, 5.43071039000006 ], [ 5.55760621600007, 5.42886601300006 ], [ 5.55923487800004, 5.42839083300004 ], [ 5.56241856200006, 5.43169105600003 ], [ 5.56483033300003, 5.43233866700007 ] ] ], [ [ [ 5.39647775300006, 5.48237604400003 ], [ 5.39596926200005, 5.48274699900003 ], [ 5.39552517400006, 5.48469762700006 ], [ 5.39747156600004, 5.48423667700007 ], [ 5.39647775300006, 5.48237604400003 ] ] ], [ [ [ 5.41688755500007, 5.49234503800005 ], [ 5.41839291300005, 5.48742494600003 ], [ 5.42085364900004, 5.48760143700002 ], [ 5.42331105100004, 5.48883580100005 ], [ 5.42423856200003, 5.48829217000002 ], [ 5.42050109100006, 5.48284348200002 ], [ 5.41967488700004, 5.47800594300003 ], [ 5.42069267400007, 5.47540864800004 ], [ 5.42549215600008, 5.47032988400002 ], [ 5.42688042100002, 5.46707778200005 ], [ 5.42891075500006, 5.46475348500007 ], [ 5.42844836100005, 5.46250948400007 ], [ 5.42695953600003, 5.46071859700004 ], [ 5.42649668800004, 5.45642698900002 ], [ 5.42901486600005, 5.45053267800006 ], [ 5.42828342300004, 5.44807385300004 ], [ 5.42685155200007, 5.44645852700006 ], [ 5.41625653100004, 5.44006216600008 ], [ 5.41357193800008, 5.44467267000005 ], [ 5.41283162000002, 5.45155492700007 ], [ 5.40988922800005, 5.45931695800004 ], [ 5.41022903200007, 5.45991357400004 ], [ 5.40952483900003, 5.46003242400008 ], [ 5.41057806700007, 5.46137452300007 ], [ 5.40900651000004, 5.46091043800004 ], [ 5.40827975700006, 5.46180422700007 ], [ 5.40311019900003, 5.47208434400005 ], [ 5.39946574100003, 5.47675413800005 ], [ 5.40255135600006, 5.47719206700003 ], [ 5.40447871800006, 5.47905948600004 ], [ 5.40455669800002, 5.48077642100003 ], [ 5.40136654500003, 5.48569455900002 ], [ 5.40135138300008, 5.48854398400005 ], [ 5.40252610400006, 5.49044186900005 ], [ 5.40752527600006, 5.49124493000005 ], [ 5.40649295800006, 5.49127448200005 ], [ 5.40673284100006, 5.49171500300002 ], [ 5.41547574700007, 5.49153821100003 ], [ 5.41688755500007, 5.49234503800005 ] ] ], [ [ [ 5.53557366100006, 5.50581514900006 ], [ 5.54010660600005, 5.50544927300007 ], [ 5.54336311700007, 5.50364566600007 ], [ 5.55042071400004, 5.49425905200007 ], [ 5.55440532100005, 5.49062516500004 ], [ 5.55395725300002, 5.48777811100007 ], [ 5.54922231600005, 5.48021340600008 ], [ 5.54965360900007, 5.47543535600005 ], [ 5.54848829200006, 5.47262136500007 ], [ 5.54941573900004, 5.47020115400005 ], [ 5.55332170100007, 5.46871453500006 ], [ 5.55368243100003, 5.46584669200007 ], [ 5.54943103200003, 5.46225573000004 ], [ 5.54506392500002, 5.46412633100005 ], [ 5.54113530400002, 5.46396960200002 ], [ 5.54202017400007, 5.46563599500007 ], [ 5.54140425600002, 5.46700100800007 ], [ 5.54292150400005, 5.46791621100004 ], [ 5.54085648700004, 5.47041515300003 ], [ 5.54193425000005, 5.46826702500005 ], [ 5.54078001800002, 5.46702703100004 ], [ 5.54146080100003, 5.46575474200006 ], [ 5.54033319400003, 5.46451820400006 ], [ 5.54081134200004, 5.46353962200004 ], [ 5.54495747600004, 5.46367957200005 ], [ 5.54906171900006, 5.46162856500007 ], [ 5.55460948200005, 5.46529254600006 ], [ 5.55626413400006, 5.46354808000007 ], [ 5.55393833400007, 5.46904345100006 ], [ 5.54930850700003, 5.47142921400007 ], [ 5.54913086200003, 5.47247890700004 ], [ 5.55047019200003, 5.47409354300004 ], [ 5.55451973600003, 5.47232328300004 ], [ 5.56114223600002, 5.47193908300005 ], [ 5.56217896200008, 5.47060659400006 ], [ 5.56257027500004, 5.47123468200004 ], [ 5.56447675500004, 5.47051607000003 ], [ 5.56735084300004, 5.47088741600004 ], [ 5.56842107800003, 5.47295236500003 ], [ 5.56916471400007, 5.47912661200007 ], [ 5.57086171200007, 5.48091647900003 ], [ 5.57537797200007, 5.48281297700004 ], [ 5.57894340000007, 5.48335873000002 ], [ 5.57928677200005, 5.48273917000006 ], [ 5.58639998600006, 5.48497888900005 ], [ 5.58777836700006, 5.48196920400005 ], [ 5.59012784200007, 5.47971479900002 ], [ 5.59455514800004, 5.47700150200006 ], [ 5.59708282400004, 5.47697794700002 ], [ 5.59794054500003, 5.47414122500004 ], [ 5.60255265000006, 5.47382400400005 ], [ 5.60051376600006, 5.47105711700004 ], [ 5.60515565000003, 5.47004903900006 ], [ 5.60767567300007, 5.46610108300007 ], [ 5.60749808300005, 5.46496086100007 ], [ 5.60554221300004, 5.46349998700003 ], [ 5.60769956500008, 5.45857419400005 ], [ 5.60754710100002, 5.4556 ], [ 5.60612670000006, 5.45518159900007 ], [ 5.60625130000005, 5.45363019900003 ], [ 5.60488560000005, 5.45185880000002 ], [ 5.60278870000008, 5.451887 ], [ 5.60157030000005, 5.45469080100003 ], [ 5.59845899900006, 5.45432410000006 ], [ 5.597345, 5.45710730000008 ], [ 5.59299343400005, 5.45478296300007 ], [ 5.59127600100004, 5.45602610000003 ], [ 5.58996610100007, 5.45381130000004 ], [ 5.58763750000003, 5.45275910000004 ], [ 5.58761810000004, 5.45109660000003 ], [ 5.58620630000007, 5.44994590000005 ], [ 5.58605250100004, 5.44863630000003 ], [ 5.58768140100005, 5.44726440000005 ], [ 5.58726360100007, 5.44558770000003 ], [ 5.58494609900004, 5.44522220100004 ], [ 5.582785, 5.44703530000004 ], [ 5.58193640000007, 5.44660090000002 ], [ 5.58092620000002, 5.44354380000004 ], [ 5.58191718100005, 5.44301504500004 ], [ 5.58185625300007, 5.44205144000006 ], [ 5.57821472300003, 5.43428279900007 ], [ 5.57759950600007, 5.43118494200007 ], [ 5.57638310200002, 5.43000270000005 ], [ 5.57972560100006, 5.42978799900004 ], [ 5.58346280100005, 5.43302070000004 ], [ 5.58797151600004, 5.42738992100004 ], [ 5.58729134800006, 5.42597629800002 ], [ 5.58176148600006, 5.42269496600005 ], [ 5.58010704400004, 5.42040758600007 ], [ 5.57665321800005, 5.41913656400004 ], [ 5.57563759300007, 5.41976530300008 ], [ 5.57666941200006, 5.42591604600005 ], [ 5.57575267000004, 5.42619856400006 ], [ 5.57385051400007, 5.42407976300007 ], [ 5.57251383400006, 5.42736689900005 ], [ 5.56965306700005, 5.42855846500004 ], [ 5.56548415600002, 5.42829663600003 ], [ 5.56716444500006, 5.43225771500005 ], [ 5.56665800800005, 5.43348011500007 ], [ 5.56344832500002, 5.43347448600002 ], [ 5.55923237700006, 5.42938169300004 ], [ 5.55708463000008, 5.43166279100006 ], [ 5.554882, 5.43208054500008 ], [ 5.55397976500007, 5.43312206400003 ], [ 5.55437701500006, 5.43376995200003 ], [ 5.55740604900006, 5.43314372700007 ], [ 5.55860892400005, 5.43364251400004 ], [ 5.55908440000007, 5.43598195300007 ], [ 5.55810173100002, 5.43914882400003 ], [ 5.56104849200005, 5.43729642100004 ], [ 5.56211371800003, 5.43750390100007 ], [ 5.56248433900004, 5.44016974600004 ], [ 5.56010160000005, 5.44284253200004 ], [ 5.56098011600005, 5.44408601700007 ], [ 5.56294624200007, 5.44408790000006 ], [ 5.56558567800005, 5.44073667500004 ], [ 5.56818030600004, 5.43972244500003 ], [ 5.56923809200003, 5.44111037400006 ], [ 5.56869835100002, 5.44480018500008 ], [ 5.57564568400005, 5.44538266000006 ], [ 5.57624110800003, 5.44667626900002 ], [ 5.57509982900007, 5.44895842700004 ], [ 5.57986857500003, 5.45074224900003 ], [ 5.58430627300004, 5.45137107400006 ], [ 5.58398890300003, 5.44965949000004 ], [ 5.58498893800004, 5.44916007200004 ], [ 5.58442251200006, 5.45012167300007 ], [ 5.58514208400004, 5.45300160000005 ], [ 5.58262946700006, 5.45131616800006 ], [ 5.57940192300003, 5.45128113900006 ], [ 5.57476435400002, 5.44973148000003 ], [ 5.57391756800007, 5.44808959200003 ], [ 5.57533039900005, 5.44697564400008 ], [ 5.57535483800007, 5.44601592900005 ], [ 5.56839244400004, 5.44568702500004 ], [ 5.56762081500005, 5.44424413900003 ], [ 5.56851732500007, 5.44100729500008 ], [ 5.56753712400007, 5.44026630800005 ], [ 5.56315318900005, 5.44471245000005 ], [ 5.55762460000005, 5.44461997900004 ], [ 5.55907862000004, 5.44408560600004 ], [ 5.56114972000006, 5.43910529000004 ], [ 5.55884814200004, 5.44023914300004 ], [ 5.55705523400007, 5.43948062400005 ], [ 5.55773063700002, 5.43450377700003 ], [ 5.55246236600004, 5.43532538000005 ], [ 5.55368732700003, 5.42686885300003 ], [ 5.54827390100007, 5.42900712900007 ], [ 5.54395216100005, 5.42808219400007 ], [ 5.54275924300003, 5.42660464200003 ], [ 5.54201026200008, 5.42256113700006 ], [ 5.53680015600003, 5.41474222200003 ], [ 5.53511650500008, 5.41663159200004 ], [ 5.53540624200002, 5.41787494200003 ], [ 5.53451798400005, 5.41724995200002 ], [ 5.52954359800003, 5.41732634000005 ], [ 5.52631493800004, 5.41600251500006 ], [ 5.52627820400005, 5.41762064700004 ], [ 5.52321626200006, 5.42305380900007 ], [ 5.51967453600003, 5.42372736200002 ], [ 5.51553803300004, 5.42740192400004 ], [ 5.51346846600006, 5.43145439000006 ], [ 5.51256845700004, 5.43568388800003 ], [ 5.51318715700006, 5.43920510700002 ], [ 5.51407283900005, 5.43968399600004 ], [ 5.51449338000003, 5.43820559300002 ], [ 5.51791834400007, 5.43781013100005 ], [ 5.51860678100007, 5.43710338400007 ], [ 5.52179017500004, 5.43846680600006 ], [ 5.51905434700006, 5.43746323100004 ], [ 5.51821126200002, 5.43825404500006 ], [ 5.51482157300006, 5.43863748200005 ], [ 5.51410510600004, 5.44049373100006 ], [ 5.51250481900007, 5.44007212000002 ], [ 5.51158615900005, 5.44061892400003 ], [ 5.51137858400006, 5.44445659200005 ], [ 5.50978501000003, 5.44627148000006 ], [ 5.50896615800002, 5.45131127700006 ], [ 5.51087565700004, 5.46476934800006 ], [ 5.51308773800002, 5.47142570100004 ], [ 5.51328663000004, 5.47445673800007 ], [ 5.51398998500002, 5.47474975700004 ], [ 5.51346274700006, 5.47495317400006 ], [ 5.51382782200005, 5.47795818900005 ], [ 5.51479986800007, 5.47863229000006 ], [ 5.51426726300002, 5.47954054900003 ], [ 5.51787114600006, 5.50005661600005 ], [ 5.51956825600007, 5.50221054300005 ], [ 5.52127850400007, 5.50144100100005 ], [ 5.52092342000003, 5.50274439200007 ], [ 5.52263232900003, 5.50365050900007 ], [ 5.53557366100006, 5.50581514900006 ] ] ], [ [ [ 5.40951605800007, 5.51217886400002 ], [ 5.41052862300006, 5.50561950700006 ], [ 5.41641726500006, 5.49862759300004 ], [ 5.41705427100004, 5.49469426900004 ], [ 5.41479123800002, 5.49253205600007 ], [ 5.41039995400007, 5.49324137200006 ], [ 5.40566279800004, 5.49260283000007 ], [ 5.40192578200003, 5.49105171700006 ], [ 5.40001842800007, 5.48877455300004 ], [ 5.39973171900004, 5.48611717200004 ], [ 5.40313575100004, 5.47970887900004 ], [ 5.39796594400002, 5.47932769800002 ], [ 5.39961921500003, 5.48199667300003 ], [ 5.39990158500007, 5.48431462000002 ], [ 5.39869631000005, 5.48647315900007 ], [ 5.39471036100002, 5.48804487300004 ], [ 5.39496574200007, 5.49787130600004 ], [ 5.39426134200005, 5.50356100700003 ], [ 5.39739644700006, 5.50831837100003 ], [ 5.39933351000008, 5.50740407000006 ], [ 5.39950527500002, 5.50856607500003 ], [ 5.39774997500007, 5.50891661300005 ], [ 5.39819839500007, 5.51020100200003 ], [ 5.39948528200006, 5.50961536700004 ], [ 5.39911144500007, 5.51083524600006 ], [ 5.40229129200003, 5.51210126200004 ], [ 5.40951605800007, 5.51217886400002 ] ] ], [ [ [ 5.73986720000005, 5.51138940000004 ], [ 5.74745547300006, 5.51054234600002 ], [ 5.75211607300002, 5.50538407400006 ], [ 5.75438732700007, 5.49902475100004 ], [ 5.75383843300006, 5.49689910500007 ], [ 5.74836832300002, 5.50279817700005 ], [ 5.74070273500007, 5.49267341100006 ], [ 5.74656396900002, 5.48536692400006 ], [ 5.74710959000004, 5.48281473900005 ], [ 5.74624811200005, 5.48237861400003 ], [ 5.74699540200004, 5.48084351700004 ], [ 5.74207644200004, 5.47502048700005 ], [ 5.74077950800006, 5.47462017100003 ], [ 5.73821190800004, 5.47067580300006 ], [ 5.73078855000006, 5.46529105500002 ], [ 5.73028701100003, 5.46297899600006 ], [ 5.72725342900003, 5.46369091900004 ], [ 5.72895261700006, 5.45976481200006 ], [ 5.72792852900005, 5.45737003300007 ], [ 5.72336883000003, 5.45963696000007 ], [ 5.72233355200007, 5.45941461400002 ], [ 5.72070798800007, 5.45606045800002 ], [ 5.71876703400005, 5.45440551700005 ], [ 5.72095601900003, 5.45118813200003 ], [ 5.71463025500003, 5.45141034400007 ], [ 5.71195642000004, 5.44777373100004 ], [ 5.70718869400002, 5.44812856200002 ], [ 5.70439455700006, 5.44734891600007 ], [ 5.70436390400005, 5.44974095700007 ], [ 5.70107188100008, 5.45424341500006 ], [ 5.70070210100005, 5.45720879900006 ], [ 5.69863192700006, 5.46058925700004 ], [ 5.70600080000003, 5.46593759900003 ], [ 5.708642, 5.47002990200002 ], [ 5.70929110000003, 5.47537790000007 ], [ 5.70800460000004, 5.47844610100003 ], [ 5.70979330000006, 5.49045320200003 ], [ 5.71306220000002, 5.49711370200004 ], [ 5.72563590000004, 5.50751330000003 ], [ 5.72545420100005, 5.51111719900007 ], [ 5.73020050000002, 5.51291650000007 ], [ 5.73451350100004, 5.51355730000006 ], [ 5.73986720000005, 5.51138940000004 ] ] ], [ [ [ 5.58496553300006, 5.51882544900008 ], [ 5.59204966500005, 5.52147317100003 ], [ 5.58828146800005, 5.51787481000002 ], [ 5.58138104700004, 5.51527369600007 ], [ 5.58120408500002, 5.51586602500004 ], [ 5.58496553300006, 5.51882544900008 ] ] ], [ [ [ 5.42573023200003, 5.50455542700007 ], [ 5.42984705000003, 5.50503770300003 ], [ 5.43137805800006, 5.50626986200007 ], [ 5.43251105200005, 5.50562207000007 ], [ 5.43689872000004, 5.49871722600005 ], [ 5.43807612900002, 5.49581844100004 ], [ 5.43798299500003, 5.49397439000006 ], [ 5.43518414700003, 5.49109548700005 ], [ 5.42866490100005, 5.49053656700005 ], [ 5.42484228300003, 5.48884776200003 ], [ 5.42249032700005, 5.48973603300004 ], [ 5.41940434300005, 5.48813993500005 ], [ 5.41860486700006, 5.48876444000007 ], [ 5.41770042300004, 5.49266234100003 ], [ 5.41798970800005, 5.49414927900006 ], [ 5.41920647200004, 5.49472058900005 ], [ 5.41815494500003, 5.49505192400005 ], [ 5.41794461200004, 5.49874038500008 ], [ 5.41286048700005, 5.50465678500007 ], [ 5.41186128000004, 5.50739491200005 ], [ 5.41132464300006, 5.51414420900005 ], [ 5.41304235300004, 5.51910992600006 ], [ 5.41555372200003, 5.52215824100006 ], [ 5.41939603400004, 5.52089421800002 ], [ 5.42343317300003, 5.51676340700004 ], [ 5.42416275700003, 5.51482479800006 ], [ 5.42319750500008, 5.50573351700007 ], [ 5.42573023200003, 5.50455542700007 ] ] ], [ [ [ 5.55152723600003, 5.54092352100002 ], [ 5.56175835500005, 5.53000506900003 ], [ 5.56644974300002, 5.52781032400003 ], [ 5.56787323900005, 5.52488291200007 ], [ 5.56755840900007, 5.52665332100003 ], [ 5.56914265300003, 5.52465553800005 ], [ 5.56932350300002, 5.52265047600002 ], [ 5.56827629100007, 5.52192062000006 ], [ 5.56636284600006, 5.51760249000006 ], [ 5.55866903700007, 5.51858459000005 ], [ 5.55680689900004, 5.51947289600002 ], [ 5.55516637900007, 5.51912185100002 ], [ 5.55159798400007, 5.52063608900005 ], [ 5.54724672700007, 5.52029538200003 ], [ 5.54773693800007, 5.52665762400005 ], [ 5.54615621000005, 5.52492309300004 ], [ 5.54669368300006, 5.52420762400004 ], [ 5.54631690700006, 5.52029920400003 ], [ 5.54345672800002, 5.51974199400007 ], [ 5.54286122900004, 5.52045965100007 ], [ 5.54245143500003, 5.51948586800006 ], [ 5.54108464100005, 5.51938198000005 ], [ 5.53980566900003, 5.52046021700005 ], [ 5.54002489400006, 5.51921400600003 ], [ 5.53943093800007, 5.51912651200007 ], [ 5.53590904200007, 5.52098986600004 ], [ 5.53474670800006, 5.52083794900005 ], [ 5.53132274300003, 5.52422755000003 ], [ 5.53055232300005, 5.52388243300004 ], [ 5.52761135000003, 5.52503807400007 ], [ 5.52055553500003, 5.52308283700006 ], [ 5.51922189100003, 5.52396938900006 ], [ 5.51935658500003, 5.52490907200007 ], [ 5.51795379600003, 5.52633087800007 ], [ 5.51819445500007, 5.52731269800006 ], [ 5.51769834300006, 5.52693896300002 ], [ 5.51741537100003, 5.52767630700004 ], [ 5.51831171000003, 5.52997804600005 ], [ 5.52311543000008, 5.53316318500003 ], [ 5.52537781600006, 5.53505675300005 ], [ 5.52532451300004, 5.53581312700004 ], [ 5.52664725200003, 5.53437314800004 ], [ 5.52643290900005, 5.53342586700006 ], [ 5.52876923900004, 5.53375273600005 ], [ 5.52966580400005, 5.53286179600002 ], [ 5.52945253800004, 5.53417488400004 ], [ 5.53017703200004, 5.53446095800007 ], [ 5.53508999700006, 5.53446154800002 ], [ 5.53751519700006, 5.53212170000006 ], [ 5.53741190100004, 5.53141995000004 ], [ 5.53946937600006, 5.53191360700004 ], [ 5.53879753800004, 5.53293286500002 ], [ 5.54127298300006, 5.53509599000006 ], [ 5.54237051300004, 5.53233972100003 ], [ 5.53961468500006, 5.53185007500002 ], [ 5.54384349200006, 5.53117371400003 ], [ 5.54230753700006, 5.53501067800005 ], [ 5.54370509300003, 5.53635360300007 ], [ 5.54600130700004, 5.53234218400007 ], [ 5.54409156200006, 5.53694300300003 ], [ 5.54560270300004, 5.54140975000007 ], [ 5.54753134200007, 5.54301021600003 ], [ 5.55152723600003, 5.54092352100002 ] ] ], [ [ [ 5.46690426900005, 5.53573668300004 ], [ 5.46898284700006, 5.53511570300003 ], [ 5.47291098000005, 5.53743141600006 ], [ 5.47721000600006, 5.53387710600003 ], [ 5.47985680500005, 5.53303703800003 ], [ 5.47523354800006, 5.52994279600006 ], [ 5.47383790400005, 5.52793358500003 ], [ 5.47063324700002, 5.52832226400005 ], [ 5.46926080700007, 5.52599558200006 ], [ 5.46978713500005, 5.52299749800005 ], [ 5.46782909400002, 5.52297245000005 ], [ 5.46987373700006, 5.52214811400006 ], [ 5.46998851100005, 5.51884974500007 ], [ 5.47248339800007, 5.51465610000002 ], [ 5.46820279500002, 5.51579067700004 ], [ 5.46603797200004, 5.51435170700006 ], [ 5.46665239600003, 5.51002077700002 ], [ 5.46550687300004, 5.50875942000005 ], [ 5.46709774300007, 5.50966646900002 ], [ 5.46933147400006, 5.50788036200004 ], [ 5.46978873600005, 5.50620803000004 ], [ 5.46174331200007, 5.49355443400003 ], [ 5.45765564100003, 5.48184743900003 ], [ 5.45648438300003, 5.48005505100002 ], [ 5.45478152100003, 5.47915387600005 ], [ 5.44555021900004, 5.48002726500005 ], [ 5.44100588200007, 5.47731854400007 ], [ 5.44069248400007, 5.47434293200007 ], [ 5.44139154000004, 5.47490426500002 ], [ 5.44105330000002, 5.47219083200002 ], [ 5.44221892300004, 5.46705100900004 ], [ 5.44122626700005, 5.46496495600007 ], [ 5.43878483800006, 5.46450044700003 ], [ 5.43164031000003, 5.46585488600005 ], [ 5.43054954300004, 5.46955340800002 ], [ 5.43105849800003, 5.47009191100005 ], [ 5.43001633700004, 5.47026411800005 ], [ 5.42345066400003, 5.47636123200004 ], [ 5.42238008000004, 5.47816434400005 ], [ 5.42229036900005, 5.48101242800004 ], [ 5.42524609200007, 5.48550012200008 ], [ 5.42857730300005, 5.48729940700002 ], [ 5.43622354400003, 5.48930967900003 ], [ 5.44039573900005, 5.49340193600005 ], [ 5.43987224200004, 5.50068203500007 ], [ 5.43927304500005, 5.50053289700003 ], [ 5.43756122600007, 5.50376720200006 ], [ 5.43711170900002, 5.50660640500007 ], [ 5.43805754500005, 5.50688828100004 ], [ 5.43968362500004, 5.50589256100005 ], [ 5.44393236000008, 5.49692621000003 ], [ 5.44439735400005, 5.49836753800002 ], [ 5.44687880400005, 5.50035516200006 ], [ 5.44546636000007, 5.50535562800007 ], [ 5.44978370900003, 5.51066562500006 ], [ 5.44848845900003, 5.51094370800007 ], [ 5.44476603000004, 5.50595456700006 ], [ 5.44456535800003, 5.50368232500006 ], [ 5.44581378600003, 5.50075401300006 ], [ 5.44447750700004, 5.49945178300004 ], [ 5.44172737600007, 5.50524644900003 ], [ 5.43955549700007, 5.50759822500004 ], [ 5.43673448900006, 5.50790796100006 ], [ 5.43414466900003, 5.51122367900007 ], [ 5.43663108400006, 5.51649131800002 ], [ 5.43673689500002, 5.51914877100006 ], [ 5.43642863000002, 5.52060083600003 ], [ 5.43154340400002, 5.52398676700005 ], [ 5.43172685900004, 5.52665696100007 ], [ 5.43605686600006, 5.52486964100007 ], [ 5.43867245700005, 5.52580451100005 ], [ 5.44115743100002, 5.53608895800005 ], [ 5.44654485700005, 5.54075039400004 ], [ 5.45092964000003, 5.53885993600005 ], [ 5.45120716000002, 5.53798598000003 ], [ 5.45164891900004, 5.53851908800004 ], [ 5.45411964500005, 5.53815315700007 ], [ 5.45631723100007, 5.53742372000005 ], [ 5.45677547200006, 5.53655055700006 ], [ 5.45766769500005, 5.53679229900007 ], [ 5.45837543400006, 5.53635178200005 ], [ 5.45812770900005, 5.53502129200007 ], [ 5.45878078200008, 5.53617619500005 ], [ 5.45985026400007, 5.53510367700005 ], [ 5.46238348800006, 5.53630276400003 ], [ 5.46366895000006, 5.53787127800007 ], [ 5.46367739100003, 5.53994562100007 ], [ 5.46064103200007, 5.54468810300006 ], [ 5.46171752300006, 5.54604709700004 ], [ 5.46470483400003, 5.54740212400003 ], [ 5.46574645900006, 5.54675276800003 ], [ 5.46485898300006, 5.54280153000008 ], [ 5.46690426900005, 5.53573668300004 ] ] ], [ [ [ 5.42342665700005, 5.56878526600002 ], [ 5.42727141200004, 5.56807810500004 ], [ 5.43194893600003, 5.56941277300007 ], [ 5.43628551500007, 5.56751453600003 ], [ 5.43899062000003, 5.56440090700005 ], [ 5.44335714100004, 5.56367374500007 ], [ 5.44560002700007, 5.56393304000005 ], [ 5.44621212000004, 5.56289504600005 ], [ 5.44739947100004, 5.56327129100004 ], [ 5.44851155900005, 5.56581061200006 ], [ 5.45201714900003, 5.56652406200004 ], [ 5.45050053600005, 5.56395646500005 ], [ 5.45021484500006, 5.56094348100004 ], [ 5.45334468300007, 5.55584263500003 ], [ 5.45309035600008, 5.55488934200002 ], [ 5.45162185000004, 5.55433752600004 ], [ 5.44262818100003, 5.55358009400004 ], [ 5.44108802700003, 5.55239252400003 ], [ 5.43871676500004, 5.54815268700003 ], [ 5.43272310900005, 5.54430761800006 ], [ 5.43353262700003, 5.54100468800004 ], [ 5.43609790100004, 5.53967450100004 ], [ 5.43467164300006, 5.53678307900003 ], [ 5.43665141900004, 5.53393353500007 ], [ 5.43094551100006, 5.53175184300005 ], [ 5.43001149100007, 5.52997286700003 ], [ 5.42938364100007, 5.52487381900005 ], [ 5.43057115100004, 5.52238310600006 ], [ 5.43422548200004, 5.51936101100006 ], [ 5.43457010200007, 5.51822901500003 ], [ 5.43199018300004, 5.51335851100004 ], [ 5.43160020300007, 5.50806982900002 ], [ 5.42953495600005, 5.50556656100002 ], [ 5.42708978600007, 5.50493178400006 ], [ 5.42391527600006, 5.50617561200005 ], [ 5.42488219600006, 5.51427637700004 ], [ 5.42372389100007, 5.51864297200007 ], [ 5.42763477500006, 5.52284501100007 ], [ 5.42771414900005, 5.52482209400006 ], [ 5.42653656900006, 5.52546387900003 ], [ 5.42310165800006, 5.52586932700007 ], [ 5.42748770200006, 5.52412143400005 ], [ 5.42604199500005, 5.52154649200003 ], [ 5.42334112300006, 5.51948520200006 ], [ 5.41646924900004, 5.52360125300004 ], [ 5.41242393400006, 5.52111989200006 ], [ 5.40996681800004, 5.51526816200004 ], [ 5.40368384200002, 5.51471439500006 ], [ 5.40152806200007, 5.51518009300003 ], [ 5.40089440100007, 5.51616438800005 ], [ 5.40529761700003, 5.52557821200003 ], [ 5.40430974400005, 5.53232335900003 ], [ 5.40475094400006, 5.53321005500004 ], [ 5.40369731200008, 5.53314359100006 ], [ 5.40260553200005, 5.53553264300007 ], [ 5.40350256800002, 5.54068424900004 ], [ 5.40198507500003, 5.54807761200004 ], [ 5.40243677100005, 5.55027026900007 ], [ 5.40531215500005, 5.55305790300002 ], [ 5.40732203400006, 5.55257216700005 ], [ 5.40611945700005, 5.55361305400004 ], [ 5.40727856600006, 5.55367671500005 ], [ 5.40762493600005, 5.55313238200006 ], [ 5.40737081300006, 5.54906226700007 ], [ 5.40866481700004, 5.54637648700003 ], [ 5.41182883300007, 5.54499035800006 ], [ 5.41415070600004, 5.54573860700003 ], [ 5.41127405000003, 5.54561983900004 ], [ 5.40881849800007, 5.54705801700004 ], [ 5.40791290000004, 5.54915462200006 ], [ 5.40825182600003, 5.55323989900006 ], [ 5.40718424500005, 5.55475711000003 ], [ 5.40931205200008, 5.55770292100004 ], [ 5.41115625200007, 5.56393577200004 ], [ 5.41904840400002, 5.57246780700007 ], [ 5.42039183900005, 5.57263298400005 ], [ 5.42342665700005, 5.56878526600002 ] ] ], [ [ [ 5.47358973600006, 5.58783153600007 ], [ 5.47770602300005, 5.58888835500005 ], [ 5.48181291000003, 5.58675703900008 ], [ 5.48034194500002, 5.58595570400007 ], [ 5.47999210000006, 5.58680985600006 ], [ 5.47697174400002, 5.58209847400008 ], [ 5.47377775000007, 5.58200502800003 ], [ 5.47135307900004, 5.58343184200004 ], [ 5.47001925500007, 5.58312155600004 ], [ 5.46685300800004, 5.57833437800002 ], [ 5.46458340000004, 5.57150399800003 ], [ 5.46151534300003, 5.57101815800007 ], [ 5.45862934100006, 5.56907138300005 ], [ 5.45390077700006, 5.56851059000007 ], [ 5.45136775500004, 5.56691874900002 ], [ 5.44794684600004, 5.56670530600007 ], [ 5.44678898200004, 5.56359055900003 ], [ 5.44550894600007, 5.56465423000003 ], [ 5.44412590400003, 5.56403180700005 ], [ 5.43890014300007, 5.56494541500007 ], [ 5.43687424100006, 5.56812489600003 ], [ 5.43241971400005, 5.57012700200005 ], [ 5.42489404400004, 5.56871314700004 ], [ 5.42295045300006, 5.57162169300005 ], [ 5.42050990000007, 5.57345987200006 ], [ 5.41818510500002, 5.57288812900003 ], [ 5.41250132000005, 5.56736689200005 ], [ 5.41303737000004, 5.57048208100002 ], [ 5.41699290600008, 5.57651121200007 ], [ 5.41787163800007, 5.57739366300007 ], [ 5.41873721300004, 5.57719091400003 ], [ 5.41833517200007, 5.57794154400005 ], [ 5.41923718300006, 5.57892592300004 ], [ 5.42026274900007, 5.57844639600006 ], [ 5.42003642500003, 5.57980736200005 ], [ 5.42352366200004, 5.58277625100004 ], [ 5.42636518700004, 5.58307059700007 ], [ 5.42670482500006, 5.58226368200008 ], [ 5.42703946500006, 5.58305720900006 ], [ 5.42802594800003, 5.58307519600004 ], [ 5.42843842100007, 5.58253666500002 ], [ 5.43674534200005, 5.58502816000004 ], [ 5.43658079100004, 5.58287455200002 ], [ 5.43896187900003, 5.58039946900004 ], [ 5.44452508300003, 5.57992122100006 ], [ 5.44764585000007, 5.57831775900007 ], [ 5.45063363500003, 5.57920479900002 ], [ 5.45152498400006, 5.57768490100005 ], [ 5.45130499400005, 5.57982992600006 ], [ 5.45346445500007, 5.58432649900004 ], [ 5.45580216000008, 5.58710505400006 ], [ 5.45735584900007, 5.58373185700003 ], [ 5.45982756900003, 5.58244667400004 ], [ 5.46348094800004, 5.58457281200003 ], [ 5.46612533500007, 5.59087708600003 ], [ 5.46905725800002, 5.58893510800004 ], [ 5.47358973600006, 5.58783153600007 ] ] ], [ [ [ 5.50061908800006, 5.59313980900004 ], [ 5.50267744800004, 5.59293164400003 ], [ 5.50455330800003, 5.59041080800006 ], [ 5.50134237200007, 5.58405688800002 ], [ 5.50061001100005, 5.58082823100005 ], [ 5.50446352000006, 5.57322085900006 ], [ 5.50219752100003, 5.57158466600004 ], [ 5.49861459900006, 5.57184018700002 ], [ 5.49625708200006, 5.57101385400006 ], [ 5.49452551600007, 5.56953254100006 ], [ 5.49268115400002, 5.56411663400007 ], [ 5.49200290400006, 5.56519520800003 ], [ 5.49058174900006, 5.56434254600003 ], [ 5.49224921500007, 5.56337312100004 ], [ 5.49118274800003, 5.56204379400003 ], [ 5.49188985400002, 5.56111342200006 ], [ 5.49131578200007, 5.55918477400007 ], [ 5.48903288400004, 5.55998341300005 ], [ 5.48978414100003, 5.55751049600002 ], [ 5.49047158300004, 5.55853967500002 ], [ 5.49099906300006, 5.55790690200007 ], [ 5.48806168900006, 5.54952134100006 ], [ 5.48918305300003, 5.54929473400006 ], [ 5.48850198600007, 5.54801946200007 ], [ 5.49035295400006, 5.54695576200004 ], [ 5.49215226500007, 5.54258094600004 ], [ 5.47972593500003, 5.54100222800002 ], [ 5.47825190700007, 5.53895748600007 ], [ 5.47824383700004, 5.53458650400006 ], [ 5.47344421900004, 5.53806256600006 ], [ 5.47175530800007, 5.53795970200002 ], [ 5.46802263200004, 5.53601366500004 ], [ 5.46675740700005, 5.53807946300003 ], [ 5.46584767900003, 5.54272026800004 ], [ 5.46672384500005, 5.54706647900002 ], [ 5.46615705900007, 5.54801017500006 ], [ 5.46441601800007, 5.54838993900006 ], [ 5.46112709400006, 5.54692958800007 ], [ 5.45962231400006, 5.54490595200002 ], [ 5.45866088300005, 5.54504962900006 ], [ 5.46286692800004, 5.53931356200007 ], [ 5.46188747100007, 5.53700972700005 ], [ 5.45929985000004, 5.53718465800006 ], [ 5.45767480500007, 5.53798449300007 ], [ 5.45730055600006, 5.53905064300005 ], [ 5.45673112400004, 5.53852155800007 ], [ 5.45103552000006, 5.53996711100007 ], [ 5.44851227200007, 5.54237309800004 ], [ 5.44603802200004, 5.54163204200006 ], [ 5.44099338800004, 5.53793549000005 ], [ 5.43819387100007, 5.53071651500005 ], [ 5.43746163000003, 5.52605303000007 ], [ 5.43270128700004, 5.52927060300004 ], [ 5.43252220300008, 5.53141559000005 ], [ 5.43714109600006, 5.53252957400002 ], [ 5.43817298200003, 5.53471732200006 ], [ 5.43656177300005, 5.53685747500003 ], [ 5.43781202200006, 5.53855342000003 ], [ 5.43715876700003, 5.54098343900006 ], [ 5.43460256000003, 5.54246765400006 ], [ 5.43500428900006, 5.54341963300004 ], [ 5.43398219000005, 5.54301610900006 ], [ 5.43361137100004, 5.54371215100002 ], [ 5.43787622600007, 5.54628764900002 ], [ 5.44106218000007, 5.54955526400005 ], [ 5.44381227100007, 5.54745430900005 ], [ 5.44141945700005, 5.55023231500007 ], [ 5.44322234500004, 5.55269767400006 ], [ 5.45369564800006, 5.55331552500007 ], [ 5.45443839900003, 5.55555923100007 ], [ 5.45309044300006, 5.55841573400005 ], [ 5.45370838300005, 5.55962342500004 ], [ 5.45219597700003, 5.55936474700007 ], [ 5.45120508400004, 5.56221278800007 ], [ 5.45121646300004, 5.56392984200005 ], [ 5.45227806800006, 5.56562435400002 ], [ 5.46252289800003, 5.56894630600004 ], [ 5.46645375300005, 5.56573244200007 ], [ 5.46698931700007, 5.56195977000004 ], [ 5.45832645900003, 5.56160302100005 ], [ 5.45672502200006, 5.56241716800002 ], [ 5.45635937400004, 5.56183045100005 ], [ 5.45804096800003, 5.56089218200003 ], [ 5.46222595300003, 5.56062000800006 ], [ 5.46635568900007, 5.56123830000007 ], [ 5.46585983900007, 5.56025381100005 ], [ 5.46919470300003, 5.56154046300003 ], [ 5.46773821400006, 5.56199588000004 ], [ 5.46733316800004, 5.56632366800005 ], [ 5.46399957800003, 5.56884956400006 ], [ 5.46155393100003, 5.56950778100003 ], [ 5.46199443300003, 5.57021622000002 ], [ 5.46462928200003, 5.57052856900003 ], [ 5.46626330200007, 5.57224957100004 ], [ 5.46756539000006, 5.57775965600007 ], [ 5.47026777000002, 5.58190919000003 ], [ 5.47148959300006, 5.58225221000004 ], [ 5.47482240100004, 5.58088990700003 ], [ 5.47511427600006, 5.57994348200003 ], [ 5.47545900100005, 5.58117003100006 ], [ 5.47821723000004, 5.58195487000006 ], [ 5.47950211500006, 5.58413387300004 ], [ 5.48196355300007, 5.58444658000008 ], [ 5.48551661600004, 5.58693738800002 ], [ 5.48800939900002, 5.58630946600005 ], [ 5.48828259600003, 5.58381052400006 ], [ 5.49117460300005, 5.58398258800003 ], [ 5.49136174400007, 5.58504516100004 ], [ 5.49248865700002, 5.58520155200006 ], [ 5.49226433800004, 5.58682502100004 ], [ 5.49505391000002, 5.58970378100003 ], [ 5.49710126300005, 5.59000228300005 ], [ 5.50064852100007, 5.59393752500006 ], [ 5.50061908800006, 5.59313980900004 ] ] ], [ [ [ 5.50125767500003, 5.61298418100006 ], [ 5.50960935400008, 5.61354643000004 ], [ 5.51492557100005, 5.61621598300007 ], [ 5.51560743100003, 5.61542370400002 ], [ 5.51633114100002, 5.61683670400004 ], [ 5.51697625200006, 5.61641638400005 ], [ 5.51768033800005, 5.61745937500007 ], [ 5.51821475900005, 5.61695206500002 ], [ 5.51924313800004, 5.61800882700004 ], [ 5.52309541100004, 5.61908754200005 ], [ 5.53050971500005, 5.61818404400003 ], [ 5.53447554900004, 5.61683379800007 ], [ 5.53465518500008, 5.61578279300005 ], [ 5.53544151800003, 5.61630351700006 ], [ 5.53589252200004, 5.61543607800007 ], [ 5.53760787000004, 5.61512053700005 ], [ 5.53809868100006, 5.60539069400005 ], [ 5.54048939200004, 5.60277662100003 ], [ 5.53774614200006, 5.60248797100007 ], [ 5.53320347100004, 5.60398794800005 ], [ 5.53207837900004, 5.60349664500006 ], [ 5.53105979200006, 5.60123747400007 ], [ 5.52574770500007, 5.59853811600004 ], [ 5.51750056800006, 5.59842523000003 ], [ 5.51758877500004, 5.59773555300006 ], [ 5.51145732900005, 5.59571801200002 ], [ 5.50940732800007, 5.59303942700006 ], [ 5.50807004600006, 5.59269110900004 ], [ 5.50234520900005, 5.59849258100007 ], [ 5.50053219700004, 5.59844993600007 ], [ 5.49838542100002, 5.59952825500005 ], [ 5.49154059100005, 5.60500892000005 ], [ 5.48957342200003, 5.60788356400008 ], [ 5.48642832600007, 5.61970812700002 ], [ 5.48825365200003, 5.61715566700002 ], [ 5.49241330800004, 5.61471528100003 ], [ 5.50125767500003, 5.61298418100006 ] ] ], [ [ [ 5.46172368600003, 5.63437766400006 ], [ 5.47463161000007, 5.62717029100003 ], [ 5.47984214400003, 5.62321279100007 ], [ 5.48187259600007, 5.61770721800002 ], [ 5.48469487900007, 5.61288390800007 ], [ 5.48650515900005, 5.60564859800007 ], [ 5.48586418700006, 5.60123395900007 ], [ 5.48379642100002, 5.59961736600007 ], [ 5.48087222800007, 5.59898124700004 ], [ 5.47655843800004, 5.60124932200006 ], [ 5.47965507600003, 5.59906598200007 ], [ 5.48111307000005, 5.59607891500002 ], [ 5.47666459200002, 5.59237083100004 ], [ 5.47546047900005, 5.58929556000004 ], [ 5.47317350400004, 5.58882339900003 ], [ 5.47062022300003, 5.58946687400004 ], [ 5.46630035500004, 5.59258704600006 ], [ 5.46469893200003, 5.59135917800006 ], [ 5.46250378200006, 5.58514523400004 ], [ 5.45928946700008, 5.58343451000007 ], [ 5.45795117600005, 5.58443527600002 ], [ 5.45708690000004, 5.58870703900004 ], [ 5.45335928300005, 5.58974102000008 ], [ 5.45291558000002, 5.59059210300006 ], [ 5.45863544800005, 5.59230381100002 ], [ 5.45826812300004, 5.59452607400004 ], [ 5.45597333000006, 5.59683380700005 ], [ 5.45657019500004, 5.59827870300006 ], [ 5.45598386200004, 5.59726535700003 ], [ 5.45579263100007, 5.59822692800003 ], [ 5.46059888500002, 5.60027326500006 ], [ 5.46145895300003, 5.60515778700005 ], [ 5.46413216600007, 5.60292766100002 ], [ 5.46735399400006, 5.60488646400006 ], [ 5.46388165900004, 5.60338857800002 ], [ 5.45974014400002, 5.60791725700005 ], [ 5.46179825200005, 5.61197751800006 ], [ 5.46589598900005, 5.61267309000004 ], [ 5.46521950700003, 5.61411559000004 ], [ 5.46564192100004, 5.61490216700003 ], [ 5.46486381200003, 5.61468744700005 ], [ 5.46519394900002, 5.61281717100007 ], [ 5.46423823500004, 5.61273762800005 ], [ 5.46431073100007, 5.61460805300004 ], [ 5.46351854600005, 5.61387382100003 ], [ 5.46378646800002, 5.61274473900005 ], [ 5.46191300800007, 5.61254779300003 ], [ 5.46315076200005, 5.61563259800005 ], [ 5.46184869000007, 5.61717642000002 ], [ 5.46046214500006, 5.61542166700002 ], [ 5.46178943100006, 5.61603028000007 ], [ 5.46250859000003, 5.61479758200005 ], [ 5.45895553100007, 5.60994045700005 ], [ 5.45291153600004, 5.61237756500003 ], [ 5.45275824900006, 5.61341298700006 ], [ 5.45192958600006, 5.61302102400003 ], [ 5.45100279800005, 5.61776733400006 ], [ 5.44911679400008, 5.61943772100005 ], [ 5.44752688100004, 5.61664049000007 ], [ 5.44606706600007, 5.60680274700007 ], [ 5.44359405800003, 5.60527157200005 ], [ 5.44124960100004, 5.60760068400003 ], [ 5.44042558000007, 5.61197935800004 ], [ 5.44015509100007, 5.61731977600004 ], [ 5.44164773800003, 5.62318621900005 ], [ 5.43921183700007, 5.62364730900003 ], [ 5.43620031000006, 5.62019851900004 ], [ 5.43189207800003, 5.62127085400004 ], [ 5.43072028100005, 5.62329139400003 ], [ 5.43197556900003, 5.62644143800003 ], [ 5.43732381800004, 5.62820230500006 ], [ 5.44216656200007, 5.63400464700004 ], [ 5.45495560100005, 5.63310586200004 ], [ 5.46172368600003, 5.63437766400006 ] ] ], [ [ [ 5.42611229200003, 5.63706372800004 ], [ 5.42698071100006, 5.63589901200004 ], [ 5.42845208900007, 5.63688201900004 ], [ 5.43184049300004, 5.63651754700004 ], [ 5.44049567900004, 5.63436590800006 ], [ 5.43656173100004, 5.62837322200005 ], [ 5.43205031900004, 5.62725297700007 ], [ 5.43103445000003, 5.62625546000004 ], [ 5.43009225200007, 5.62268877200006 ], [ 5.43141956200003, 5.62073778800004 ], [ 5.43611025000007, 5.61954855400006 ], [ 5.43778505600005, 5.62020659400002 ], [ 5.43981626300007, 5.62321619400007 ], [ 5.44094098500005, 5.62276391700004 ], [ 5.44005335700007, 5.61956817800007 ], [ 5.43826461800006, 5.61925256900003 ], [ 5.43979358700005, 5.61876345200005 ], [ 5.43997386500007, 5.60984390700003 ], [ 5.43917319200006, 5.60913116200004 ], [ 5.44014406500003, 5.60910386900002 ], [ 5.44190396300007, 5.60521205500004 ], [ 5.44428393400005, 5.60418246700004 ], [ 5.44600638700007, 5.60543234200003 ], [ 5.44686938700005, 5.60523903600006 ], [ 5.44808293800003, 5.61568734300005 ], [ 5.44965313400007, 5.61756830200005 ], [ 5.45150370600004, 5.61249321000003 ], [ 5.45716887700007, 5.61021678100008 ], [ 5.46033936100002, 5.60580904400007 ], [ 5.45980887900004, 5.60059662700007 ], [ 5.45585372500005, 5.60030370100003 ], [ 5.45540765800007, 5.59861773700004 ], [ 5.45381010600005, 5.59759507700005 ], [ 5.45791493300004, 5.59303759600004 ], [ 5.45212514100007, 5.59100541800007 ], [ 5.45230128000003, 5.58862143500005 ], [ 5.45397947500004, 5.58759502600003 ], [ 5.45023645500004, 5.58220245900003 ], [ 5.45019563400007, 5.58075223200007 ], [ 5.44924719800002, 5.58175204100007 ], [ 5.44921031400003, 5.57994335200004 ], [ 5.44419816900006, 5.58165268300007 ], [ 5.44392088400002, 5.58270565900006 ], [ 5.44299152100007, 5.581913 ], [ 5.43900484100004, 5.58271004200003 ], [ 5.44024152200006, 5.58486931300007 ], [ 5.43918322100006, 5.58622009200008 ], [ 5.44053401600007, 5.58633042900004 ], [ 5.44101193600005, 5.58737964000005 ], [ 5.44439528100003, 5.58605757200007 ], [ 5.44402673900004, 5.58701541900007 ], [ 5.44579935200005, 5.58927747400003 ], [ 5.44549421300007, 5.59022500200007 ], [ 5.44454760400004, 5.58847082800003 ], [ 5.44239689500006, 5.58713967500006 ], [ 5.43908246100005, 5.58912095600004 ], [ 5.43607420000006, 5.58818462600004 ], [ 5.43349008100006, 5.58596719800005 ], [ 5.42950420600005, 5.58523531200007 ], [ 5.42527206000005, 5.58577722900003 ], [ 5.41925075200004, 5.58792188700005 ], [ 5.41257462600004, 5.58569920800005 ], [ 5.41060683200004, 5.58670080200005 ], [ 5.41326341200005, 5.58958640200007 ], [ 5.41347539200007, 5.59169195900006 ], [ 5.41712734300006, 5.59380941900002 ], [ 5.42258171000003, 5.59869771000007 ], [ 5.42097545900003, 5.59858489200008 ], [ 5.41787697200004, 5.59513626800003 ], [ 5.41282992400005, 5.59161919400003 ], [ 5.40937158800006, 5.59179682500007 ], [ 5.40890463000005, 5.59251848900004 ], [ 5.40972080100005, 5.59807946000006 ], [ 5.41519599800006, 5.59935302500003 ], [ 5.41784535600004, 5.60090675100002 ], [ 5.42064307400005, 5.60560544700007 ], [ 5.42003757700007, 5.60720477200005 ], [ 5.42113117400004, 5.61029671100005 ], [ 5.42382684800003, 5.61243746200006 ], [ 5.42912543400007, 5.61471912800005 ], [ 5.42953331500007, 5.61566632400007 ], [ 5.42926218600007, 5.61938817400005 ], [ 5.42643403400007, 5.62239917300008 ], [ 5.42399321600004, 5.62276906400007 ], [ 5.41931214300007, 5.62082872200006 ], [ 5.41814878000002, 5.62116850100006 ], [ 5.41761000200006, 5.62246965200006 ], [ 5.41841419400004, 5.62691066700006 ], [ 5.41778786000003, 5.62989602100004 ], [ 5.41851518300007, 5.63227787100004 ], [ 5.42385084900008, 5.63584633100004 ], [ 5.42391431200002, 5.636781 ], [ 5.42611229200003, 5.63706372800004 ] ] ], [ [ [ 5.41297652200006, 5.63876447800004 ], [ 5.42161804500006, 5.63768246100005 ], [ 5.42271304400003, 5.63642061200005 ], [ 5.41917315600006, 5.63415359400005 ], [ 5.41753436600004, 5.63187068000002 ], [ 5.41653776800007, 5.62286170100003 ], [ 5.41736527500007, 5.62101733100008 ], [ 5.41990422100002, 5.62018100500006 ], [ 5.42549535800003, 5.62213692500006 ], [ 5.42836472300007, 5.61918156400003 ], [ 5.42909456200005, 5.61652019900004 ], [ 5.42739038900004, 5.61462297700007 ], [ 5.42277214400002, 5.61277839100006 ], [ 5.42015489900007, 5.61043228000005 ], [ 5.41931761200004, 5.60782868000007 ], [ 5.41947795400006, 5.60419794900002 ], [ 5.41740964700006, 5.60132961300008 ], [ 5.41534475000003, 5.59997630900006 ], [ 5.40929568300004, 5.59849709600007 ], [ 5.40835897100004, 5.59651611000004 ], [ 5.40815499200005, 5.59225084800005 ], [ 5.39919440300002, 5.58982241500007 ], [ 5.40456919200005, 5.59027111500006 ], [ 5.40752281100004, 5.59160476300002 ], [ 5.41135914300003, 5.59115390300008 ], [ 5.41229203700004, 5.59077939200006 ], [ 5.41220272300006, 5.58973456800004 ], [ 5.41009354900007, 5.58788515900005 ], [ 5.40987800100004, 5.58681034100005 ], [ 5.41147509400002, 5.58525078700006 ], [ 5.41499017200005, 5.58515343800002 ], [ 5.41913172400007, 5.58729435700008 ], [ 5.42424592300006, 5.58543315200006 ], [ 5.41996895900007, 5.58311928900002 ], [ 5.41422867800003, 5.57709847200005 ], [ 5.41008798500008, 5.56999741700002 ], [ 5.40726380300003, 5.56224853000003 ], [ 5.40665685300007, 5.56136514100007 ], [ 5.40594563600007, 5.56162569600002 ], [ 5.40653366600003, 5.56097663200006 ], [ 5.40483013300008, 5.55729675200007 ], [ 5.40093891000004, 5.55528219800004 ], [ 5.39921086400005, 5.55318638100005 ], [ 5.39793172400005, 5.54846451500003 ], [ 5.39864471100003, 5.53641043000005 ], [ 5.39701926700008, 5.53466788300005 ], [ 5.39173908900005, 5.53520050400004 ], [ 5.39117528500003, 5.54051122700002 ], [ 5.38887995600004, 5.54236169500007 ], [ 5.38471658300006, 5.54023900200002 ], [ 5.38311453700004, 5.54060065100003 ], [ 5.38114750400007, 5.54419052800006 ], [ 5.38068249500003, 5.54801992800003 ], [ 5.38163014400004, 5.54902310400007 ], [ 5.38702652700005, 5.54885483200007 ], [ 5.38863796400005, 5.54961376700004 ], [ 5.39011414800007, 5.55493523300004 ], [ 5.39354764700005, 5.55425654100003 ], [ 5.39477498700006, 5.55550103000007 ], [ 5.39514865000007, 5.56127630100002 ], [ 5.39444190700004, 5.56142756500003 ], [ 5.39354149900004, 5.56437685100002 ], [ 5.39837041100003, 5.56413056500003 ], [ 5.40053359600006, 5.56568563800005 ], [ 5.39978981500008, 5.56927909400002 ], [ 5.39668735900005, 5.57248733900008 ], [ 5.39550737100006, 5.57678794300006 ], [ 5.39597007000003, 5.57766712100005 ], [ 5.40113460100002, 5.57772745100004 ], [ 5.401042, 5.57925916100004 ], [ 5.40022110300004, 5.57999073200006 ], [ 5.39740916700003, 5.58065043200003 ], [ 5.39900633200006, 5.58356088800002 ], [ 5.39788427700006, 5.58556700800006 ], [ 5.39721192700006, 5.58562139900005 ], [ 5.39837784300005, 5.58356953000003 ], [ 5.39696027900004, 5.58063069000002 ], [ 5.39791035000007, 5.57959095000007 ], [ 5.40044209800004, 5.57919536400004 ], [ 5.40070330200007, 5.57797476600007 ], [ 5.39596607300007, 5.57812258700005 ], [ 5.39485374300006, 5.57688425400005 ], [ 5.39429039800007, 5.57774521300007 ], [ 5.39388838000002, 5.57657492200002 ], [ 5.39479283100007, 5.57649601200006 ], [ 5.39540214100003, 5.57515551100005 ], [ 5.39490103100007, 5.57352684200004 ], [ 5.39899030200007, 5.56914552200004 ], [ 5.39952425900003, 5.56582158600003 ], [ 5.39805934200007, 5.56519660100003 ], [ 5.39443970200006, 5.56582839600003 ], [ 5.39274301900002, 5.56477457800003 ], [ 5.39371446600006, 5.55533578600006 ], [ 5.39112105200007, 5.55657859300004 ], [ 5.39154390600004, 5.55827587200002 ], [ 5.39003120600006, 5.56026111900007 ], [ 5.39118460800006, 5.55802268200006 ], [ 5.38810715100004, 5.55343557400005 ], [ 5.38580003200002, 5.55781853200006 ], [ 5.37998561500007, 5.55622725800004 ], [ 5.38121592300007, 5.55961731900004 ], [ 5.38001123000004, 5.56202216900004 ], [ 5.37729188900005, 5.56213805600004 ], [ 5.37888579700007, 5.56337079800005 ], [ 5.37766883600005, 5.56587556000005 ], [ 5.37852518600005, 5.56371774800004 ], [ 5.37691886800008, 5.56179277700005 ], [ 5.38004186300003, 5.56114034300003 ], [ 5.37964428400005, 5.55572428900007 ], [ 5.38276455000005, 5.55605266300006 ], [ 5.38524227000005, 5.55746022600005 ], [ 5.38804525700004, 5.55212534000003 ], [ 5.38740850300007, 5.55011814600005 ], [ 5.38232590200005, 5.55037579800006 ], [ 5.38008774800005, 5.54907429700006 ], [ 5.37934005800003, 5.54666250000002 ], [ 5.38053633100003, 5.54269871200006 ], [ 5.38318103900002, 5.53952500900004 ], [ 5.38534855200004, 5.53942857100003 ], [ 5.38897941800008, 5.54084648600002 ], [ 5.38957333300004, 5.54026888900006 ], [ 5.38903391800005, 5.53394089600005 ], [ 5.38462485200006, 5.53276708600004 ], [ 5.38062140800002, 5.53340640700003 ], [ 5.37583616300003, 5.53512193600005 ], [ 5.36760876900007, 5.54180922400008 ], [ 5.36460215600005, 5.54339175200005 ], [ 5.36336334300006, 5.54453971800007 ], [ 5.36347819200006, 5.54540223900005 ], [ 5.36191500400002, 5.54561777400005 ], [ 5.35752126400007, 5.55371446900006 ], [ 5.35697298700006, 5.55960079100004 ], [ 5.35775738800004, 5.55978532300003 ], [ 5.35768985300007, 5.56077931500005 ], [ 5.35874369900006, 5.56068163800006 ], [ 5.35823367500006, 5.56247465200005 ], [ 5.35966817200006, 5.56383413800006 ], [ 5.37776466100007, 5.57367874000005 ], [ 5.38330533200002, 5.58179932200005 ], [ 5.38443102700006, 5.58178490200004 ], [ 5.38490901700004, 5.58386673900003 ], [ 5.38724421200004, 5.58448788700002 ], [ 5.38893589800006, 5.58272259400007 ], [ 5.38887791800005, 5.58629439700007 ], [ 5.39413825600008, 5.58610349700007 ], [ 5.39013715000004, 5.58702791500002 ], [ 5.39196443800006, 5.58823862600002 ], [ 5.39534711300007, 5.59349812100004 ], [ 5.39683482100003, 5.59365366300005 ], [ 5.39615087700003, 5.59447896600005 ], [ 5.40097435100006, 5.60221162200003 ], [ 5.40081307900005, 5.60352810200004 ], [ 5.40330297400004, 5.60937765100005 ], [ 5.40421283600006, 5.61409989300006 ], [ 5.40466580200007, 5.62244825900007 ], [ 5.40321951700003, 5.63005266100004 ], [ 5.40197818100006, 5.63253079400005 ], [ 5.40216314500003, 5.63586701200006 ], [ 5.40541562800007, 5.63849019700007 ], [ 5.41297652200006, 5.63876447800004 ] ] ] ] } },
{ "type": "Feature", "properties": { "wardname": "Ogidigben", "lganame": "Warri South-West" }, "geometry": { "type": "Polygon", "coordinates": [ [ [ 5.17934269400007, 5.56328745400003 ], [ 5.18311787600004, 5.56361478300005 ], [ 5.18461267400005, 5.56287283900002 ], [ 5.18636933400006, 5.56093069400004 ], [ 5.19654411800008, 5.55551801900003 ], [ 5.19792929500005, 5.55346689100003 ], [ 5.20157870300005, 5.55186861100003 ], [ 5.21632960800002, 5.54793908700003 ], [ 5.22302813300007, 5.54429717200003 ], [ 5.23408395000007, 5.54273635100003 ], [ 5.24342833800006, 5.53865139500004 ], [ 5.24340793500005, 5.53499505700006 ], [ 5.24578789900005, 5.53502560500004 ], [ 5.24671052100007, 5.53325959800003 ], [ 5.24847526500002, 5.53302132100004 ], [ 5.25034685000003, 5.52796492000004 ], [ 5.24988495100007, 5.52677587600004 ], [ 5.25356297600007, 5.52407850500003 ], [ 5.25148117500004, 5.52198682300002 ], [ 5.25578861500003, 5.51694167200003 ], [ 5.25306523200004, 5.51697588300004 ], [ 5.22585804200003, 5.50671406200007 ], [ 5.21545201400005, 5.50560501500007 ], [ 5.21006478000004, 5.50153895700004 ], [ 5.19432283700007, 5.49599135700004 ], [ 5.19042255600004, 5.49647736000003 ], [ 5.17934372900004, 5.51168693800003 ], [ 5.16420838800002, 5.53034757600005 ], [ 5.15871918700003, 5.53917592100004 ], [ 5.15872314200004, 5.54048128500006 ], [ 5.16282480400002, 5.54667887200003 ], [ 5.16500483400006, 5.55450149200004 ], [ 5.17317414600006, 5.55871309900004 ], [ 5.17342466800005, 5.55560054300003 ], [ 5.17052534200008, 5.55483675500005 ], [ 5.16878759600007, 5.55308811900005 ], [ 5.16870613300006, 5.55079567400003 ], [ 5.17025429600005, 5.55086097100002 ], [ 5.16986091500007, 5.55349639400004 ], [ 5.17457788700005, 5.55518176900006 ], [ 5.17477361500005, 5.55676946000006 ], [ 5.17371610000004, 5.55787318200004 ], [ 5.17651635500005, 5.56374432300004 ], [ 5.17769798600006, 5.56488955300006 ], [ 5.17934269400007, 5.56328745400003 ] ] ] } },
{ "type": "Feature", "properties": { "wardname": "Okerenkoko", "lganame": "Warri South-West" }, "geometry": { "type": "MultiPolygon", "coordinates": [ [ [ [ 5.42432764600005, 5.82321274800006 ], [ 5.42691192900003, 5.82319960400002 ], [ 5.43224777600005, 5.82559454400007 ], [ 5.43923541000004, 5.82195430600007 ], [ 5.44377360400006, 5.82149092700007 ], [ 5.44699773900004, 5.82204453900005 ], [ 5.45359947000003, 5.82507275700004 ], [ 5.45773760000003, 5.81789752400005 ], [ 5.45742019000005, 5.81724201800006 ], [ 5.45830508000006, 5.81723919000007 ], [ 5.45972162300006, 5.81527299200008 ], [ 5.46228149600006, 5.80707139200007 ], [ 5.46454689800004, 5.80525544100004 ], [ 5.46648668600005, 5.80515414800004 ], [ 5.47026967300008, 5.80711321700005 ], [ 5.47247494100003, 5.80416628200004 ], [ 5.47448767500003, 5.80443684800002 ], [ 5.47466467500004, 5.80565953000007 ], [ 5.47619500900004, 5.80612341400007 ], [ 5.48046227200007, 5.80334030600005 ], [ 5.48211622800005, 5.80494567300002 ], [ 5.48430302900005, 5.80489838100004 ], [ 5.48606932600006, 5.80665305400004 ], [ 5.48692537800002, 5.80656571000003 ], [ 5.48946453700006, 5.80574997000002 ], [ 5.49095019900005, 5.80265446000004 ], [ 5.49340600200003, 5.80261788200005 ], [ 5.49530148300005, 5.79989911900003 ], [ 5.49506811600003, 5.79665512200006 ], [ 5.49645792600006, 5.79555041600003 ], [ 5.49896206200003, 5.79600920800004 ], [ 5.50205888700003, 5.80152051700003 ], [ 5.50376566400007, 5.80305914600007 ], [ 5.50490531800006, 5.80278310000006 ], [ 5.50658386800006, 5.80004991100003 ], [ 5.50876402600005, 5.79975259000003 ], [ 5.50827627600006, 5.79754860500003 ], [ 5.51058379900007, 5.79721110900005 ], [ 5.51190370500007, 5.79473596100007 ], [ 5.51451558800005, 5.79605032500007 ], [ 5.51586751700006, 5.79398607900004 ], [ 5.51532396200002, 5.79122027300002 ], [ 5.50746689100004, 5.78578941000006 ], [ 5.50605173100007, 5.78210381100007 ], [ 5.50819882400003, 5.77974820400004 ], [ 5.51495842800006, 5.77587235100003 ], [ 5.53168484400004, 5.76909755800006 ], [ 5.53500022000003, 5.76443137400003 ], [ 5.53652936000003, 5.75763987000005 ], [ 5.53526837000004, 5.75592404900004 ], [ 5.52997206900005, 5.75501006800005 ], [ 5.52092495400007, 5.75780987000007 ], [ 5.51526931100005, 5.76112627600003 ], [ 5.51170494400003, 5.76691636600003 ], [ 5.50881428000002, 5.76839374600007 ], [ 5.50378801400007, 5.76689915100008 ], [ 5.50157877200007, 5.76220242300008 ], [ 5.49830156100006, 5.75791810200008 ], [ 5.49575747100005, 5.74931207800006 ], [ 5.49713416900005, 5.74249172900005 ], [ 5.50261834500003, 5.73412544100006 ], [ 5.51199418400006, 5.72420087100005 ], [ 5.51232273000005, 5.72289694000006 ], [ 5.51343567400005, 5.72257848600003 ], [ 5.51506303100007, 5.71985892100003 ], [ 5.51469810700007, 5.71531963100006 ], [ 5.51057423400005, 5.70803603000007 ], [ 5.50783260600002, 5.70704163300007 ], [ 5.49584741700005, 5.70710706800003 ], [ 5.48941547100003, 5.70614338800004 ], [ 5.48543128600005, 5.70661144200005 ], [ 5.48400897000005, 5.70830410300005 ], [ 5.48130942700004, 5.71478204100003 ], [ 5.47687222200005, 5.72871276300003 ], [ 5.47146291900003, 5.73843707200007 ], [ 5.46252616200007, 5.74657377000005 ], [ 5.46159388000007, 5.74831928000003 ], [ 5.45649992400007, 5.75135171600004 ], [ 5.45286292100008, 5.75650592800002 ], [ 5.45026423800005, 5.75698902400006 ], [ 5.44410103700005, 5.75629513400003 ], [ 5.43863044300002, 5.75889455400005 ], [ 5.43594928400006, 5.76121462300006 ], [ 5.43486293400002, 5.76501998800006 ], [ 5.43567511800006, 5.76882978600003 ], [ 5.44125248500006, 5.77422070200004 ], [ 5.44371663200008, 5.77512657500006 ], [ 5.44864811400004, 5.77067167900003 ], [ 5.45365773200007, 5.77037622200004 ], [ 5.45645821300008, 5.77130388400008 ], [ 5.46231822100003, 5.77636654500003 ], [ 5.46412821500007, 5.77954484900005 ], [ 5.46447897100006, 5.78584227300007 ], [ 5.46265882300003, 5.78848393800007 ], [ 5.45768551000003, 5.79132032000007 ], [ 5.45713249900007, 5.79294353000006 ], [ 5.45792155600003, 5.79410824000007 ], [ 5.45607779900007, 5.79462438100006 ], [ 5.45443312800006, 5.79420296600006 ], [ 5.45649029400005, 5.79389652900005 ], [ 5.45658748900007, 5.79180199200005 ], [ 5.45590874300007, 5.79107876700004 ], [ 5.45667751000002, 5.79128658300004 ], [ 5.46070754500005, 5.78868360800004 ], [ 5.46049918500006, 5.78719976400004 ], [ 5.46187796300006, 5.78805818700005 ], [ 5.46376485700006, 5.78598919900003 ], [ 5.46376912500006, 5.78216994800005 ], [ 5.46244269100004, 5.78160182500005 ], [ 5.46305383100002, 5.77958436300003 ], [ 5.46205441600006, 5.77774446900003 ], [ 5.45623471200003, 5.77192435600006 ], [ 5.45345072900005, 5.77102758400002 ], [ 5.44887919800004, 5.77128536500004 ], [ 5.44441790700006, 5.77582491900006 ], [ 5.44191031600008, 5.77537515900002 ], [ 5.43596327700004, 5.77068828300003 ], [ 5.43451149800006, 5.76769311300006 ], [ 5.43413226500007, 5.76437001800002 ], [ 5.43605085900003, 5.75998752500004 ], [ 5.44173107000006, 5.75620871500007 ], [ 5.44545051200004, 5.75519296400006 ], [ 5.45120209500004, 5.75615445800003 ], [ 5.45299511200005, 5.75544322100006 ], [ 5.45621660900002, 5.74872770000007 ], [ 5.44325202700003, 5.74294580300005 ], [ 5.43965778400008, 5.74015104100005 ], [ 5.42943895500002, 5.72734286200006 ], [ 5.41998098200003, 5.71741618800007 ], [ 5.41616124400002, 5.71234813400002 ], [ 5.41495075700004, 5.71195707900006 ], [ 5.41517575200004, 5.71118002200006 ], [ 5.40958552600006, 5.70687600300005 ], [ 5.40320842900007, 5.70480814500007 ], [ 5.39233238900005, 5.70443635500004 ], [ 5.37818603400007, 5.70201190900002 ], [ 5.37775610000006, 5.70263995600004 ], [ 5.37750865400005, 5.70184060300005 ], [ 5.37616354500005, 5.70207828500003 ], [ 5.37594748900005, 5.70129125000005 ], [ 5.37503123200003, 5.70218445100005 ], [ 5.37484972600004, 5.70104576900007 ], [ 5.37380045700007, 5.70066982900005 ], [ 5.37302731700004, 5.70154323300005 ], [ 5.37303008000004, 5.70030855300007 ], [ 5.37150535500007, 5.69941755100007 ], [ 5.37052944100003, 5.69924887700006 ], [ 5.36951829200007, 5.70019306300003 ], [ 5.36962208400007, 5.69906985700004 ], [ 5.36818248800006, 5.69807327900003 ], [ 5.36639598900007, 5.69763313500005 ], [ 5.36578155300003, 5.69840979400004 ], [ 5.36387139500005, 5.69645486300004 ], [ 5.36259752600006, 5.69680275500002 ], [ 5.36143061600006, 5.69573276200003 ], [ 5.35802665300002, 5.69572615200002 ], [ 5.35562000500005, 5.69700398600003 ], [ 5.35392813500005, 5.69969147300003 ], [ 5.35285963100006, 5.70210154300003 ], [ 5.35423286400004, 5.70342276700006 ], [ 5.35222351200002, 5.70328543300008 ], [ 5.34893168200006, 5.70816299900002 ], [ 5.34578334100007, 5.71051188400003 ], [ 5.33683556600005, 5.71449152600007 ], [ 5.33260362800007, 5.71432168900003 ], [ 5.32698430800002, 5.71568135800004 ], [ 5.32477810300003, 5.71931400300002 ], [ 5.32248695500004, 5.72044042500005 ], [ 5.32320349600008, 5.72418340400003 ], [ 5.33887001000005, 5.73690843100007 ], [ 5.34167541700003, 5.74079272800003 ], [ 5.34285819000007, 5.74417666800002 ], [ 5.34140588600008, 5.75009697500008 ], [ 5.33587557900006, 5.75663479300005 ], [ 5.33417665300004, 5.76031039500003 ], [ 5.33648269000003, 5.77439406300005 ], [ 5.33782283700003, 5.77341255500005 ], [ 5.33947879900006, 5.76835135400006 ], [ 5.34274414800007, 5.76750055800005 ], [ 5.34432463400003, 5.76787733100002 ], [ 5.34636178300002, 5.77067788700003 ], [ 5.34548964100003, 5.77674608700005 ], [ 5.35118332000008, 5.78069421000004 ], [ 5.35431652600005, 5.77275173500004 ], [ 5.35712031600002, 5.77190279300004 ], [ 5.35878488700007, 5.77245983600005 ], [ 5.36069631100003, 5.77372511200002 ], [ 5.36127766700002, 5.77531259700004 ], [ 5.35859849100007, 5.77990974400007 ], [ 5.35896175400006, 5.78231525300004 ], [ 5.36438072400006, 5.78441928400002 ], [ 5.36772649500006, 5.78814859900007 ], [ 5.36846544600007, 5.78707794500002 ], [ 5.36765769300007, 5.78280906500004 ], [ 5.36830604300008, 5.77933919100008 ], [ 5.37012899300004, 5.77732273400005 ], [ 5.37329952100004, 5.77602885600004 ], [ 5.37369543400007, 5.77017534600003 ], [ 5.37470838100006, 5.76878815200007 ], [ 5.37609252000004, 5.76858739100004 ], [ 5.38068827300003, 5.77304896000004 ], [ 5.38667197900003, 5.77527124100004 ], [ 5.38750539600005, 5.77985626400005 ], [ 5.38527803800002, 5.78395045000002 ], [ 5.38562819000003, 5.78481741100006 ], [ 5.39257989300006, 5.78554686600006 ], [ 5.39391386500006, 5.78503809100005 ], [ 5.39327140200004, 5.78598986500003 ], [ 5.39498488900006, 5.78842310400006 ], [ 5.39677739100006, 5.79030228300007 ], [ 5.39806722200007, 5.78945349600002 ], [ 5.39847164300005, 5.79130265700007 ], [ 5.39971074200002, 5.79084892200007 ], [ 5.40159773800002, 5.78719044900004 ], [ 5.40301750600003, 5.78747139900003 ], [ 5.40396660200003, 5.78986158100003 ], [ 5.40493553200002, 5.79022435900004 ], [ 5.40793672400002, 5.78888453800005 ], [ 5.41005900600004, 5.78940140300006 ], [ 5.41085674700003, 5.78645813900005 ], [ 5.41151555900007, 5.79201998900004 ], [ 5.41224273100005, 5.79300331100006 ], [ 5.41383313500006, 5.79258410800003 ], [ 5.41274317600005, 5.79354040500004 ], [ 5.41129242700003, 5.79307703800004 ], [ 5.41085437100003, 5.79114797500006 ], [ 5.40884334100002, 5.78951274800005 ], [ 5.40446774600002, 5.79101530700007 ], [ 5.40221802200006, 5.78770831400004 ], [ 5.40004469100006, 5.79153054000005 ], [ 5.39820690000005, 5.79192126700002 ], [ 5.39216825600005, 5.78610508100007 ], [ 5.38522291400005, 5.78543406100005 ], [ 5.38464746700004, 5.78376354800002 ], [ 5.38687886600007, 5.77937655700003 ], [ 5.38605980400007, 5.77560574300003 ], [ 5.38019197000006, 5.77357667700005 ], [ 5.37583364800003, 5.76923053800004 ], [ 5.37486764400006, 5.76947073300005 ], [ 5.37422557800005, 5.77130055100002 ], [ 5.37418309800006, 5.77598737500006 ], [ 5.37019779700006, 5.77820076300003 ], [ 5.36884077400003, 5.77982894000007 ], [ 5.36828766100007, 5.78238470200006 ], [ 5.36917503500007, 5.78770480300005 ], [ 5.36832657400004, 5.78867135200005 ], [ 5.36674751100003, 5.78879178800003 ], [ 5.36414965100005, 5.78521294300003 ], [ 5.35946068800007, 5.78373793400004 ], [ 5.35798442500004, 5.78200086900006 ], [ 5.35797559900004, 5.77969817100006 ], [ 5.36062821400003, 5.77522742000002 ], [ 5.35999862300002, 5.77406868500003 ], [ 5.35517530100003, 5.77290682400007 ], [ 5.35401790700007, 5.77451988400003 ], [ 5.35235606200007, 5.78074613100006 ], [ 5.35005510000002, 5.78123079500006 ], [ 5.34468196900002, 5.77695298800006 ], [ 5.34547213300004, 5.77084842900007 ], [ 5.34473454900007, 5.76894087000005 ], [ 5.34037300500006, 5.76877079800005 ], [ 5.33910548500006, 5.77029641000007 ], [ 5.33888422800004, 5.77328690900003 ], [ 5.33659401600005, 5.77540628200006 ], [ 5.33344265200003, 5.78342656500007 ], [ 5.33308226700007, 5.78642375000004 ], [ 5.33487673000008, 5.78959047400002 ], [ 5.35285082000007, 5.80323704000006 ], [ 5.35613145100007, 5.80351131200007 ], [ 5.36288645600007, 5.80064481400007 ], [ 5.36545440100002, 5.80130664800004 ], [ 5.36722490600005, 5.80324244500002 ], [ 5.36777571500005, 5.80291491900005 ], [ 5.36767037100003, 5.81059354500007 ], [ 5.37544488300006, 5.81596343200005 ], [ 5.37944266000005, 5.82101814200007 ], [ 5.38186486200004, 5.82255084900004 ], [ 5.39761418900002, 5.82282840300007 ], [ 5.40222737600004, 5.82165260800002 ], [ 5.40680847400006, 5.81890153000006 ], [ 5.40941890000005, 5.81871326500004 ], [ 5.41200219600006, 5.82045354100006 ], [ 5.41447176800006, 5.82758141800002 ], [ 5.41629647800005, 5.82893377800002 ], [ 5.42432764600005, 5.82321274800006 ] ] ], [ [ [ 5.36725681200005, 5.53566850600004 ], [ 5.38103153100008, 5.52906242200004 ], [ 5.38148446200006, 5.52812736900006 ], [ 5.38031917800004, 5.52604846900005 ], [ 5.37366000300005, 5.52538615000003 ], [ 5.37141567600003, 5.52209628100007 ], [ 5.36945200300005, 5.52244772100005 ], [ 5.37108615600005, 5.52146679500004 ], [ 5.37323281600004, 5.52358588800007 ], [ 5.37487558400005, 5.51995758400005 ], [ 5.38033956900006, 5.51597960300006 ], [ 5.37574841900005, 5.52011945900006 ], [ 5.37404859000003, 5.52322353000005 ], [ 5.37448936300007, 5.52439991600005 ], [ 5.37721279800007, 5.52414749500002 ], [ 5.38035033200003, 5.52506473200003 ], [ 5.38164143300003, 5.52634806700007 ], [ 5.38230329300006, 5.52879828700003 ], [ 5.39739772700005, 5.53004916900005 ], [ 5.40008936400005, 5.52906342800003 ], [ 5.40124110700003, 5.52736571800006 ], [ 5.40133193800006, 5.52380094300003 ], [ 5.39719880800004, 5.51526764300007 ], [ 5.39174056500002, 5.50566376200004 ], [ 5.39103576500003, 5.50674079600003 ], [ 5.39136196700002, 5.50350213200005 ], [ 5.39012530500003, 5.50392490800004 ], [ 5.38931616100007, 5.50287115300006 ], [ 5.39154248100004, 5.50148418000003 ], [ 5.39217246000004, 5.49896296900005 ], [ 5.392179, 5.49448079700005 ], [ 5.39110610000006, 5.49013552100007 ], [ 5.39469041100006, 5.47794427000002 ], [ 5.39441492000003, 5.47582942300005 ], [ 5.39282567600003, 5.47582974800002 ], [ 5.38747897800005, 5.47967159000007 ], [ 5.38445666000007, 5.47985672000004 ], [ 5.38039074100004, 5.47867080600003 ], [ 5.37548735400003, 5.47501740100006 ], [ 5.37437629400006, 5.48446320100004 ], [ 5.36866372000003, 5.48875726700004 ], [ 5.36644910800004, 5.49787958400003 ], [ 5.36146501900004, 5.50008656600005 ], [ 5.35968319200003, 5.50240848900006 ], [ 5.35615913600003, 5.51066619600005 ], [ 5.36043698500004, 5.51421436500004 ], [ 5.36136153700005, 5.51748613800004 ], [ 5.35509951000006, 5.52594794700002 ], [ 5.35445882700003, 5.52894832600003 ], [ 5.35891406300004, 5.53245657800005 ], [ 5.35929984600006, 5.53732779000006 ], [ 5.36282917700004, 5.53860909100007 ], [ 5.36725681200005, 5.53566850600004 ] ] ], [ [ [ 5.31617898500002, 5.54718398400007 ], [ 5.31520753700005, 5.54067992100005 ], [ 5.31764880600002, 5.53272901800005 ], [ 5.31941298300006, 5.53183804600008 ], [ 5.31836221700007, 5.53005413200003 ], [ 5.31969409700002, 5.52962525700002 ], [ 5.32183417100003, 5.53032227100005 ], [ 5.32192149000002, 5.52801757900005 ], [ 5.32058887300008, 5.52644630500004 ], [ 5.32095602400005, 5.52486714100007 ], [ 5.32200750600003, 5.52727933000006 ], [ 5.32335964400005, 5.52547351700002 ], [ 5.32409036700005, 5.52243869100005 ], [ 5.32220556500005, 5.51914352500006 ], [ 5.32336053300003, 5.51535748800006 ], [ 5.31995451600005, 5.51230349400004 ], [ 5.31867761900003, 5.51280939900005 ], [ 5.31735350000002, 5.51077889900006 ], [ 5.31547910000006, 5.51255030000004 ], [ 5.31611510000005, 5.51584860100007 ], [ 5.31798950000007, 5.51776430000007 ], [ 5.31394353100006, 5.51904359000002 ], [ 5.31251813600005, 5.52180718000005 ], [ 5.31426148900005, 5.522519 ], [ 5.31790641700007, 5.52173588400007 ], [ 5.31850728800003, 5.52369851200007 ], [ 5.31728383800004, 5.52225976400007 ], [ 5.31169563500004, 5.52351506200006 ], [ 5.31329255500003, 5.52928348400008 ], [ 5.30937157400007, 5.53350183300006 ], [ 5.30968729500006, 5.53892075900006 ], [ 5.30578716100007, 5.54184376900002 ], [ 5.30750042300002, 5.54290990600003 ], [ 5.31027690000008, 5.54293950800007 ], [ 5.31157059700007, 5.54386221800007 ], [ 5.31195996900004, 5.54528481500006 ], [ 5.30748835300005, 5.54885431100007 ], [ 5.30773945600004, 5.55098103300003 ], [ 5.31180462500004, 5.55262085100003 ], [ 5.31616925800006, 5.55046151200003 ], [ 5.31555787400004, 5.54968857500006 ], [ 5.31617898500002, 5.54718398400007 ] ] ], [ [ [ 5.31096416300005, 5.55476216300002 ], [ 5.31122283100007, 5.55324646800005 ], [ 5.30767919000004, 5.55176795700004 ], [ 5.30657128200005, 5.54934682100003 ], [ 5.30787216800007, 5.54762616200003 ], [ 5.31106606300006, 5.54586093200004 ], [ 5.31131983600005, 5.54463959800006 ], [ 5.31013272200005, 5.54355967500004 ], [ 5.30592347300006, 5.54316622300007 ], [ 5.30522773500007, 5.54144928800002 ], [ 5.30898226900007, 5.53887228700006 ], [ 5.30883696700005, 5.53337984500007 ], [ 5.31275852000005, 5.52907200400006 ], [ 5.31086520000002, 5.52245539900002 ], [ 5.30992110000005, 5.52333109900007 ], [ 5.30966360000002, 5.52527459900006 ], [ 5.30777530100005, 5.52506110000007 ], [ 5.30781820000004, 5.52713279900007 ], [ 5.30612310100003, 5.52621440000007 ], [ 5.30524330000003, 5.52738910100004 ], [ 5.30399880000004, 5.52666290000008 ], [ 5.30176720000003, 5.52758130100005 ], [ 5.29992180000005, 5.53106260000004 ], [ 5.298291, 5.53125480100005 ], [ 5.29878450000007, 5.53321979900005 ], [ 5.29530840000007, 5.53855919900008 ], [ 5.29584480000005, 5.54142109900005 ], [ 5.295008, 5.54233940100005 ], [ 5.29693920000005, 5.54466739900005 ], [ 5.29708940000006, 5.54748650100004 ], [ 5.298055, 5.54928050000007 ], [ 5.29979599400002, 5.55033099800005 ], [ 5.30145754200004, 5.55332291300004 ], [ 5.30951606900004, 5.55567271900003 ], [ 5.31096416300005, 5.55476216300002 ] ] ], [ [ [ 5.31842806100002, 5.58759616600003 ], [ 5.33330751400007, 5.58415360000004 ], [ 5.34804739500004, 5.58288596100004 ], [ 5.34762689900003, 5.58125023000002 ], [ 5.34824897500005, 5.58073803400003 ], [ 5.34879653900003, 5.58103804000007 ], [ 5.34817978600006, 5.58163199200004 ], [ 5.34928927600004, 5.58244110400005 ], [ 5.35111608400007, 5.58243365400006 ], [ 5.35196643800003, 5.58136840000003 ], [ 5.35322404600004, 5.58261550600002 ], [ 5.36510935000007, 5.58353009800004 ], [ 5.37094048400007, 5.58576384100007 ], [ 5.37222959900004, 5.58593480300004 ], [ 5.37339118600005, 5.58477971100007 ], [ 5.37285516600002, 5.58075184600006 ], [ 5.37104847000006, 5.57768351500005 ], [ 5.36051789000004, 5.57000845300007 ], [ 5.35469909300002, 5.56258978300002 ], [ 5.35284605300006, 5.56151262200007 ], [ 5.35382443100002, 5.56055068400002 ], [ 5.35310846800007, 5.55576548900007 ], [ 5.35384565100003, 5.55125724800007 ], [ 5.35718077400003, 5.54511951400002 ], [ 5.36100734200005, 5.54134598600007 ], [ 5.35770932600008, 5.53826407100007 ], [ 5.35776058000005, 5.53348993300006 ], [ 5.35575907800006, 5.53250349900003 ], [ 5.35320089300006, 5.53413326500004 ], [ 5.35037791500002, 5.53955181100002 ], [ 5.34851910500004, 5.54040397300002 ], [ 5.34691855300002, 5.53869207300005 ], [ 5.34662227900003, 5.53369090500007 ], [ 5.34581751400003, 5.53278236100005 ], [ 5.34331322300005, 5.53270780700007 ], [ 5.34614644500004, 5.53236175100005 ], [ 5.34770412000006, 5.53493025600005 ], [ 5.34809215900003, 5.53950376900002 ], [ 5.34959617200008, 5.53940999000002 ], [ 5.35152079000005, 5.53479358000004 ], [ 5.35399709400002, 5.53184156200007 ], [ 5.35310572100002, 5.52906070700004 ], [ 5.35375519100006, 5.52547250800006 ], [ 5.35574893000006, 5.52194718400006 ], [ 5.35928535700003, 5.51803137000007 ], [ 5.35860610400005, 5.51702283300006 ], [ 5.36010115500005, 5.51603675000007 ], [ 5.35538418700003, 5.51206257100006 ], [ 5.35537065700004, 5.50858729900006 ], [ 5.35889989300006, 5.50099641400004 ], [ 5.36105850100006, 5.49902296800008 ], [ 5.36504784900006, 5.49735730400005 ], [ 5.36502650600005, 5.49604970600006 ], [ 5.36602259600005, 5.49620313800006 ], [ 5.36641353000005, 5.49109192100002 ], [ 5.36872527500003, 5.48684942200003 ], [ 5.36728492000003, 5.48544113800006 ], [ 5.36051270100006, 5.48395564000003 ], [ 5.35884079000004, 5.47888148900006 ], [ 5.35787891200005, 5.47925299400003 ], [ 5.35279245300006, 5.48674262200007 ], [ 5.34602506000004, 5.48841125300004 ], [ 5.34215437700004, 5.49246325900003 ], [ 5.34197586800002, 5.49438134400003 ], [ 5.34367005400003, 5.50005627100006 ], [ 5.34089792100002, 5.50450143500007 ], [ 5.34068363800003, 5.51293709000004 ], [ 5.33878887300006, 5.51407689500007 ], [ 5.33556852000004, 5.51379064400004 ], [ 5.33460703800006, 5.51198328200007 ], [ 5.33495190700006, 5.50971099300006 ], [ 5.33353566300002, 5.50879581500004 ], [ 5.33280722200004, 5.51051143900003 ], [ 5.33350418600003, 5.51294059200006 ], [ 5.33004674300003, 5.51586150300005 ], [ 5.32787975500003, 5.51606503600004 ], [ 5.32554100900006, 5.52083496900002 ], [ 5.32460672400003, 5.52488119700007 ], [ 5.32248591400003, 5.52810966500004 ], [ 5.32226229200006, 5.53048073900004 ], [ 5.31915830800006, 5.53026575400003 ], [ 5.31994073500005, 5.53179837300007 ], [ 5.31844154400005, 5.53260873900007 ], [ 5.31555753100002, 5.54091973500005 ], [ 5.31654374200002, 5.54624164800003 ], [ 5.31600767000003, 5.54934299900003 ], [ 5.31705392800006, 5.55050869600007 ], [ 5.31259728100002, 5.55253800600002 ], [ 5.31099191800007, 5.55619616100006 ], [ 5.30399217300004, 5.55549177400007 ], [ 5.30541067000007, 5.55853349600005 ], [ 5.31103228600006, 5.56037947400006 ], [ 5.31169455300005, 5.56296350500003 ], [ 5.30834890100004, 5.57501622000007 ], [ 5.30728798100006, 5.57596582500003 ], [ 5.30478045900003, 5.57599657300005 ], [ 5.30371243900004, 5.57733794900003 ], [ 5.30371225300007, 5.58243112600007 ], [ 5.30443015000003, 5.58342141300005 ], [ 5.30626118200007, 5.58347160200003 ], [ 5.30630969300006, 5.58459468100006 ], [ 5.31296361000005, 5.58997840800004 ], [ 5.31842806100002, 5.58759616600003 ] ] ], [ [ [ 5.30156332900003, 5.66661678500003 ], [ 5.29532527200007, 5.64748710700007 ], [ 5.29376651500007, 5.64523960000002 ], [ 5.29293024700007, 5.64549271800007 ], [ 5.29420211100006, 5.64691978500002 ], [ 5.29055663700007, 5.64727870800004 ], [ 5.29092948200002, 5.64587890700005 ], [ 5.28960780000006, 5.64489189400007 ], [ 5.29020173200007, 5.64382544600005 ], [ 5.29353468200003, 5.64298010600004 ], [ 5.29425673600002, 5.64193487700004 ], [ 5.28769626700006, 5.64263399500004 ], [ 5.28564840900003, 5.64181773500007 ], [ 5.29069302300007, 5.64209134100003 ], [ 5.29425829900003, 5.64098700500006 ], [ 5.29300345300004, 5.62630844600005 ], [ 5.27066783900005, 5.63642461500007 ], [ 5.26643347300006, 5.64140808900004 ], [ 5.26626832900007, 5.64204622300002 ], [ 5.26869962500007, 5.64237778300003 ], [ 5.27765036900007, 5.66022065600004 ], [ 5.28028950700002, 5.66134367500007 ], [ 5.28579238700007, 5.66026922400005 ], [ 5.28528070100003, 5.66375719900003 ], [ 5.28770000100008, 5.66184290000007 ], [ 5.29042750000002, 5.66530140000003 ], [ 5.29198796700007, 5.66576538700002 ], [ 5.29407222700007, 5.66570843600005 ], [ 5.29545876300006, 5.66473417700007 ], [ 5.29729756600005, 5.66615781600007 ], [ 5.29891847900006, 5.66472972800005 ], [ 5.30156332900003, 5.66661678500003 ] ] ], [ [ [ 5.53456245100006, 5.68251934000006 ], [ 5.54291964600003, 5.68392973000005 ], [ 5.54688985600006, 5.68287044100003 ], [ 5.54571210000006, 5.678953 ], [ 5.54225630100007, 5.67549560000003 ], [ 5.53921150000002, 5.66958440100007 ], [ 5.53535630100004, 5.672485 ], [ 5.53206860100005, 5.67198310000003 ], [ 5.53130280000005, 5.66964090000005 ], [ 5.53167390000004, 5.66639560000004 ], [ 5.52761680100002, 5.66254290100005 ], [ 5.52954080100005, 5.66096290000007 ], [ 5.52983040000004, 5.65872290000004 ], [ 5.53267582900003, 5.66031173500005 ], [ 5.53410279700006, 5.65684791400002 ], [ 5.52862959000004, 5.65036490100005 ], [ 5.52625248500004, 5.64856574600003 ], [ 5.52359929700003, 5.65016792200004 ], [ 5.51708350800004, 5.65008226000003 ], [ 5.51302947000005, 5.64757507200005 ], [ 5.50446170400005, 5.64927719500002 ], [ 5.49809635100007, 5.64586581100002 ], [ 5.49283802800005, 5.65050631600008 ], [ 5.49089288300007, 5.65070048600006 ], [ 5.48968220100005, 5.64977448500002 ], [ 5.48938356000002, 5.64673698000007 ], [ 5.49134729700006, 5.64179994300002 ], [ 5.49109050600003, 5.64049847200005 ], [ 5.48479667800007, 5.64173313400005 ], [ 5.48064885100007, 5.64081657900005 ], [ 5.47906866600005, 5.63959520500003 ], [ 5.47889071500003, 5.63757582900007 ], [ 5.48317598400007, 5.63391310700007 ], [ 5.48388703400008, 5.63177655700002 ], [ 5.46845390300007, 5.63914563400004 ], [ 5.46585897000006, 5.64288590300004 ], [ 5.46577819500004, 5.64189454500007 ], [ 5.46755075300007, 5.63941442900006 ], [ 5.45498929500008, 5.64354134800004 ], [ 5.44995999200006, 5.64696139700004 ], [ 5.44829042900005, 5.64968361000007 ], [ 5.44529667800003, 5.65230770000005 ], [ 5.44259543900006, 5.65402386500006 ], [ 5.43684500100005, 5.65576480600004 ], [ 5.43315298800007, 5.66197786200007 ], [ 5.43360882000007, 5.66633232700002 ], [ 5.43548671300005, 5.66839707800005 ], [ 5.45016924100003, 5.67563380200005 ], [ 5.45278609700006, 5.67807015100004 ], [ 5.45587950800007, 5.68331944500005 ], [ 5.45741319100006, 5.68421023500002 ], [ 5.46080955300005, 5.68449246000006 ], [ 5.47129551900002, 5.68250714100003 ], [ 5.47544385800006, 5.68025984100007 ], [ 5.47436497000007, 5.67884883200003 ], [ 5.46752932200008, 5.67782613000003 ], [ 5.46613520900007, 5.67625088700004 ], [ 5.46539713400006, 5.66766770100003 ], [ 5.46614412900004, 5.66558660200008 ], [ 5.46780013600005, 5.66403426000005 ], [ 5.47267675700004, 5.66204848000007 ], [ 5.48057474600006, 5.66060028100003 ], [ 5.48824216900005, 5.66096194800002 ], [ 5.49597562000002, 5.66247444100003 ], [ 5.49797487200004, 5.66202685700006 ], [ 5.50552615100003, 5.65568279100006 ], [ 5.50978648000006, 5.65423823700007 ], [ 5.51172022200006, 5.65554283100005 ], [ 5.51254827100007, 5.65764561900005 ], [ 5.51346377200002, 5.67700988900003 ], [ 5.52057530200005, 5.69303062600005 ], [ 5.52215762400004, 5.69363485100007 ], [ 5.52353642800006, 5.68959238300005 ], [ 5.52598843600003, 5.68687108000006 ], [ 5.53173840200003, 5.68317776900005 ], [ 5.53456245100006, 5.68251934000006 ] ] ], [ [ [ 5.45746395500004, 5.74502906000004 ], [ 5.46096954800004, 5.74386073900007 ], [ 5.46429905600007, 5.74054618000002 ], [ 5.46820154100004, 5.72947791400003 ], [ 5.47256899900003, 5.72112955800003 ], [ 5.47134453900003, 5.71986353200003 ], [ 5.47292450300006, 5.72041151100007 ], [ 5.47517384100007, 5.71664010300003 ], [ 5.47449155100003, 5.71563785200004 ], [ 5.47557598300006, 5.71560074700005 ], [ 5.47545552000003, 5.71627329500006 ], [ 5.48160567100007, 5.70699848800007 ], [ 5.48538171600006, 5.70402038200007 ], [ 5.48729623100007, 5.70292543000005 ], [ 5.49216493000006, 5.70247062500005 ], [ 5.50653440600007, 5.70442031500005 ], [ 5.51078288800005, 5.70553949800006 ], [ 5.51663938300004, 5.70910271400004 ], [ 5.51713858700003, 5.70895130400004 ], [ 5.51597579700007, 5.70627042400002 ], [ 5.51758670200007, 5.70511605400003 ], [ 5.51625777200007, 5.70351521900005 ], [ 5.51828317200005, 5.70201445800006 ], [ 5.51887359800003, 5.70008484500005 ], [ 5.52011120600002, 5.69905673800002 ], [ 5.52236896800002, 5.70030199500007 ], [ 5.52331390500007, 5.69976721300003 ], [ 5.52214705000006, 5.69688874600007 ], [ 5.51923537800008, 5.69459749400005 ], [ 5.51685421300004, 5.68756317000003 ], [ 5.51230126500008, 5.67820154100002 ], [ 5.51148017000003, 5.67281877200003 ], [ 5.51156527600006, 5.66282547200007 ], [ 5.51002426700006, 5.65629261200007 ], [ 5.50844041100004, 5.65594562300004 ], [ 5.50020557000005, 5.66290185400004 ], [ 5.49781539400004, 5.66391102200004 ], [ 5.48147494800003, 5.66248886600005 ], [ 5.47721131500003, 5.66285110200005 ], [ 5.46935221100006, 5.66519953300002 ], [ 5.46720082200005, 5.66745461400006 ], [ 5.46872944100005, 5.67567579500007 ], [ 5.47409869600006, 5.67623922900003 ], [ 5.47558802800006, 5.67706946600003 ], [ 5.47705604200007, 5.67899656200007 ], [ 5.47697196000007, 5.68071650000007 ], [ 5.47369812500006, 5.68383685900005 ], [ 5.46331743600007, 5.68708849600006 ], [ 5.45982394100002, 5.68745728700003 ], [ 5.45591724200006, 5.68625798000005 ], [ 5.45117848300004, 5.68045034900007 ], [ 5.44850061900007, 5.67840326100003 ], [ 5.43887104600003, 5.67477116000003 ], [ 5.43291133000002, 5.66900194900006 ], [ 5.43090660500008, 5.66406802400007 ], [ 5.43242789800007, 5.65416854000006 ], [ 5.43161311300003, 5.65262098400007 ], [ 5.42469842900005, 5.65199652600006 ], [ 5.42422234900005, 5.65269659700004 ], [ 5.42396994800004, 5.65180432400007 ], [ 5.42168890100004, 5.65135204600006 ], [ 5.41311206900002, 5.65179421300007 ], [ 5.40799533000006, 5.65064171000006 ], [ 5.40701621300008, 5.65303934500002 ], [ 5.41118262300006, 5.65604727600004 ], [ 5.41119498600005, 5.65839487100004 ], [ 5.40914851900004, 5.66014044400004 ], [ 5.40252851800005, 5.65989395900004 ], [ 5.40179958300007, 5.66216833100003 ], [ 5.40364136600004, 5.66418293900006 ], [ 5.40779084500002, 5.66133915700004 ], [ 5.40974223500007, 5.66125833200005 ], [ 5.41131524800005, 5.66418895900006 ], [ 5.41011215600003, 5.66728950900006 ], [ 5.40451384800002, 5.66878485100005 ], [ 5.40302138100003, 5.67285881000004 ], [ 5.40114145200005, 5.67443421000007 ], [ 5.39923036100004, 5.67403871000005 ], [ 5.39442179000002, 5.66842103100004 ], [ 5.39300312300003, 5.66797776200002 ], [ 5.39215930500006, 5.67697356200006 ], [ 5.39151829600007, 5.67578890600004 ], [ 5.38877701800004, 5.67694069100003 ], [ 5.39163126700004, 5.67477947600003 ], [ 5.39251782800005, 5.66762487200003 ], [ 5.39439822300005, 5.66773966500006 ], [ 5.39902982200005, 5.67324852700006 ], [ 5.40080701900007, 5.67398321400003 ], [ 5.40240398900005, 5.67272205600005 ], [ 5.40424874900003, 5.66836959600005 ], [ 5.40995226500007, 5.66642120700004 ], [ 5.41077217800006, 5.66442171700004 ], [ 5.40933675500003, 5.66187485800003 ], [ 5.40391210700005, 5.66464313900002 ], [ 5.40183704500004, 5.66379034400006 ], [ 5.40107927500003, 5.66191870600005 ], [ 5.40146573300007, 5.66019704500007 ], [ 5.40267780700003, 5.65926987700004 ], [ 5.40977431400006, 5.65924054700002 ], [ 5.41068465100005, 5.65680496300007 ], [ 5.40987353600002, 5.65567550200007 ], [ 5.40676746900004, 5.65426739600002 ], [ 5.40626668100003, 5.64991383000006 ], [ 5.40410417900006, 5.64731604700006 ], [ 5.40173893300005, 5.64609035100005 ], [ 5.40213745900007, 5.64524140800006 ], [ 5.39748603700002, 5.63923971400004 ], [ 5.39220308900002, 5.63969229200006 ], [ 5.39675575600006, 5.63756321400007 ], [ 5.39396500100003, 5.62647652700002 ], [ 5.38983620400006, 5.61858101900003 ], [ 5.38843681100008, 5.61887304300006 ], [ 5.38894305500003, 5.61787068800004 ], [ 5.38767204600003, 5.61496863500003 ], [ 5.38134154600004, 5.60772892900007 ], [ 5.38156883100004, 5.60563917000007 ], [ 5.38059367800003, 5.60577893400006 ], [ 5.38175102300005, 5.60435279600006 ], [ 5.38148801700004, 5.60311169600004 ], [ 5.37725481300004, 5.60273036900003 ], [ 5.37653714100003, 5.60150302100004 ], [ 5.37480273000006, 5.60172365200003 ], [ 5.37455533500003, 5.60033315000004 ], [ 5.36802172100005, 5.59882007300007 ], [ 5.36630825800006, 5.59960464600005 ], [ 5.36593999600007, 5.59880608900005 ], [ 5.36338761100006, 5.59835160100005 ], [ 5.35951095200005, 5.59924290600003 ], [ 5.35705484800008, 5.59872708500006 ], [ 5.33685899300002, 5.60527653700007 ], [ 5.33317848900003, 5.60713038300003 ], [ 5.33013783100006, 5.60697953900006 ], [ 5.32346770700002, 5.60940177500004 ], [ 5.32184827200007, 5.61284043200004 ], [ 5.32236248100003, 5.61364006000002 ], [ 5.32077250200007, 5.61461137900005 ], [ 5.31763719800006, 5.61885249200003 ], [ 5.31619784700007, 5.62117588200005 ], [ 5.31625329200006, 5.62244469100006 ], [ 5.31458410400006, 5.62368342100007 ], [ 5.31189247900005, 5.62853434600004 ], [ 5.31062237800006, 5.63125294200006 ], [ 5.31095768600005, 5.63204936300002 ], [ 5.30802435600003, 5.63725735600002 ], [ 5.30756290200003, 5.64029471600003 ], [ 5.30819945200005, 5.64520889800002 ], [ 5.31017996100007, 5.65133055100006 ], [ 5.32226358800006, 5.67286656300007 ], [ 5.32658688300006, 5.68286244000006 ], [ 5.32830899500004, 5.69111382100004 ], [ 5.32786406400004, 5.69873282900005 ], [ 5.32921406600002, 5.69913768600003 ], [ 5.32770078300007, 5.69949809500002 ], [ 5.32678960100003, 5.70241276500008 ], [ 5.32805897700007, 5.70874893600006 ], [ 5.32987050700007, 5.70784947500005 ], [ 5.33072134400004, 5.70900439700006 ], [ 5.32941623900007, 5.71055288300005 ], [ 5.33306803900007, 5.71135291200005 ], [ 5.33460498400007, 5.71001477900006 ], [ 5.33527861600004, 5.71071664400006 ], [ 5.33755170300003, 5.70990193500006 ], [ 5.33881580100007, 5.70889280600005 ], [ 5.33810384500003, 5.70697662900005 ], [ 5.33867373100003, 5.70659649700002 ], [ 5.33961898700005, 5.70731243500006 ], [ 5.33946456100006, 5.70855311500003 ], [ 5.34043400900003, 5.70810267000007 ], [ 5.34722026800006, 5.70043778300004 ], [ 5.35480283700002, 5.69382196100003 ], [ 5.35471703700006, 5.69276420000006 ], [ 5.35305605200006, 5.69195663000005 ], [ 5.34738267300003, 5.69248945500004 ], [ 5.34602953800004, 5.69170715700005 ], [ 5.34565606900003, 5.69018837200002 ], [ 5.34717773000006, 5.68405957700003 ], [ 5.34602074500003, 5.67731268800003 ], [ 5.34735447800006, 5.67614063600007 ], [ 5.35135601500002, 5.67739141000004 ], [ 5.35246511200006, 5.67701589000006 ], [ 5.34954614100008, 5.67430103200007 ], [ 5.34933546800005, 5.67278578600008 ], [ 5.35300344300003, 5.66759222600007 ], [ 5.35366484300005, 5.66192605500004 ], [ 5.35569535900004, 5.65897921200008 ], [ 5.35547244500003, 5.65803835700007 ], [ 5.35911373400006, 5.65366684300005 ], [ 5.35988776100004, 5.65048713000004 ], [ 5.36180174300006, 5.64936688100005 ], [ 5.36764396400002, 5.65034351200006 ], [ 5.36496460900003, 5.64550472200006 ], [ 5.36773607200007, 5.64264007600002 ], [ 5.36817560300005, 5.64337317900004 ], [ 5.36568893600003, 5.64583768300002 ], [ 5.37162903600006, 5.65591311900005 ], [ 5.37407121000007, 5.65368572100004 ], [ 5.37550186300007, 5.65681942500004 ], [ 5.37864101600007, 5.65495942800004 ], [ 5.38012351700007, 5.65608552100002 ], [ 5.38076982400003, 5.65959090800004 ], [ 5.38317054300006, 5.65951268700007 ], [ 5.38384794200005, 5.65873130600005 ], [ 5.38490287400003, 5.65991003600004 ], [ 5.38439102100006, 5.66150365800007 ], [ 5.38569803300004, 5.66205173600002 ], [ 5.38368305600005, 5.66207665300004 ], [ 5.38432283800006, 5.66006354100006 ], [ 5.38177498800007, 5.66007104100004 ], [ 5.38081784100007, 5.66146002800002 ], [ 5.38014894800006, 5.66074810000003 ], [ 5.37995657700003, 5.65676453400005 ], [ 5.37914284300007, 5.65594037600005 ], [ 5.37745406700003, 5.65594419900003 ], [ 5.37554822100003, 5.65788844500003 ], [ 5.37468386500007, 5.65711291600007 ], [ 5.37420503700002, 5.65459262200005 ], [ 5.37243912300005, 5.65662414400003 ], [ 5.37057535500003, 5.65633778400007 ], [ 5.36846715400003, 5.65145355300007 ], [ 5.36448429100005, 5.65152450500005 ], [ 5.36128552700006, 5.65055388600007 ], [ 5.36017854400006, 5.65405979700006 ], [ 5.35796803800002, 5.65710921800007 ], [ 5.35820419100003, 5.65783430700003 ], [ 5.35428671800003, 5.66330867200003 ], [ 5.35362449600007, 5.66834966700003 ], [ 5.35023958000005, 5.67311526400005 ], [ 5.35025235900002, 5.67398698100004 ], [ 5.35317461600005, 5.67611811500007 ], [ 5.35356919800006, 5.68025770600002 ], [ 5.35579172800004, 5.67972556400002 ], [ 5.35347004700003, 5.68089134500002 ], [ 5.35319394600003, 5.67813053200007 ], [ 5.35134853600005, 5.67847060000003 ], [ 5.34768551200006, 5.67713677000006 ], [ 5.34683278800003, 5.67749205500007 ], [ 5.34807642900006, 5.68531484000005 ], [ 5.34675041300005, 5.69123502100007 ], [ 5.35235422700003, 5.69087857400007 ], [ 5.35630976600004, 5.69275971000008 ], [ 5.36202520000006, 5.69186037200006 ], [ 5.36811223900003, 5.69237686400004 ], [ 5.36937526100007, 5.69050824800007 ], [ 5.36911035800006, 5.69229537800004 ], [ 5.37027919100007, 5.69169657300006 ], [ 5.37136339000006, 5.69302806400003 ], [ 5.37214701100004, 5.69213671800003 ], [ 5.37331643800007, 5.69356485400004 ], [ 5.37439447400004, 5.69286782500006 ], [ 5.37342936500005, 5.69201358100003 ], [ 5.37465070900004, 5.69211463200003 ], [ 5.37541756300004, 5.69060248100004 ], [ 5.37582358500003, 5.69122668700004 ], [ 5.37459012300008, 5.69374426500002 ], [ 5.37768925000006, 5.69454962700007 ], [ 5.37916152300005, 5.69049333300006 ], [ 5.37773034300005, 5.68943616600006 ], [ 5.37932228200003, 5.68986847700006 ], [ 5.37889494500007, 5.68809007900006 ], [ 5.38014230200002, 5.68687122600005 ], [ 5.37908793000003, 5.68545807800007 ], [ 5.38041196900002, 5.68609762300002 ], [ 5.38099997400008, 5.68479361500005 ], [ 5.38382253000003, 5.68385980500005 ], [ 5.38420385900002, 5.68235609400006 ], [ 5.38460974600002, 5.68407434300002 ], [ 5.38149762800003, 5.68513995300003 ], [ 5.38077548600006, 5.68687250800002 ], [ 5.38546340800002, 5.68801510900005 ], [ 5.38569440400005, 5.68891694400003 ], [ 5.38069818900004, 5.68774504800007 ], [ 5.37979512500004, 5.69080749500006 ], [ 5.38022598900005, 5.69158334100007 ], [ 5.37924786400004, 5.69267085700005 ], [ 5.38058800300007, 5.69347154100006 ], [ 5.37908249000003, 5.69349468900003 ], [ 5.37890204200005, 5.69489714900004 ], [ 5.37989952100003, 5.69439173400002 ], [ 5.38081633400003, 5.69571938000007 ], [ 5.38157288100007, 5.69438211700003 ], [ 5.38168466100007, 5.69624904800003 ], [ 5.38353565600005, 5.69660967700003 ], [ 5.38469328300005, 5.69554469700006 ], [ 5.38500787300006, 5.69678810000005 ], [ 5.39636400700005, 5.69921994100002 ], [ 5.40673539900007, 5.70084568200002 ], [ 5.40756717700003, 5.69987559900005 ], [ 5.40772791400002, 5.70127573600007 ], [ 5.41306549800004, 5.70392888200007 ], [ 5.42296039700005, 5.71057543600006 ], [ 5.43292608200005, 5.72029250700007 ], [ 5.44035636100006, 5.73040030400006 ], [ 5.44653718200004, 5.73730894600004 ], [ 5.45416960300003, 5.74439354300006 ], [ 5.45746395500004, 5.74502906000004 ] ] ], [ [ [ 5.43119459200005, 5.88838231300002 ], [ 5.43301250000007, 5.88708400100006 ], [ 5.43470759900003, 5.88326329900002 ], [ 5.43908500100002, 5.87963470100004 ], [ 5.44292590000003, 5.87875960000002 ], [ 5.44966030000006, 5.88084510000004 ], [ 5.45139480000006, 5.87766750000003 ], [ 5.45025420000007, 5.87373080000003 ], [ 5.45059990000004, 5.87115220000004 ], [ 5.45303660000008, 5.86826410100002 ], [ 5.45505850000006, 5.86835010000004 ], [ 5.45282920000005, 5.87414340000004 ], [ 5.45372780000002, 5.87519200200006 ], [ 5.456994, 5.87178820000003 ], [ 5.45946530000003, 5.87383390100007 ], [ 5.46459790000006, 5.87037860000004 ], [ 5.46331940000005, 5.86686460000004 ], [ 5.46154140000004, 5.86532690000007 ], [ 5.46017280100006, 5.86543020000005 ], [ 5.45905470000002, 5.86340619900005 ], [ 5.45503429900003, 5.860118 ], [ 5.45555980100005, 5.85848910100003 ], [ 5.45857810000007, 5.85658060000003 ], [ 5.45822980100007, 5.85489700100004 ], [ 5.45364120000005, 5.85438040000003 ], [ 5.453959, 5.85318910100005 ], [ 5.458103, 5.85225580000002 ], [ 5.46164680000004, 5.84938690000007 ], [ 5.46269770000004, 5.84945990000006 ], [ 5.46350420000005, 5.85176960000007 ], [ 5.46443290000008, 5.85230440100003 ], [ 5.46519050000006, 5.85220719900008 ], [ 5.46724350100004, 5.84877910000006 ], [ 5.46936970000007, 5.84909520000002 ], [ 5.47093390000003, 5.85028650000004 ], [ 5.47372, 5.84950850000007 ], [ 5.47415990000007, 5.84812270000003 ], [ 5.47743480100007, 5.85038380100002 ], [ 5.47914560000004, 5.85031080000005 ], [ 5.48007270000005, 5.85153830000007 ], [ 5.48073810000005, 5.85079910100006 ], [ 5.47978760000007, 5.84971599900007 ], [ 5.48129970000002, 5.84914869900007 ], [ 5.48194780000006, 5.84787650100003 ], [ 5.48671750000005, 5.84692240100003 ], [ 5.48821230000004, 5.84840939900005 ], [ 5.49262140000008, 5.84580630000005 ], [ 5.47986876800007, 5.82510319100004 ], [ 5.47915851700003, 5.82558940300004 ], [ 5.46771581700006, 5.80748685400005 ], [ 5.46396949400003, 5.80722704300007 ], [ 5.46178089300003, 5.81593920900002 ], [ 5.45795220300005, 5.82060182900005 ], [ 5.45795728000007, 5.82175336500006 ], [ 5.45908893500007, 5.82231265100006 ], [ 5.45758394400002, 5.82258106600005 ], [ 5.45391462700007, 5.82631902400004 ], [ 5.45192713600005, 5.82641663700002 ], [ 5.44254993100003, 5.82310482900004 ], [ 5.43980927800004, 5.82356772400004 ], [ 5.43308545400004, 5.82732306800006 ], [ 5.43043391600003, 5.82703772600007 ], [ 5.42535751800006, 5.82463078200004 ], [ 5.42264113300007, 5.82581621900005 ], [ 5.41672925700004, 5.83172390700003 ], [ 5.41523622800003, 5.83527611000005 ], [ 5.41114863000007, 5.84000904200008 ], [ 5.41097075100004, 5.84159517800003 ], [ 5.41212943100004, 5.84275817700006 ], [ 5.41619571900003, 5.84420505200006 ], [ 5.42175604300007, 5.84439080800007 ], [ 5.42476999000007, 5.84332006600005 ], [ 5.42380444800006, 5.83819665700003 ], [ 5.42380898400006, 5.83580666300003 ], [ 5.42465471400004, 5.83436760100005 ], [ 5.42600866100003, 5.83397186000008 ], [ 5.42760209800002, 5.83462354100004 ], [ 5.43188433900002, 5.83898774700003 ], [ 5.43470728100004, 5.82997450400006 ], [ 5.43600205600006, 5.82869201300002 ], [ 5.43796668400006, 5.82924667400005 ], [ 5.43842728200002, 5.83129646700007 ], [ 5.43737774800007, 5.83493415400005 ], [ 5.44085229400002, 5.83934611200004 ], [ 5.44169532500007, 5.84609661600007 ], [ 5.44703503600005, 5.84757996700006 ], [ 5.44360045100007, 5.84771136000006 ], [ 5.44116021100007, 5.84630439200004 ], [ 5.43986973800003, 5.83892682000004 ], [ 5.43657103600003, 5.83495570300005 ], [ 5.43763559300004, 5.83047447500007 ], [ 5.43655564100004, 5.82914689300003 ], [ 5.43459717100006, 5.83165302400005 ], [ 5.43244894600002, 5.83961275700005 ], [ 5.43067174000004, 5.83923903600004 ], [ 5.42658244900002, 5.83488879000004 ], [ 5.42471469900005, 5.83515659600005 ], [ 5.42435230300003, 5.83726133400006 ], [ 5.42560752400004, 5.84382652200003 ], [ 5.42746732200004, 5.84698186500003 ], [ 5.42824543300003, 5.85095088200006 ], [ 5.42702372600007, 5.84683291100004 ], [ 5.42540679200005, 5.84458475200006 ], [ 5.41755188000008, 5.84537599100003 ], [ 5.41201812200006, 5.84401450800004 ], [ 5.41045047400007, 5.84255290500005 ], [ 5.41017648000008, 5.84004308300007 ], [ 5.41544980700007, 5.83244854800006 ], [ 5.41214496700007, 5.82842779600003 ], [ 5.41040425800003, 5.82222044600007 ], [ 5.40924610300004, 5.82051835600004 ], [ 5.40773802800004, 5.82042375100002 ], [ 5.40461789000005, 5.82271450800005 ], [ 5.39933203400005, 5.82471488300007 ], [ 5.38499588200006, 5.82552845900005 ], [ 5.38129605800003, 5.82452245500002 ], [ 5.37856294800002, 5.82271435900003 ], [ 5.37358143800003, 5.81728285500003 ], [ 5.36743427000005, 5.81364351300005 ], [ 5.36543017500003, 5.80982383200006 ], [ 5.36504347400006, 5.80471748900004 ], [ 5.36396231200007, 5.80281429000007 ], [ 5.36010922900005, 5.80494540500007 ], [ 5.35455729400007, 5.80605419400007 ], [ 5.35425456100006, 5.80856980400006 ], [ 5.35289351500006, 5.81102198800005 ], [ 5.34979727300004, 5.81320547400003 ], [ 5.34440354700007, 5.81321196800008 ], [ 5.33442495000003, 5.81010372200006 ], [ 5.33143551500007, 5.80990337600002 ], [ 5.32786691200005, 5.81072625800005 ], [ 5.32356812700004, 5.81403674900002 ], [ 5.32255929600007, 5.81805023500004 ], [ 5.32509112700006, 5.81940770300002 ], [ 5.33078008000007, 5.82070961100004 ], [ 5.33404199000006, 5.82452376900005 ], [ 5.33477662100006, 5.82924272700006 ], [ 5.33244342300003, 5.83779057500004 ], [ 5.33263768100005, 5.83971107200006 ], [ 5.33397506600005, 5.84159090600002 ], [ 5.33600765800003, 5.84223033100005 ], [ 5.34204138700005, 5.83929109000007 ], [ 5.34674196400005, 5.83929114500006 ], [ 5.36282027900006, 5.84770386100007 ], [ 5.36770596100007, 5.84905946500004 ], [ 5.36990207900004, 5.84889631600004 ], [ 5.37921739900003, 5.85378216100003 ], [ 5.38554677000008, 5.86179797700004 ], [ 5.38976239500005, 5.86539894700007 ], [ 5.40245617700003, 5.87178311500003 ], [ 5.40915319900006, 5.87351249200003 ], [ 5.40872326700003, 5.87380680900003 ], [ 5.41139973100007, 5.87623383800008 ], [ 5.41170712800005, 5.88287601000007 ], [ 5.41268037000003, 5.88465386600006 ], [ 5.41685159700006, 5.88453691100005 ], [ 5.42505009500007, 5.88216279800002 ], [ 5.42668839900006, 5.88348419000005 ], [ 5.42929807300004, 5.88774757400006 ], [ 5.43119459200005, 5.88838231300002 ] ] ] ] } },
{ "type": "Feature", "properties": { "wardname": "Oporozo", "lganame": "Warri South-West" }, "geometry": { "type": "MultiPolygon", "coordinates": [ [ [ [ 5.23904660500006, 5.60238844900005 ], [ 5.24860390400005, 5.60184131800003 ], [ 5.25067803700006, 5.60113537600006 ], [ 5.24999749600005, 5.60004874500004 ], [ 5.25209933700006, 5.60131264000006 ], [ 5.26318728300004, 5.60083492600006 ], [ 5.26632505000003, 5.59969112800007 ], [ 5.26729285100004, 5.60085985100005 ], [ 5.27524188200005, 5.60058826200003 ], [ 5.27609247500004, 5.59997102000005 ], [ 5.27564337500007, 5.59825409700005 ], [ 5.27737604400005, 5.60092001900006 ], [ 5.29596488700003, 5.59660892100004 ], [ 5.30996593000003, 5.59170136900002 ], [ 5.30961458000007, 5.58910541300003 ], [ 5.30852574700003, 5.58756494400006 ], [ 5.30318976700005, 5.58401567500005 ], [ 5.30226020400005, 5.57917355800004 ], [ 5.30355214400004, 5.57546805300007 ], [ 5.30523185300007, 5.57437077200007 ], [ 5.30745349400007, 5.57435683700004 ], [ 5.31087755200002, 5.56199259400006 ], [ 5.30446003600002, 5.55913625200003 ], [ 5.30299831500002, 5.55712871900005 ], [ 5.30296365400005, 5.55460159400008 ], [ 5.30068830600004, 5.55331290000004 ], [ 5.298055, 5.54928050000007 ], [ 5.29708940000006, 5.54748650100004 ], [ 5.29693920000005, 5.54466739900005 ], [ 5.295008, 5.54233940100005 ], [ 5.29584480000005, 5.54142109900005 ], [ 5.29530840000007, 5.53855919900008 ], [ 5.29878450000007, 5.53321979900005 ], [ 5.298291, 5.53125480100005 ], [ 5.29992180000005, 5.53106260000004 ], [ 5.30176720000003, 5.52758130100005 ], [ 5.30399880000004, 5.52666290000008 ], [ 5.30524330000003, 5.52738910100004 ], [ 5.30612310100003, 5.52621440000007 ], [ 5.30781820000004, 5.52713279900007 ], [ 5.30777530100005, 5.52506110000007 ], [ 5.30966360000002, 5.52527459900006 ], [ 5.31026440000005, 5.522733 ], [ 5.31183991200004, 5.52153902100002 ], [ 5.30236023000003, 5.51821808600005 ], [ 5.29831690200007, 5.51467648300007 ], [ 5.29540105300003, 5.51335592300006 ], [ 5.28863824000007, 5.50729935900006 ], [ 5.28089375100006, 5.50386734600005 ], [ 5.27366906800006, 5.50380470800008 ], [ 5.25856022300007, 5.50723278200007 ], [ 5.25624436600003, 5.51123354800006 ], [ 5.25596880000006, 5.51747797300004 ], [ 5.25438328000007, 5.51816284900002 ], [ 5.25144841300005, 5.52206908500006 ], [ 5.25356297600007, 5.52407850500003 ], [ 5.24988495100007, 5.52677587600004 ], [ 5.25034685000003, 5.52796492000004 ], [ 5.24843829600007, 5.53306393800005 ], [ 5.24671052100007, 5.53325959800003 ], [ 5.24585946100007, 5.53499380600005 ], [ 5.24378660200006, 5.53470386500004 ], [ 5.24321679300004, 5.53547044100003 ], [ 5.24377622900005, 5.54079871300007 ], [ 5.24783809900003, 5.54261228100006 ], [ 5.24672603400006, 5.54409373500005 ], [ 5.24362632100002, 5.54551657700006 ], [ 5.24432033600004, 5.55199208900007 ], [ 5.24199650700007, 5.55316943700007 ], [ 5.24144835600003, 5.55501572900005 ], [ 5.24309633200005, 5.55716732000008 ], [ 5.24292990000004, 5.55817085100006 ], [ 5.24131764300006, 5.55888809600003 ], [ 5.23842437400003, 5.55826065900004 ], [ 5.23789543800007, 5.56052822200007 ], [ 5.23578630500003, 5.56059227000003 ], [ 5.23247859900005, 5.56243632600007 ], [ 5.22708398500004, 5.56724889600002 ], [ 5.22646586000008, 5.56964615900006 ], [ 5.22402180800003, 5.56917234500003 ], [ 5.21995137100004, 5.57333129200003 ], [ 5.21874066900006, 5.57624684400002 ], [ 5.21951128200004, 5.58217647200007 ], [ 5.21789662300006, 5.58314861900004 ], [ 5.21600747900004, 5.58595317000004 ], [ 5.21482121900004, 5.59008703700005 ], [ 5.21383008800007, 5.59099271800005 ], [ 5.21731343700003, 5.59545787100006 ], [ 5.21837104300005, 5.59884015200004 ], [ 5.22016743200004, 5.60093897300004 ], [ 5.22562971800005, 5.60204697900002 ], [ 5.22824083600005, 5.60121815000002 ], [ 5.23904660500006, 5.60238844900005 ] ] ], [ [ [ 5.20152590300006, 5.71646370200006 ], [ 5.20703343100007, 5.71430055600007 ], [ 5.22276125400003, 5.70459288200004 ], [ 5.22508177100002, 5.70065047900005 ], [ 5.22637532800007, 5.69462298700006 ], [ 5.23100018900004, 5.69080600800004 ], [ 5.23580061000007, 5.69116007100007 ], [ 5.23791300800002, 5.69226521500002 ], [ 5.23930222000007, 5.69427655800007 ], [ 5.24231673900005, 5.69445808500006 ], [ 5.24137307800004, 5.69202482900005 ], [ 5.24241542800007, 5.69097778000003 ], [ 5.24493259400003, 5.69086823900005 ], [ 5.24453171600004, 5.68741255800006 ], [ 5.24930549800007, 5.68578966200005 ], [ 5.24822513900006, 5.68706874300005 ], [ 5.24487428500004, 5.68773266000005 ], [ 5.24564008900006, 5.69073280400005 ], [ 5.24190946700003, 5.69204473100007 ], [ 5.24322431600007, 5.69448433500003 ], [ 5.24047794800003, 5.69554158100004 ], [ 5.23955998400004, 5.69868853800006 ], [ 5.24351004600004, 5.70387443000004 ], [ 5.24888844500003, 5.70658098800004 ], [ 5.24870368400002, 5.70507158600003 ], [ 5.24542661300006, 5.70214180400006 ], [ 5.24599812700006, 5.69997307500006 ], [ 5.24714324500007, 5.69949351600008 ], [ 5.25150460100002, 5.70037754500004 ], [ 5.25178484000003, 5.69725797200005 ], [ 5.25252964800006, 5.69644621400005 ], [ 5.25381275700005, 5.69675408300003 ], [ 5.25592224500002, 5.69903335700008 ], [ 5.25840997200004, 5.69813343700002 ], [ 5.25832805100003, 5.69635822100003 ], [ 5.25471175000007, 5.69581054700006 ], [ 5.25306556800007, 5.69478158200008 ], [ 5.25287186300005, 5.69292433600003 ], [ 5.25467479400004, 5.69002264900007 ], [ 5.25702841200007, 5.68964538900002 ], [ 5.25951450100007, 5.69366689900005 ], [ 5.26352710000003, 5.69464910000005 ], [ 5.26706760000008, 5.69424340000006 ], [ 5.26687450000003, 5.68905490000003 ], [ 5.26912750000002, 5.68907629900002 ], [ 5.27127330000008, 5.69136089900007 ], [ 5.27069390000003, 5.69304769900003 ], [ 5.27123040000004, 5.69548180000004 ], [ 5.27002870000007, 5.697617 ], [ 5.27005020000007, 5.69911160000004 ], [ 5.271402, 5.70099060000007 ], [ 5.27035060000003, 5.70278410000003 ], [ 5.26906310000004, 5.70291220000007 ], [ 5.26738940000007, 5.70039270000007 ], [ 5.26530800100005, 5.70041410000005 ], [ 5.26449270100005, 5.70297620000002 ], [ 5.26530800100005, 5.70560250000005 ], [ 5.26640240000006, 5.70647790000004 ], [ 5.26801170000005, 5.70570919900007 ], [ 5.27067250000005, 5.70713980000005 ], [ 5.27279820000007, 5.70035529900002 ], [ 5.27348030000007, 5.70024390000003 ], [ 5.274142, 5.70200660000006 ], [ 5.27716570000007, 5.70084160000005 ], [ 5.27777650000007, 5.69984880000004 ], [ 5.27712490000005, 5.69727570000003 ], [ 5.27975150000003, 5.69827860000004 ], [ 5.280963, 5.69632350000006 ], [ 5.28277520000006, 5.695199 ], [ 5.28527960000002, 5.694966 ], [ 5.28785530000005, 5.69075179900005 ], [ 5.28968780000002, 5.68966780000005 ], [ 5.29188680000004, 5.68391370000006 ], [ 5.29040040100006, 5.68302220000004 ], [ 5.29195810000004, 5.68148240000005 ], [ 5.29479849900002, 5.68177610000004 ], [ 5.29766940000007, 5.67939540000003 ], [ 5.29907430000003, 5.68026670000006 ], [ 5.29936950000007, 5.67663990000005 ], [ 5.30098830100007, 5.68005390000008 ], [ 5.30268840100007, 5.67818990000006 ], [ 5.30335020000007, 5.68089480000003 ], [ 5.30543785800006, 5.68009816600005 ], [ 5.30808870600004, 5.68026045400006 ], [ 5.30233217500006, 5.66760987800006 ], [ 5.29928218400005, 5.66537330700004 ], [ 5.29743904500003, 5.66661579200007 ], [ 5.29563553100007, 5.66527182700003 ], [ 5.29407646000004, 5.66615940600008 ], [ 5.29204741300003, 5.66607312900004 ], [ 5.29042750000002, 5.66530140000003 ], [ 5.28770000100008, 5.66184290000007 ], [ 5.28528070100003, 5.66375719900003 ], [ 5.28579238700007, 5.66026922400005 ], [ 5.28028950700002, 5.66134367500007 ], [ 5.27753047600004, 5.66012478200003 ], [ 5.26869962500007, 5.64237778300003 ], [ 5.26626832900007, 5.64204622300002 ], [ 5.27066783900005, 5.63642461500007 ], [ 5.29300345300004, 5.62630844600005 ], [ 5.29246333800006, 5.62175064200005 ], [ 5.29110469900007, 5.61956308100002 ], [ 5.28848262600008, 5.61900579800005 ], [ 5.28515154700005, 5.61946250000005 ], [ 5.27763669100005, 5.62169200200003 ], [ 5.25551578800003, 5.62609880400004 ], [ 5.24831870900005, 5.62619623400008 ], [ 5.23067090800004, 5.62366721100005 ], [ 5.22238269400003, 5.62105415600007 ], [ 5.21460818300005, 5.61695287700007 ], [ 5.21406734300007, 5.61729719600004 ], [ 5.21451635400007, 5.61811319300006 ], [ 5.21723768600003, 5.61894861800005 ], [ 5.21772748100005, 5.62029355900006 ], [ 5.21513606800005, 5.62369457000005 ], [ 5.21397375900005, 5.62753833700003 ], [ 5.21522037200003, 5.62751821500007 ], [ 5.21619505600006, 5.62539336900005 ], [ 5.21559327600005, 5.62806866000005 ], [ 5.21853186900006, 5.62755234500003 ], [ 5.22272613900003, 5.63005025600006 ], [ 5.22184780600003, 5.62655849400005 ], [ 5.22346710500005, 5.62907214700004 ], [ 5.22355825200003, 5.63013981700004 ], [ 5.22265709100003, 5.63084926700003 ], [ 5.21960030400004, 5.62854034400004 ], [ 5.21720522000004, 5.62817356900007 ], [ 5.21967403000002, 5.63045850200007 ], [ 5.21988042500004, 5.63181703900005 ], [ 5.21945686700008, 5.63263824700005 ], [ 5.21691725200003, 5.63331347400003 ], [ 5.21648370600008, 5.63480550200006 ], [ 5.21976132700007, 5.63392470000002 ], [ 5.22076707300005, 5.63479910800004 ], [ 5.21882904500006, 5.63868485000006 ], [ 5.22285221700002, 5.63787301800005 ], [ 5.22577684800007, 5.63909457100004 ], [ 5.22872240000004, 5.63726180000003 ], [ 5.23974790000005, 5.64277109900007 ], [ 5.24078702700007, 5.64650636700003 ], [ 5.24055425600005, 5.64752034000003 ], [ 5.23741970000003, 5.64929650100004 ], [ 5.23583030000003, 5.65175520000003 ], [ 5.23328980000002, 5.65116040100003 ], [ 5.23236980000007, 5.65236400100002 ], [ 5.23246960100005, 5.65370959900002 ], [ 5.23116970000007, 5.65459940000005 ], [ 5.22880970100005, 5.65557470100003 ], [ 5.22742570000003, 5.65411470100003 ], [ 5.22619869900007, 5.65455650000007 ], [ 5.226254, 5.65743580000003 ], [ 5.22406380000007, 5.65765990000006 ], [ 5.22422819900004, 5.65551 ], [ 5.222713, 5.65620700100004 ], [ 5.22226860000006, 5.65873540000007 ], [ 5.22040860000004, 5.65879479900002 ], [ 5.22045150100007, 5.66058219900003 ], [ 5.21747390000007, 5.66058490100005 ], [ 5.21683780000006, 5.66492110000007 ], [ 5.21332090000004, 5.66349420100005 ], [ 5.21229780000004, 5.66735930100003 ], [ 5.20948220100007, 5.66866180100004 ], [ 5.20993420000002, 5.67002520100004 ], [ 5.21241073100003, 5.66964430800004 ], [ 5.21144947400006, 5.67404522800007 ], [ 5.21315269900003, 5.67549218800002 ], [ 5.22042288000006, 5.67540449500007 ], [ 5.21982457500008, 5.67434869500005 ], [ 5.22092045000005, 5.67455432600002 ], [ 5.22113348400006, 5.67541734500003 ], [ 5.21647710800005, 5.67624665400007 ], [ 5.21153945900005, 5.68173810300004 ], [ 5.21208732900004, 5.68511693400006 ], [ 5.21431940400004, 5.68735058500005 ], [ 5.21688208600006, 5.68776952500002 ], [ 5.21744272300003, 5.69061721000003 ], [ 5.21556696900007, 5.69238709300004 ], [ 5.21018355000007, 5.69197565200005 ], [ 5.20831446300002, 5.69276393800004 ], [ 5.20990412900005, 5.69869741800005 ], [ 5.20906664700004, 5.70250778900004 ], [ 5.20375726700007, 5.70736940200004 ], [ 5.19765551000006, 5.70767670000004 ], [ 5.19564143500003, 5.70903349400004 ], [ 5.19671516500006, 5.71565988800006 ], [ 5.20152590300006, 5.71646370200006 ] ] ] ] } },
{ "type": "Feature", "properties": { "wardname": "Orere", "lganame": "Warri South-West" }, "geometry": { "type": "Polygon", "coordinates": [ [ [ 5.12068146600006, 5.80765770300007 ], [ 5.12878033600003, 5.80620183000002 ], [ 5.12904355600006, 5.80488867000003 ], [ 5.13039755800003, 5.80530408200002 ], [ 5.13659574100006, 5.80225178700005 ], [ 5.13993686600003, 5.80026406500002 ], [ 5.14198220300005, 5.79794665600002 ], [ 5.14840939500004, 5.78120302500002 ], [ 5.15096701800007, 5.77719859700005 ], [ 5.15083004600007, 5.77635028100002 ], [ 5.15438109700005, 5.77252326700005 ], [ 5.15600149000005, 5.76883280100003 ], [ 5.15394928100005, 5.75548611700003 ], [ 5.15450965200006, 5.75274405200003 ], [ 5.15716228700006, 5.74890481100005 ], [ 5.15675628200006, 5.74851991900005 ], [ 5.16140520300007, 5.74666149200004 ], [ 5.16570637700005, 5.74684847600003 ], [ 5.17312121900005, 5.74889168000004 ], [ 5.17622136600005, 5.74808815200004 ], [ 5.17694052300004, 5.74428026100003 ], [ 5.17497657800004, 5.73584441000003 ], [ 5.17469952900007, 5.73053899200005 ], [ 5.17679252500005, 5.72453163200004 ], [ 5.18069332600004, 5.72170607100003 ], [ 5.18502820500004, 5.71986973100007 ], [ 5.18492208300006, 5.71882839600005 ], [ 5.18614966100006, 5.71925419400003 ], [ 5.19446445000005, 5.71716953600003 ], [ 5.19509423800002, 5.71625765000005 ], [ 5.19428634400003, 5.71096433000002 ], [ 5.19558633500003, 5.70760917200005 ], [ 5.19952846900003, 5.70623726600007 ], [ 5.20290535600003, 5.70648347000002 ], [ 5.20533447500003, 5.70495289800004 ], [ 5.20854789300006, 5.70128883200005 ], [ 5.20891657100003, 5.69907525400004 ], [ 5.20703989100002, 5.69429127800004 ], [ 5.20807312000005, 5.69152946100007 ], [ 5.21645424800005, 5.69086844000003 ], [ 5.21626963900007, 5.68925380200005 ], [ 5.21255394100007, 5.68733837500002 ], [ 5.21128083300005, 5.68567882300005 ], [ 5.21076994900005, 5.68155358900003 ], [ 5.21475809400005, 5.67661719800003 ], [ 5.21112342200007, 5.67474551000004 ], [ 5.21127492300008, 5.67064324800003 ], [ 5.21204913900004, 5.67003229600004 ], [ 5.20993420000002, 5.67002520100004 ], [ 5.20948220100007, 5.66866180100004 ], [ 5.21229780000004, 5.66735930100003 ], [ 5.21332090000004, 5.66349420100005 ], [ 5.21683780000006, 5.66492110000007 ], [ 5.21747390000007, 5.66058490100005 ], [ 5.22045150100007, 5.66058219900003 ], [ 5.22040860000004, 5.65879479900002 ], [ 5.22226860000006, 5.65873540000007 ], [ 5.222713, 5.65620700100004 ], [ 5.22422819900004, 5.65551 ], [ 5.22406380000007, 5.65765990000006 ], [ 5.226254, 5.65743580000003 ], [ 5.22579670000005, 5.65541730100006 ], [ 5.22657590000006, 5.65427860100004 ], [ 5.22782590000003, 5.65431120100004 ], [ 5.22880970100005, 5.65557470100003 ], [ 5.23236520000006, 5.65384650100003 ], [ 5.23328980000002, 5.65116040100003 ], [ 5.23583030000003, 5.65175520000003 ], [ 5.23741970000003, 5.64929650100004 ], [ 5.24062780700007, 5.64743067900002 ], [ 5.23974790000005, 5.64277109900007 ], [ 5.22842330100002, 5.63725280100005 ], [ 5.22577684800007, 5.63909457100004 ], [ 5.22608378900003, 5.64102152000004 ], [ 5.22522832000004, 5.64206320200003 ], [ 5.22280375600008, 5.64242187900004 ], [ 5.22105842400003, 5.64075003600004 ], [ 5.21872021200005, 5.64584637700005 ], [ 5.22021512700007, 5.65004248300005 ], [ 5.21748417100002, 5.65072958500002 ], [ 5.21570809700006, 5.65337295900002 ], [ 5.21342038100005, 5.65333993000007 ], [ 5.21233901000005, 5.65503178800003 ], [ 5.21265124500007, 5.65326572600003 ], [ 5.21519086900003, 5.65304020900004 ], [ 5.21678272100007, 5.65057249100005 ], [ 5.21978081100002, 5.64954629100004 ], [ 5.21827174200007, 5.64601818300002 ], [ 5.22064673900007, 5.63979939900003 ], [ 5.22173069500008, 5.63997107100005 ], [ 5.22370737700004, 5.64208848100003 ], [ 5.22543625300005, 5.64119114000005 ], [ 5.22516880400002, 5.63949404000005 ], [ 5.22213317600006, 5.63841246700002 ], [ 5.21867507900004, 5.63963783000003 ], [ 5.21818977300006, 5.63814610000003 ], [ 5.22004901700006, 5.63472934700007 ], [ 5.21712710000003, 5.63580426300007 ], [ 5.21567704800003, 5.63430437800002 ], [ 5.21177954100006, 5.63695963600003 ], [ 5.21131197900007, 5.63864743200003 ], [ 5.20911917400002, 5.63890674700002 ], [ 5.20292400100004, 5.64184101800004 ], [ 5.20080106200004, 5.64486114300007 ], [ 5.19671383200006, 5.64602079500003 ], [ 5.18995256300008, 5.65262712700007 ], [ 5.18867990800004, 5.65622501300004 ], [ 5.18432191300008, 5.66017759800008 ], [ 5.18140681300002, 5.66511453500004 ], [ 5.17579054900006, 5.66772611500005 ], [ 5.17411790400007, 5.66948542300003 ], [ 5.17388980800007, 5.67196050400003 ], [ 5.16859774500006, 5.67570507200003 ], [ 5.16657795900005, 5.67892053800006 ], [ 5.16078181100005, 5.68135342600004 ], [ 5.15865898500005, 5.68518701300007 ], [ 5.15345667700007, 5.68920113500008 ], [ 5.15192776700007, 5.69317498000004 ], [ 5.14467727100003, 5.70361900200004 ], [ 5.13494150000002, 5.70663848700002 ], [ 5.13210943100006, 5.71060776700006 ], [ 5.12238240500005, 5.71666842400003 ], [ 5.11861427100007, 5.72021749600003 ], [ 5.10969500700003, 5.72431932900002 ], [ 5.10813059700007, 5.72589923800007 ], [ 5.10435800100004, 5.72672888000005 ], [ 5.10042059800003, 5.73001659100004 ], [ 5.09623349200007, 5.72993965300003 ], [ 5.09450951000002, 5.73066422200003 ], [ 5.09577050400003, 5.73519360800003 ], [ 5.09292265600004, 5.73493733000004 ], [ 5.08156761800007, 5.73836879100003 ], [ 5.08128504500007, 5.74887392200003 ], [ 5.08530655200002, 5.76130503500002 ], [ 5.08692855700002, 5.76924102900006 ], [ 5.08576545000005, 5.78410259600003 ], [ 5.08767102200005, 5.79021965200008 ], [ 5.09059515700005, 5.79388489400003 ], [ 5.09108350900004, 5.79570042300003 ], [ 5.09359416200004, 5.79793865200003 ], [ 5.09682665800005, 5.79652681700003 ], [ 5.10290918500004, 5.79569153200003 ], [ 5.10523736800008, 5.79384361400002 ], [ 5.11090874800004, 5.79110863100004 ], [ 5.10966548700003, 5.77968683900002 ], [ 5.11024831800006, 5.77858701100007 ], [ 5.11197030900007, 5.77783415200003 ], [ 5.11011148800003, 5.77953818600002 ], [ 5.11142744800003, 5.79117040300002 ], [ 5.10294019600002, 5.79622069500004 ], [ 5.09574278800005, 5.79770130000003 ], [ 5.09422741500003, 5.79894472500007 ], [ 5.09449284700003, 5.80036282200007 ], [ 5.10078476600006, 5.80530615900005 ], [ 5.10546995600004, 5.80737383300004 ], [ 5.12068146600006, 5.80765770300007 ] ] ] } },
{ "type": "Feature", "properties": { "wardname": "Ugborodo", "lganame": "Warri South-West" }, "geometry": { "type": "MultiPolygon", "coordinates": [ [ [ [ 5.08156761800007, 5.73836879100003 ], [ 5.09602561600002, 5.73468522000007 ], [ 5.09458106500006, 5.73061923300003 ], [ 5.09623349200007, 5.72993965300003 ], [ 5.10042059800003, 5.73001659100004 ], [ 5.10435800100004, 5.72672888000005 ], [ 5.10813059700007, 5.72589923800007 ], [ 5.10969500700003, 5.72431932900002 ], [ 5.11861427100007, 5.72021749600003 ], [ 5.12238240500005, 5.71666842400003 ], [ 5.13210943100006, 5.71060776700006 ], [ 5.13494150000002, 5.70663848700002 ], [ 5.14467727100003, 5.70361900200004 ], [ 5.15192776700007, 5.69317498000004 ], [ 5.15357804000007, 5.68905161000004 ], [ 5.15865898500005, 5.68518701300007 ], [ 5.16082887600004, 5.68131015600005 ], [ 5.16647524500007, 5.67899853800003 ], [ 5.16859774500006, 5.67570507200003 ], [ 5.17388980800007, 5.67196050400003 ], [ 5.17411790400007, 5.66948542300003 ], [ 5.17588604600007, 5.66764093900002 ], [ 5.18145241800005, 5.66506981600003 ], [ 5.18432191300008, 5.66017759800008 ], [ 5.18867990800004, 5.65622501300004 ], [ 5.18991008300003, 5.65267494800003 ], [ 5.19327646900007, 5.65007807600006 ], [ 5.19661540800007, 5.64610305400004 ], [ 5.20075001700008, 5.64490045000002 ], [ 5.20303809100005, 5.64177393800003 ], [ 5.20911917400002, 5.63890674700002 ], [ 5.21136774700005, 5.63861261700004 ], [ 5.21182497600006, 5.63691478600003 ], [ 5.21923474200003, 5.63131393300006 ], [ 5.21629110700007, 5.62863756600007 ], [ 5.21373026500004, 5.62849769000007 ], [ 5.21333807300005, 5.62744155900003 ], [ 5.21433668300006, 5.62356638500006 ], [ 5.21672582100007, 5.61981988900004 ], [ 5.21293806500006, 5.61838890300004 ], [ 5.21081577900003, 5.61866346900007 ], [ 5.20947936200002, 5.62027593200003 ], [ 5.20890673300005, 5.62379165100003 ], [ 5.20797689200003, 5.62431004400003 ], [ 5.20688029000007, 5.62325440400002 ], [ 5.20631569700004, 5.62026965300004 ], [ 5.20533765100004, 5.62037129300006 ], [ 5.20408793900003, 5.62333091900007 ], [ 5.20388971400007, 5.62687890300003 ], [ 5.20261723000004, 5.62808074500003 ], [ 5.19819406900007, 5.62467046500007 ], [ 5.19388025900003, 5.62876599200007 ], [ 5.19236528300007, 5.62915559000004 ], [ 5.19086798300003, 5.62261666900002 ], [ 5.18748546700004, 5.62332858900004 ], [ 5.18656630300006, 5.62460697100005 ], [ 5.18844482900005, 5.63121736300008 ], [ 5.18715818000004, 5.63351421200002 ], [ 5.18253291400003, 5.63555349200004 ], [ 5.18095755300004, 5.63872241800004 ], [ 5.17976128500004, 5.63957559400006 ], [ 5.17347150300003, 5.63752120100003 ], [ 5.17061150000006, 5.64133433300003 ], [ 5.16716217500004, 5.64322335700007 ], [ 5.16815813300002, 5.64613241600006 ], [ 5.17076982700007, 5.64669558400004 ], [ 5.17203467900003, 5.64781831900007 ], [ 5.16775639700006, 5.64664884000007 ], [ 5.16619504900007, 5.64372039100004 ], [ 5.15720205300005, 5.64836405700004 ], [ 5.15206692000004, 5.65010781800004 ], [ 5.15190322600006, 5.65186726100006 ], [ 5.15047497500007, 5.65090703400006 ], [ 5.14505979200004, 5.65342820600006 ], [ 5.14489187200007, 5.65465262200007 ], [ 5.14409295900003, 5.65387197000007 ], [ 5.14030283200003, 5.65556074100004 ], [ 5.14008494900003, 5.65505514700004 ], [ 5.14163329300004, 5.65433922900007 ], [ 5.13955250000004, 5.65280496800005 ], [ 5.14289060900006, 5.65393949700007 ], [ 5.14205255000007, 5.65110008000005 ], [ 5.14360418200005, 5.65358162000007 ], [ 5.14800559500003, 5.65150746500007 ], [ 5.14800024000004, 5.65028716400008 ], [ 5.14908402400005, 5.65088470300003 ], [ 5.15484472800006, 5.64827633700003 ], [ 5.15464831600002, 5.64678360700003 ], [ 5.15557832900004, 5.64783319700007 ], [ 5.15654143800003, 5.64764947800006 ], [ 5.16024032500007, 5.64575370600005 ], [ 5.16012615700004, 5.64453851100006 ], [ 5.16087953200002, 5.64540735100007 ], [ 5.16210781600006, 5.64513399400005 ], [ 5.16634015700004, 5.64315457000004 ], [ 5.16757952700004, 5.64166373600005 ], [ 5.16957691400006, 5.64135730600003 ], [ 5.17342769300006, 5.63681106100006 ], [ 5.17979838800005, 5.63884704200007 ], [ 5.18175303900006, 5.63539663300003 ], [ 5.18692028200007, 5.63281755800006 ], [ 5.18763424200006, 5.63077728400003 ], [ 5.18574517400003, 5.62431214800006 ], [ 5.18430880900007, 5.62379227900004 ], [ 5.18279964300007, 5.62554804400003 ], [ 5.17764299000004, 5.62581606700007 ], [ 5.17490664800005, 5.62280636600002 ], [ 5.17237351900008, 5.61829692900005 ], [ 5.17602544000005, 5.61543121700004 ], [ 5.17703127600004, 5.61620636400005 ], [ 5.17827903100005, 5.61495899800002 ], [ 5.17797770800007, 5.61437293400007 ], [ 5.17927760000003, 5.61431726400002 ], [ 5.18331774900003, 5.61127452300002 ], [ 5.18363542000003, 5.60987466400007 ], [ 5.18502648800006, 5.61018499000005 ], [ 5.19022649300007, 5.60632299300005 ], [ 5.19012232600005, 5.60573633400003 ], [ 5.19409685300008, 5.60376528800003 ], [ 5.18806699600003, 5.59844812300003 ], [ 5.18469952100003, 5.59731284600002 ], [ 5.18340982500007, 5.59495110400007 ], [ 5.17812831000003, 5.59494619500003 ], [ 5.16607261800004, 5.60268143000008 ], [ 5.14489256300004, 5.62189809500006 ], [ 5.13187415700003, 5.63634352300005 ], [ 5.11722570800003, 5.65449677200007 ], [ 5.10949413000003, 5.66878827800002 ], [ 5.09859229500006, 5.69251546000004 ], [ 5.08452911400002, 5.71539849100003 ], [ 5.08182068100007, 5.72460729700003 ], [ 5.08156761800007, 5.73836879100003 ] ] ], [ [ [ 5.19758935200002, 5.62414655500004 ], [ 5.19946566600004, 5.62444185700002 ], [ 5.20183474600003, 5.62707478200002 ], [ 5.20290294700004, 5.62725571500005 ], [ 5.20363701300005, 5.62135109300004 ], [ 5.20464856600006, 5.62003573300007 ], [ 5.20674421100006, 5.61977278100005 ], [ 5.20811303500005, 5.62330386600007 ], [ 5.20877640500004, 5.61932718100007 ], [ 5.21197185700004, 5.61561398200007 ], [ 5.21119031900002, 5.61570210500003 ], [ 5.21144753600004, 5.61435646900003 ], [ 5.20734734200005, 5.61186650600007 ], [ 5.20749261500004, 5.61103605700004 ], [ 5.20522624800003, 5.61081327000005 ], [ 5.20459288800004, 5.61003208400007 ], [ 5.20024027800002, 5.60904211400003 ], [ 5.19926971700005, 5.61052979400006 ], [ 5.19639357700004, 5.61170220800005 ], [ 5.19620777700004, 5.61078885200004 ], [ 5.19867741400003, 5.60871216900006 ], [ 5.19416497500004, 5.60509084600005 ], [ 5.18065298600004, 5.61407872000007 ], [ 5.17797935000004, 5.61663913200005 ], [ 5.17550334000003, 5.61705498700007 ], [ 5.17300353400003, 5.61858044900004 ], [ 5.17379889700004, 5.61988398700004 ], [ 5.17459048800004, 5.61988206400002 ], [ 5.17435575300004, 5.62078760200006 ], [ 5.17530551200002, 5.62095376300005 ], [ 5.17534270000004, 5.62222560000004 ], [ 5.17731922300004, 5.62501206600007 ], [ 5.18241306100003, 5.62519238200002 ], [ 5.18353564000006, 5.62323226100006 ], [ 5.18608810800004, 5.62366517800007 ], [ 5.18807404100005, 5.62239920200005 ], [ 5.18746319900004, 5.62027179400008 ], [ 5.18837640900006, 5.62204968600003 ], [ 5.19219671500002, 5.62257688900007 ], [ 5.19287403100003, 5.62843335200006 ], [ 5.19758935200002, 5.62414655500004 ] ] ] ] } },
{ "type": "Feature", "properties": { "wardname": "Avenue", "lganame": "Warri South" }, "geometry": { "type": "Polygon", "coordinates": [ [ [ 5.73169249300003, 5.55668340400007 ], [ 5.72885596100002, 5.54852153700006 ], [ 5.73163328900006, 5.54679746700003 ], [ 5.73511264000007, 5.54832794200007 ], [ 5.73776594500004, 5.54801730900004 ], [ 5.73755776200005, 5.54489204900005 ], [ 5.74524223000003, 5.54480909700004 ], [ 5.74777112700002, 5.53913933500007 ], [ 5.74909866600007, 5.53998327100004 ], [ 5.75338924100004, 5.53374359600002 ], [ 5.74682815200003, 5.52913160100007 ], [ 5.74165558200002, 5.53021029600006 ], [ 5.73942788200003, 5.53151017600004 ], [ 5.73761046200002, 5.53569708500004 ], [ 5.73132877300003, 5.53407943500002 ], [ 5.73049321400003, 5.53453121100006 ], [ 5.72967427500004, 5.53750024000004 ], [ 5.71912006200006, 5.53874907600004 ], [ 5.71335203300004, 5.54367330700006 ], [ 5.71323945800003, 5.54502420800003 ], [ 5.71211370800006, 5.54605145500005 ], [ 5.70872238500004, 5.54820445300004 ], [ 5.70796250300003, 5.55028709100003 ], [ 5.71411490000003, 5.55370079900007 ], [ 5.71967250500006, 5.55142334500005 ], [ 5.72080816900007, 5.55279849300007 ], [ 5.72000151600002, 5.55502445100007 ], [ 5.72159326400003, 5.55592860000007 ], [ 5.72490239900003, 5.55549029900004 ], [ 5.73169249300003, 5.55668340400007 ] ] ] } },
{ "type": "Feature", "properties": { "wardname": "Bowen", "lganame": "Warri South" }, "geometry": { "type": "Polygon", "coordinates": [ [ [ 5.75599046000002, 5.51967824500002 ], [ 5.75782075400002, 5.51618615300004 ], [ 5.75760253400006, 5.51339919500003 ], [ 5.75342876600007, 5.51261875200004 ], [ 5.74847282800005, 5.50959283700007 ], [ 5.74642230000006, 5.51104929900004 ], [ 5.74744925800007, 5.51225173700004 ], [ 5.74606798400004, 5.51255243900005 ], [ 5.74604593500004, 5.51366242700004 ], [ 5.74533513700004, 5.51377627400007 ], [ 5.74815152700006, 5.51752052900002 ], [ 5.74989417800003, 5.51828493100004 ], [ 5.75203239800004, 5.51754739300003 ], [ 5.75599046000002, 5.51967824500002 ] ] ] } },
{ "type": "Feature", "properties": { "wardname": "Ekurede", "lganame": "Warri South" }, "geometry": { "type": "Polygon", "coordinates": [ [ [ 5.70720749400004, 5.55359779100007 ], [ 5.70801783600007, 5.55316932800002 ], [ 5.70773632100003, 5.55105835600006 ], [ 5.70872238500004, 5.54820445300004 ], [ 5.71211370800006, 5.54605145500005 ], [ 5.71323945800003, 5.54502420800003 ], [ 5.71335203300004, 5.54367330700006 ], [ 5.71912006200006, 5.53874907600004 ], [ 5.72967427500004, 5.53750024000004 ], [ 5.73049321400003, 5.53453121100006 ], [ 5.73132877300003, 5.53407943500002 ], [ 5.73444911000007, 5.53528762200006 ], [ 5.73797565900003, 5.53534664300003 ], [ 5.73942788200003, 5.53151017600004 ], [ 5.74142271100004, 5.52950096500007 ], [ 5.73989762100007, 5.52925297600007 ], [ 5.74013499800003, 5.52421816800006 ], [ 5.73596980000002, 5.524876 ], [ 5.73566840000007, 5.52147230000003 ], [ 5.734354, 5.52119530000004 ], [ 5.73214270000005, 5.51798860000002 ], [ 5.73272810000003, 5.51638160000005 ], [ 5.73157610100003, 5.51320580100003 ], [ 5.72545420100005, 5.51111719900007 ], [ 5.71833390000006, 5.51118119900002 ], [ 5.71511970000006, 5.51345390300003 ], [ 5.70726250000007, 5.52365189900007 ], [ 5.70552212400003, 5.52750031600004 ], [ 5.70661020600005, 5.52750508100007 ], [ 5.70663790900005, 5.52827079900004 ], [ 5.70499925800004, 5.52916698300004 ], [ 5.70499925700005, 5.53144924400004 ], [ 5.70249925700006, 5.53333364900004 ], [ 5.70217689200007, 5.53583364600007 ], [ 5.70558599600002, 5.54059820900005 ], [ 5.70367047000002, 5.54609706800005 ], [ 5.70431623100006, 5.55261023000003 ], [ 5.70720749400004, 5.55359779100007 ] ] ] } },
{ "type": "Feature", "properties": { "wardname": "Esisi", "lganame": "Warri South" }, "geometry": { "type": "Polygon", "coordinates": [ [ [ 5.75290861800005, 5.53972887400005 ], [ 5.75433776400007, 5.53903704200007 ], [ 5.75356219900004, 5.53811671600005 ], [ 5.75569368300006, 5.53504650800005 ], [ 5.75826426600003, 5.53589017100006 ], [ 5.75912321300007, 5.53390067000004 ], [ 5.76266463400003, 5.53251459800003 ], [ 5.76140655300003, 5.52610620100006 ], [ 5.75968207500006, 5.52643075200007 ], [ 5.75541301800007, 5.52485041300002 ], [ 5.75477848200006, 5.52552797200002 ], [ 5.75358402800003, 5.52510249000005 ], [ 5.75208524500005, 5.52643357400007 ], [ 5.75254759000006, 5.52776940800004 ], [ 5.74682815200003, 5.52913160100007 ], [ 5.75338924100004, 5.53374359600002 ], [ 5.74909866600007, 5.53998327100004 ], [ 5.75270310100007, 5.54109042000005 ], [ 5.75290861800005, 5.53972887400005 ] ] ] } },
{ "type": "Feature", "properties": { "wardname": "Igbudu", "lganame": "Warri South" }, "geometry": { "type": "Polygon", "coordinates": [ [ [ 5.76662891200004, 5.53334594200004 ], [ 5.77350213600005, 5.52779018600006 ], [ 5.77165566300005, 5.52694732200007 ], [ 5.77196708600007, 5.52292625600006 ], [ 5.77035159900004, 5.52346469900004 ], [ 5.76903890000006, 5.52297630000004 ], [ 5.76822350000003, 5.519559 ], [ 5.77505741000004, 5.50589158700006 ], [ 5.77141016800005, 5.50510108200007 ], [ 5.76781544000005, 5.50584177400003 ], [ 5.76679269100003, 5.50955865300006 ], [ 5.76311483100005, 5.50942776300008 ], [ 5.76312516300004, 5.51136170100006 ], [ 5.75751611200008, 5.51252493500004 ], [ 5.75782075400002, 5.51618615300004 ], [ 5.75526118500005, 5.52111503800006 ], [ 5.75498490000007, 5.524394 ], [ 5.75968207500006, 5.52643075200007 ], [ 5.76140655300003, 5.52610620100006 ], [ 5.76266463400003, 5.53251459800003 ], [ 5.76424583200003, 5.53182222400005 ], [ 5.76662891200004, 5.53334594200004 ] ] ] } },
{ "type": "Feature", "properties": { "wardname": "Obodo", "lganame": "Warri South" }, "geometry": { "type": "MultiPolygon", "coordinates": [ [ [ [ 5.63072060000007, 5.67751820000007 ], [ 5.63383200100003, 5.67361070000004 ], [ 5.63913200100006, 5.67444349900006 ], [ 5.64380980000004, 5.67117650000006 ], [ 5.64674950000006, 5.67194520000004 ], [ 5.65009690100004, 5.67506270000007 ], [ 5.65129850100004, 5.67516940000007 ], [ 5.65655570000007, 5.67149680000006 ], [ 5.65666300100003, 5.66833660000003 ], [ 5.65814350100004, 5.66549670000006 ], [ 5.66395860000006, 5.65936840000006 ], [ 5.66910840100007, 5.66171720000006 ], [ 5.67381580000006, 5.66207039900007 ], [ 5.67489920100007, 5.66082490000002 ], [ 5.67599393400008, 5.65644263500008 ], [ 5.67942544600004, 5.65558572500004 ], [ 5.67977960000007, 5.65907010000006 ], [ 5.68610770100003, 5.66201699900006 ], [ 5.69041000100003, 5.65507730000007 ], [ 5.69164380000007, 5.65453280000003 ], [ 5.69326340100002, 5.65534760000003 ], [ 5.69528640100003, 5.65461170000003 ], [ 5.69827970000006, 5.65263379900006 ], [ 5.70057510100003, 5.64863510000004 ], [ 5.70272903300003, 5.64877098300008 ], [ 5.70351317400002, 5.64352761200007 ], [ 5.70241350800006, 5.63749861600007 ], [ 5.69550973100007, 5.63562656300007 ], [ 5.68821380600002, 5.63239291200006 ], [ 5.68095830300007, 5.63186744400002 ], [ 5.67770444300004, 5.63273648700005 ], [ 5.66951926400003, 5.63079629700007 ], [ 5.66654834700006, 5.63487878100005 ], [ 5.66178071300004, 5.63641409900004 ], [ 5.64676520000006, 5.61751480000004 ], [ 5.64504860200003, 5.61625490000006 ], [ 5.64129350000007, 5.615294 ], [ 5.63837530000006, 5.61621219900007 ], [ 5.63723800100007, 5.61813410000002 ], [ 5.63739580100003, 5.62053010000005 ], [ 5.63545700100002, 5.61969300100003 ], [ 5.63505099700006, 5.61824060300006 ], [ 5.63489588300007, 5.61995408600006 ], [ 5.63452580200004, 5.61801714200004 ], [ 5.63028208100008, 5.61492410400007 ], [ 5.62943051700006, 5.61310010000005 ], [ 5.62790703600007, 5.61391481400005 ], [ 5.62719052400007, 5.62221274800004 ], [ 5.63061262500003, 5.63122064400005 ], [ 5.63214955900003, 5.63283246200007 ], [ 5.63374431900007, 5.63267472700005 ], [ 5.63358303100006, 5.63445638300004 ], [ 5.62819569700002, 5.63418380200005 ], [ 5.63003444800006, 5.63346886500005 ], [ 5.62503760100003, 5.62367105200002 ], [ 5.62466973500005, 5.61996822300006 ], [ 5.62592542200002, 5.61459507400002 ], [ 5.62501259900006, 5.61344994300003 ], [ 5.62270711400004, 5.61407155900002 ], [ 5.61942564500004, 5.62084647100005 ], [ 5.61590897600007, 5.62490346600003 ], [ 5.61328281700003, 5.62583451700004 ], [ 5.60961617300006, 5.62463949100004 ], [ 5.60868180200004, 5.62292644700005 ], [ 5.60775288700006, 5.61352481900008 ], [ 5.60384346300003, 5.60608924300004 ], [ 5.60219882900003, 5.59603882600004 ], [ 5.60003792500004, 5.59216584700005 ], [ 5.59781096600005, 5.59189671700005 ], [ 5.59638328500006, 5.59404879200002 ], [ 5.59672570100003, 5.60322706700003 ], [ 5.59515963400003, 5.60576878100005 ], [ 5.58664370400004, 5.60750972400007 ], [ 5.58198249800006, 5.60650239600005 ], [ 5.57951637000002, 5.60504189100004 ], [ 5.57795531400006, 5.60131048300002 ], [ 5.57858321800006, 5.58909155300006 ], [ 5.57777374200003, 5.58642797600004 ], [ 5.57821684500004, 5.58445121400007 ], [ 5.57712996000004, 5.58237028200006 ], [ 5.57509782900007, 5.58308915900005 ], [ 5.56682855200006, 5.59198895900005 ], [ 5.56684428900007, 5.60200173100003 ], [ 5.56027830300008, 5.60560086800007 ], [ 5.55581936800007, 5.60687390900006 ], [ 5.54643453000006, 5.60598041900005 ], [ 5.54121983300007, 5.60636985800005 ], [ 5.54023544300003, 5.60973080600007 ], [ 5.54237693800007, 5.61472441100005 ], [ 5.54185405700002, 5.61647763600007 ], [ 5.54407895700007, 5.62000308200004 ], [ 5.54399527000004, 5.62505609700003 ], [ 5.54236046300002, 5.62963013700005 ], [ 5.53861691800006, 5.63547966000004 ], [ 5.53789985100002, 5.63808939400008 ], [ 5.53843348700002, 5.63893259900004 ], [ 5.54111747700006, 5.63857309800005 ], [ 5.54555323100004, 5.63252684700007 ], [ 5.55043497600008, 5.63050806400003 ], [ 5.55407673400003, 5.63115347900003 ], [ 5.55884762100004, 5.63340398700007 ], [ 5.56762861800007, 5.64162799800005 ], [ 5.57104109700003, 5.64308016900003 ], [ 5.57254696900003, 5.64279565000004 ], [ 5.57614605000003, 5.63902549400007 ], [ 5.57490194100006, 5.63392884300004 ], [ 5.57696234200006, 5.63874979300004 ], [ 5.58190671300002, 5.63940127800004 ], [ 5.58548270400007, 5.63456420400007 ], [ 5.58998743300003, 5.63769057600007 ], [ 5.59340058700008, 5.63614903800004 ], [ 5.59576529500004, 5.63394032000002 ], [ 5.59404424300004, 5.63630618000008 ], [ 5.59701538000007, 5.64468148200007 ], [ 5.59873438300002, 5.64558760100005 ], [ 5.60049925600003, 5.64540083000003 ], [ 5.59998210000003, 5.64081822900005 ], [ 5.60069152700004, 5.63985733500004 ], [ 5.60246408400008, 5.64037223200006 ], [ 5.60042480800007, 5.64066945700006 ], [ 5.60063061900007, 5.64610835700006 ], [ 5.59772066700003, 5.64603370700007 ], [ 5.59640458500007, 5.64483799000004 ], [ 5.59349182900007, 5.63743972400005 ], [ 5.59069863700006, 5.63875834300006 ], [ 5.58900957000003, 5.63866874800004 ], [ 5.58588033800004, 5.63562689200006 ], [ 5.58355019900006, 5.64000141200006 ], [ 5.57706915200004, 5.64004113600004 ], [ 5.57408834000006, 5.64380046600007 ], [ 5.57878351200003, 5.64508343500006 ], [ 5.58313085500004, 5.64959181800003 ], [ 5.58379382600003, 5.65293765300004 ], [ 5.58272756200006, 5.65762132400005 ], [ 5.58758291200007, 5.66760039200005 ], [ 5.59210979800002, 5.67079365500007 ], [ 5.59206244600006, 5.67172538800003 ], [ 5.59381307400002, 5.67168755300003 ], [ 5.59331073300007, 5.67227671400002 ], [ 5.60076528000008, 5.66839717700003 ], [ 5.60477514300004, 5.66475994200005 ], [ 5.60772972800004, 5.66508666000004 ], [ 5.61064834500007, 5.66399662400005 ], [ 5.61040182300007, 5.65941337500004 ], [ 5.61332054200005, 5.65576861800002 ], [ 5.61482852400007, 5.65586760000002 ], [ 5.61756667500003, 5.65895887300007 ], [ 5.61855231300007, 5.65878496300007 ], [ 5.62133087400002, 5.65501298500004 ], [ 5.62371123600008, 5.64930863100005 ], [ 5.62716594300002, 5.65089339600007 ], [ 5.62674781800007, 5.64651085900005 ], [ 5.62762783300008, 5.64888815700004 ], [ 5.62749572300004, 5.65159288700005 ], [ 5.62405629400007, 5.64992336000006 ], [ 5.62149780400006, 5.65577130200006 ], [ 5.61830680500003, 5.65959315300006 ], [ 5.61371089200003, 5.65612405200005 ], [ 5.61075658200002, 5.65998395600008 ], [ 5.61152093600003, 5.66387622100007 ], [ 5.60823051000006, 5.66584991600007 ], [ 5.60870759200003, 5.66867893500006 ], [ 5.61147366900002, 5.66689701000007 ], [ 5.61304928200002, 5.66784975100006 ], [ 5.61370811500007, 5.67026162300004 ], [ 5.61316966900006, 5.67333815900002 ], [ 5.61854677000002, 5.67273661000007 ], [ 5.62216514400006, 5.67513887300004 ], [ 5.62971874400006, 5.67714291700003 ], [ 5.62965964000006, 5.67779580000007 ], [ 5.63072060000007, 5.67751820000007 ] ] ], [ [ [ 5.57063013800007, 5.72800626100008 ], [ 5.57315462600008, 5.72874158500002 ], [ 5.57500064400006, 5.73460710300003 ], [ 5.58000338200003, 5.73194432900004 ], [ 5.58415308300005, 5.73129697800005 ], [ 5.59330864700007, 5.73274384300004 ], [ 5.59761456500007, 5.73505873600004 ], [ 5.59825460300004, 5.73327469500003 ], [ 5.59707873700006, 5.72620553700006 ], [ 5.59377839400003, 5.72042276100007 ], [ 5.59441712400007, 5.71798159900004 ], [ 5.59908831600006, 5.71658216400004 ], [ 5.60128169800004, 5.72113818400004 ], [ 5.60822808700004, 5.71452019600002 ], [ 5.60306069100005, 5.71374691100004 ], [ 5.60156135600005, 5.70956156000005 ], [ 5.59878855500006, 5.70650945300002 ], [ 5.59750850700004, 5.70638902100006 ], [ 5.59770112700005, 5.70569986700002 ], [ 5.59662429900004, 5.70498985900002 ], [ 5.59284233800003, 5.70423744600004 ], [ 5.59082074100007, 5.70230261000006 ], [ 5.58847085800005, 5.69137483900005 ], [ 5.58954416600005, 5.68694593200007 ], [ 5.58810452800003, 5.68141994500007 ], [ 5.59016296300007, 5.67401169400006 ], [ 5.58526301500007, 5.67025697500003 ], [ 5.58417067500005, 5.66833952100006 ], [ 5.58368417000003, 5.66491556200003 ], [ 5.58022074700006, 5.66062148900005 ], [ 5.57930285200007, 5.65763714700006 ], [ 5.58011053300004, 5.65174249800003 ], [ 5.57954728900006, 5.64918749600002 ], [ 5.57274745400002, 5.64793675100003 ], [ 5.57380377400006, 5.65492275200006 ], [ 5.57137921400005, 5.64750078800006 ], [ 5.56524184300002, 5.64457633700005 ], [ 5.55710803000005, 5.63726233200003 ], [ 5.55021046600007, 5.63528048700005 ], [ 5.54777877900005, 5.63879758600007 ], [ 5.54845601400007, 5.64432546600005 ], [ 5.54700267600003, 5.64665072900004 ], [ 5.54473173300005, 5.64811690700003 ], [ 5.54622497000003, 5.64791224200007 ], [ 5.54472232500007, 5.64942181400005 ], [ 5.54902955800003, 5.65700778200005 ], [ 5.54554416300005, 5.65756108400006 ], [ 5.54454642000007, 5.65982708900003 ], [ 5.54508411400008, 5.66211996800007 ], [ 5.54339002000006, 5.66044377400004 ], [ 5.54357124800003, 5.65977039400002 ], [ 5.54565489200007, 5.65686056700002 ], [ 5.54785693700006, 5.65624503300006 ], [ 5.54462982500007, 5.65127609900003 ], [ 5.54330893600007, 5.65157492100008 ], [ 5.54390006800003, 5.65075739600007 ], [ 5.54301024700004, 5.64877957600004 ], [ 5.54532994100003, 5.64702996500006 ], [ 5.54493613200003, 5.64616582400004 ], [ 5.54570590900005, 5.64674280200006 ], [ 5.54703574500007, 5.64568194600002 ], [ 5.54783481400005, 5.64146098400005 ], [ 5.54716683900006, 5.63958695500003 ], [ 5.54331783200007, 5.64233505400006 ], [ 5.53977534400002, 5.64299081600007 ], [ 5.53722076500003, 5.64224439700007 ], [ 5.53576222000004, 5.64087607600004 ], [ 5.53484143300005, 5.63458037600003 ], [ 5.53869598000006, 5.62369498200007 ], [ 5.52672066100007, 5.62646388800005 ], [ 5.51558292900006, 5.62243091400006 ], [ 5.50582346900006, 5.62053591800003 ], [ 5.50358306400005, 5.62063662600002 ], [ 5.50296230100003, 5.62160904700005 ], [ 5.50268765500005, 5.62081500300008 ], [ 5.49784215800003, 5.62338952100004 ], [ 5.49073335700007, 5.62558238000003 ], [ 5.48508911400006, 5.63113173700003 ], [ 5.48450165300005, 5.63430316000006 ], [ 5.48022920700004, 5.63833411000007 ], [ 5.48094074000005, 5.63965225500004 ], [ 5.48335824700007, 5.64063207100003 ], [ 5.49070256600004, 5.63940221100006 ], [ 5.49214922700003, 5.64017766600006 ], [ 5.49250721300007, 5.64137664200007 ], [ 5.49064727700005, 5.64607562800006 ], [ 5.49057114500005, 5.64919315300006 ], [ 5.49187258100005, 5.64944398600005 ], [ 5.49791719100006, 5.64514952400003 ], [ 5.50009758800007, 5.64544360300005 ], [ 5.50396933800005, 5.64819162000003 ], [ 5.51372919500005, 5.64685497200003 ], [ 5.51653775600005, 5.64900108800003 ], [ 5.52303885300006, 5.64937022000004 ], [ 5.52662643900004, 5.64757885700004 ], [ 5.53012341500005, 5.65076328000004 ], [ 5.53482477300003, 5.65710527000005 ], [ 5.53236861400006, 5.66154483100007 ], [ 5.53117224300007, 5.66062612800005 ], [ 5.53099674200007, 5.65917022300005 ], [ 5.52983040000004, 5.65872290000004 ], [ 5.52954080100005, 5.66096290000007 ], [ 5.52761680100002, 5.66254290100005 ], [ 5.53167390000004, 5.66639560000004 ], [ 5.53130280000005, 5.66964090000005 ], [ 5.53231150100004, 5.67233619900003 ], [ 5.53535630100004, 5.672485 ], [ 5.53921150000002, 5.66958440100007 ], [ 5.54225630100007, 5.67549560000003 ], [ 5.54571210000006, 5.678953 ], [ 5.54688985600006, 5.68287044100003 ], [ 5.55328191900003, 5.68135083800007 ], [ 5.55619180100007, 5.68330024100004 ], [ 5.55546762600005, 5.68641955200007 ], [ 5.55320734500003, 5.68958563200005 ], [ 5.54579200700005, 5.69556591700007 ], [ 5.54507920000003, 5.69781093200004 ], [ 5.55263772500007, 5.70901277600007 ], [ 5.55622990800003, 5.71304675000005 ], [ 5.56141232100003, 5.71224062700003 ], [ 5.56383408300007, 5.70964181600004 ], [ 5.56419920100006, 5.70786432800003 ], [ 5.56223902400006, 5.70521364400003 ], [ 5.56272955800006, 5.70365863700005 ], [ 5.56470499500006, 5.70366069100004 ], [ 5.56707540600007, 5.70687687000003 ], [ 5.56411550800004, 5.70382684100002 ], [ 5.56270023600007, 5.70435188300007 ], [ 5.56297095300005, 5.70586983700002 ], [ 5.56537620700004, 5.70799966100003 ], [ 5.56206032900008, 5.71264262600005 ], [ 5.56400193500002, 5.71318353400005 ], [ 5.56373559000002, 5.71434306900005 ], [ 5.56295562300005, 5.71334382000003 ], [ 5.56256405600004, 5.71642299000007 ], [ 5.55941007700005, 5.72091897100006 ], [ 5.55299844800004, 5.72547538400005 ], [ 5.55128355900007, 5.72791224100007 ], [ 5.55164729200004, 5.73128029600002 ], [ 5.55774539900005, 5.74636978000007 ], [ 5.56014980900005, 5.74503478800005 ], [ 5.56688531800006, 5.73506429700006 ], [ 5.56899670800004, 5.72947336100003 ], [ 5.57063013800007, 5.72800626100008 ] ] ], [ [ [ 5.56664960100005, 5.77642120000007 ], [ 5.56872220100007, 5.77649959900003 ], [ 5.57049790000002, 5.77556739900007 ], [ 5.57121270000005, 5.77396109900008 ], [ 5.57079360000006, 5.77123910100005 ], [ 5.57385, 5.76941209900002 ], [ 5.57632720100003, 5.77020910000005 ], [ 5.58001210000003, 5.772968 ], [ 5.58119530000005, 5.77284530000003 ], [ 5.57995050000005, 5.76941210000007 ], [ 5.58024630100005, 5.76713140100003 ], [ 5.585213, 5.76656730000008 ], [ 5.58352450000007, 5.76054669900003 ], [ 5.58467070000006, 5.75997040000004 ], [ 5.58732040000007, 5.76082870000005 ], [ 5.58640840000004, 5.75863390000006 ], [ 5.58864470000003, 5.75521850000007 ], [ 5.58966770100005, 5.75651820100006 ], [ 5.59140470000006, 5.75672950000006 ], [ 5.59140220000006, 5.757748 ], [ 5.59235780100005, 5.75836770000006 ], [ 5.59339829900006, 5.75754369900005 ], [ 5.59489890000003, 5.75790999900005 ], [ 5.59536610000004, 5.75927619900006 ], [ 5.59659060000007, 5.75783250000006 ], [ 5.59855140000008, 5.758748 ], [ 5.60037050000005, 5.75666340100003 ], [ 5.59789000100005, 5.75485860000003 ], [ 5.59739700100005, 5.75338720000002 ], [ 5.59919642700004, 5.74977260500003 ], [ 5.59894980000007, 5.74414149900002 ], [ 5.60249920100006, 5.74303780000002 ], [ 5.60348510100005, 5.74184839900005 ], [ 5.60284430000007, 5.73661230000005 ], [ 5.601159, 5.73348220000003 ], [ 5.60112470000007, 5.73078450000003 ], [ 5.59950132300003, 5.72956211300004 ], [ 5.59941703800007, 5.73368755300004 ], [ 5.59815693000007, 5.73577828400005 ], [ 5.59202847800003, 5.73364127900004 ], [ 5.58350649000005, 5.73237352500007 ], [ 5.58012553800006, 5.73283729300005 ], [ 5.57505048900003, 5.73560611100004 ], [ 5.57385191800006, 5.73474966600003 ], [ 5.57246017800003, 5.72978381200005 ], [ 5.57146587100004, 5.72878231500005 ], [ 5.56934565700004, 5.73149845500006 ], [ 5.56859085000002, 5.73491173100007 ], [ 5.56512538600003, 5.73893795200007 ], [ 5.56147429300006, 5.74544374400006 ], [ 5.55872451200003, 5.74745608000006 ], [ 5.55625299000008, 5.74670372400004 ], [ 5.55422720300004, 5.73932518700008 ], [ 5.55039492400005, 5.73158265700005 ], [ 5.55011246700008, 5.72845532000002 ], [ 5.55210661300003, 5.72478724600006 ], [ 5.55817345400004, 5.72042093100004 ], [ 5.56087425700002, 5.71672725100007 ], [ 5.56150675000004, 5.71443514200007 ], [ 5.55676066900003, 5.71466493500003 ], [ 5.55355454700003, 5.71258141400006 ], [ 5.54702849000006, 5.70344766000005 ], [ 5.54546820400003, 5.70277143200002 ], [ 5.54596350500003, 5.70229440900005 ], [ 5.54381915000005, 5.69841848500005 ], [ 5.54476192700002, 5.69476363600006 ], [ 5.55116663900003, 5.68950736000005 ], [ 5.55459822100005, 5.68431631200002 ], [ 5.55368520900004, 5.68343029500005 ], [ 5.55157187200007, 5.68333526000004 ], [ 5.54343532200005, 5.68593480800007 ], [ 5.53501505200006, 5.68395633400007 ], [ 5.53240898000007, 5.68442183400003 ], [ 5.52737768500003, 5.68775154000002 ], [ 5.52479306800006, 5.69078690700007 ], [ 5.52325156100005, 5.69603896900003 ], [ 5.52448773700007, 5.69876161800005 ], [ 5.52426064900004, 5.70018668900002 ], [ 5.52253157800004, 5.70120203500005 ], [ 5.52012689800006, 5.70013463300006 ], [ 5.51908144000004, 5.70250614500003 ], [ 5.51750263100007, 5.703748 ], [ 5.51893510100007, 5.70488942400004 ], [ 5.51695995400007, 5.70692947800006 ], [ 5.51857743100004, 5.70870335500007 ], [ 5.51733873300003, 5.70998691100004 ], [ 5.51588315800007, 5.71023444600007 ], [ 5.51695173100006, 5.71381318100003 ], [ 5.51713410200006, 5.71877119900006 ], [ 5.51556619200005, 5.72417208700006 ], [ 5.50071676400006, 5.74082151200002 ], [ 5.49855627900007, 5.74442718500006 ], [ 5.49800845600004, 5.74742221400004 ], [ 5.49954598300008, 5.75346114400003 ], [ 5.50215140600005, 5.75833310600007 ], [ 5.50328209200006, 5.75823536500008 ], [ 5.50268416000006, 5.75938518700002 ], [ 5.50448596800004, 5.76371125300005 ], [ 5.50692558200006, 5.76650217900004 ], [ 5.50976495600003, 5.76533590100007 ], [ 5.51370292200005, 5.75956811200007 ], [ 5.51404118200003, 5.75782108600004 ], [ 5.51267170800003, 5.75712089100006 ], [ 5.51421355200006, 5.75719514500003 ], [ 5.51489326600006, 5.75813475400003 ], [ 5.52045779700006, 5.75526223900005 ], [ 5.52136365000007, 5.75331621200007 ], [ 5.52197238000002, 5.75346550300003 ], [ 5.52182294600004, 5.75445774900004 ], [ 5.52265988800002, 5.75437725400008 ], [ 5.52817110800004, 5.75302161600007 ], [ 5.52929349700003, 5.75186559900004 ], [ 5.52981721000003, 5.75275294000005 ], [ 5.53821933200004, 5.75469388700003 ], [ 5.53725882400005, 5.75509946300002 ], [ 5.53797626300008, 5.75594340600003 ], [ 5.53814024200005, 5.76113552900006 ], [ 5.53309319400006, 5.77034273200007 ], [ 5.52569155300006, 5.77439518600005 ], [ 5.52164279100003, 5.77541830900003 ], [ 5.51202157800003, 5.77991407600007 ], [ 5.50798680400004, 5.78260398900005 ], [ 5.50922983800007, 5.78445224600006 ], [ 5.51530649800003, 5.78854967600006 ], [ 5.51782643400003, 5.79171362000005 ], [ 5.51812401700005, 5.79663370500003 ], [ 5.51703323500004, 5.79966175100003 ], [ 5.51591938200005, 5.80042425400006 ], [ 5.515759, 5.80399380000006 ], [ 5.51880600100003, 5.81213790000004 ], [ 5.52280780000007, 5.81571890000004 ], [ 5.52533410000007, 5.81589050000002 ], [ 5.52746360000003, 5.81375020000007 ], [ 5.52692190000005, 5.80971750000003 ], [ 5.52471760100002, 5.80640949900004 ], [ 5.52355950000003, 5.80282280100005 ], [ 5.52357820000003, 5.79860410000003 ], [ 5.5261, 5.79522179900005 ], [ 5.52860310100004, 5.79375359900007 ], [ 5.54027810100007, 5.79146770000006 ], [ 5.54375250100003, 5.78838260000003 ], [ 5.54782480000006, 5.78312309900002 ], [ 5.55163080000005, 5.78056560100003 ], [ 5.55900940000004, 5.779116 ], [ 5.56664960100005, 5.77642120000007 ] ] ] ] } },
{ "type": "Feature", "properties": { "wardname": "Ode-Itsekiri", "lganame": "Warri South" }, "geometry": { "type": "MultiPolygon", "coordinates": [ [ [ [ 5.62562124200002, 5.54147230500007 ], [ 5.63067299300008, 5.53940324900003 ], [ 5.63255335000002, 5.53779529400003 ], [ 5.63484179400007, 5.53247727400003 ], [ 5.63736480600005, 5.52938730100004 ], [ 5.64331485800005, 5.52695455000003 ], [ 5.64300741800002, 5.53035065300003 ], [ 5.65740747500007, 5.53177992900004 ], [ 5.65742060500003, 5.53320802400003 ], [ 5.65583259100003, 5.53333365000003 ], [ 5.65583259100003, 5.53500031700003 ], [ 5.65745929000008, 5.53679941400003 ], [ 5.65749925800003, 5.53833364900004 ], [ 5.65987554200007, 5.53844696600004 ], [ 5.65999925700004, 5.54000031700002 ], [ 5.66249925700004, 5.54000031600003 ], [ 5.66265147800004, 5.53922221800002 ], [ 5.66559457600005, 5.53851081000005 ], [ 5.66625739100004, 5.53755575100007 ], [ 5.66999925700003, 5.53666698200004 ], [ 5.67101484300002, 5.53502184000007 ], [ 5.67397043900007, 5.53499440700006 ], [ 5.67448425000003, 5.53416584000007 ], [ 5.67583259100007, 5.53416698000007 ], [ 5.67594093000002, 5.53340246700003 ], [ 5.69800912800002, 5.53545193200006 ], [ 5.69962928700005, 5.53478136800004 ], [ 5.70249925700006, 5.53583364900004 ], [ 5.70249925700006, 5.53333364900004 ], [ 5.70499925700005, 5.53144924400004 ], [ 5.70499925800004, 5.52916698300004 ], [ 5.70663790900005, 5.52827079900004 ], [ 5.70661020600005, 5.52750508100007 ], [ 5.70552212400003, 5.52750031600004 ], [ 5.70726250000007, 5.52365189900007 ], [ 5.71511970000006, 5.51345390300003 ], [ 5.71883080100002, 5.51106639900007 ], [ 5.72545420100005, 5.51111719900007 ], [ 5.72593690000002, 5.50901300100003 ], [ 5.72453838700005, 5.50639865800002 ], [ 5.71408840100003, 5.49834930000003 ], [ 5.71027050000004, 5.49206290200004 ], [ 5.70800460000004, 5.47844610100003 ], [ 5.70929110000003, 5.47537790000007 ], [ 5.70912270000002, 5.47148340000007 ], [ 5.70600080000003, 5.46593759900003 ], [ 5.69907008100006, 5.46068925000003 ], [ 5.69198770100007, 5.45797719900003 ], [ 5.68624334800006, 5.45642131100004 ], [ 5.67746642300006, 5.45547671500003 ], [ 5.67760678300004, 5.45652274500003 ], [ 5.68195717300006, 5.45966042600003 ], [ 5.68294337300006, 5.46175539900003 ], [ 5.68052880400006, 5.46238708100003 ], [ 5.68061545600006, 5.46520297300003 ], [ 5.67866079900006, 5.46958609400002 ], [ 5.67923985700003, 5.47077719700007 ], [ 5.67244451100004, 5.47742034100003 ], [ 5.67110061000005, 5.48076450000002 ], [ 5.67112660600003, 5.48588409900003 ], [ 5.66099520000006, 5.48518990000002 ], [ 5.65777890000004, 5.48767280100003 ], [ 5.65672520000004, 5.49112510100002 ], [ 5.65158340000005, 5.49122919900003 ], [ 5.64621394000005, 5.49493007800004 ], [ 5.64434498700007, 5.49487642500003 ], [ 5.64219711300007, 5.49730100200003 ], [ 5.64090290100006, 5.50153111500003 ], [ 5.63878987400005, 5.50337372000007 ], [ 5.63713262200002, 5.50346343900003 ], [ 5.63490544500007, 5.50168692800003 ], [ 5.63071731500003, 5.50374701800007 ], [ 5.62734225300005, 5.50141969600003 ], [ 5.62617272800003, 5.50485594500003 ], [ 5.62497144200006, 5.50587926000003 ], [ 5.62001500300005, 5.50474474600003 ], [ 5.61866983100003, 5.50518851500004 ], [ 5.61794512300003, 5.50770049700003 ], [ 5.62111735700006, 5.51042902200004 ], [ 5.62206360900007, 5.51227063700003 ], [ 5.62399847100005, 5.51174673700007 ], [ 5.62535465100007, 5.51223175400003 ], [ 5.62576187800005, 5.51515943700002 ], [ 5.62815239600008, 5.51676014700007 ], [ 5.62731107200005, 5.51800670300003 ], [ 5.62522343300003, 5.51832594900003 ], [ 5.62780151800007, 5.51707232300004 ], [ 5.62550608900005, 5.51565739300003 ], [ 5.62434764100004, 5.51220137400003 ], [ 5.61880129900004, 5.51570096300003 ], [ 5.61107243200007, 5.51274594400007 ], [ 5.60869387900004, 5.51329286500004 ], [ 5.60672048800006, 5.51569846300004 ], [ 5.61377761600005, 5.52808074400002 ], [ 5.61551786400003, 5.53813593900003 ], [ 5.61802327300006, 5.54074439200002 ], [ 5.62130180900004, 5.54210517900003 ], [ 5.62562124200002, 5.54147230500007 ] ] ], [ [ [ 5.60731455700005, 5.52038594700002 ], [ 5.60582019600002, 5.52091496400004 ], [ 5.60508352100004, 5.52309436100006 ], [ 5.60607030000006, 5.52845127200004 ], [ 5.60562546200003, 5.53108109000004 ], [ 5.60699111100007, 5.53715694100003 ], [ 5.61080555500007, 5.53851018600005 ], [ 5.61288895600006, 5.53408727100003 ], [ 5.61280273800003, 5.53111035500007 ], [ 5.61099939600007, 5.52604559200006 ], [ 5.60731455700005, 5.52038594700002 ] ] ] ] } },
{ "type": "Feature", "properties": { "wardname": "Okere", "lganame": "Warri South" }, "geometry": { "type": "Polygon", "coordinates": [ [ [ 5.74043445400002, 5.53108591400007 ], [ 5.74177537300005, 5.53017310900003 ], [ 5.75254759000006, 5.52776940800004 ], [ 5.75208524500005, 5.52643357400007 ], [ 5.75358402800003, 5.52510249000005 ], [ 5.75477848200006, 5.52552797200002 ], [ 5.75541232100005, 5.52497857500003 ], [ 5.75471930000003, 5.52310180000006 ], [ 5.75598122200006, 5.51969630200006 ], [ 5.75203239800004, 5.51754739300003 ], [ 5.74989417800003, 5.51828493100004 ], [ 5.74815152700006, 5.51752052900002 ], [ 5.74533513700004, 5.51377627400007 ], [ 5.74604593500004, 5.51366242700004 ], [ 5.74606798400004, 5.51255243900005 ], [ 5.74744925800007, 5.51225173700004 ], [ 5.74642230000006, 5.51104929900004 ], [ 5.74145960100003, 5.51093859900004 ], [ 5.73451350100004, 5.51355730000006 ], [ 5.73157610100003, 5.51320580100003 ], [ 5.73272810000003, 5.51638160000005 ], [ 5.73214270000005, 5.51798860000002 ], [ 5.734354, 5.52119530000004 ], [ 5.73566840000007, 5.52147230000003 ], [ 5.73596980000002, 5.524876 ], [ 5.74013499800003, 5.52421816800006 ], [ 5.73989762100007, 5.52925297600007 ], [ 5.74142271100004, 5.52950096500007 ], [ 5.73999184200005, 5.53062283800006 ], [ 5.74043445400002, 5.53108591400007 ] ] ] } },
{ "type": "Feature", "properties": { "wardname": "Pessu", "lganame": "Warri South" }, "geometry": { "type": "Polygon", "coordinates": [ [ [ 5.75604907400003, 5.51353751700003 ], [ 5.75760253400006, 5.51339919500003 ], [ 5.75751611200008, 5.51252493500004 ], [ 5.76312516300004, 5.51136170100006 ], [ 5.76311483100005, 5.50942776300008 ], [ 5.76679269100003, 5.50955865300006 ], [ 5.76781544000005, 5.50584177400003 ], [ 5.77141016800005, 5.50510108200007 ], [ 5.77505741000004, 5.50589158700006 ], [ 5.78019690000002, 5.49781590000003 ], [ 5.77966040100006, 5.49215580000003 ], [ 5.77609840000002, 5.48794799900003 ], [ 5.76788350100003, 5.48760249900005 ], [ 5.75622859900005, 5.494548 ], [ 5.75383843300006, 5.49689910500007 ], [ 5.75438732700007, 5.49902475100004 ], [ 5.75246850200006, 5.50473902300007 ], [ 5.74847176600002, 5.50959182700007 ], [ 5.75604907400003, 5.51353751700003 ] ] ] } },
{ "type": "Feature", "properties": { "wardname": "Ubeji", "lganame": "Warri South" }, "geometry": { "type": "Polygon", "coordinates": [ [ [ 5.61294812500006, 5.62403883500002 ], [ 5.61674370800006, 5.62115711100006 ], [ 5.62255379600003, 5.61203228500005 ], [ 5.62501295200002, 5.61147130800003 ], [ 5.62779441800006, 5.61297779500006 ], [ 5.63436226300007, 5.60973674400003 ], [ 5.63603958000004, 5.60732030900004 ], [ 5.63601090100002, 5.60863920000003 ], [ 5.63645080000003, 5.605468 ], [ 5.63107, 5.60258939900007 ], [ 5.63046170100006, 5.60149660000008 ], [ 5.63351120000004, 5.59689379900004 ], [ 5.63812130000002, 5.59864789900007 ], [ 5.63917440000006, 5.59752239900007 ], [ 5.63662250000004, 5.58799929900005 ], [ 5.63700870100007, 5.58610929900004 ], [ 5.63945460000002, 5.58379580000008 ], [ 5.63635980000004, 5.58117270000002 ], [ 5.63585760000007, 5.57803730000006 ], [ 5.63783170000005, 5.57244199900003 ], [ 5.64175559900002, 5.56879740000005 ], [ 5.64607060000003, 5.56654880000002 ], [ 5.65726480000006, 5.56790320100004 ], [ 5.65839130100005, 5.56715570000006 ], [ 5.65943590000006, 5.56466930100004 ], [ 5.66386330000006, 5.56427320000006 ], [ 5.663538, 5.56191330000007 ], [ 5.66427720100006, 5.56048250000003 ], [ 5.66833830100006, 5.56030440000006 ], [ 5.67072704600002, 5.55612815700005 ], [ 5.67239643400006, 5.55594783400005 ], [ 5.67305320000003, 5.55413291700006 ], [ 5.67530020000004, 5.55356499900006 ], [ 5.67613680000005, 5.55428880000005 ], [ 5.67611640000007, 5.55633690000008 ], [ 5.67379630000005, 5.55878440000004 ], [ 5.67308670000006, 5.56218679900007 ], [ 5.67417050000006, 5.5633 ], [ 5.67888740000006, 5.56494529900004 ], [ 5.681767, 5.56884299900003 ], [ 5.68120050000005, 5.56995370000004 ], [ 5.67550229600005, 5.57286624000005 ], [ 5.67411901900005, 5.57539068000005 ], [ 5.68007354600007, 5.57657759800003 ], [ 5.68271542400004, 5.58234901500003 ], [ 5.68703556000003, 5.58515266700005 ], [ 5.68833170900007, 5.58765494600004 ], [ 5.69047542900006, 5.58799461700005 ], [ 5.69598902100006, 5.58336463300003 ], [ 5.69603131100007, 5.58255730300004 ], [ 5.69415664200005, 5.58176238400006 ], [ 5.69443223100006, 5.58048807500006 ], [ 5.69691010700006, 5.57957473200003 ], [ 5.69874320600007, 5.58044931100005 ], [ 5.69951964800003, 5.58008156500006 ], [ 5.69822847800003, 5.57794714900007 ], [ 5.69962466800007, 5.57568812300002 ], [ 5.70197709900003, 5.57560792600003 ], [ 5.70393256200003, 5.57769415000007 ], [ 5.70506200700004, 5.57763792500003 ], [ 5.70604075100005, 5.57978723800005 ], [ 5.70757749300003, 5.57946141200006 ], [ 5.70926684400007, 5.58029319400003 ], [ 5.71917107600007, 5.57565540400003 ], [ 5.72395938100004, 5.57069417000002 ], [ 5.72626397600004, 5.56942784300003 ], [ 5.72386194100005, 5.56574837700003 ], [ 5.72367300300004, 5.55700138200007 ], [ 5.72000151600002, 5.55502445100007 ], [ 5.72056137700002, 5.55207235000006 ], [ 5.71932658600002, 5.55141188900006 ], [ 5.71720511400002, 5.55290308500003 ], [ 5.71411490000003, 5.55370079900007 ], [ 5.70868650000006, 5.55068480000006 ], [ 5.70773632100003, 5.55105835600006 ], [ 5.70780648200002, 5.55346661300007 ], [ 5.70431623100006, 5.55261023000003 ], [ 5.70367047000002, 5.54609706800005 ], [ 5.70558599600002, 5.54059820900005 ], [ 5.70166592400005, 5.53500031300007 ], [ 5.69800912800002, 5.53545193200006 ], [ 5.67594093000002, 5.53340246700003 ], [ 5.67583259100007, 5.53416698000007 ], [ 5.67448425000003, 5.53416584000007 ], [ 5.67397043900007, 5.53499440700006 ], [ 5.67101484300002, 5.53502184000007 ], [ 5.66999925700003, 5.53666698200004 ], [ 5.66625739100004, 5.53755575100007 ], [ 5.66559457600005, 5.53851081000005 ], [ 5.66265147800004, 5.53922221800002 ], [ 5.66249925700004, 5.54000031600003 ], [ 5.65999925700004, 5.54000031700002 ], [ 5.65987554200007, 5.53844696600004 ], [ 5.65749925800003, 5.53833364900004 ], [ 5.65745929000008, 5.53679941400003 ], [ 5.65583259100003, 5.53500031700003 ], [ 5.65583259100003, 5.53333365000003 ], [ 5.65742060500003, 5.53320802400003 ], [ 5.65735430700005, 5.53174179400003 ], [ 5.64300741800002, 5.53035065300003 ], [ 5.64261214000004, 5.53471706800002 ], [ 5.64076692700007, 5.53824787600007 ], [ 5.64134788900003, 5.53953815700004 ], [ 5.64049379700003, 5.53889300300006 ], [ 5.63783456300007, 5.54358919100002 ], [ 5.63447099100006, 5.54724461900003 ], [ 5.63499265300004, 5.55142100200004 ], [ 5.63357396400005, 5.55281538800006 ], [ 5.63302131800003, 5.55632661100003 ], [ 5.63732589100005, 5.55854510500006 ], [ 5.63547076200007, 5.55908495800003 ], [ 5.63551534100003, 5.55838040300006 ], [ 5.63218336400007, 5.55690494200007 ], [ 5.63235771900003, 5.55608670900006 ], [ 5.62661280800006, 5.56327382700005 ], [ 5.62196953700004, 5.56767898200007 ], [ 5.61108439000003, 5.58201743800004 ], [ 5.60401143200005, 5.58579614200005 ], [ 5.60075262600003, 5.59015654100006 ], [ 5.60289421500005, 5.59201316900004 ], [ 5.60434717600003, 5.59509404900007 ], [ 5.60545740100002, 5.60408445800005 ], [ 5.61001273200003, 5.61425045500005 ], [ 5.61048626300004, 5.62249751400003 ], [ 5.61146677600004, 5.62375170500007 ], [ 5.61294812500006, 5.62403883500002 ] ] ] } }
]
}
